smiles,pchembl,label
Brc1ccccc1-c1nnc(CSc2nncn2-c2ccccc2)o1,,0
Brc1ccccc1/C=N/c1nnc(Cn2c3ccccc3c3ccccc32)s1,,0
Brc1cnc(NCCCOCC2CCOC2)nc1,,0
C#C/C=C\CC(Cl)C(C/C=C\C=C\CC)OC(C)=O,,0
C#CCCCn1c(Cc2cc3c(cc2Br)OCO3)nc2c(N)nc(F)nc21,,0
C#CCCCn1c(Sc2cc(OC)c(OC)c(OC)c2I)nc2c(N)ncnc21,,0
C#CCCCn1c(Sc2cc(OC)ccc2I)nc2c(N)nc(F)nc21,,0
C#CCCCn1c(Sc2cc3c(cc2Br)OCO3)nc2c(N)ncnc21,,0
C#CCCn1c(N[C@@H](C)c2ccc(C(F)(F)F)cc2)nc2c(c1=O)CN(C(=O)c1nc3ccccc3[nH]1)CC2,,0
C#CCN(Cc1ccc2[nH]c(C)nc(=O)c2c1)c1ccc(C#N)cc1,,0
C#CCN1C=C(C(=O)OCC)C(C)N(Cc2ccccc2I)S1(=O)=O,,0
C#CCNS(=O)(=O)c1ccc(CCN(Cc2cc(Cl)ccc2OC(C)CC)C(=O)Cc2ccsc2)cc1,,0
C#CCO/N=C/COc1ccc(Cc2ccccc2)cc1,,0
C#CCOC(=O)CC1c2cc(-c3ccnc(C)c3)ccc2OC(=N)C1C(=O)OCC#C,,0
C#CCOc1ccc(/C=C2/C(=O)N(c3ccc(S(N)(=O)=O)cc3)N=C2C)cc1OC,,0
C#CCOc1ccc(S(=O)(=O)N2CCSC(C)(C)C2C(O)=NO)cc1,,0
C#CCOc1ccc2c(c1)c(-c1ccc(C(C)C)cc1)nc(=O)n2Cc1ccc(C(C)C)cc1,,0
C#CCn1c(SCCCn2cnc3sc4c(c3c2=O)CCCC4)nc(-c2cc(OC)c(OC)c(OC)c2)c(C#N)c1=O,,0
C#C[C@H](O)[C@]12CC[C@@H](C(=C)C)[C@@H]1[C@H]1CC[C@@H]3[C@@]4(C)CC[C@H](OC(C)=O)C(C)(C)[C@@H]4CC[C@@]3(C)[C@]1(C)CC2,,0
C(#Cc1ccccc1)CSc1nsnc1C12CN3CC1C2C3,,0
C(=C/c1ccccc1)\CN1CCN(C(CCc2ccccc2)c2nnnn2-c2ccc3c(c2)OCCO3)CC1,,0
C(=Cc1nc2c(N3CCOCC3)ccnn2c1-c1ccc(-c2nn[nH]n2)nc1)c1ccc2ccccc2n1,,0
C(=N/Nc1nc2ccccc2[nH]1)\c1sc(N2CCCCC2)nc1-c1cccs1,,0
C/C(=C\c1csc(C)n1)[C@@H]1C/C=C/CCC[C@H](C)[C@H](O)C(C)C(=O)C(C)[C@@H](O)CC(=O)O1,,0
C/C(=C\c1csc(C)n1)[C@@H]1C/C=C\CC/C=C(\C)[C@H](O)C(C)C(=O)C(C)(C)[C@@H](O)CC(=O)O1,,0
C/C(=N/NC(=O)c1sc(NS(=O)(=O)c2ccccc2)nc1C)c1ccccc1,,0
C/C(=N\N(C)S(=O)(=O)c1cc([N+](=O)[O-])ccc1C)c1cnc2ccc(Br)cn12,,0
C/C(=N\NC1=NCCN1)c1sc(-c2ccc(C#CCC3CCCC3)cc2)nc1C,,0
C/C(=N\OCCCCF)c1ccc2nnc(Cc3c(F)cc4ncccc4c3F)n2n1,,0
C/C1=C/C(=O)O[C@@H]2C[C@@H](CC[C@H](C)/C=C\C3OC3CC1)O[C@@](O)([C@@H]1CSC(=O)N1)C2,,0
C/C1=C/C[C@@H](/C(C)=C/c2cc(C)on2)OC(=O)C[C@H](O)C(C)(C)C(=O)C(C)[C@@H](O)[C@@H](C)/C=C\C1,,0
C/C1=C/C[C@@H](c2ccc3c(c2)ncn3C)OC(=O)C[C@H](O)C(C)(C)C(=O)C(C)[C@@H](O)[C@@H](C)CCC1,,0
C/C=C(/C)C(=O)O[C@@H]1/C(C=O)=C/[C@@]23O[C@@]2(C[C@H](C)[C@@H]3OC(C)=O)C(=O)C(C)[C@H](OC(C)=O)[C@@H]2[C@H]([C@H]1OC)C2(C)C,,0
C/C=C(/C)C(=O)O[C@@H]1[C@@H](O)[C@@H](OC(=O)/C(C)=C\C)[C@@H](OC(=O)/C(C)=C\C)[C@H](O)[C@H]1OC(=O)/C(C)=C\C,,0
C/C=C(/C)C(=O)O[C@H]1C[C@@H](OC(C)=O)[C@@]2(C)CO[C@H]3[C@H]4O[C@@H]5CC(=O)C(C)=C5[C@@]4(C)[C@H](CC(=O)OC)[C@]1(C)[C@@H]32,,0
C/C=C(/C)C(=O)O[C@]1(C)C(=O)O[C@H]2C/C(C)=C/CC/C(C)=C/[C@H](OC(=O)[C@@]3(C)O[C@H]3C)[C@@H]21,,0
C/C=C(\C)C(=O)O[C@@H]1C2=CC3[C@@H]4CC(=O)O[C@@H](c5ccoc5)[C@]4(C)CC[C@@H]3[C@@](C)(C2=O)[C@@H](C(OC(C)=O)C(=O)OC)C1(C)C,,0
C/C=C(\C)C(=O)O[C@H]1C[C@H](C)[C@](C)([C@@H](O)CC2=CC(=O)OC2)[C@H]2CCC[C@]3(CO3)[C@]12COC(C)=O,,0
C/C=C/n1cc(C(=O)C(=O)N2CCN(C(=O)c3ccccc3)CC2)c2ccccc21,,0
C/C=C1/[C@H](O[C@@H]2O[C@H](CO)[C@@H](O)[C@H](O)[C@H]2O)OC=C(C(=O)OC)[C@H]1CC(=O)OCCC1CCCCC1,,0
C=C(Br)CN(C1Cc2cc(C#N)ccc2N(Cc2c[nH]cn2)C1)S(=O)(=O)c1cn(C)cn1,,0
C=C(C(=O)OCCCC)[C@@H]1CC[C@@](C)(O)[C@H](O)CC/C(C)=C/CC[C@]2(C)O[C@H]2C1,,0
C=C(C(=O)O[C@H]1[C@@H]2C(C)C(=O)O[C@@H]2C[C@@H](C)C2=CCC(=O)[C@]21C)[C@@H](C)O,,0
C=C(C(CC1OC1(C)C)OC(=O)/C(C)=C\C)[C@H]1C[C@H](Cl)[C@@](C)(O)[C@@H](O)[C@H]1OC(=O)/C(C)=C\C,,0
C=C(C)C(=O)OC[C@]12CCC(C)=CC1OC1C(=O)C(OC(=O)C(=C)C)[C@@]2(C)C12CO2,,0
C=C(C)C1CCC(C)=C1CC(C)(C)/C=N\n1cnnc1,,0
C=C(C)[C@@H]1C/C=C(\C)[C@H](OC(=O)c2cccnc2Cl)CCC2=C[C@@H]1OC2=O,,0
C=C(C)[C@@]12C[C@@H](C)C34OC(Cc5ccccc5)(OC1[C@@H]3C=C(COC(C)=O)C[C@]1(O)C(=O)C(C)=CC41)O2,,0
C=C(C)[C@H]([C@@H]1C=C(CCC(C(=O)/N=C/N(C)C)=C(C)C)C(=O)O1)[C@@]1(OC)C=C(C)C(=O)O1,,0
C=C(C)[C@H]1Cc2c(ccc3c2O[C@@H]2COc4cc(OC)c(OC)cc4[C@]2(C)C3=O)O1,,0
C=C(C)[C@H]1[C@H](O)[C@@H](O)[C@H](O[C@H]2O[C@@H]3O[C@@]4(C)CC[C@H]5[C@H](C)CC[C@@H]([C@H]2C)[C@@]35OO4)O[C@@H]1C(=C)C,,0
C=C(C)[C@]12C[C@@H](C)[C@@]34O[C@](Cc5ccccc5)(O[C@@H]1[C@@H]3C=C(COC(C)=O)C[C@]1(O)C(=O)C(C)=CC41)O2,,0
C=C(C1C[C@@H]2O[C@]2(C)C(=O)C1OC(C)=O)[C@H](CC=C(C)C)OC(=O)/C(C)=C\C,,0
C=C(CC)C(=O)c1ccc(OCC(=O)NC2CCN(S(C)(=O)=O)CC2)c(Cl)c1Cl,,0
C=C(CC[C@@H](C)[C@H]1CC[C@@H](C2CC=C3C[C@@H](O[C@@H]4O[C@@H](C)[C@@H](O)[C@@H](O)[C@@H]4O)CC[C@]3(C)C2=O)[C@]1(C)CCO)C(C)C,,0
C=C(CO)[C@H]1Cc2c(ccc3c2O[C@@H]2COc4cc(OC)c(OC)cc4[C@@H]2[C@@H]3O)O1,,0
C=C(Cl)CN1C[C@@H](C)O[C@@H](OCC23C[C@@H]4[C@H](C)CC[C@H]4C4(C=O)CC2C=C(C(C)C)[C@@]34C(=O)O)[C@@H](OC)C1,,0
C=C/C(C)=C/C[C@]1(C)[C@H](C)CC[C@@]23C(=CC(=O)C[C@@H]12)[C@@H](OC(C)=O)O[C@H]3OC(C)=O,,0
C=C1C(=O)O[C@@H]2CC(C)=CCC(=O)[C@](C)(OC(C)=O)C[C@H](OC(=O)/C(C)=C\C)[C@@H]12,,0
C=C1C(=O)O[C@@H]2C[C@@H]3[C@]4(CC[C@]5(C)[C@@H]([C@H](C)Cc6cc(C)co6)CC[C@@]35C)C[C@]4(CCC(=O)OC)[C@H]12,,0
C=C1C(=O)O[C@@H]2[C@H]3C(=C)[C@@H](O)C[C@H]3C(=C)C[C@H](OC(=O)C(C)CO)[C@@H]12,,0
C=C1C(=O)O[C@H]2/C=C(\C)CC[C@H](OC)C(C)(C)C(=O)C(OC(=O)[C@@]3(C)O[C@H]3C)[C@@H]12,,0
C=C1C(=O)O[C@H]2[C@H]1CC/C(COC(=O)OC/C1=C/CC[C@@]3(C)O[C@H]3[C@H]3OC(=O)C(=C)[C@@H]3CC1)=C\CC[C@@]1(C)O[C@@H]21,,0
C=C1C(=O)O[C@H]2[C@H]1[C@@H](OC(=O)[C@](C)(O)CBr)CC(=C)[C@@H]1C[C@H](O)[C@](O)(CBr)[C@H]21,,0
C=C1C(=O)[C@@]23C(=O)OC[C@]4(C(=O)CCC(C)(C)C4C=O)[C@@H]2CC[C@@H]1[C@H]3OC(=O)c1ccc(OC)cc1,,0
C=C1C(=O)[C@@]23C(=O)O[C@H]4CCC(C)(C)C5C(=O)OC[C@]54[C@@H]2CC[C@@H]1[C@H]3OC(=O)c1ccccc1,,0
C=C1C(=O)[C@@]23C(=O)O[C@H]4CCC(C)(C)[C@H]5[C@H](O)OC[C@@]45[C@@H]2CC[C@@H]1[C@H]3OC(=O)/C=C/c1ccc(OC)cc1,,0
C=C1C(=O)[C@@]23[C@H](O)C[C@@H]4C(C)(C)CCC[C@@]4(COC(C)=O)[C@@H]2[C@@H](O)C[C@H]1[C@H]3OC(=O)CCCBr,,0
C=C1C(=O)[C@@]23[C@H](O)C[C@@H]4[C@@](C)(CO)CCC[C@@]4(C)[C@@H]2C[C@H](OC(=O)CCC)[C@@H]1[C@H]3O,,0
C=C1C(=O)[C@]23C[C@H]1C[C@@H](OC(C)=O)[C@H]2[C@]12CCCC(C)(C)[C@H]1[C@H](O)[C@@]3(O)OC2,,0
C=C1CC(CC)(CCn2cc(F)c(=O)n(CCC3(CC)CC(=C)C(=O)O3)c2=O)OC1=O,,0
C=C1CC[C@@H]2[C@](C)(COC(=O)/C=C/c3cccc(Cl)c3)[C@H](O)CC[C@@]2(C)[C@@H]1/C=C/C1=CCOC1=O,,0
C=C1CC[C@@H]2[C@](C)(COS(=O)(=O)c3ccc(C)cc3)[C@H](O)CC[C@@]2(C)[C@@H]1C/C=C1/C(=O)OC[C@H]1O,,0
C=C1CC[C@H]2[C@@](C)(CCC(=O)[C@@]2(C)COC(C)=O)[C@@H]1C/C=C1/C(=O)OC[C@H]1O[Si](C)(C)C(C)(C)C,,0
C=C1CN(S(=O)(=O)c2ccc(C)cc2)CCCN(C(C)=O)CCCN(S(=O)(=O)c2ccc(C)cc2)C1,,0
C=C1C[C@@H]2[C@](C)(C(O)C(=O)C3C(C)(C)C(=O)CC[C@]32C)C2C(=O)OC(C)C(=O)[C@]12C,,0
C=C1C[C@H]2C=CCC(=O)C=C(C)C=CCC(=O)OC(C=O)C/C(C)=C/[C@@H](C1)O2,,0
C=C1C[C@H]2O[C@H]([C@@H]3[C@@H]4C[C@@H](OC[C@@H]4C)[C@](C)(O)[C@@H]32)[C@](C)(OC(=O)CCC)CC[C@@H]1OO,,0
C=C1OC(=O)[C@@]2(C1=O)C(=O)[C@@]1(C)[C@@H](C=C[C@H]3[C@H](O)[C@@H](C)[C@H](OC(C)=O)C[C@@H]31)C[C@H]2/C=C/C=C/C=C/C(=O)O,,0
C=C1[C@@H](O)CC[C@@]2(C)[C@@H](OC(C)=O)[C@H](OC(C)=O)C3=C(C)C(=O)C[C@@H]([C@@H](OC(=O)/C=C/c4ccccc4)[C@H]12)C3(C)C,,0
C=C1[C@@H](O)C[C@H](OC(C)=O)[C@@]2(C)[C@@H](OC(C)=O)[C@H](OC(C)=O)C3=C(C)[C@@H](O)C[C@@H]([C@@H](OC(C)=O)[C@H]12)C3(C)C,,0
C=C1[C@@H](OC(=O)/C=C/c2ccccc2)CC[C@@]2(C)[C@@H](O)[C@H](OC(C)=O)[C@@]34C(C)C(=O)C[C@@H]([C@@H](OC(C)=O)C132)C4(C)C,,0
C=C1[C@@H](n2cnc3c(N)ncnc32)[C@H](F)[C@H](O)[C@H]1COP(=O)(NC(C)C(=O)OC)Oc1ccccc1,,0
C=C1[C@@H]2[C@@H](OC(=O)C=C[C@@]2(C)[C@H]2CC(=O)OC2(C)C)[C@H](OC(C)=O)[C@@]2(C)[C@H](C3=CC(=O)OC3O)C[C@H]3O[C@]132,,0
C=C1[C@@H]2[C@H](OC(C)=O)[C@]3(O)C(C)C(=O)O[C@H]3/C=C(/C)CC[C@H](OC(C)=O)[C@@]2(C)[C@@H](OC(C)=O)C[C@H]1OC(=O)CC,,0
C=C1[C@H](O)CC(=C/C=C2\CCC[C@]3(C)[C@@H]([C@H](C)CCC(C)(C)O)CC[C@@H]23)C[C@H]1O,,0
C=C=C1C(=O)N2C(C(=O)OC(c3ccccc3)c3ccccc3)=C(COC(C)=O)CS(=O)(=O)C12,,0
C=C=CCOc1ccc(COCc2ccc3c(c2)CC(C(=C)C)O3)cc1,,0
C=CC(=C)CC[C@]1(C)[C@H](C)[C@@H](OC(=O)C=CC=CCCCCC)[C@H](O)[C@@]23C(=C[C@H](O)C[C@@H]12)[C@@H](OC)O[C@@H]3OC(C)=O,,0
C=CC(=O)N1CCC[C@@H](n2nc(-c3ccc(Oc4ccc(F)cc4F)cc3)c(C(N)=O)c2N)C1,,0
C=CC(=O)Nc1cc2c(Nc3ccc(Br)cc3F)ncnc2cc1OCCNC(=O)CS(C)(=O)=O,,0
C=CCCC(=O)N1CC([C@@H](C)OC(=O)Cc2ccc(-c3ccccc3)cc2)C1=O,,0
C=CCCC(Cc1ccc(F)cc1)C(=O)OC[C@H](C)NC(=O)C(CC=C)CC(=O)N(CCO)Cc1ccccc1,,0
C=CCN(C(CC(C)C)C(=O)OC)S(=O)(=O)N(CC=C)C(CC(C)C)C(=O)OC,,0
C=CCN(CC=C)C(=O)C1CCN(S(=O)(=O)c2ccc(N3CCCC3=O)cc2)CC1,,0
C=CCN1C[C@H]2C[C@@]2(c2ccc(NS(=O)(=O)c3ccc(C(C)C)cc3)cc2)C1,7.0,1
C=CCNC(=O)C(C(C)C)N(CC(C)(C)C)C(=O)c1cccnc1,,0
C=CCNC(=O)C1CC(=O)N(c2ccc(Br)cc2)C1,,0
C=CCNC(=O)NC(=O)COC(=O)c1c2c(nc3ccccc13)/C(=C/c1cccs1)CCC2,,0
C=CCOC(=O)Cn1c(C)c(C(=O)OC(C)(C)C)c(C)c1C(=O)OCCC,,0
C=CCOCC(COP(=O)([O-])OCC[N+](C)(C)C)OCc1cccc2ccccc12,,0
C=CCO[C@@H]1[C@@H](OCC=C)[C@H](Cc2ccccc2)O[C@@H]2CO[C@@H](c3ccccc3)O[C@@H]12,,0
C=CCSc1nnc(-c2cccc(N=C=S)c2)o1,,0
C=CCSc1nnc2c(n1)O[C@@H](c1ccc(C)s1)N(C(C)=O)c1ccccc1-2,,0
C=CCSc1nnc2c(n1)O[C@@H](c1sccc1C)N(C(C)=O)c1ccccc1-2,,0
C=CCSc1nsc(NC(=O)Nc2ccc(Cl)cc2C(F)(F)F)n1,,0
C=CCc1cc(/C=C2\SC(=O)N(C)C2=O)c(OC)cc1OC1CCCCO1,,0
C=CCc1cc(C=C2SC(=O)N(CC=C)C2=O)c(OC)cc1O,,0
C=CCc1cccc2cc(C(=O)NC3=C(C#N)CCC3)c(=O)oc12,,0
C=CCn1c(=N)c(=C(N)O)s/c1=C1/SC(=S)N(c2ccc(C)cc2)C1=O,,0
C=CCn1c(=O)/c(=C\c2ccccc2OC)[nH]c(=O)/c1=C\c1ccccc1OC,,0
C=CCn1c(C)cc(C(=O)CSc2nnc3n(CCC)c(=O)c4ccccc4n23)c1C,,0
C=CCn1c(C)nnc1SCC(=O)c1[nH]c(C)c(C(C)=O)c1C,,0
C=CCn1c(O)c(N=NC(=O)c2cn(CC)c3nc(C)ccc3c2=O)c2cc(Br)ccc21,,0
C=CCn1c(SC(C)C(=O)Nc2ccc(F)c(F)c2F)nnc1C1CC1,,0
C=CCn1c(SCC(=O)NC2CCCCC2)nnc1-c1ccccn1,,0
C=CCn1c(SCC(=O)c2[nH]c(C)c(C(=O)OC)c2C)nc2scc(-c3ccc(OC)c(OC)c3)c2c1=O,,0
C=CCn1cnnc1SCC(=O)N(C1CCCCC1)C1CCS(=O)(=O)C1,,0
C=C[C@@]1(C)CC=C2C(C(=O)[C@@]3(OC(C)=O)OC(=O)[C@@]24CCCC(C)(C)[C@H]34)C1OC(C)=O,,0
C=C[C@H](c1ccccc1)c1cc(OC)c(OC)cc1O,,0
C=C[C@H]1CN2CC[C@H]1C[C@@H]2[C@@H](O)c1ccnc2ccc(OC)cc12,6.49,1
C=C[C@]1(C)C[C@@H](OC(=O)COc2ccc3c(c2)B(O)N(C(C)=O)N=C3)[C@]2(C)[C@H](C)CC[C@]3(CCC(=O)[C@H]32)[C@@H](C)[C@@H]1O,,0
C=C[C@]1(C)C[C@@H](OC(=O)CSc2nc(N)cc(N)n2)[C@]2(C)[C@H](C)CC[C@]3(CCC(=O)[C@H]32)[C@@H](C)[C@@H]1O,,0
C=Cc1ccc(Cc2cc([C@@H]3O[C@H](CO)[C@@H](O)[C@H](O)[C@H]3O)c3c(c2Cl)OCC3)cc1,,0
C=Cc1nc2c(O)c(Br)c(Nc3cccc(C#N)c3)c(O)c2o1,,0
C=Cc1nn(Cc2cc3cccc(C)c3c(=O)n2-c2ccccc2)c2ncnc(N)c12,,0
C=Cc1oc2ccc(Br)cc2c(=O)c1CN(C)/C=C/C(=O)OC,,0
C=c1c(=Cc2c(O)[nH]c(=O)n(Cc3ccco3)c2=O)cc(C)n1-c1ccccc1O,,0
C=c1c(=Cc2sc(=S)n(-c3cccc(O)c3)c2O)cc(C)n1-c1cccc(-c2nn[nH]n2)c1,,0
C=c1c(O)c2cccc(O)c2c(O)c1=CCNC(=O)OC(C)(C)C,,0
CC#CCOc1ccc(S(=O)(=O)CC2(C(O)=NO)CCCN(C(=O)c3ccccc3C)C2)cc1,,0
CC#CCOc1ccc(S(=O)(=O)N2Cc3ccccc3N(C(=O)c3cnccn3)CC2C(O)=NO)cc1,,0
CC#C[C@@H](CC(=O)O)c1ccc(OCc2cnc(CN3CCC4(C=Cc5ccccc54)CC3)s2)cc1,,0
CC(=O)C1=C(C)N(c2ccc(C)cc2)C2(O)C3=C(C(=O)CC12Cl)C(=O)c1ccccc1C3=O,,0
CC(=O)C1=NN(c2ccccc2)C2(S1)S/C(=C\c1ccccc1)C(=O)N2c1ccccc1,,0
CC(=O)C1[C@H](O)C[C@@]2(C)[C@@H]3C=CC4C(CC(=O)C(=O)C4(C)C)[C@]3(C)C(=O)C[C@]12C,,0
CC(=O)CC1c2ccccc2N=C(n2ccnc2)N1c1ccccc1,,0
CC(=O)CCC(=O)O[C@]1(C(=O)CCl)[C@@H](C)CC2C3CC=C4CC(=O)C=CC4(C)[C@@]3(F)[C@@H](O)CC21C,,0
CC(=O)N(C(C)=O)C(=S)Sc1nc(Nc2cccc(C)c2)nc(Nc2cccc(C)c2)n1,,0
CC(=O)N(C)C[C@@H]1Oc2cc(C#Cc3ccc(F)cc3)ccc2S(=O)(=O)N([C@H](C)CO)C[C@H]1C,,0
CC(=O)N(C)C[C@H]1Oc2ncc(Br)cc2C(=O)N([C@H](C)CO)C[C@@H]1C,,0
CC(=O)N(C)Cc1ccc(S(=O)(=O)c2ccc3c(c2)nc(C(C)(C)C)n3CC2CCOCC2)cc1,,0
CC(=O)N(Cc1cn(Cc2cccc(F)c2F)nn1)Cc1cn(S(=O)(=O)c2ccc(C)cc2)c2ccccc12,,0
CC(=O)N(c1ccc([C@H]2CN(c3nc(-c4ccncc4F)cc(=O)n3C)CCO2)cc1)C(C)C,,0
CC(=O)N1C(=O)C(C)[C@H]2[C@H]1CCN2C(=O)C1CCCN1S(=O)(=O)c1cccc2c(N(C)C)cccc12,,0
CC(=O)N1CCC(N(NC(=O)OC(C)(C)C)c2nc(C#N)ncc2Br)CC1,,0
CC(=O)N1CCC(Nc2ccc(-c3[nH]nc4c3CN(S(=O)(=O)c3ccc(C)cc3)CC4)cc2)CC1,,0
CC(=O)N1CCCc2cc(S(=O)(=O)N3CCC(C(=O)NCc4ccc(N(C)C)cc4)CC3)ccc21,,0
CC(=O)N1CCN(C(=O)/C=C/c2ccc(Sc3ccccc3N)c([N+](=O)[O-])c2)CC1,,0
CC(=O)N1CCN(C(=O)CCN(c2ccccc2)S(=O)(=O)c2ccc(C)cc2)CC1,,0
CC(=O)N1CCN(C(=S)SCC2=C(C)C(=O)c3ccccc3C2=O)CC1,,0
CC(=O)N1CCN(S(=O)(=O)c2cnc(-c3ccc(N(Cc4ccccc4)C(=O)c4ccc(O)cc4O)cc3)c(C)c2)CC1,,0
CC(=O)N1CCN(c2cc(Br)c3nc(C(=O)NCc4ccc(F)cc4)c(O)c(=O)n3c2)CC1,,0
CC(=O)N1CCN(c2ccc(CN3CCCCN(c4ccccc4)S3(=O)=O)c(F)c2)CC1,,0
CC(=O)N1CCN(c2ccc(CN3[C@@H](C)CC[C@H](c4cccc(Cl)c4)S3(=O)=O)c(F)c2)CC1,,0
CC(=O)N1CCN(c2ccc(CN3[C@@H](C)CC[C@H](c4ccccc4Cl)S3(=O)=O)c(F)c2)CC1,,0
CC(=O)N1CCc2cc(S(=O)(=O)NC(C(=O)N3CCN(c4ccccc4F)CC3)C(C)C)ccc21,,0
CC(=O)N1N=C([C@H]2CC[C@H]3[C@@H]4CC=C5CC(=O)C=C[C@]5(C)[C@H]4CC[C@]23C)CC1c1ccc([N+](=O)[O-])cc1,,0
CC(=O)N1N=C(c2ccc(S(C)(=O)=O)cc2)CC1c1ccc(C(F)(F)F)cc1,,0
CC(=O)N1c2ccc(-c3ccc(S(C)(=O)=O)cc3)cc2N(C(=O)OC(C)C)C[C@@H]1C,,0
CC(=O)N1c2ccc(S(=O)(=O)N3CCCC(C(=O)N4CCC(C)CC4)C3)cc2CC1C,,0
CC(=O)N1c2ccc(S(=O)(=O)NCCC(=O)N3CCC(C)CC3)cc2CC1C,,0
CC(=O)NC(C)Cc1ccc(C#Cc2ccc(C(=O)NCC(F)(F)F)cc2)cc1,,0
CC(=O)NC(C)Cc1ccc(C#Cc2cnc(Oc3ccc4c[nH]nc4c3)nc2)cc1,,0
CC(=O)NC(C)Cc1ccc(C2CN(c3ncc(OCC4CC4(F)F)cn3)C2)cc1,,0
CC(=O)NC(Cc1ccccc1)C(=O)N[C@H](/C=C1\CCCN(c2ccccc2)S1(=O)=O)Cc1ccccc1,,0
CC(=O)NC12CC3CC(C1)CC(C(=O)N1CCN(S(=O)(=O)c4cccc(C(F)(F)F)c4)CC1)(C3)C2,,0
CC(=O)NC1CC(=O)OC1C(OC(C)=O)C(=O)NC(CC(C)C)C1Cc2cccc(OC(C)=O)c2C(=O)O1,,0
CC(=O)NC1N=C(c2ccccc2)c2ccccc2N(CC(=O)N(C)CCc2cccc(Cl)c2)C1=O,,0
CC(=O)NCC(=O)OC(C(=O)c1ccccc1)c1ccc(Cl)cc1,,0
CC(=O)NC[C@@H]1OC(=O)N2c3ccc(-c4ccc(C#N)cc4)cc3C[C@@H]12,,0
CC(=O)NC[C@@H]1OC(=O)N2c3ccc(-c4ccc(N5CCOC5=O)cn4)cc3OC[C@@H]12,,0
CC(=O)NC[C@H]1CN(c2ccc(N3CCN(C(=O)C(=O)/C=C/c4ccc(C)cc4)CC3)c(F)c2)C(=O)O1,,0
CC(=O)NC[C@H]1CN(c2ccc(N3CCN(C(=O)C4CC(c5ccc(C)cc5)=NO4)CC3)c(F)c2)C(=O)O1,,0
CC(=O)NC[C@H]1CN(c2ccc3c(c2)CCCCCC3=O)C(=O)O1,,0
CC(=O)N[C@@H]1[C@@H](O)[C@H](O)[C@@H](CO)O[C@H]1SCCCn1cc(CN2C(=O)c3cccc4cccc(c34)C2=O)nn1,,0
CC(=O)Nc1ccc(-c2ccnc(Nc3ccc(N4CCOCC4)cc3)n2)cc1,,0
CC(=O)Nc1ccc(C(=O)/C=C/c2ccc3c(c2)B(O)OC3)cc1,,0
CC(=O)Nc1ccc(NC(=O)C23CC4CC(C2)CC(n2cnc(Br)n2)(C4)C3)cc1,,0
CC(=O)Nc1ccc(Nc2ccc3cc(S(=O)(=O)N4CCCCC4)ccc3n2)cc1,,0
CC(=O)Nc1ccc(S(=O)(=O)N2C/C(=C\c3ccc(C#N)cc3)C(=O)/C(=C/c3ccc(C#N)cc3)C2)cc1,,0
CC(=O)Nc1ccc(S(=O)(=O)N2CCCC2C(=O)Nc2ccc(F)cc2)cc1,,0
CC(=O)Nc1ccc(S(=O)(=O)NC(Cc2ccccc2)c2nc3ccccc3c(=O)n2N=Cc2ccc(C)cc2)cc1,,0
CC(=O)Nc1ccc(S(=O)(=O)Oc2cccc(/C=C(\C#N)C(=O)Nc3nnc(-c4cccs4)s3)c2)cc1,,0
CC(=O)Nc1ccc(S(=O)(=O)[N-]C2=C([n+]3ccn(-c4ccccn4)c3)C(=O)c3ccccc3C2=O)cc1,,0
CC(=O)Nc1cnc2[nH]c(=O)n([C@H]3CC[C@@H](C(C)C)CC3)c(=O)c2c1,,0
CC(=O)Nc1nc(-c2cccc(NS(=O)(=O)c3sc(C)nc3C)c2)cs1,,0
CC(=O)Nc1nc(-c2cn(S(=O)(=O)c3cccc4ccccc34)c3ccccc23)c(C)[nH]1,,0
CC(=O)Nc1nc(C(=O)N2CCCC(n3nc(C)cc3C)C2)cs1,,0
CC(=O)Nc1nc2ccc(-c3ccc(S(C)(=O)=O)cc3)cn2n1,,0
CC(=O)Nc1oc(C)c(C)c1S(=O)(=O)c1ccc(Cl)cc1,,0
CC(=O)Nn1c(Cc2csc(NC(=O)CCl)n2)nnc1SCC#N,,0
CC(=O)OC(C)(C)[C@@H](C)/C=C/[C@@H](C)[C@H]1CC[C@H]2[C@@H]3C[C@@H](O)[C@@]4(O)C[C@@H](O)C[C@@H](O)[C@]4(C)[C@H]3CC[C@]12C,,0
CC(=O)OC1=CC(C)C(OC(C)=O)C/C=C(/C)CCC2C(=CCC1=O)C2(C)C,,0
CC(=O)OC1C(=O)C2[C@H](CCC[C@@]23CO[C@@H](C)O3)[C@@]2(C[C@@H](c3ccoc3)O[C@H]2OC(C)=O)[C@@H]1C,,0
CC(=O)OC1C(=O)C2[C@H](CCC[C@@]23CO[C@H](C)O3)[C@@]2(C[C@@H](c3ccoc3)O[C@H]2OC(C)=O)[C@@H]1C,,0
CC(=O)OC1C(=O)C=C(C)C2CC3=C(C)C(=O)O[C@H]3/C=C(/C)CC[C@@H](OC(=O)C(C)C)[C@]21C,,0
CC(=O)OCC(=O)[C@@]1(O)[C@H](C)CC2C3=CC=C4CC(=O)C=C[C@]4(C)C3C(O)C[C@@]21C,,0
CC(=O)OCC(=O)[C@@]1(OC(=O)C(C)C)[C@@H](C)C[C@H]2[C@@H]3CC=C4CC(=O)C=C[C@]4(C)[C@@]3(F)[C@@H](O)C[C@@]21C,,0
CC(=O)OCC(=O)[C@@]1(OC(=O)c2cccs2)[C@H](C)CC2C3CC=C4CC(=O)C=CC4(C)[C@@]3(F)C(O)CC21C,,0
CC(=O)OCC1=C[C@H]2[C@@H]3C(C)(C)[C@]3(OC(=O)Cc3ccccc3)C[C@@H](C)[C@]2(O)C2=CC(C)C(=O)[C@@]2(O)C1,,0
CC(=O)OCC1c2c(C)c(Br)c(C)n2[B-](F)(F)[N+]2=C(C)C(Br)=C(C)C12,,0
CC(=O)OCCCN1C(=O)C(OC(C)=O)N=C(c2ccccc2)c2cc(Cl)ccc21,,0
CC(=O)OCCSC[C@H]1O[C@@H](n2cnc3c(C)ncnc32)[C@H](OC(C)=O)[C@@H]1OC(C)=O,,0
CC(=O)OC[C@H]1O[C@@H](Sc2ccc(N)cn2)[C@H](OC(C)=O)[C@@H](OC(C)=O)[C@@H]1OC(C)=O,,0
CC(=O)OC[C@H]1O[C@@H](n2ccc(NP(=O)(N3CC3(C)C)N3CC3(C)C)nc2=O)[C@H](OC(C)=O)[C@@H]1OC(C)=O,,0
CC(=O)OC[C@H]1O[C@@H](n2nc(CBr)cc2C(N)=O)[C@H](OC(C)=O)[C@@H]1OC(C)=O,,0
CC(=O)OC[C@]12CC[C@H]3[C@@](C)(CC[C@H]4C(C)(C)CCC[C@]34C)[C@@H]1C[C@@H](C1=CC(=O)O[C@@H]1OC(C)=O)O2,,0
CC(=O)O[C@@H](C)/C=C\C(=O)N[C@@H]1C[C@H](C)[C@H](C/C=C(C)/C=C/[C@H]2OCC[C@]3(O[C@H]3C)[C@@H]2O)O[C@@H]1C,,0
CC(=O)O[C@@H](C/C=C(\C)C(=O)O)[C@@H](C)[C@H]1CC[C@@]2(C)C3=CC[C@H]4C(C)(C)C(=O)CC[C@]4(C)C3=CC[C@]12C,,0
CC(=O)O[C@@H]1C=C(C2O[C@@H]3OC(O)C4=C[C@@H](OC(C)=O)[C@H]5C(C)(C)CCC[C@]5(C)[C@]43O2)[C@](O)(C=O)[C@@]2(C)CCCC(C)(C)[C@H]12,,0
CC(=O)O[C@@H]1C=C([C@H]2O[C@@H]3OC(O)C4=C[C@@H](OC(C)=O)[C@H]5C(C)(C)CCC[C@]5(C)[C@]43O2)[C@](O)(C=O)[C@@]2(C)CCCC(C)(C)[C@H]12,,0
CC(=O)O[C@@H]1CC[C@]2(C)[C@H](CC[C@@]3(CO3)[C@H]2C/C=C2/C(=O)OC[C@H]2O)[C@]1(C)CO,,0
CC(=O)O[C@@H]1[C@@H](O)[C@@H](OC(C)=O)[C@H](Oc2c(-c3ccc(O)cc3)oc3cc(O)cc(O)c3c2=O)C[C@H]1C,,0
CC(=O)O[C@@H]1[C@H](O)[C@@H](C)[C@]2(CC[C@@]3(CO[C@@H](O)C3)O2)[C@@]2(C)CCCC(C)(C)[C@H]12,,0
CC(=O)O[C@@H]1[C@H]2C[C@H](OC(=O)/C=C/c3ccccc3)[C@]3(C)[C@@H](OC(C)=O)[C@@H](O)C[C@@H](C)[C@@]13OC2(C)C,,0
CC(=O)O[C@@H]1c2c3c(cc(O)c2C(=O)O[C@@H]1C)O[C@@]1(C)[C@@H](O)C[C@H]2C(C)(C)C(=O)C=C[C@]2(C)[C@@H]1C3,,0
CC(=O)O[C@@]12C[C@@H](C)[C@]3(O)C4=CC(C)C(=O)[C@@]4(O)CC(COC(=O)c4ccccc4)=C[C@H]3[C@@H]1C2(C)C,,0
CC(=O)O[C@H](C[C@@]1(C)[C@H](C)CC[C@]2(C)[C@H]1CCC[C@@]21CO1)/C(=C/CO)CO,,0
CC(=O)O[C@H]1C=CC(=O)[C@]2(C)[C@H]3CC[C@]4(C)[C@@H]([C@H](C)[C@H]5CC(C)=C(C)C(=O)O5)CC[C@H]4[C@@H]3C[C@H]3O[C@]132,,0
CC(=O)O[C@H]1CCC(C)(C)[C@H]2CC[C@@]34O[C@@H]3C3=C(C)C(=O)O[C@@H]3C[C@H]4[C@]12C,,0
CC(=O)O[C@H]1CC[C@@]2(C)C(=C/C(=N\OCCCn3ccnc3)[C@H]3[C@@H]4CC[C@H](OC(C)=O)[C@@]4(C)CC[C@@H]32)C1,,0
CC(=O)O[C@H]1CC[C@]2(C)C(C[C@@H](OC(C)=O)[C@]3(C)C4=CC(=O)O[C@H](c5ccoc5)[C@@]4(C)CCC23)C1(C)C,,0
CC(=O)O[C@H]1CC[C@]2(C)[C@H]3CC[C@@H]4[C@H]5C(C(C)=O)CC[C@]5(N=C=O)CC[C@@]4(C)[C@]3(C)CC[C@H]2C1(C)C,,0
CC(=O)O[C@H]1CC[C@]2(C)[C@H]3CC[C@]4(C)COC(=O)C[C@H]4[C@@H]3C[C@@H](O)[C@@]2(O)C1,,0
CC(=O)O[C@H]1C[C@H](C2(C)CO2)[C@@H](OC(C)=O)c2oc(cc2C)[C@@H]2O[C@@]2(C)C[C@@H]2C=C1C(=O)O2,,0
CC(=O)O[C@H]1O[C@H]([C@]2(O)c3cccc(O)c3C(=O)c3c(O)cc(C)cc32)[C@H](O)[C@@H](OC(=O)C=C(C)C)[C@H]1O,,0
CC(=O)O[C@H]1[C@@H]2Oc3nc(=N)ccn3[C@@H]2O[C@@H]1COC(=O)C12C=CC(C)(CC1)CC2,,0
CC(=O)O[C@H]1[C@H](OC(=O)c2cccnc2)[C@@]2(C)C(C)=CCC[C@@H]2[C@@](C)(/C=C/C2=CC(=O)OC2)[C@@]1(C)O,,0
CC(=O)O[C@]1(C(C)=O)CCC2C3=CC(C)=C4CC(=O)CC[C@]4(C)C3CC[C@@]21C,,0
CC(=O)Oc1cc(O)n([C@H]2CC3CC[C@]2(CS(=O)(=O)N2CCC4(CCc5ccccc54)CC2)C3(C)C)c1O,,0
CC(=O)Oc1ccc(-n2c(O)c3c(c2O)C2(CO)C=CC3O2)cc1,,0
CC(=O)S[C@@H]1C=C2CC(=O)C=CC2(C)C2C=CC3(C)C(CC[C@@]34CCC(=O)O4)C21,,0
CC(=O)[C@@]1(O)C[C@H](OC2CC(N)C(O)C(C)O2)C2=C(C(=O)c3c(c(O)c4ccccc4c3O)C2=O)C1(C)C,,0
CC(=O)[C@]1(O)C=C2C(=O)c3c(c(O)c4ccccc4c3O)C(=O)C2[C@H](OC2OC(C)C(O)C(O)C2F)C1,,0
CC(=O)c1c(C)[nH]c(C(=O)OCC(=O)/C=C2\N(C)c3ccccc3C2(C)C)c1C,,0
CC(=O)c1c(C)[nH]c(C(=O)OCC(=O)Nc2ncc(Cl)c(C)c2Cl)c1C,,0
CC(=O)c1c(O)c(C)c(O)c2c1OC1=CC(=O)C(C(C)=NCCn3c(=O)c(=O)[nH]c4ccccc43)C(=O)[C@@]12C,,0
CC(=O)c1cc(C(=O)N[C@H](C)Cn2ccc(-c3cc(F)c(C#N)c(Cl)c3)n2)[nH]n1,,0
CC(=O)c1cc(C)ccc1OC(=O)CCn1c(O)c2c(c1O)C1c3ccccc3C2c2ccccc21,,0
CC(=O)c1ccc(N2CCN(C(=O)c3cc(S(C)(=O)=O)ccc3N3CCOCC3)CC2)c(F)c1,,0
CC(=O)c1ccc(N2CCN(C(=O)c3cc(S(C)(=O)=O)ccc3SC(C)C)CC2)c(F)c1,,0
CC(=O)c1ccc(N2CCN(S(=O)(=O)C[C@]34CC[C@H](CC3=O)C4(C)C)CC2)nc1,,0
CC(=O)c1ccc(N2CCN(S(=O)(=O)c3ccc4c(c3)CCCN4C(C)=O)CC2)cc1,,0
CC(=O)c1ccc(O[C@@H]2O[C@H](COC(=O)/C=C/c3ccc(F)c(F)c3)[C@@H](O)[C@H](O)[C@H]2O)cc1,,0
CC(=O)c1ccc(S(=O)(=O)N(CCCC(F)(F)F)c2sc3ccccc3c2C)cc1,,0
CC(=O)c1ccc(S(=O)(=O)N2CCN(c3nc(-c4cccs4)nc4ccccc34)CC2)cc1,,0
CC(=O)c1ccc(S(=O)(=O)N2CCn3cccc3C2c2ccc(F)c(F)c2)cc1,,0
CC(=O)c1cn(CC(=O)N2C[C@H](F)CC2C(=O)NCc2cc(C#N)cc(Cl)c2F)c2ccccc12,,0
CC(=O)c1cn(CC(=O)N2C[C@H](F)CC2C(=O)NCc2cccc(Cl)c2F)c2cc(-c3nn[nH]n3)ccc12,,0
CC(=O)c1nnc([C@]23CCCC(C)(C)C2=CC(=O)c2cc(C(C)C)c(O)c(O)c23)o1,,0
CC(=O)c1nnn(-c2cnn(-c3ccc(Cl)cc3)c(=O)c2Br)c1C,,0
CC(=O)n1c(=O)n(Cc2nc3ccccc3n2CCC(C)C)c2ccccc21,,0
CC(=O)n1c2cccc(I)c2c2cc(-c3ccccc3)nnc21,,0
CC(=O)n1cc(O)nc(Cc2cccc(C(=O)c3ccccc3)c2)c1=O,,0
CC(C(=O)N1CCN(CC2CCCO2)CC1)[C@H]1CC[C@@H](C[C@@H](C)n2cc(C#Cc3ccccc3[N+](=O)[O-])nn2)O1,,0
CC(C(=O)N1CCN(c2ccc(F)cc2)CC1)n1cc(Br)cn1,,0
CC(C(=O)NC[C@@H](COC(=O)C(C)(C)C)Cc1ccc(C(C)(C)C)cc1)c1ccc(NS(C)(=O)=O)c(F)c1,,0
CC(C(=O)NCc1cc(C(C)(C)C)nn1C)c1ccc(NS(C)(=O)=O)c(F)c1,,0
CC(C(=O)NCc1ccc(C(F)(F)F)nc1CCc1ccc(F)cc1)c1ccc(NS(C)(=O)=O)c(F)c1,,0
CC(C(=O)NCc1ccco1)n1cc(C(=O)c2ccco2)c2ccccc21,,0
CC(C(O)=NO)N(Cc1ccc([N+](=O)[O-])cc1)S(=O)(=O)c1ccc(I)cc1,,0
CC(C(O)=NO)N(Cc1ccccc1[N+](=O)[O-])C(=O)NS(=O)(=O)c1ccc(Cl)cc1,,0
CC(C(O)c1ccc(O)cc1)N1CCC(Cc2ccccc2)CC1,7.0,1
CC(C)(C)C#Cc1ccc(/C=C/S(=O)(=O)Nc2ccccc2S(N)(=O)=O)cc1,,0
CC(C)(C)C(=O)CS(=O)(=O)c1ccccc1-c1ccc(-c2cnc(N)nc2)c(F)c1,,0
CC(C)(C)C(=O)N1CCN(C(=O)/C=C/c2ccc(Br)cc2)C1=O,,0
CC(C)(C)C(=O)NCC12C=CC(O1)c1c2c(O)n(-c2ccccc2)c1O,,0
CC(C)(C)C(=O)Nc1nnc(-c2ccc(NC3CCCCC3)c([N+](=O)[O-])c2)s1,,0
CC(C)(C)C(=O)OCC(CNC(=S)NCc1ccc(NS(C)(=O)=O)cc1)c1ccc(C(C)(C)C)cc1,,0
CC(C)(C)C(=O)OCOC(=O)Cn1cnc2c(Nc3ccc(F)cc3)nc(NCc3ccc(C4CCCCC4)cc3)nc21,,0
CC(C)(C)C(=O)Oc1ccc(S(=O)(=O)c2ccc(O)cc2)cc1,,0
CC(C)(C)C(=O)c1ccc(C(=O)N(C(=O)c2ccc(C(=O)C(C)(C)C)cc2)C(=O)c2ccccn2)cc1,,0
CC(C)(C)C(NC(=O)NC1(C(=O)O)CCCCC1)C(=O)N1C[C@H]2C(C1C(=O)NC(CC1CC1)C(=O)C(N)=O)C2(C)C,,0
CC(C)(C)C(NC(=O)OC1CCCC1)C(=O)N1C[C@H](Oc2nccc3ccccc23)CC1C(=O)N[C@@H]1CCOB1O,,0
CC(C)(C)C1CCC(O)(CNC(=O)CCS(C)(=O)=O)CC1,,0
CC(C)(C)CC(=O)O[C@@H]1c2c(ccc3ccc(=O)oc23)OC(C)(C)[C@@H]1OC(=O)CC(C)(C)C,,0
CC(C)(C)CC(NC(=O)C1C2[C@H](CN1C(=O)C(NC(=O)OC(C)(C)C)C(C)(C)C)C2(C)C)C(=O)C(N)=O,,0
CC(C)(C)CCNS(=O)(=O)c1ccc(NC(=O)[C@@](C)(O)C(F)(F)F)c(Cl)c1,,0
CC(C)(C)NC(=O)C(c1cccnc1)N(C(=O)c1cc[nH]n1)c1ccc(C(C)(C)C)cc1,,0
CC(C)(C)NC(=O)COC(=O)c1cc(S(=O)(=O)N2CCCCC2)ccc1N1CCOCC1,,0
CC(C)(C)NC(=O)NC(C(=O)N1C[C@H]2C(C1C(=O)NC(CC1(O)CCC1)C(=O)C(N)=O)C2(C)C)C(C)(C)C,,0
CC(C)(C)NC(=O)NC(C(=O)N1C[C@H]2C(C1C(=O)NC(CC1CCC1)C(=O)C(N)=O)C2(C)C)C(C)(C)C,,0
CC(C)(C)NC(=O)NC(C(=O)N1C[C@H]2C(C1C(=O)NC(CCC(F)(F)F)C(=O)C(N)=O)C2(C)C)C(C)(C)C,,0
CC(C)(C)NC(=O)NC(C(=O)N1C[C@H]2[C@@H](C1C(=O)NC(CC1CCC1)C(O)C(N)=O)C2(C)C)C(C)(C)C,,0
CC(C)(C)NCc1c(C(=O)O)nn(-c2ccc(Cl)cc2)c1-c1ccc(Cl)cc1,,0
CC(C)(C)NS(=O)(=O)c1ccccc1-c1ccc(-c2cnc3[nH]cnc3n2)c(F)c1,,0
CC(C)(C)OC(=O)CC1C/C=C\CC(CC(=O)N[C@H](CO)Cc2ccccc2)C(=O)N[C@@H](Cc2ccccc2)COC1=O,,0
CC(C)(C)OC(=O)CN1C(=O)C(NC(=O)c2cc3ccccc3[nH]2)Cc2ccccc21,,0
CC(C)(C)OC(=O)Cn1c2ccccc2c2ccnc(CN(CCCCN)[C@H]3CCCc4cccnc43)c21,,0
CC(C)(C)OC(=O)N1CC(C(O)CC2c3ccccc3-c3cncn32)C1,,0
CC(C)(C)OC(=O)NC(C(=O)N1CCCC1C(=O)NC(C=O)CCCN=C(N)N)c1cccc(C(F)(F)F)c1,,0
CC(C)(C)OC(=O)NC(C(=O)N1CCCC1C(=O)NC(C=O)CCCN=C(N)N)c1cccc2ccccc12,,0
CC(C)(C)OC(=O)NN(CC1CCOCC1)c1nc(C#N)ncc1Br,,0
CC(C)(C)OC(=O)c1ncn2c1CN=C(c1ccc(F)cc1)c1ccsc1-2,,0
CC(C)(C)[Si](C)(C)OC1/C(=C/C#N)C(n2ccc(=O)[nH]c2=O)OC1CO,,0
CC(C)(C)[Si](C)(C)OC[C@H]1O[C@@H](n2nncc2C(N)=O)[C@H](O[Si](C)(C)C(C)(C)C)[C@]12OS(=O)(=O)CC2=N,,0
CC(C)(C)c1c(SC2C(=O)CC(CCc3ccccc3)(c3ccccc3)OC2=O)sc2ccccc12,,0
CC(C)(C)c1cc(C(=O)N2CCC(=O)N(Cc3nn[nH]n3)CC2)c(NC(=O)Nc2cccc(Cl)c2Cl)s1,,0
CC(C)(C)c1ccc(CN(C(=O)CN(Cc2c(F)c(F)c(F)c(F)c2F)S(C)(=O)=O)c2ccc(C(O)=NO)cc2)cc1,,0
CC(C)(C)c1ccc(NC(=O)N2Cc3ccc(S(=O)(=O)Nc4ccc(OCCOC5CCCC5)cc4F)cc3C2)cc1,,0
CC(C)(C)c1ccc(Oc2cccc(C3CC(=O)C(C4NCCc5ccccc54)C(=O)C3n3cncn3)c2)cc1,,0
CC(C)(C)c1ccc(S(=O)(=O)N2CC3CC(C2)c2cccc(=O)n2C3)cc1,,0
CC(C)(C)c1ccc(S(=O)(=O)Nc2ccc(F)c(C(=O)c3c[nH]c4ncncc34)c2F)cc1,,0
CC(C)(C)c1nc2c(n1CC1CC1)CCN(S(=O)(=O)Cc1ccccc1)C2,,0
CC(C)(C)c1nc2cc(S(=O)(=O)CC3CC3)ccc2n1CC1CCOCC1,,0
CC(C)(C)c1ocnc1/C=c1\[nH]c(=O)/c(=C/c2cn(S(=O)(=O)c3ccccc3)c3ccccc23)[nH]c1=O,,0
CC(C)(C)n1ncc(OCc2nnc(-c3c(F)c(F)c(F)c(F)c3F)o2)c(Cl)c1=O,,0
CC(C)(CO)CNS(=O)(=O)c1ccccc1-c1ccc(-c2cnc(N)nc2)c(F)c1,,0
CC(C)(CO)n1cc(C(=O)c2cncc(NC(=O)Cc3cccc(C(F)(F)F)c3)c2)c2cncnc21,,0
CC(C)(Cc1ccc2ccccc2c1)NC[C@@H](O)COc1ccc(CCC(=O)O)cc1C#N,7.49,1
CC(C)(F)[C@H](F)CNC(=O)c1cnc(-n2ncc3cc(C#N)cnc32)cc1Nc1cnn(CC(F)F)c1,,0
CC(C)(N)CNC(=O)C[C@H]1CC[C@]2(CC1)OO[C@]1(O2)C2CC3CC1C[C@@](O)(C3)C2,,0
CC(C)(NS(C)(=O)=O)c1ccc(NC(=O)c2nc(C#N)c[nH]2)c(C2=CCCCC2)c1,,0
CC(C)(O)C(=O)Nc1sc(S(=O)(=O)c2ccc(F)cc2)cc1C(N)=O,,0
CC(C)(O)CC(=O)N[C@@H]1CC[C@@]2(S(=O)(=O)c3ccc(F)cc3)c3ccc(C(F)(C(F)(F)F)C(F)(F)F)cc3CC[C@@H]12,,0
CC(C)(O)CNC(=O)N1C(=O)N(c2ccnc(C(F)(F)F)c2)C2=C(C(=O)CC2)C1c1ccc(C#N)cc1,,0
CC(C)(O)[C@H]1CC[C@H](NC(=O)c2cnc(-n3ncc4cc(C#N)cnc43)cc2Nc2cnn(CC(F)F)c2)CC1,,0
CC(C)(O)c1cccc(Nc2cc(-n3ccc4cc(C#N)cnc43)ncc2C(=O)NC[C@@H](F)C(C)(C)O)c1,,0
CC(C)(O)c1ccn2c(-c3ccc(F)c(-c4ccc(F)cn4)c3)cnc2n1,,0
CC(C)=CC(=O)N=C1C(CC2C(=O)[C@]3(C)[C@@H]4O[C@@H]4[C@H](C)N3C2=NC(=O)C=C(C)C)C(=O)[C@]2(C)[C@@H]3O[C@@H]3[C@H](C)N12,,0
CC(C)=CCC(OC(=O)COCc1ccccc1)C1=CC(=O)c2c(O)ccc(O)c2C1=O,,0
CC(C)=CCC/C(C)=C/C1ON=C(c2ccco2)O1,,0
CC(C)=CCC/C(C)=C/CNC(=O)COC1C2CC3CC(C2)CC1C3,,0
CC(C)=CCC/C(C)=C/CO/N=C1/C[C@@H](O)[C@@H](O)[C@@H]2c3c(c(O)n(C[C@@H]4CCCO4)c3O)CC[C@@H]12,,0
CC(C)=CC[C@@H](OCc1ccc(C(=O)/N=C/c2c(Cl)c3ccccc3oc2=O)cc1)C1=CC(=O)c2c(O)ccc(O)c2C1=O,,0
CC(C)=CCc1c2c(c(O)c3c(=O)c4cc(C(C)C)c5c(O)c(O)cc(O)c5c4oc13)C=CC(C)(C)O2,,0
CC(C)=CCn1cc(CC[N+](C)(C)C)c2ccccc21,,0
CC(C)=Cc1ccc2[nH]nc(-c3cc(N4CCN(S(C)(=O)=O)CC4)ncn3)c2c1,,0
CC(C)C#Cc1ccc2c(c1)O[C@H](CN(C)C(=O)c1ccncc1)[C@H](C)CN([C@H](C)CO)S2(=O)=O,,0
CC(C)C(=NC(=O)C12CC3CC(CC(C3)C1)C2)C(=O)NNC=C1CCC(Cc2cccc([N+](=O)[O-])c2)=C1N1CCOCC1,,0
CC(C)C(=O)NC[C@H]1C(C(=O)Nc2ccc(Br)cc2)[C@@H]2C=C[C@H]1C21CC1,,0
CC(C)C(=O)OCn1c(-c2ccc(Cl)cc2)c(C#N)c(Br)c1C(F)(F)F,,0
CC(C)C(=O)O[C@]1(C(=O)CO)CCC2C3C[C@H](F)C4=CC(=O)C=CC4(C)[C@@]3(F)C(O)CC21C,,0
CC(C)C(C)Nc1cc(-c2[nH]c(SC[C@H](O)CO)nc2-c2ccc(F)cc2)ccn1,,0
CC(C)C(NC(=O)N1CCc2cc(S(=O)(=O)N3CCN(c4cccc(Cl)c4)CC3)ccc21)C(=O)O,,0
CC(C)C(NC(=O)c1ccc(S(C)(=O)=O)cc1)C(=O)N1CCCC1C(=O)NC(C(=O)C(F)(F)F)C(C)C,,0
CC(C)C(NS(=O)(=O)c1ccc2c(c1)sc1ccc(NS(C)(=O)=O)cc12)C(=O)O,,0
CC(C)C1=C2[C@H]3CCC4C(=O)C(=O)[C@@]5(O)CO[C@H]6O[C@@H](C4[C@]65O)[C@]3(C)CC[C@@]2(C)CC1,,0
CC(C)C1=CC23CC[C@@H]4[C@](C)(CCC[C@@]4(C)C(=O)OCC(O)CCl)[C@H]2CC1CC3C(=O)OCC(O)CCl,,0
CC(C)C1NC(=O)C(NS(=O)(=O)c2ccc(F)cc2)Cc2ccc(cc2)OCCCCSCC(C=O)NC1=O,,0
CC(C)CC#Cc1ccc2c(c1)O[C@H](CN(C)S(=O)(=O)c1ccc(F)cc1)[C@@H](C)CN([C@@H](C)CO)S2(=O)=O,,0
CC(C)CC#Cc1cn([C@H](C)C[C@@H]2CC[C@H](C(C)C(=O)NC(C)C)O2)nn1,,0
CC(C)CC(NC(=O)Cc1cccs1)C(=O)NC1C(=O)N(C)N=Cc2ccccc21,,0
CC(C)CC(NC(=O)NC(CCCCN)C(=O)O)C(=O)NC1CC2(C)CCC1C2(C)C,,0
CC(C)CC1OC(=O)C(C)(C)CNC(=O)C(COCc2ccccc2)=NC(=O)CCC[C@@H]([C@H](C)/C=C/c2ccccc2)OC1=O,,0
CC(C)CCC(C)NC(=O)CN1C=Nc2ccccc2S1(=O)=O,,0
CC(C)CCN1c2nc(Nc3cc(Cl)c(O)c(Cl)c3)ncc2N(C)C(=O)C1C,,0
CC(C)CCN=C1CC(=O)CC(c2ccccc2)C1,,0
CC(C)CCNC(=O)NC(=O)COC(=O)c1cc(S(=O)(=O)N2CCOCC2)ccc1N1CCCCC1,,0
CC(C)CCO[C@@H]1C=CC(=O)C(Cn2cc(CCCC=O)nn2)O1,,0
CC(C)CCc1cc(S(=O)(=O)CC(C)C)nc(S(=O)(=O)CC(C)C)n1,,0
CC(C)CCn1c(=O)c2c3c(O)c4c(c(O)c3cnc2n(CCC(C)C)c1=O)=C1CCC=4CC1,,0
CC(C)CCn1c(=O)c2c3c(O)c4c5cc(c4c(O)c3c[nH]c2n(CCC(C)C)c1=O)CC5,,0
CC(C)CCn1c(Cn2c(=O)n(C(C)C)c3ccccc32)nc2cc(Br)ccc21,,0
CC(C)CCn1c(Cn2c(=O)n(S(=O)(=O)C(C)C)c3ccccc32)nc2ccccc21,,0
CC(C)CN(Cc1ccc2c(c1)C=CC(C)(C)O2)S(=O)(=O)c1nccn1C,,0
CC(C)COC(C)(OCC(C)C)C(Cl)Cl,,0
CC(C)COP(=O)(CCN=C=S)OCC(C)C,,0
CC(C)C[C@@H]1c2c(O)c(C=O)c(O)c(C=O)c2O[C@]2(C)C=C[C@@H](C(C)C)C[C@H]12,,0
CC(C)Cc1ccc(C(C)NC(=O)Cc2ccc(S(=O)(=O)N3CCOCC3)s2)cc1,,0
CC(C)Cc1ccc(C(C)c2nnc3sc(-c4ccc(N)cc4)nn23)cc1,,0
CC(C)Cc1ccc(S(=O)(=O)N2CCN(C(=O)c3ccco3)CC2)cc1,,0
CC(C)Cc1nnc(NC(=O)CCC(=O)N2CCC(C)CC2)s1,,0
CC(C)Cn1c(=O)c2ccccc2n2c(CCC(=O)N3CCN(c4ccccc4)CC3)nnc12,,0
CC(C)Cn1ccnc1/C=C/C(=O)/C=C/c1nc2ccccc2n1CC(C)C,,0
CC(C)N(C)C(=O)CCc1nnc(CCc2c[nH]c3ccccc23)o1,,0
CC(C)N1C(=O)[C@]2(C)O[C@](C)(C1=O)c1c2c(O)n(-c2ccc(C#N)c(C(F)(F)F)c2)c1O,,0
CC(C)N1CCC(Nc2ccn(CCC#N)n2)C1=O,,0
CC(C)N1N=C2/C(=C/c3cccc(C(F)(F)F)c3)CS(=O)(=O)CC2C1c1cccc(C(F)(F)F)c1,,0
CC(C)NC(=O)Nc1cc(-c2ccnc3c(C(=O)c4cccs4)cnn23)ccc1F,,0
CC(C)NC(=O)Nc1ccc2c(c1)C(=O)N([C@@H](C)CO)C[C@@H](C)[C@@H](CN(C)S(=O)(=O)c1ccc(F)cc1)O2,,0
CC(C)NS(=O)(=O)c1ccccc1Nc1nc(Nc2ccc(CO)cc2)nc2c1CCN2,,0
CC(C)Nc1nc2c(nc1N1CCC(Oc3ccc(F)cc3F)CC1)C(C)N(S(C)(=O)=O)CC2,,0
CC(C)Nc1nc2c(nc1N1CCC(Oc3ccc(F)cc3F)CC1)CCN(S(=O)(=O)C(C)C)C2,,0
CC(C)Nc1ncc2c(n1)CN(C(=O)N[C@H](CO)c1ccc(Cl)c(Cl)c1)CC2,,0
CC(C)OC(=O)/C=C/[C@H]1CC[C@@]2(O)[C@@H]3CC[C@H]4C[C@@H](O[C@@H]5O[C@H](CO)[C@@H](O)[C@H](O)[C@H]5O)CC[C@]4(C)[C@H]3CC[C@]12C,,0
CC(C)OC(=O)N1CCC(Oc2ncnc3c2CCN3c2ccc([S+]([O-])N(C)C)cc2)CC1,,0
CC(C)OC(=O)N1CCC(n2cc3c(n2)CN(c2ccc(S(C)(=O)=O)cc2F)C3)CC1,,0
CC(C)OC(=O)N[C@H]1CC2(O)c3cc(C#N)ccc3N(Cc3ccccn3)C2(O)C1,,0
CC(C)OCc1ccc(C(=O)N2CCN(S(=O)(=O)c3ccc(Br)s3)CC2)cc1,,0
CC(C)OP(=O)(c1ccc(N(C)C)cc1)C(O)c1ccncc1,,0
CC(C)O[C@@H]1[C@H](OC(C)C)[C@@H](CO[PH](=O)[O-])O[C@H]1n1c[n+](Cc2ccccccccc2)c2c(=O)[nH]c(N)nc21,,0
CC(C)Oc1ccc(Br)cc1C(=O)NN=Cc1c[nH]c2ccccc12,,0
CC(C)Oc1ccc(S(=O)(=O)N2CCC(n3cc(OC=O)c4ccccc43)CC2)cc1,,0
CC(C)Oc1cccc(-c2ccc3nnc(-c4ccc([S@+](C)[O-])cc4)n3c2)c1,,0
CC(C)S(=O)(=O)CC[C@@H]1OCC[C@@]2(S(=O)(=O)c3ccc(Cl)cc3)c3c(F)ccc(F)c3OC[C@@H]12,,0
CC(C)S(=O)(=O)c1ccc(-c2cnc(N)c(-c3cc(-c4ccccc4)no3)n2)cc1,,0
CC(C)S(=O)(=O)c1ccc(-c2cnc(N)c(-c3nnc(-c4ccccc4)s3)n2)cc1,,0
CC(C)S(=O)(=O)n1c(N)nc2c1c(=O)n(CC1CC1)c(=O)n2CC1CC1,,0
CC(C)Sc1ncc(Cl)c(C(=O)N(Cc2ccc(N(C)C)cc2)C2CCS(=O)(=O)C2)n1,,0
CC(C)[C@H](C)Nc1cc(-c2[nH]c([S@@+](C)[O-])nc2-c2ccc(F)cc2)ccn1,,0
CC(C)[C@]1(O)CC[C@@H](N(C(=O)c2ccc([C@](C)(O)C(F)(F)F)cc2)C2CC2)CC1,,0
CC(C)c1cc(CNc2nc(Nc3cc(C4CC4)[nH]n3)cc(C3CCN[C@H](C)C3)n2)on1,,0
CC(C)c1cc(N(C)C)cc2c1C(=O)N(COC(=O)c1c(Cl)cccc1Cl)S2(=O)=O,,0
CC(C)c1cc(Oc2c(Cl)cc(-n3ncc(=O)[nH]c3=O)cc2Cl)n[nH]c1=O,,0
CC(C)c1ccc(-c2nnc(N3CCN(C(=O)c4ccccc4)C[C@H]3C)c3ccccc23)cc1,,0
CC(C)c1ccc(CSc2ncnc3c2ncn3[C@@H]2O[C@H](CO)[C@@H](O)[C@H]2O)cc1,,0
CC(C)c1csc(-c2nnc(S(=O)(=O)Cc3ccc(Cl)cc3)n2/N=C/c2ccc(F)cc2)n1,,0
CC(C)c1nc(-c2ccc(F)cc2)c(-c2ccc3nc(N)n(S(=O)(=O)C(C)C)c3c2)[nH]1,,0
CC(C)c1nc(CN(C)C(=O)NC(C(=O)N2CCC(NC(=O)OCc3cncs3)CC2)C(C)C)cs1,,0
CC(C)c1nc(CN(C)C(=O)NC(C(=O)NC2CCN(C(=O)OCc3cncs3)CC2)C(C)C)cs1,,0
CC(C)c1nc2c(Cl)cccn2c1-c1cccc(Oc2cccc(S(N)(=O)=O)c2)c1,,0
CC(C)n1cc(-c2ccnc(N)n2)c(-c2cc(Cl)cc(NS(C)(=O)=O)c2F)n1,,0
CC(C)n1ccnc1/C=C/C=C/C(=O)/C=C/c1nc2ccccc2n1C(C)C,,0
CC(C)n1cnc2c(N)nc(NCCCO)nc21,,0
CC(CCO)N(C)C(=O)CCCN1c2ccccc2N(Cc2ccc(C(O)(C(F)(F)F)C(F)(F)F)cc2)S1(=O)=O,,0
CC(CCc1ccc(-c2ccc(F)cc2)cc1O)(C(O)=NO)S(C)(=O)=O,,0
CC(CCc1ccc(-c2ccc(NS(C)(=O)=O)cc2)c(F)c1)(C(O)=NO)S(C)(=O)=O,,0
CC(CCc1ccccc1F)C(=O)NS(=O)(=O)N(C)C(C)C,,0
CC(Cc1c[nH]c2ccccc12)(NC(=O)OC1[C@H]2C[C@@H]3C[C@@H](C[C@H]1C3)C2)C(=O)NCCc1ccc([N+](=O)[O-])cc1,,0
CC(Cc1ccc(C#Cc2cnc(NC3CCC3)nc2)cc1)NC(=O)C1CC1,,0
CC(Cl)/C=C/C(=O)N(Cc1ccc(Cl)cc1OS(C)(=O)=O)CC(C)C,,0
CC(F)(F)c1nc2nc(CO)cc(Nc3ccc(S(F)(F)(F)(F)F)cc3)n2n1,,0
CC(NC(=O)C(Cc1ccccc1)NC(=O)NS(=O)(=O)c1ccccc1)C(=O)Nc1n[nH]c(=S)s1,,0
CC(NC(=O)C1N2C(=O)c3ccccc3C2SC1(C)C)C(=O)NCc1ccncc1,,0
CC(NC(=O)COC(=O)C1CCCN1S(=O)(=O)c1ccccc1F)C12CC3CC(CC(C3)C1)C2,,0
CC(NC(=O)NCCCn1ccnc1)(C(F)(F)F)C(F)(F)F,,0
CC(NC(=O)OC(C)(C)C)C(=O)N1CCCC1C(=O)NC(C(C)C)P(=O)(Oc1ccccc1)Oc1ccccc1,,0
CC(NC(=O)c1[nH]nc2cc(NC(=O)c3cc(N4CCOCC4)cc(C(F)(F)F)c3)ccc12)C(N)=O,,0
CC(NC(=O)c1cc(Cl)sc1Cl)C(=O)N1CCOCC1,,0
CC(NS(=O)(=O)c1ccc2c(c1)cc(O)n2C)c1ccccc1,,0
CC(O)(CS(=O)(=O)c1ccc(C(F)(F)F)cc1)C(=O)Nc1ccc([N+](=O)[O-])cc1C(F)(F)F,,0
CC(O)(C[S+]([O-])c1ccc(F)c(F)c1)C(=O)Nc1ccc([N+](=O)[O-])cc1C(F)(F)F,,0
CC(O)C(=O)NC1CC(C)(C)Oc2nc(-c3ccc(Cl)cc3Cl)c(-c3ccc(Cl)cc3)cc21,6.47,1
CC(O)c1cc2c(-c3cc(S(C)(=O)=O)ccc3Oc3ccc(F)cc3F)cn(C)c(=O)c2[nH]1,,0
CC(O[C@H]1CC[C@]2(CC1)COC(C)(C)C2)c1nc(-c2ccc(CS(C)(=O)=O)cc2)no1,,0
CC(Oc1ccc(-c2cc3c([nH]2)c(=O)n(C)c(=O)n3C)cc1)C(=O)Nc1ccc(Br)cc1,,0
CC(Oc1ccc(S(C)(=O)=O)cc1C(=O)N1CCN(c2ccc(C#N)cc2)CC1)C(F)(F)F,,0
CC(Oc1cccc2ncnc(Nc3ccc4c(cnn4Cc4ccccn4)c3)c12)C(=O)N1CCOCC1,,0
CC(Oc1cccc2ncnc(Nc3ccc4c(cnn4Cc4nccs4)c3)c12)C(=O)N1CCOCC1,,0
CC(Sc1nnc(-c2ccccc2)c(-c2ccccc2)n1)C(=O)N1CCCC1,,0
CC(c1ccccc1)n1cc2c(c1-c1ccccc1Br)c(=O)n(C)c(=O)n2C,,0
CC(c1cccs1)N(C)C(=O)CCc1nnc(CCC2CCCCC2)o1,,0
CC1(C(=O)NS(=O)(=O)C2CC2)CCCN(C(=O)Cc2ccc(F)cc2)C1,,0
CC1(C(F)(F)F)CN(c2cccc[n+]2[O-])c2cc(S(=O)(=O)c3ccccc3)ccc2O1,,0
CC1(C)C(=O)C=C[C@]2(C)[C@H]3CC[C@]4(C)C(=CC(=O)O[C@@]4(O)c4ccoc4)[C@]3(C)[C@H](O)C[C@@H]12,,0
CC1(C)C(=O)NN=C1c1ccc(N=C2CCCC(=O)C2Cc2cccc(F)c2)cc1F,,0
CC1(C)C(=O)Nc2ccccc2N1C(=O)COC(=O)C12CC3CC(CC(O)(C3)C1)C2,,0
CC1(C)C(=O)Nc2ccccc2N1C(=O)COC(=O)Cn1cnc2ccccc2c1=O,,0
CC1(C)C2CC1[C@]1(C)OB([C@H](CCCN=C(N)N)NC(=O)c3ccc(-c4ccccc4)c([N+](=O)[O-])c3)O[C@@H]1C2,,0
CC1(C)C2CC[C@]3(C)C(CC=C4C5C[C@](C)(C(=O)O)C[C@H](O)[C@]5(C)CC[C@]43C)[C@@]2(C)CC[C@@H]1O,,0
CC1(C)C=C2C(C(=O)C1)C(c1ccc(Cl)cc1)C(C#N)C(=N)N2c1ccc(S(N)(=O)=O)cc1,,0
CC1(C)C=C2N=c3s/c(=C/c4ccc(F)c(F)c4)c(=O)n3C(c3ccc(F)cc3)C2C(=O)C1,,0
CC1(C)CC(=O)C2C(=Nc3nc4c(c(N)c3C2c2ccc(F)cc2)CCCC4)C1,,0
CC1(C)COC(c2c(-c3ccccc3)noc2C[S+]([O-])c2ccccc2)=N1,,0
CC1(C)C[C@@H](O)[C@]2(C)CC[C@]3(C)C(=CCC4[C@@]5(C)CC[C@H](O)[C@](C)(C(=O)O)C5CC[C@]43C)[C@@H]2C1,,0
CC1(C)Cc2c(C#N)c(Nc3ccccc3)n3c(SCC(=O)c4ccc(Cl)cc4)nnc3c2CO1,,0
CC1(C)Cc2c(C#N)c(SCCc3ccccn3)nc(N3CCOCC3)c2CO1,,0
CC1(C)NC(=O)N(CC(O)CN(c2cccc([N+](=O)[O-])c2)S(=O)(=O)c2ccccc2)C1=O,,0
CC1(C)OC(=O)N(C2CC=C(c3cnc(N)c(-c4ncccn4)c3)CC2)C1c1ccccc1,,0
CC1(C)OC2=C(C(=O)C(=O)c3ccccc32)C1n1cc(CN=C2C(=O)c3ccccc3C(=O)C2Cl)nn1,,0
CC1(C)O[C@@H]2C[C@H]3[C@@H]4CC=C5CC(=O)C=C[C@]5(C)[C@@]4(F)[C@@H](O)C[C@]3(C)[C@]2(C(=O)CO)O1,,0
CC1(C)O[C@@H]2O[C@@H](COC3C4=C(OC3(C)C)c3ccccc3C(=O)C4=O)[C@H]3OC(C)(C)O[C@H]3[C@@H]2O1,,0
CC1(C)O[C@H]2[C@@H]3OC4(CCCCC4)O[C@@H]3CO[C@@]2(COS(N)(=O)=O)O1,,0
CC1(C)Oc2ccc3ccc(=O)oc3c2CC1OC(=O)C=Cc1ccc(O)c(O)c1,,0
CC1(C)[C@@H]2CC[C@@]1(CS(=O)(=O)N1CCC3(C=Cc4ccccc43)CC1)[C@@](O)(Cn1c(O)ccc1O)C2,,0
CC1(C)[C@@H]2CC[C@@]1(CS(=O)(=O)N1CCN(c3ccc(C(F)(F)F)cn3)CC1)C(NS(C)(=O)=O)C2,,0
CC1(C)[C@H](/C=C/Br)[C@H]1CC(=O)OC(C#N)c1ccc(F)c(Oc2ccccc2)c1,,0
CC1(C)c2cc(OCCNS(C)(=O)=O)ccc2C(=O)c2c1[nH]c1cc(C#N)ccc21,,0
CC1(C2CC(=O)N(CCOc3ccc(F)c(F)c3)C2)CCS(=O)(=O)CC1,,0
CC1(C2CC2)NC(=O)N(CC(=O)N2CCN(c3cccc(C(F)(F)F)c3)CC2)C1=O,,0
CC1(F)CCN(c2nc(-c3cnc(N)nc3)cc(N3C[C@@H]4C[C@H]3CO4)n2)C1,,0
CC1(NC(=O)c2ccncc2NC(=O)c2nc(C3CC3)cnc2Nc2cncnc2)COC1,,0
CC1(c2ccc(OC(F)F)cc2)NC(=O)N(CC(=O)c2cccs2)C1=O,,0
CC12CCC3C(Cc4nn(Cc5ccc([N+](=O)[O-])cc5)c5c4C3(C)CCC5=O)C1CCC2=O,,0
CC1=C(/C=C/c2cc(N3CCOCC3)nc(N)n2)C(C)(C)CCC1,,0
CC1=C(C)C(=O)O[C@@H]([C@@H](C)C2=C[C@@H](O)[C@]3(O)[C@@H]4C[C@@H](O)[C@@]5(O)C=CCC(=O)[C@]5(C)[C@H]4CC[C@]23C)C1,,0
CC1=C(C)C(=O)O[C@@H]([C@](C)(O)[C@]2(O)CC[C@@]3(O)[C@@H]4C[C@H](O)C5=CC=CC(=O)[C@]5(C)[C@H]4CC[C@]23C)C1,,0
CC1=C(SCCC(=O)OC(CC[Se]c2ccccc2)C(=O)NC(C)(C)C)C(=O)c2ccccc2C1=O,,0
CC1=C/C(=C/c2oc3ccccc3[n+]2C)N=C2Sc3cc(OCCO)ccc3N12,,0
CC1=C2C[C@@]3(C)CC[C@H]([C@@H](C)/C=C\[C@H](O)C(C)(C)O)[C@@H]3CC=C(C=O)C2C(=O)C1,,0
CC1=CC(=O)C2(/C=C/C(C)(C)O)C3=CC(C)CC2(Oc2cc(C)c(O)cc23)C1=O,,0
CC1=CC(=O)N(Nc2nc(C3CC3)nc3scc(-c4cccs4)c23)C1=O,,0
CC1=CC(=O)N(Nc2nc(C3CCCC3)nc3sc(C)cc23)C1=O,,0
CC1=CC2[C@H](C[C@@H](O)[C@@]3(C)O[C@@H]3[C@H]3[C@@H](OC(=O)c4ccccc4)[C@@H](C)C[C@]3(O)C1=O)C2(C)C,,0
CC1=C[C@H]2OC3[C@H](OC(=O)CCl)[C@@H](OC(=O)CCl)[C@@](C)(C34CO4)[C@@]2(COC(=O)CCl)CC1,,0
CC1=NC(C)=C(C(=O)OCCN2C(=O)c3ccccc3S2(=O)=O)C(C)C1C(=O)OCCNC(=O)c1ccccc1O,,0
CC1=Nc2cc(C(F)(F)F)nn2[C@H](c2cc3ccccc3n2C)C1C(=O)N1CCC[C@H]1c1cc(C)no1,,0
CC1=Nc2cc(C(F)(F)F)nn2[C@H](c2ccc(Cl)c(Cl)c2)C1c1ncnn1-c1cccc(C)n1,,0
CC1=Nc2ccccc2SC1C(=O)CC(=O)C(=O)Nc1ccc(Cl)cc1C,,0
CC1C(=O)C(C#N)=C[C@@]2(C)c3nc(-c4ccnc(C5CC5)c4)nc(-c4ccccc4F)c3C[C@H]12,,0
CC1C(=O)N(Cc2cn(-c3ccc(C#N)cc3)nn2)[C@@H]2O[C@@]3(C)CC[C@H]4[C@H](C)CC[C@@H]1[C@]42OO3,,0
CC1C(=O)N(c2nccs2)[C@H]2CCN(C(=O)C3CCCN3S(=O)(=O)c3cccc4c(N(C)C)cccc34)[C@H]12,,0
CC1C(=O)NCC1C(=O)Nc1cc(-c2cccc(C(C)(C)C)c2)n(C2CCOCC2)n1,,0
CC1CC(C)CN(C(=O)C2CCC(CNc3c(N4CCCCC4)c(=O)c3=O)CC2)C1,,0
CC1CC1C(=O)N1C(=O)C(C)[C@@H]2[C@@H]1CCN2C(=O)C1CCCN1S(=O)(=O)c1cccc2c(N(C)C)cccc12,,0
CC1CC1C(=O)OCC(=O)NC(=O)NCc1ccco1,,0
CC1CCCC(C)N1S(=O)(=O)c1ccc(S(=O)(=O)N2CCOCC2)cc1,,0
CC1CCCCC1NS(=O)(=O)c1ccc2c(c1)cc(O)n2C,,0
CC1CCCN(c2nc3c(S(=O)(=O)c4ccccc4)nnn3c3ccsc23)C1,,0
CC1CCN(C(=O)C(=O)c2cn(CC(=O)N3CCCCCC3)c3ccccc23)CC1,,0
CC1CCN(C(=O)CSc2nnc3c(n2)[nH]c2ccc(F)cc23)CC1,,0
CC1CCN(CC(C)(O)Cn2c3ccc(F)cc3c3cc(F)ccc32)S1(=O)=O,,0
CC1CCN(c2c(NCC3CCC(C(=O)N4CCCC(C)C4)CC3)c(=O)c2=O)CC1,,0
CC1CN(c2ccc3c(N4CC(C)NC(C)C4)c(C#N)c4nc5ccccc5n4c3c2)CC(C)N1,,0
CC1Cc2cc(S(=O)(=O)c3ccc4c(c3)OCCO4)ccc2N1S(=O)(=O)c1ccc(F)cc1,,0
CC1Cc2nc(NCC(F)F)c(N3CCC(Oc4ccc(F)cc4F)CC3)nc2CN1C(=O)N(C)C,,0
CC1Cc2nc(NCC(F)F)c(N3CCC(Oc4ccc(F)cc4F)CC3)nc2CN1S(C)(=O)=O,,0
CC1OC(OC2CCC3(C)C(CCC4C3CCC3(C)[C@@H](C5=CC(=O)OC5)C(OC=O)CC43O)C2)CC(O)C1O,,0
CC1Sc2ccc(S(=O)(=O)CCC(=O)N(C)Cc3ccco3)cc2NC1=O,,0
CCC(/C=C1\OC(=O)NC1=O)(CC)c1ccc(-c2ccc3c(c2)OC(C)(C)CC3)[nH]c1=O,,0
CCC(=O)C1O[C@@](CCC2=CC(OC)OC2=O)(OC)[C@@]2(C)CCCC(C)(C)[C@H]12,,0
CCC(=O)N1CCOC(c2cc(Nc3nncs3)cc(C)n2)C1,,0
CCC(=O)N1CCc2cc(S(=O)(=O)CCC(=O)N3CCN(c4ccc(C(C)=O)cc4)CC3)ccc21,,0
CCC(=O)N1CCc2cc(S(=O)(=O)NCCC(=O)N3CCN(c4cccc(C)c4)C(C)C3)ccc21,,0
CCC(=O)NC(Nc1nc2ccc(C)cc2s1)(C(=O)OC)C(F)(F)F,,0
CCC(=O)OC(C(=O)N1N=CCC1C(=O)NCc1cc(Cl)ccc1-n1cnnn1)c1ccc(F)cc1,,0
CCC(=O)OCC(=O)[C@@]1(OC(=O)CC)[C@H](C)C[C@H]2[C@H]3[C@H]([C@@H](O)C[C@@]21C)[C@@]1(C)C=CC(=O)C=C1C[C@H]3Cl,,0
CCC(=O)OC[C@@]1(C)[C@H]2CC[C@@]3(CO3)[C@@H](C/C=C3/C(=O)OC[C@H]3OC(=O)/C=C/c3ccccc3)[C@]2(C)CC[C@H]1OC(=O)CC,,0
CCC(=O)O[C@@H]1C[C@H]2C(C)(C)C(=O)C=C[C@]2(C)[C@H]2CC[C@@]3(C)[C@@H](c4ccoc4)OC(=O)C4O[C@]43[C@@]21C,,0
CCC(=O)Oc1cc(O)c2c(c1)C=CCCC[C@@H](O)CCC[C@H](C)OC2=O,,0
CCC(=O)c1cc(-c2ccc(S(N)(=O)=O)cc2)n(-c2ccc(C(F)(F)F)cn2)n1,,0
CCC(=O)c1cc(F)ccc1OCC(=O)N1CCN(c2ccc(F)cc2)CC1,,0
CCC(Br)C(=O)OC(Cn1cncn1)(Cn1cncn1)c1ccc(F)cc1F,,0
CCC(C(=O)N1CCN(c2ccccc2)CC1)n1nc(C)n2c(cc3sccc32)c1=O,,0
CCC(C(=O)N=Nc1c(O)[nH]c2c(Cl)ccc(Cl)c12)c1ccc(OC)cc1,,0
CCC(C)C(=Nc1c(O)c(Br)c(NC(C)C(=O)OC)c(O)c1Br)C(=O)OC,,0
CCC(C)N(C(=O)CSc1ncnc2sccc12)C1CCS(=O)(=O)C1,,0
CCC(C)NC(=O)Cn1cc(S(=O)(=O)N2CCN(c3ccccc3F)CC2)c2ccccc2c1=O,,0
CCC(C)NC(=O)c1cc(S(=O)(=O)N2CCCC2)c(C)s1,,0
CCC(C)S(=O)(=O)N(Cc1ccco1)Cc1ccccc1O,,0
CCC(C)S(=O)(=O)c1ncccc1-c1ccc(-c2cnc(N)cn2)c(F)c1,,0
CCC(C)S(=O)(=O)c1ncccc1-c1ccc(-c2cnc(N)nc2)c(F)c1,,0
CCC(CC)CN1C(=O)SC(=Cc2cc(O)c(O)c(C(F)(F)F)c2)C1=O,,0
CCC(CC)N1C(=O)C(CC(=O)O)C[C@H](c2cccc(Cl)c2)[C@H]1c1ccc(Cl)cc1,,0
CCC(CN1CCCC1)NC(=O)c1cc(-c2cc(=NC3CC3)n3ncc(=Cc4[nH]c(=O)[nH]c4O)c3n2)cs1,,0
CCC(Cc1ccccc1)NS(=O)(=O)c1ccc2c(c1)NC(=O)C(C)S2,,0
CCC(NC(=O)C1C[C@@H](S(=O)(=O)c2ccc(Cl)cc2C)CN1C(=O)OC(C)(C)C)C(=O)C(=O)NC1CC1,,0
CCC(Nc1ncnc2[nH]cnc12)c1cc2cccc(C)c2c(=O)n1-c1ccccc1C,,0
CCC(O)CNc1nc(-n2nc(C)cc2C)nc2sc3c(c12)CC(C)(C)OC3,,0
CCC(Oc1ccc(Br)cc1)C(=O)N1CCN(c2ncccn2)CC1,,0
CCC(Sc1nc2ccccc2c2nc(C(C)CC)c(O)n12)C(=O)Nc1ccccc1C,,0
CCC(c1ccc(F)c(F)c1)n1c(C(=O)OC)c(C(=O)OC)[nH]c1=S,,0
CCC(c1nc2ccccc2c(=O)n1-c1nc2ccccc2s1)N1C(=O)c2ccccc2C1=O,,0
CCC(c1nnnn1CCOC)N(Cc1cc2c(C)cc(C)cc2[nH]c1=O)CC1CCCO1,,0
CCC/C=C/C=N/N1CCN(c2ccccc2)CC1,,0
CCC1(CC)C(=O)N(c2ccc(CSc3nc4ccccc4o3)cc2)C1=O,,0
CCC1(O)CC(=O)OCc2c1cc1n(c2=O)Cc2c-1nc1ccccc1c2COC(=O)/C=C/c1ccccc1,,0
CCC1=C(OC(=O)N(CC)CC)N2C(=O)O/C(=N\Cc3ccccc3)[C@]2(C)[C@H]2C1=CCc1c2c(O)n(-c2ccccc2)c1O,,0
CCC1=C(OC(=O)N(CC)CC)N2C(=O)O/C(=N\Cc3ccccc3)[C@]2(C)[C@H]2C1=CCc1c2c(O)n(CC)c1O,,0
CCC1=C2CCc3c(c(O)n(-c4ccccc4)c3O)[C@H]2[C@@]2(C)/C(=N/Cc3ccccc3)OC(=O)N2C1=O,,0
CCC1CC=CC2C1C(=O)N(Cc1ccccc1)C2c1cccc([N+](=O)[O-])c1,,0
CCC1CCN(C(=O)C(CCCN=C(N)N)NS(=O)(=O)c2ccc3cc4c(cc3c2)OCCO4)CC1,,0
CCC=CC1C(=O)[C@](C)(CN2c3ccc(I)cc3[C@]3(O)CCO[C@H]23)C(=O)C1C,,0
CCCC(=O)OCC(=O)[C@@]1(OC(=O)c2ccco2)[C@H](C)CC2C3CC=C4CC(=O)C=CC4(C)[C@@]3(F)C(O)CC21C,,0
CCCC(=O)OC[C@H]1OC(n2c(Cl)c(C=O)c3cc(Cl)c(Cl)cc32)[C@H](O)[C@@H]1O,,0
CCCC(=O)O[C@@H]1CCC2(C)C=CC(C(C)C(=O)OC)=C(O2)[C@H]2[C@H](C)[C@H](O)C[C@H](OC(C)=O)[C@]12C,,0
CCCC(=O)O[C@]1(C(=O)CO)CC[C@H]2[C@@H]3CC=C4CC(=O)CC[C@]4(C)[C@H]3[C@@H](O)C[C@@]21C,,0
CCCC(=O)O[C@]1(C(=O)COC(C)=O)CC[C@H]2C3C[C@H](F)C4=CC(=O)C=CC4(C)[C@@]3(F)[C@@H](O)CC21C,,0
CCCC(=O)c1c(O)c2c(c3c(-c4ccccc4)cc(=O)oc13)O[C@H](C(C)(C)O)C2,,0
CCCC(=O)c1c2c(c3oc(=O)cc(-c4ccccc4)c3c1O)C[C@@H](C(C)(C)O)O2,,0
CCCC(CCC)(c1ccc(O)c(C)c1)c1ccc(C(=O)OCC)n1C,,0
CCCC(NC(=O)C1C2[C@H](CN1C(=O)C(NC(=O)NC(C)(C)C)C1CCCCC1)C2(C)C)C(=O)C(N)=O,,0
CCCC(NC(=O)C1C2[C@H](CN1C(=O)C(NC(=O)OC(C)(C)C)C1CCCCC1)C2(C)C)C(=O)C(N)=O,,0
CCCCC(CCCC)N1N=C(c2cc(C)cc(C)c2)OCC1=O,,0
CCCCC1=Cc2ccccc2P(=O)(OCC)O1,,0
CCCCC1=NC2(CCCC2)C(=O)N1C(=O)COc1ccc(/C=C2/SC(=O)NC2=O)cc1,,0
CCCCC=CC=CCC(=O)O[C@H]1C(C)=C[C@]23C(=O)C(=CC(COC(C)=O)[C@@H](O)[C@]12O)[C@H]1[C@@H](C[C@H]3C)C1(C)C,,0
CCCCCC1(CCCCC)OOCCCOO1,,0
CCCCCCC(C)(CCCC)OC(=O)c1cnc(Cl)cn1,,0
CCCCCCC1CC(=O)c2ccc(O)cc2O1,,0
CCCCCCCCC(=O)NCc1ccc(CC(O)CO)c(OC)c1,7.0,1
CCCCCCCCCCC(C(=O)O)C1C=CCC1,,0
CCCCCCCCCCC1(C)SC(=O)C(Cc2ccccc2)C1=O,,0
CCCCCCCCCCCCCCC[C@]1(C)C[C@](C)(CC(=O)O)OO1,,0
CCCCCCCCCCCC[n+]1cccc(-c2ccc[n+](C)c2)c1,,0
CCCCCCCCCCCCn1cnc2c(-n3cncn3)ncnc21,,0
CCCCCCCCN1C(=O)CC[C@](CC)(c2ccncc2)C1=O,,0
CCCCCCCCSC(=S)c1c(C)[nH]n(-c2ccccc2)c1=O,,0
CCCCCCCCSc1nnc(-c2c(Cl)c(CC)nn2C)o1,,0
CCCCCCCc1cn(C(c2ccc(C#N)cc2)c2ccc(C#N)cc2)nn1,,0
CCCCCCNc1nccc2c1ncn2C1O[C@H](CO)[C@@H](O)[C@H]1O,,0
CCCCCCOP(=O)(O)[C@@H]1C[C@@H]([C@@H](NC(C)=O)C(CC)CC)[C@H](N=C(N)N)C1,,0
CCCCCCSc1n[nH]c(-n2[se]c3ccccc3c2=O)n1,,0
CCCCCNS(=O)(=O)c1ccc(N2CCCCS2(=O)=O)cc1,,0
CCCCCc1cc(-c2cn([C@H]3C[C@H](OC(C)=O)[C@@H](COC(C)=O)O3)c(=O)[nH]c2=O)on1,,0
CCCCCc1cc(O[C@@H]2OC(C)(C)[C@H](OC)[C@@H](OC(=O)c3ccc(C)[nH]3)[C@H]2O)c(C)c2oc(=O)c(C(=O)O)cc12,,0
CCCCCn1c(=O)c2c(nc3n2CCN3c2ccc(Br)cc2)n(C)c1=O,,0
CCCCCn1cc2c(c1-c1ccccc1Br)c(=O)n(C)c(=O)n2C,,0
CCCCN(CCCC)C(=O)c1nn(-c2ccc(O)cc2C(=O)N2Cc3ccccc3C[C@H]2CO)c(C)c1Cl,,0
CCCCN1C(=O)CCN(S(=O)(=O)c2ccc(-n3nc(C)cc3C)cc2)C1=S,,0
CCCCN1C(=O)c2ccc3c4c(ccc(c24)C1=O)C(=O)N(CC1CC1)C3=O,,0
CCCCNC(=O)c1cc(S(=O)(=O)N2CCCCC2)oc1C,,0
CCCCNC(=O)c1cc2c(cc1F)Cc1c(O)n(-c3cnc(C#N)c(C(F)(F)F)c3)c(=S)n1C2,,0
CCCCNC(=S)N1CCN(c2ccc(C(C)=O)cc2)CC1,,0
CCCCNS(=O)(=O)c1ccc2c(c1)oc(=O)n2CC(=O)OCC,,0
CCCCOC(=O)OCOP(=O)(OCOC(=O)OCCCC)C(OCC(=O)N(C)O)c1ccc(F)c(F)c1,,0
CCCCS(=O)(=O)N1CCc2nc(-c3ccccc3)c3c(c2C1)COC(C)C3,,0
CCCCSc1ccc2n(c1)cc(-c1ccc(/C=N/N=C(N)N)cc1)[n+]2C,,0
CCCC[N+]12CCC(CC1)C(C(=O)c1cccs1)C2,,0
CCCCc1cn(-c2cccc(S(=O)(=O)Nc3ccccc3C)c2)nn1,,0
CCCCc1nc(C(C)C)c(Cc2nc(C)no2)c(=O)n1Cc1ccc(-c2ccccc2-c2nc(=O)o[nH]2)cc1,,0
CCCCc1nc(C)c(CC(=S)N2CCCCC2)c(=O)n1Cc1ccc(-c2ccccc2-c2nc(=O)o[nH]2)cc1,,0
CCCCc1nc(C)c(Cc2nc(C(C)C)no2)c(=O)n1Cc1ccc(-c2ccccc2-c2nc(=O)o[nH]2)cc1,,0
CCCCc1nnc(S(C)(=O)=O)n1Cc1ccc(-c2ccccc2-c2nn[nH]n2)cc1,,0
CCCCn1/c(=N/C(=O)c2cc(C(F)(F)F)ccc2O/N=C(\C)C(F)(F)F)cc(C(C)(C)C)n1C,,0
CCCCn1c(=O)c2nn(S(=O)(=O)c3ccc4ccccc4c3)cc2n(CCCC)c1=O,,0
CCCCn1c(CCC)nc([N+](=O)[O-])c1Sc1ccc(Cl)cn1,,0
CCCCn1c(N)c(N(CCC(C)C)C(=O)CSc2nnc3ccccn23)c(=O)[nH]c1=O,,0
CCCCn1c(N)c(N(CCC(C)C)C(=O)c2ccc(C)c(S(=O)(=O)N3CCOCC3)c2)c(=O)[nH]c1=O,,0
CCCCn1c(N)c(N(CCOC)C(=O)CCn2c(O)c3c(c2O)CC=CC3)c(=O)[nH]c1=O,,0
CCCN(C(=O)CSc1nc(C2CC2)n(-c2ccccc2)n1)C1CCS(=O)(=O)C1,,0
CCCN(C(=O)c1cc(S(=O)(=O)N2CCCCC2)ccc1Cl)C1CCS(=O)(=O)C1,,0
CCCN(C)C(=O)c1cc(Br)cc(S(=O)(=O)N2CCOCC2)c1F,,0
CCCN(CC1CC1)C(=O)c1c(C(F)(F)F)nc2n(-c3c(C)cc(C)cc3C)c(Cl)cn12,,0
CCCN(CCC)C(=O)CC(c1ccccc1)c1ccc(C)cc1O,,0
CCCN(CCC)c1nc(C)nc(N(CC)c2ccc(N(C)C)cc2C)n1,,0
CCCN(CCC)c1nc(CC)c(Oc2cc(C)ccn2)nc1CC,,0
CCCN(c1ccccc1F)S(=O)(=O)c1cc(-c2cc(C)no2)ccc1C,,0
CCCNC(=O)C(O)[C@@]1(O)CC[C@H]2[C@@H]3CC=C4CC(=O)C=C[C@]4(C)[C@H]3[C@@H](O)C[C@@]21C,,0
CCCNC(=O)OCCC[C@]12O[C@H]1[C@@H]1O[C@@]13[C@@]1(C)CCC4=C(COC4=O)[C@@H]1C[C@@H]1O[C@@]13C2=O,,0
CCCNC(=O)c1c(NC(=O)C23CC4CC(CC(C4)C2)C3)sc2c1CCOC2,,0
CCCNCc1ccc2nc3ccc4cc5cc(CNCCC)ccc5nc4c3cc2c1,,0
CCCOC(=O)CSc1nc2cc(-n3nc(C(C)(C)C)oc3=O)c(F)cc2s1,,0
CCCOC(=O)N[C@@H]1CCN(C(=O)OC2C3CC4CC(C3)CC2C4)C1,,0
CCCOC(=O)c1c(-c2ccccc2)nc(CC)c(C(=O)OCC)c1CCC,,0
CCCOC(=O)c1c(C)c(C(=O)OC(C)(C)C)c(C)n1CCCO,,0
CCCOCCn1c(=O)c(N2CCN(CC)CC2)nc2cnc(-c3ccc(OC)nc3)cc21,6.5,1
CCCOc1cc(C(F)(F)F)cc2c1n(C)/c(=N/c1cccc(C(F)(F)F)c1)n2Cc1ccc(C(=O)Nc2nn[nH]n2)cc1,,0
CCCOc1ccc(-n2nncc2COc2cc(C)c3c(c2C)[C@@H]2OC(=O)C(C)[C@@H]2CC3)cc1Cl,,0
CCCOc1nc(C)nc(SC#N)c1[N+](=O)[O-],,0
CCCOn1c(Sc2cc(C)cc(C)c2)c(C)c(=O)[nH]c1=O,,0
CCCS(=O)(=O)N1CCC2(CCCN(Cc3cccc(F)c3F)C2=O)C1,,0
CCCSc1c(C#N)c(C(F)(F)F)nn1-c1ccc(S(C)(=O)=O)cn1,,0
CCCSc1nc(NC)ncc1C(=O)N[C@H]1C2CC3CC1C[C@](O)(C3)C2,,0
CCCSc1nc2cc(-n3nc(C)n(C(F)F)c3=O)c(Cl)cc2s1,,0
CCC[C@@H]1CN(S(=O)(=O)c2ccc(C)c(F)c2)C[C@H]1N(C)C,,0
CCCc1[nH]nc2c1C(c1ccc(OC(=O)N3CCOCC3)cc1)C(C#N)C(=N)O2,,0
CCCc1c(Cc2ccc(-c3ccccc3-c3nc(=O)o[nH]3)cc2)c(=O)n(C(C)/C(C)=N/OCC)c2nc(C)nn12,,0
CCCc1c(Cn2ccnc2-c2ncccc2F)ncn2nc(Br)nc12,,0
CCCc1c(Cn2ccnc2-c2ncccc2F)ncn2nc(CC(F)(F)F)nc12,,0
CCCc1cc(=O)oc2c(C(=O)C(C)[C@H](C)O)c(O)c3c(c12)OC(C)(C)C=C3,,0
CCCc1cc(=O)oc2c(C)c(O)c(-c3ccc4c(=O)n(-c5ccccc5)[nH]c4n3)cc12,,0
CCCc1cc(=O)oc2c3c(c4c(c12)OC(C)(C)C=C4)OC(CCl)CC3=O,,0
CCCc1cc(C(=O)OC/C=C(\C)CCC=C(C)C)n(C(C)(C)C)n1,,0
CCCc1cc(C)[nH]c(=O)c1CNC(=O)c1c(C)n([C@H](C)C2CCN(S(=O)(=O)CC)CC2)c2ccccc12,,0
CCCc1ccc(CCC2C(=O)NC(C(=O)NC)Cc3ccc(cc3)OCCCCC2C(O)=NO)cc1,,0
CCCc1ccc(Cc2cc([C@@H]3O[C@H](CO)[C@@H](O)[C@H](O)[C@H]3O)c3c(c2Cl)CC(C)O3)cc1,,0
CCCc1ccc(S(=O)(=O)N2CCCSC(C)(C)C2C(O)=NO)cc1,,0
CCCc1cccc(-c2cc(NC(=O)C3CNC(=O)C3)nn2-c2cccc(C(F)(F)F)c2)c1,,0
CCCc1cccc(-c2cc(NC(=O)C3CNC(=O)C3)nn2C(F)(F)F)c1,,0
CCCc1nc(CC)c(C(=O)NC)n1Cc1ccc(-c2ccccc2S(=O)(=O)Nc2onc(C)c2C)c(C)c1,,0
CCCc1nc(CNc2cc(CS(C)(=O)=O)ccc2Cl)no1,,0
CCCc1nc(N2CCOCC2)nc2c1Nc1ccccc1S2,,0
CCCc1nc2ccccc2c(=O)n1N=C1C(=O)Nc2ccccc21,,0
CCCc1nn2c(=O)c(C(c3cccc(Cl)c3)c3c(O)nc4sc(CCC)nn4c3=O)c(O)nc2s1,,0
CCCn1c(C)cc(C(=O)CSc2nnc3n(CCC)c(=O)c4ccccc4n23)c1C,,0
CCCn1c(SCC(=O)Nc2nnc(C)s2)nnc1C1CC1,,0
CCCn1cc(S(=O)(=O)CC(=O)N2CCc3ccccc32)c2ccccc21,,0
CCCn1nnnc1SCC(=O)N1CCCC1,,0
CCCn1nnnc1SCC(=O)Nc1sc(C)c(C)c1C#N,,0
CCN(C(=O)Cn1nnc2sc(-c3ccccc3)cc2c1=O)c1cccc(C)c1,,0
CCN(C(=O)NC(C)(C)C)S(=O)(=O)c1ccc(Cl)cc1,,0
CCN(C(=O)c1ccc(/C=C2\S/C(=N\c3ccccc3)N(C(C)C(=O)O)C2=O)cc1)c1ccccc1,,0
CCN(C(=O)c1coc(S(=O)(=O)NC)c1)C1CC1,,0
CCN(C(C)=O)c1ccc(OC)c2nc(NC(=O)C3CCC(NS(=O)(=O)c4cccc(C(F)(F)F)c4)CC3)sc12,,0
CCN(CC#CCC1(O)c2ccccc2-c2ccccc21)CCO,,0
CCN(CC(=O)NCCCn1ccnc1)S(=O)(=O)c1ccc(C)cc1,,0
CCN(CC(=O)NCc1ccco1)S(=O)(=O)c1ccc(F)cc1,,0
CCN(CC(=O)Nc1c(F)cccc1F)C(=O)CNC(=O)c1cccs1,,0
CCN(CC)C(=O)C(C)[C@H]1CC[C@@H](C[C@@H](C)n2cc(C#Cc3ccc(OC)cc3)nn2)O1,,0
CCN(CC)C(=O)CCn1ncc2c(Cl)cccc21,,0
CCN(CC)C(=O)c1ccc(C(c2cccc3c2OC(C)(C)C3)N2CCNCC2)cc1,,0
CCN(CC)C(=O)n1cnc(S(=O)(=O)C(CCCC#N)C(=O)OC)n1,,0
CCN(CC)C1=CC(=O)C(=O)C=C1N(CC)CC,,0
CCN(CC)CCCNC(=O)c1cnn(-c2nc(-c3cccc(C(F)(F)F)c3)c(C(=O)O)s2)c1C(F)(F)F,,0
CCN(CC)CCOC(=O)c1ccc2nc3ccc(SC)cc3c(=O)n2c1,,0
CCN(CC)S(=O)(=O)CCNC(=O)N(C)C(C)c1ccccn1,,0
CCN(CC)S(=O)(=O)c1ccc(-c2nnc(SCC(C)=O)o2)cc1,,0
CCN(CC)S(=O)(=O)c1ccc(/C=C/c2nc3cc(Br)ccc3s2)cc1,,0
CCN(CC)S(=O)(=O)c1ccc(C)c(NC(=O)COC(=O)c2ccc(C)c(S(=O)(=O)N3CCOCC3)c2)c1,,0
CCN(CC)S(=O)(=O)c1ccc(C2=NOC3(C2)N(C)c2ccccc2C3(C)C)cc1,,0
CCN(CC)S(=O)(=O)c1ccc(C2CC(=O)N(C)C2)c(Br)c1,,0
CCN(CC)S(=O)(=O)c1ccc(Cl)c(NC(=O)COC(=O)c2c(C)noc2C)c1,,0
CCN(CC)S(=O)(=O)c1ccc(N/N=C(\C)c2cccnc2)nc1,,0
CCN(CC)S(=O)(=O)c1ccc(NC2c3ccccc3C(=O)N2c2ccc(C)cn2)cc1,,0
CCN(CC)S(=O)(=O)c1cccc(-c2n[nH]c(=S)n2/N=C/c2ccc(OC)cc2)c1,,0
CCN(CC)S(=O)(=O)c1cccc(-c2n[nH]c(=S)n2Cc2ccccc2)c1,,0
CCN(CC)S(=O)(=O)c1cccc(C(=O)OCC(=O)Nc2ccccc2OC(F)F)c1,,0
CCN(CC)c1ccc(/C=C(\C#N)c2ccccn2)cc1,,0
CCN(CC)c1ccc(C=NNC(=O)CSc2nc3c(o2)=C=C=CC=3)c(O)c1,,0
CCN(CC)c1ccc(C=NNC(=O)c2cccc(S(=O)(=O)N3CCOCC3)c2)c(O)c1,,0
CCN(CC)c1ccc(NC(=O)CCS(=O)(=O)c2ccc3c(c2)oc(=O)n3C)c(C)c1,,0
CCN(CC)c1ccc(NC(=O)c2cn(Cc3c(F)cccc3F)c3ccc(=O)[nH]c3c2=O)cc1,,0
CCN(CC)c1ccc(S(=O)(=O)N2CCOCC2)cc1NC(=O)CSC(=S)N1CCCC1,,0
CCN(CC)c1ccc2c(c1)OC(N=CN)=C(C#N)C2c1ccc(Cl)cc1,,0
CCN(CC)c1nc(Nc2cccc(F)c2)nc(OCC(F)(F)C(F)F)n1,,0
CCN(CCCF)c1nc(C)nc2c(-c3ccc(OC)nc3C)c(C)nn12,,0
CCN(CCN(C)C)C(=O)C=C1C(C)=C(Cc2ccc([S+](C)[O-])cc2)c2ccc(F)cc21,,0
CCN(NC(=O)N[C@H](C)c1ncc(C(=O)N2[C@H](C)CC[C@@H]2C)cc1F)C(=O)c1cc(F)cc(C(F)(F)F)c1,,0
CCNC(=O)C1N(C(=O)C(O)C(Cc2ccccc2)NC(=O)c2cccc(O)c2C)CSC1(C)C,,0
CCNC(=O)c1noc(-c2cc(C(C)C)c(O)cc2O)c1C#CC(C)(C)NS(C)(=O)=O,,0
CCNCC1CCN(c2nc3c(cc2F)c(=O)c(C(=O)O)cn3C(C)(C)C)C1,,0
CCNCc1nn2c3cccc(=O)c3c(O)c3c(NCCN(C)C)ccc1c32,,0
CCNS(=O)(=O)c1ccc2c(c1)C(=O)c1ccccc1C2=O,,0
CCN[C@H](C)[C@@H]1CCN(c2nc3c(cc2F)c(=O)c(C(=O)O)cn3C2CC2)C1,,0
CCN[C@H]1CCN(c2c(F)cn3c(=O)c(C(=O)O)cc(C4CC4)c3c2C)C1,,0
CCNc1cc(F)cc2c1[nH]c1ncc(-c3cncnc3)c(-n3ccc(C(F)(F)F)n3)c12,,0
CCNc1ccccc1C[S+]([O-])c1nccn1-c1ncccc1OC,,0
CCNc1nnc(Cc2cc(OC)c(OC)cc2S(=O)(=O)N(C)C)o1,,0
CCO/N=C1/CN(c2nc3c(cc2F)c(=O)c(C(=O)O)cn3-c2nc(N)c(F)cc2F)CC1CNC1CC1,,0
CCOC(=O)/C(C#N)=c1/s/c(=C2\C=Cc3ccccc3N2CC)c(=O)n1CC,,0
CCOC(=O)/C=C/c1ccc(C(F)(F)C(O)(Cn2cnnn2)c2ccc(F)cc2F)nc1,,0
CCOC(=O)C(=O)c1cc(-c2ccc(S(C)(=O)=O)cc2)n(-c2ccc(C)cc2)c1C,,0
CCOC(=O)C(C)N1C(=O)CN=C(c2ccc(OC)cc2)c2c1sc1c2CCCC1,,0
CCOC(=O)C(C)NP(=O)(OC[C@H]1OC(C)(C)OC1C(O)=NO)Oc1ccc(C)cc1,,0
CCOC(=O)C(NC(=O)OC(C)(C)C)C(=O)OCC,,0
CCOC(=O)C1=C(C)N=C(C)C(C(=O)OCCSC)C1CC,,0
CCOC(=O)C1=C(CCn2ccnc2)N=C(CCn2ccnc2)C(C(=O)OCC)C1c1cccc([N+](=O)[O-])c1,,0
CCOC(=O)C1=NOC2(C1)C(=O)Nc1ccc(OC(F)(F)F)cc12,,0
CCOC(=O)C1CCCN(C(=O)CCc2nnc(-c3ccc(C(C)=O)s3)o2)C1,,0
CCOC(=O)C1CCCN(S(=O)(=O)c2cc3c4c(c2)CCC(=O)N4CCC3)C1,,0
CCOC(=O)C1CCCN(S(=O)(=O)c2cc3c4c(c2)cc(O)n4CCC3)C1,,0
CCOC(=O)C1CCN(S(=O)(=O)c2cc(Br)cc3c2N(C(C)=O)C(C)C3)CC1,,0
CCOC(=O)C1CCN(c2nc3c(S(=O)(=O)c4ccc(Br)cc4)nnn3c3ccsc23)CC1,,0
CCOC(=O)C1CSCCS(=O)(=O)N1Cc1ccccc1Br,,0
CCOC(=O)C1[C@H]2CN(c3ccc(C(=O)NC4C5CC6CC4CC(O)(C6)C5)c(OCCC(C)C)n3)C[C@@H]12,,0
CCOC(=O)CC1c2cc(-c3cc(O)cc(O)c3)ccc2OC(=N)C1C(=O)OCC,,0
CCOC(=O)CCSC[C@H]1O[C@@H](n2cnc3c(N)cccc32)[C@H](O)[C@@H]1O,,0
CCOC(=O)CC[C@@H](C)[C@H]1CC(=O)[C@@]2(C)C3=C(C(=O)C[C@]12C)[C@@]1(C)CCC(=O)C(C)(C)C1CC3=O,,0
CCOC(=O)CCn1cc(CSc2ccccc2C(=O)O)nn1,,0
CCOC(=O)COc1cc(N2C(=O)CSCC2=O)c(Cl)cc1Cl,,0
CCOC(=O)CS(=O)(=O)c1ccc([C@@H](CO)NC(=O)c2cc3c(Cl)cc(C)cc3n2C)cc1,,0
CCOC(=O)CSc1nc2cc(-n3nc(C(C)(C)C)oc3=O)c(Cl)cc2s1,,0
CCOC(=O)CSc1nc2cc(-n3nc(C)n(C(F)F)c3=O)c(Br)cc2s1,,0
CCOC(=O)Cc1csc(SCC(=O)N2CCN(c3ccccc3)CC2)n1,,0
CCOC(=O)Cn1/c(=N/C(=O)c2cc(-c3cccs3)nc3ccccc23)sc2cc(S(N)(=O)=O)ccc21,,0
CCOC(=O)Cn1/c(=N/C(=O)c2sc3ccccc3c2Cl)sc2cc(S(N)(=O)=O)ccc21,,0
CCOC(=O)Cn1c(=O)oc2cc(S(=O)(=O)NCCC(C)C)ccc21,,0
CCOC(=O)Cn1nc(-n2cc(Cn3c(N)nc(C(F)(F)F)cc3=O)nn2)c2ccc(C(F)(F)F)nc21,,0
CCOC(=O)N1CCN(C(=O)CCS(=O)(=O)c2ccc3c(c2)CCN3C(=O)CC)CC1,,0
CCOC(=O)N1CCN(c2c(NCCCOC(C)C)c(=O)c2=O)CC1,,0
CCOC(=O)N[C@@H]1CCN(C(=O)OC2C3CC4CC(C3)CC2C4)C1,,0
CCOC(=O)OC1=C(c2cc(C)ccc2C)C(=O)NC12CCC(=O)CC2,,0
CCOC(=O)[C@]12CCC=C1N(CCC1=CCCCC1)C(=O)C(CC(=O)N1CCOCC1)C2,,0
CCOC(=O)c1[nH]c(C)c(C(=O)C2C(=O)C(=O)N(CCCN(C)C)C2c2ccncc2)c1C,,0
CCOC(=O)c1[nH]c2cc(Cl)ccc2c1C=NNC(=O)COc1ccccc1Cl,,0
CCOC(=O)c1[se]c(N(/N=C/c2ccc(Cl)cc2)C(C)=O)nc1C,,0
CCOC(=O)c1c(C(=O)OCC)c2c(-c3ccccc3)cc(N3CCOCC3)nn2c1-c1ccccc1,,0
CCOC(=O)c1c(C)[nH]c(C(=O)COC(=O)CNC(=O)c2ccc(Cl)cc2Cl)c1C,,0
CCOC(=O)c1c(C)[nH]c(C(=O)CSc2nccc(C)n2)c1C,,0
CCOC(=O)c1c(C)cc2cnn(-c3ccc(OC)c(OC)c3)c(=O)c2c1C,,0
CCOC(=O)c1c(C=CC(=O)Nc2nc(C)cs2)c(C)n(CC)c1C,,0
CCOC(=O)c1c(NC(=O)NS(=O)(=O)c2ccccc2)sc2c1CCC(C)(C)C2,,0
CCOC(=O)c1c(NC(C)=O)c2c3c(sc2n1Cc1nc(-c2ccccc2Cl)oc1C)CCCC3,,0
CCOC(=O)c1cc(C(O)(C(F)(F)F)C(F)(F)F)c(/N=C/N(C)C)o1,,0
CCOC(=O)c1cc2c(cc1Cl)SC(N(c1ccc(OC)cc1)S(=O)(=O)c1ccccc1)=NS2(=O)=O,,0
CCOC(=O)c1ccc(NC(=O)CSc2nnc(CNc3ccc(OC)cc3)n2C)cc1,,0
CCOC(=O)c1ccccc1SCC(=O)Nc1nccs1,,0
CCOC(=O)c1cn(-c2ccc(S(C)(=O)=O)cc2)c(-c2cccnc2)n1,,0
CCOC(=O)c1cn(CC)c2ccc(S(=O)(=O)N3CCC(C)CC3)cc2c1=O,,0
CCOC(=O)c1cn2nc(OP(=S)(OCC)OCC)cc2nc1C,,0
CCOC(=O)c1csc2nc(-c3ccccc3)c(-c3ccc(S(C)(=O)=O)cc3)n12,,0
CCOC(CC)C(=O)NCCC(=O)N1CCN(c2ncccn2)CC1,,0
CCOC1CC(O)(C=CC2C(C)C(=O)C(=O)C3C(C)(C)C(=O)CC[C@]23C)CO1,,0
CCOC1c2cc3c([N+](=O)[O-])cccc3nc2-c2cc3c(c(=O)n21)COC(=O)[C@]3(O)CC,,0
CCOCC(=O)NS(=O)(=O)c1ccc(F)cc1C(F)(F)F,,0
CCOCCSc1c(C#N)c(C(F)(F)F)nn1-c1ccc(S(C)(=O)=O)cn1,,0
CCOCCSc1nnnn1CC1CCCO1,,0
CCOCCc1nn2c(=O)cc(CSCC(=O)Nc3cccc(C)c3C)nc2s1,,0
CCON=C1CN(C(=O)N[C@H](CC)c2ccc(C(=O)O)c(N)c2)C(=O)C(Cc2cc(Cl)ccc2OC)CN1,,0
CCOP(=O)(/C=C\n1ccc(=O)[nH]c1=O)OCC,,0
CCOP(=O)(OCC)C(NC(=O)C(C)Oc1ccc2c(c1O)C(=O)c1ccccc1C2=O)c1ccc(Br)cc1,,0
CCOP(=O)(OCC)SCCSCC,,0
CCOP(=S)(NNC(=S)N[C@@H]1O[C@H](COC(C)=O)[C@H](OC(C)=O)[C@H](OC(C)=O)[C@H]1OC(C)=O)OCC,,0
CCOP(=S)(OCC)OC(=NN=C1C(=O)Nc2ccccc21)c1ccccc1P(=S)(OCC)OCC,,0
CCOP(O)(=S)OCCC(C)CCC=C(C)C,,0
CCOc1cc(-c2nc(-c3ccncc3)no2)cc(OCC)c1OCC,,0
CCOc1cc(/C=C/C(=O)OCC(=O)N(CC)C2CCS(=O)(=O)C2)cc(Cl)c1OC,,0
CCOc1cc(C(=O)N2CCC(N3CCCC3)CC2)ccc1Nc1cc2c(cn1)N(C)C(=O)c1ccccc1N2C,6.5,1
CCOc1cc(O)cc2oc(-c3ccc4c(c3)OC(c3ccc(O)c(OC)c3)C(CO)O4)c(O)c(=O)c12,,0
CCOc1ccc(-c2[nH]nc(C(F)(F)F)c2-c2ccccc2OC)c(O)c1,,0
CCOc1ccc(-c2cc(-c3ccc(Br)cc3)nc(N)c2C#N)cc1,,0
CCOc1ccc(/C=N/n2nnnc2N)cc1OCC,,0
CCOc1ccc(N(CC(=O)N2CCCCCC2)S(=O)(=O)c2ccc(C)cc2)cc1,,0
CCOc1ccc(N(Cc2cc3cc(C)ccc3[nH]c2=O)C(=O)COC)cc1,,0
CCOc1ccc(N2C(=O)/C(=C\c3ccc(CN(CCC#N)S(C)(=O)=O)o3)C(=O)NC2=S)cc1,,0
CCOc1ccc(S(=O)(=O)N(CC(=O)N=Nc2c(O)[nH]c3ccncc23)c2ccc(Cl)cc2)cc1,,0
CCOc1nc(OCC)c([N+](=O)[O-])c(C(Br)Br)n1,,0
CCS(=O)(=O)CCN(C)C(=O)Nc1cc(F)cc(Cl)c1,,0
CCS(=O)(=O)N1CCC(C(=O)OCC(=O)c2ccc(Br)cc2)CC1,,0
CCS(=O)(=O)NCc1cncc(-c2nc3ccc(F)cn3c2C2CC2)c1,,0
CCS(=O)(=O)Nc1cc(C2CCCCC2)cc2c1CCCC2c1c[nH]cn1,,0
CCS(=O)(=O)c1cc2cc(CC(O)(CC(C)(C)c3ccc(F)cc3C(N)=O)C(F)(F)F)[nH]c2cn1,,0
CCS(=O)(=O)c1ccc2[nH]c(Oc3cccc(OC(F)(F)F)c3)nc2c1,,0
CCSC(=O)NC1C(=O)N2C(c3nc(C)no3)=C(C)CS[C@H]12,,0
CCSc1cc(Cl)cc(CS(=O)(=O)Nc2ccc(Cl)[nH]c2=O)c1,,0
CC[C@@H](Br)[C@H]1C[C@H](O)[C@H](O)C[C@H]2O[C@H](C=C=CBr)C[C@H]2O1,,0
CC[C@@H](NC(=O)c1cc(C(=O)N2CCC[C@@H]2CO)n2c1COCC2)c1ccccc1,,0
CC[C@@H](c1ccccc1)n1c(=O)n2n(c1=O)[C@H]1[C@H](O)[C@H]3O[C@@H]3/C(=N/OC[C@@H](O)COCc3ccco3)[C@@H]1CC2,,0
CC[C@@H]1Sc2ccccc2O[C@@H]1c1ccc(OCCCN2CCCC2)cc1,7.96,1
CC[C@@]1(O)C(=O)OCc2c1cc1n(c2=O)Cc2c-1nc1ccccc1c2/C=N\CCCNC(=O)OC(C)(C)C,,0
CC[C@@]1(O)C[C@H](O[C@H]2C[C@H](N)[C@H](O)[C@H](C)O2)c2c(cc3c(c2O)C(=O)c2c(O)cccc2C3=O)C1C(=O)OC,,0
CC[C@@]1(OC(=O)Cn2cc(F)c(=O)[nH]c2=O)C(=O)OCc2c1cc1n(c2=O)Cc2cc3ccccc3nc2-1,,0
CC[C@H](/C=C(/C)[C@@H]1C[C@@H](OC)C[C@H](O)[C@@H](C)[C@@]2(O)O[C@@H](CC(OC)C(O)C(=O)O1)C[C@@H](OC)[C@H]2O)CO,,0
CC[C@H](C)Cn1c(-c2c(F)cc(F)cc2F)c(Cl)nc(-n2cccn2)c1=O,,0
CC[C@H](C)OCc1cccc(-c2cc(NC(=O)C3CNC(=O)C3)nn2-c2ccccc2)c1,,0
CC[C@H](c1ccc(C(=O)NCCC(=O)O)cc1)N1C(=O)C(N2CCCCC2)=NC12CCC(C(C)(C)C)CC2,,0
CC[C@H]1CN2CCc3cc(OC)c(OC)cc3[C@@H]2C[C@@H]1C[C@@H]1c2cc(OC)c(OC)cc2CCN1C(=O)/C=C\C(=O)O,,0
CC[C@H]1O[C@H]1CCCCCCCCCCCCCCCCC(=O)O,,0
CC[C@]1(C)NC(=O)c2cc(S(=O)(=O)Nc3ccc(F)cc3F)ccc2NC1=O,,0
CC[C@]1(c2cccc(NS(C)(=O)=O)c2)[C@@H]2CN(CC3Cc4ccccc4C3)C[C@@H]21,6.49,1
CCc1c(-c2ccc(N3CCC(C4(N)CC4)C3)cc2)[nH]c(=O)c(C(=O)O)c1O,,0
CCc1c(C)[nH]c(=O)c(C(=O)N(C)C)c1Oc1cc(C)cc(C)c1,,0
CCc1c(C)[nH]c(SCC(=O)Nc2c(C)n(C)n(-c3ccccc3)c2=O)nc1=O,,0
CCc1c(N(Cc2ccc(F)c(C(F)(F)F)c2)S(=O)(=O)c2ccccc2)nc2ccc(Cl)cn12,,0
CCc1c2c(nc3ccccc13)-c1cc3c(c(=O)n1C2)COC(=O)[C@@]3(CC)OC(=O)CCCC[C@@H]1SC[C@@H]2NC(=O)N[C@@H]21,,0
CCc1cc(C(=O)COc2ccc(I)cc2)c(O)cc1O,,0
CCc1cc(C(=O)N[C@@H]2CC(C(=O)NCc3nc(C)no3)N(C(=O)c3coc4ccccc34)C2)n(CC)n1,,0
CCc1cc(C)cc(CC)c1-c1c(O)n2n(c1=O)CCC(C)(O)CC2,,0
CCc1cc2c(cc3c(=O)n(CC(=O)N4CCN(c5cccc(C)c5C)CC4)nc(CC)n32)s1,,0
CCc1ccc(-c2cc(C)no2)cc1S(=O)(=O)NCc1ccco1,,0
CCc1ccc(-c2nc(CSCC(=O)N3CCN(c4ncccn4)CC3)c(C)o2)cc1,,0
CCc1ccc(C(=O)N2CCN(S(=O)(=O)c3ccc(Cl)s3)CC2)s1,,0
CCc1ccc(C(=O)NN(C(=O)c2ccc3ncoc3c2)C(C)(C)C)cc1,,0
CCc1ccc(C2C(C#N)C(=N)N(N3CCOCC3)C3=CC(C)(C)CC(=O)C32)s1,,0
CCc1ccc(Cc2cc([C@@H]3O[C@H](CO)[C@@H](O)[C@H](O)[C@H]3O)c3c(c2Br)CCCC3)cc1,,0
CCc1ccc(N(CC)C(=O)CCn2cnc3onc(-c4ccc(F)cc4)c3c2=O)cc1,,0
CCc1ccc(NC(=O)C(Cc2ccccc2)NS(=O)(=O)c2ccc3c(c2)CCN3C(C)=O)cc1,,0
CCc1ccc(S(=O)(=O)NCCN2C(=O)C(c3ccc(O)cc3)=C(c3ccc(F)cc3)C2=O)cc1,,0
CCc1ccc(S(=O)(=O)NCc2cn3ccsc3n2)s1,,0
CCc1ccccc1Sc1ccc(/C=C/C(=O)N2CCN(C(C)=O)CC2)cc1[N+](=O)[O-],,0
CCc1nc(N)nc(N)c1C#CC(C)c1cnc(-c2ccccc2)nc1,,0
CCc1nc(N2CCN(S(=O)(=O)c3ccc(Br)cc3)CC2)c2c(C)c(C)sc2n1,,0
CCc1ncnc(-c2ccc(C(=O)N3CCN(S(=O)(=O)CC)CC3)c(F)c2)c1C#Cc1ccc(N)nc1C,,0
CCc1ncnc(N2CCC3(CCN(C(C)=O)CC3)CC2)c1C#Cc1ccc(N)nc1,,0
CCc1nn2c(/C=N/N=c3\sc(C)c(O)n3-c3ccc(O)cc3)c(-c3ccccc3)nc2s1,,0
CCc1nnc(NC(=O)CSc2nc3c([nH]c4ccccc43)c(=O)n2CCOC)s1,,0
CCc1nnc2ccc(S(=O)(=O)N(Cc3ccc(OC)cc3)c3ccc(F)cc3)cn12,,0
CCn1/c(=N/C(=O)c2ccc(S(=O)(=O)N(C)C)cc2)sc2cccc(OC)c21,,0
CCn1c(-c2ccc(Oc3ncccc3C(F)F)cc2C)c(C)c(=O)[nH]c1=O,,0
CCn1c(=O)c2c(nc(Cc3c(F)cccc3F)n2C)n(Cc2cccs2)c1=O,,0
CCn1c(=O)c2ccccc2n2c(SCC(=O)N3CCc4ccccc4C3)nnc12,,0
CCn1c(=O)c2cn(Cc3cccc4ccccc34)cc2n(CC(C)C)c1=O,,0
CCn1c(=O)n(C(C)C)c2cc(C(=O)c3c(C)[nH]n(C)c3=O)ccc21,,0
CCn1c(=O)n(Cc2ccco2)c(=N)c2c3c(sc21)COC(C)(C)C3,,0
CCn1c(C(=O)NC2(CO)CC2)ccc1C(CC)(CC)c1ccc(OCS(=O)(=O)c2ccccc2)c(C)c1,,0
CCn1c(C(O)(c2ccccc2)c2ccccc2)nc2ccc(C(=O)NC)cc21,,0
CCn1c(CN2C(=O)CSc3ccc(C(F)(F)F)cc32)nnc1SCc1ccc(Cl)cc1,,0
CCn1c(CNc2ccc(C(=N)N)cc2)nc2cc(C(=O)N(CCC(=O)O)c3cccc(C(F)(F)F)c3)ccc21,,0
CCn1c(COc2ccc(=O)n(-c3ccccc3)n2)nnc1SCc1ccc(C)cc1,,0
CCn1c(O)c2c(c1O)[C@@H](c1c[nH]c3ccccc13)N(c1ccccc1)O2,,0
CCn1c(SCC(=O)NC(=O)NCc2ccco2)nc2sc(C)c(C)c2c1=O,,0
CCn1c(SCC(=O)Nc2nccs2)nnc1-c1ccc(S(=O)(=O)N2CCCCCC2)cc1,,0
CCn1c(SCc2ccc(F)cc2)nnc1-c1nn(-c2ccccc2)ccc1=O,,0
CCn1c2cc(Cl)c(N)cc2c(=O)c2c(OC)cc(OC)cc21,,0
CCn1c2ccccc2c2cc(N=CC3C(=O)OC(C)(C)OC3=O)ccc21,,0
CCn1cc(-c2cccc(-c3cnc(N)c(C(=O)N[C@H]4C5CC6CC4C[C@@](O)(C6)C5)n3)c2)cn1,,0
CCn1cc(C(=O)N/N=C2\CC3CCC2(C)C3(C)C)c(=O)c2ccc(C)nc21,,0
CCn1cc(C2C(C(=O)Nc3cc(C)ccn3)=C(C)N=C3CC(C)(C)CC(=O)C32)c(C)n1,,0
CCn1ccnc1CN(C)c1cc(N(C)C)ncn1,,0
CN(C(=O)C1CCN(c2cnccc2-n2cc(Cl)cn2)CC1)C1CCOCC1,,0
CN(C(=O)C1CCN(c2cnccc2-n2cc(Cl)cn2)CC1)[C@H]1CCOC1,,0
CN(C(=O)C=Cc1ccc(O)c(O)c1)c1ccc(S(=O)(=O)NC2CCCCC2)cc1,,0
CN(C(=O)C=NC(=O)CCc1cccc(Cl)c1)C1CCS(=O)(=O)CC1,,0
CN(C(=O)C=NC(=O)CCc1cccc(S(=O)(=O)N(C)C)c1)C1CCS(=O)(=O)CC1,,0
CN(C(=O)Cn1cnc2onc(-c3ccc(F)cc3)c2c1=O)c1ccccc1Cl,,0
CN(C(=O)c1ccccc1)c1ccc2c(c1)nc(NC(=O)c1ccc(C=Cc3ccc(O)cc3)s1)n2CCC(N)=O,,0
CN(C)C(=O)c1ccc(N(Cc2ccccc2)C(=O)c2cc(Cl)c(O)cc2O)cc1,,0
CN(C)C(=O)c1cnc2ccc(C#CCNC(=O)c3cncn(Cc4ccc(F)c(F)c4)c3=O)cc2c1,,0
CN(C)C(=O)n1cc(C(=O)c2ccn3c2CS[C@@H]3c2cccnc2)c2ccc(-c3nccs3)cc21,,0
CN(C)C(=S)SC(=S)N1CCN(c2cccc(C(F)(F)F)c2)CC1,,0
CN(C)C(=S)SCC(CSC(=S)N(C)C)C(=O)c1c(-c2ccccc2)nn2ncccc12,,0
CN(C)C(=S)SCC(CSC(=S)N(C)C)C(=O)c1ccc(F)cc1,,0
CN(C)CCC1(C(=O)NC(Cc2ccc(NC(=O)c3c(Cl)cccc3Cl)cc2)C(=O)O)CCCC1,,0
CN(C)CCCOc1c(Br)cc(CC[N+](C)(C)O)cc1Br,,0
CN(C)CCN1C(=O)c2oc3ccccc3c(=O)c2C1c1cccc(Br)c1,,0
CN(C)CCNC(=O)c1ccc2c(CCCN)cc3cc[nH]c(=O)c3c2c1,,0
CN(C)CCNc1ncc2c(n1)c(Nc1ccc(F)c(Cl)c1)nc1cc(C(=O)O)ccc12,,0
CN(C)S(=O)(=O)N(CC(=O)N1CCN(c2ccccc2)CC1)c1ccccc1,,0
CN(C)S(=O)(=O)N1CCN(S(=O)(=O)c2ccc3ccccc3c2)CC1,,0
CN(C)S(=O)(=O)c1cc(-c2ccc3nccc(-c4cccc(S(N)(=O)=O)c4)c3c2)cnc1N,,0
CN(C)S(=O)(=O)c1ccc(Cl)c(NC(=O)CSc2nc3c(cc2C#N)C(=O)CC(C)(C)C3)c1,,0
CN(C)S(=O)(=O)c1ccc(N2CCCC2)c(C(=O)Nc2nc(-c3ccccn3)cs2)c1,,0
CN(C)S(=O)(=O)n1cc(CC(=NC(=O)c2ccccc2Cl)C(=O)N2CCCC2)c2ccccc21,,0
CN(C)c1ccc(-c2cc(=O)c3cc(C#Cc4cccc(N)c4)ccc3o2)cc1,,0
CN(C)c1ccc(-c2cc(C(F)(F)F)nn2-c2ccc(S(C)(=O)=O)cn2)cc1,,0
CN(C)c1ccc(-c2ccc(N(C)C)c3n[se]nc23)c2n[se]nc12,,0
CN(C)c1ccc(-c2cn(S(=O)(=O)c3ccccc3)c3c2C(=O)C(=O)C=C3)cc1,,0
CN(C)c1ccc(/C=C/C=C/C(=O)c2ccco2)cc1,,0
CN(C)c1ccc(/C=C2\C(=O)NC(=O)N(CCc3ccc(F)cc3)C2=O)cc1,,0
CN(C)c1ccc(/C=N/N=c2\sc(CC(=O)O)c(O)n2-c2ccccc2)cc1,,0
CN(C)c1ccc(C(=O)Nn2c(O)c3c(c2O)C2C=CC3C3CC23)cc1,,0
CN(C)c1ccc(C2=C3C4=C(CO[C@H]3[C@@H]3CC[C@@](O)(C#Cc5ccccc5F)[C@@]3(C)C2)CC(=O)CC4)cc1,,0
CN(C)c1ccc(C2CC(C3C(=O)c4ccccc4C3=O)=NC(=O)N2)cc1,,0
CN(C)c1ccc(CNC(COCc2ccccc2)C(=O)N2CCC3(CC2)CN(S(C)(=O)=O)c2ccccc23)cc1,,0
CN(C)c1ccc(Nc2ncc(Br)c(Nc3ccccc3)n2)cc1,,0
CN(C)c1ccc2c(c1)OC(=N)C(C#N)C2c1cc(Br)c2c(c1)OCO2,,0
CN(C)c1ccc2c(c1)OC(=N)C(C#N)C2c1ccc(N(C)C)c2ccccc12,,0
CN(C)c1ccc2c(c1)[C@@H]1C[C@@H](CC(=O)N3CCc4ccccc4C3)O[C@@H](CO)[C@@H]1O2,,0
CN(C)c1ccc2c(c1)[C@@H]1C[C@@H](CC(=O)NC3CCCCC3)O[C@@H](CO)[C@@H]1O2,,0
CN(C)c1cccc2c(S(=O)(=O)Nc3ncc(Br)cn3)cccc12,,0
CN(C)c1ccccc1C[S+]([O-])c1nccn1-c1nccc2ccccc12,,0
CN(C)c1ncc2ncnc(Nc3cccc(Br)c3)c2n1,,0
CN(C)c1nsc(-c2ccc(N3CCN(c4cccc(C(F)(F)F)c4)CC3)nn2)n1,,0
CN(C1=NC(=O)/C(=C\c2ccc(N3CCNCC3)cc2)S1)c1ccccc1,,0
CN(C1CC1)S(=O)(=O)c1ccc(-c2cnc(N)c(-c3ccc4c(c3)NCCNC4=O)n2)cc1,,0
CN(CC(=O)N1CCc2ccccc21)S(=O)(=O)c1ccc(Br)s1,,0
CN(CC(=O)NCc1ccco1)C(=O)c1ccncc1,,0
CN(CC(=O)Nc1ccccc1C(F)(F)F)C(=O)Cc1ccc(S(=O)(=O)N2CCOCC2)s1,,0
CN(CC(O)CO)c1c(Br)cccc1Nc1ncnc2ccncc12,,0
CN(CCF)c1cccc(-c2ccnc3c(C(=O)c4cccs4)cnn23)c1,,0
CN(CCN(C)C(=O)n1ccnc1)C(=O)c1cn(S(=O)(=O)c2ccccc2)c2ccccc12,,0
CN(CCN1CCc2ccccc2C1)Cc1nc(Cc2ccccc2F)no1,,0
CN(C[C@]1(c2cccc(Cl)n2)CO1)S(=O)(=O)c1ccc2c(c1)CCCC2,,0
CN(Cc1ccccc1)C(=O)C(Cc1ccccc1)NC(=O)C1C[C@@H](O)CN1C(=O)c1cn(C)c2ccccc12,,0
CN(Cc1ccccc1)c1nc2c(S(=O)(=O)c3ccccc3)nnn2c2ccccc12,,0
CN(Cc1ccco1)C(=O)c1cc2c(s1)-c1ccc(Cl)cc1S(=O)(=O)C2,,0
CN(Cc1cccs1)C(=O)c1cc(S(=O)(=O)N2CCOCC2)ccc1N1CCCC1,,0
CN(Cc1nc(-c2ccccn2)no1)S(=O)(=O)c1ccc(Br)cc1,,0
CN(Cc1nccc2c3ccccc3n(CCCCN)c12)[C@H]1CCCc2cccnc21,,0
CN(NS(=O)(=O)c1ccc(Br)cc1)S(=O)(=O)c1ccccc1,,0
CN(c1ccc(C(O)(c2nc[nH]n2)C(F)(F)F)cc1)S(=O)(=O)c1ccccc1,,0
CN(c1ncnc2[nH]ccc12)[C@H]1CC[C@H](CS(=O)(=O)N2CC[C@H](OCC(=O)N3CCCC3)C2)CC1,,0
CN(c1ncnc2[nH]ccc12)[C@H]1CN(C(=O)c2ccco2)CC12CC2,,0
CN1/C(=C\C(=S)NC(=O)c2ccc([N+](=O)[O-])cc2)C(C)(C)c2ccccc21,,0
CN1C(=O)C(=Cc2cc(-c3ccccc3)n(-c3ccc(Cl)cc3)c2-c2ccccc2)C(=O)N(C)C1=S,,0
CN1C(=O)CN(C(=O)c2ccc3cc(Oc4ccc(C(F)(F)F)cn4)ccc3n2)CC12COC2,,0
CN1C(=O)CO[C@@H](c2ccc(Br)cc2)[C@H]1c1ccc(Br)cc1,,0
CN1C(=O)CSc2ccc(C(Cn3ccnc3)OC(=O)c3ccc(Cl)cc3)cc21,,0
CN1C(=O)N(CC(COc2ccc(-c3cccc(C#N)c3)cc2)N(O)C=O)C(=O)C1(C)C,,0
CN1C(=O)N(CC(COc2cccc(-c3ccc(C#N)cc3)c2)N(O)C=O)C(=O)C1(C)C,,0
CN1C(=O)N(c2cccc(C(F)(F)F)c2)C2=C(C(=O)CC2)C1c1ccc(C#N)cc1-c1cncs1,,0
CN1C(=O)N(c2cccc(C(F)(F)F)c2)C2=C(C(=O)CC2)C1c1ccc(C#N)cc1C(=O)NCCO,,0
CN1C(C(=O)NC(C=O)CCCCNS(=O)(=O)c2ccccc2)Cc2cc3c(cc2S1(=O)=O)OCCO3,,0
CN1C=CN(C2SC(C(F)(F)F)=CN2c2ccc(S(N)(=O)=O)cc2)C=C1,,0
CN1CC(C(=O)N2CCN(c3ccc4nsnc4n3)CC2)C[C@@H]2Cc3c(cccc3OS(C)(=O)=O)C[C@H]21,,0
CN1CCC2(CCN(c3nc(=O)c(-c4nc5ccccc5s4)c(N[C@@H]4C[C@H](CO)[C@@H](O)[C@H]4O)[nH]3)CC2)C1=O,,0
CN1CCCC(n2nc(Cc3ccc(Cl)cc3)c3ccccc3c2=O)CC1,7.0,1
CN1CCCCC1CCN1c2ccccc2Sc2ccc([S+](C)[O-])cc21,6.5,1
CN1CCN(/C=C(/SCc2ccc(Br)cc2)C(=O)c2ccc(C(=O)O)cc2)CC1=[N+]([O-])O,,0
CN1CCN(c2ncnc3c2nc(-c2ccc(Cl)cc2Cl)n3-c2ccc(Cl)cc2)CC1,6.46,1
CN1OC[C@@H]2CN(S(=O)(=O)c3ccccc3)[C@H](c3ccc(-n4ccnc4)cc3)C[C@@H]21,,0
CN1c2c(nn(-c3ccc(-c4nc5ccccc5o4)cc3)c2-c2ccccc2)-c2ccccc2S1(=O)=O,,0
CN1c2c(nn(-c3ccc(/C=N/NC(=S)Nc4cccc(Cl)c4)cc3)c2-c2ccccc2)-c2ccccc2S1(=O)=O,,0
CN1c2ccc(CNCCCNCC3=NC4C(C=C3)N(C)c3ncccc3N4C)nc2N(C)c2cccnc21,,0
CNC(=O)/C=C/c1ccc(-c2nc(=O)c3c(C4CCCCC4)nsc3[nH]2)c(OC)c1,,0
CNC(=O)C(C(O)=NO)N(C)C(=O)c1ccc(-c2ccc(OC(F)(F)F)cc2)cc1,,0
CNC(=O)C(C)Cn1cnc2ccc(-c3cnc(N)c(NS(=O)(=O)c4ccc(F)cc4Cl)c3)cc2c1=O,,0
CNC(=O)C(NC(=O)C(CC(C)C)C(OC)C(O)=NO)C(C)(C)C,,0
CNC(=O)C(OC)c1ccccc1CO/N=C(\C)c1cc(C)cc(C)c1C,,0
CNC(=O)C1(c2cnccn2)CCCN1C(=O)Cc1ccsc1,,0
CNC(=O)C1CC=CC1n1cnc2c(NCc3ccccc3I)ncnc21,,0
CNC(=O)C1CCCCN1C(=O)Cc1csc(-c2ccc(C)o2)n1,,0
CNC(=O)C1CCCCN1C(=O)c1sc(-c2ccc(C)o2)nc1C,,0
CNC(=O)C1O[C@@H](n2cnc3c(NCc4ccc(I)cc4)nc(Cl)nc32)[C@H](O)[C@@H]1O,,0
CNC(=O)C1O[C@@H](n2cnc3c(NCc4cccc(I)c4)nc(N)nc32)[C@H](O)[C@@H]1O,,0
CNC(=O)C1O[C@@H](n2cnc3c(NCc4cccc(I)c4)nc(NC)nc32)[C@H](O)[C@@H]1O,,0
CNC(=O)Nc1ccc(-c2nc(N3CC4CCC(C3)O4)c3cnn(C4CCC(OC)(OC)CC4)c3n2)cc1,,0
CNC(=O)Oc1c(Cl)cccc1SSc1cccc(Cl)c1OC(=O)NC,,0
CNC(=O)[C@@]12CCO[C@@H]1CCN(S(=O)(=O)c1cc(C)cc(C)c1)C2,,0
CNC(=O)[C@@]12C[C@@H]1[C@@H](n1cnc3c(CC(=O)c4ccccc4)nc(C#Cc4ccccc4)nc31)[C@H](O)[C@@H]2O,,0
CNC(=O)c1c(NC(=O)CS(=O)(=O)c2ccc(F)cc2)sc(C)c1C,,0
CNC(=O)c1c(NC(=O)c2ccc(S(=O)(=O)N3CCCCC3C)cc2)sc2c1CCC2,,0
CNC(=O)c1cc(Cl)cc(F)c1NC(=O)c1cc(Br)nn1-c1ncccc1Cl,,0
CNC(=O)c1cc(Oc2ccc3[nH]c(Nc4ccccc4Br)nc3c2)ccn1,,0
CNC(=O)c1ccc(CCC(=O)N=CC(=O)N(C)c2ccc(C)c(COc3cccc4ccc(C)nc34)c2C)cc1,,0
CNC(=O)c1ccc(N2C(=S)N(c3ccc(C#N)c(C(F)(F)F)c3)C(=O)C2(C)CO)cc1F,,0
CNC(=O)c1ccsc1NC(=O)CS(=O)(=O)c1ccc(Cl)cc1,,0
CNC(=O)c1cnc(Nc2ccc3[nH]ncc3c2)cc1N[C@@H](c1ccccc1)[C@H](O)CO,,0
CNC(=O)c1cncc(-c2cnc(Cl)c(NS(=O)(=O)c3ccc(Cl)cc3)c2)c1,,0
CNC(=O)c1nc(C)c(C2(C)CC(c3ccccc3)=NO2)s1,,0
CNC(=O)c1nn(C)c2c1C(C)(C)Cc1cnc(Nc3cccc(N(C)C)c3)nc1-2,,0
CNC(=S)[C@@]1(c2cccnc2)CCCC[C@@H]1CCNS(=O)(=O)c1cccnc1,,0
CNCCOc1cc(=O)oc2c(C)c(O[C@@H]3OC(C)(C)[C@H](OC)[C@@H](OC(=O)c4ccc(C)[nH]4)[C@H]3O)ccc12,,0
CNS(=O)(=O)c1ccc(N2C(C)CCC2C)c(Nc2ncnc3[nH]ccc23)c1,,0
CN[C@@H]1CN(c2c(F)cn3c(=O)c(C(=O)O)cc(C4CC4)c3c2C)C[C@@H]1C,,0
CNc1cc(Oc2ccc(NC(=O)Nc3ccc(Br)cc3)cc2F)ncn1,,0
CNc1cc(Oc2ccc(NC(=S)Nc3ccc(Br)cc3)c(C)c2)ncn1,,0
CNc1nc(C)c(-c2nc(Nc3cccc(S(C)(=O)=O)c3)ncc2C#N)s1,,0
CNc1nc(CC(=O)Nc2ccc(CCNC[C@H](O)c3cccnc3)cc2)cs1,,0
CNc1nc(Nc2cc(Cl)c(S(C)(=O)=O)cc2OC)ncc1C(F)(F)F,,0
CNc1nc(Nc2cc3c(cc2Cl)c(C(=O)N(C)C)cn3C)ncc1C(F)(F)F,,0
CNc1nc2c(-c3cc(Br)c(Br)[nH]3)nccc2n1C,,0
CNc1oc(-c2cccs2)nc1S(=O)(=O)c1ccccc1,,0
CNc1snc(C)c1C(=O)N1CCCC(n2ccnc2C(C)C)C1,,0
CO/N=C(/C(=O)OC)c1ccccc1COc1c(C)c(-c2ccc(C)cc2C)nn1C,,0
CO/N=C(/C(=O)OC)c1ccccc1CSc1cc(=O)c2ccccc2s1,,0
CO/N=C(/c1ccc(Br)cc1)c1ccccc1COc1ccc(C(F)(F)F)cn1,,0
COC(=O)/C1=C/[C@@H]2[C@@H](C(C)C)CC=C(C)[C@@H]2C[C@H](OC(=O)/C=C\c2cn(C)cn2)[C@]2(C)C=C[C@@]1(O)O2,,0
COC(=O)C(=O)C(C(=O)C(=O)Nc1ccc(Cl)cc1C)c1nc2ccc(C(=O)c3ccccc3)cc2[nH]c1=O,,0
COC(=O)C(C)(C)S(=O)(=O)c1ccc([C@@H](CO)NC(=O)c2cc(-c3ccc(F)cc3)nn2C)cc1,,0
COC(=O)C(C)(C)[C@@H]1OC(=O)N(S(=O)(=O)c2c(C)cc(C)cc2C)[C@H]1C(C)C,,0
COC(=O)C(C)=Nc1c(O)c(Br)c(NC(CCSC)C(=O)OC)c(O)c1Br,,0
COC(=O)C(C)CO[C@H]1O[C@@H]2O[C@@]3(C)CC[C@H]4[C@H](C)CC[C@@H]([C@H]1C)[C@@]24OO3,,0
COC(=O)C(C)N1C(=O)SC(=Cc2ccc(O)c(Cl)c2)C1=O,,0
COC(=O)C(CC(C)C)NC(=O)C(CC(C)C)Nc1nc2cc(C)cc(C)c2c(=O)o1,,0
COC(=O)C(CO)NC(=O)[C@]12CCC(C)(C)C[C@H]1C1C(=O)C=C3[C@@]4(C)C=C(C#N)C(=O)C(C)(C)[C@@H]4CC[C@@]3(C)[C@]1(C)CC2,,0
COC(=O)C(Cc1nc2ccc(Cl)cc2[nH]c1=O)C(=NO)C(=O)Nc1cccc(Cl)c1C,,0
COC(=O)C(NC(=O)c1ccccc1)(Nc1nc(C)cs1)C(F)(F)F,,0
COC(=O)C/C=C\[C@@H](C)[C@@H](/C=N\O[C@@H](C)c1cn([C@H](CO)Cc2ccccc2)nn1)OC,,0
COC(=O)C1(C)CCCC2(C)C1CCC13OCC(CC21)C(O)(C(C)C)C3O,,0
COC(=O)C1(Cc2cc(-c3cccc(Br)c3)no2)CCN(C(=O)OC(C)(C)C)CC1,,0
COC(=O)C1=C(C(=O)OC)SC2(S1)C(C(=O)OC)=C(C(=O)OC)Sc1c2ss/c1=N/C(C)(C)C,,0
COC(=O)C1=C(C)OC(C)=C(C(=O)OC)C1c1ccc(Cl)c(C(F)(F)F)c1,,0
COC(=O)C1=C(c2cccc(OC)c2OC)C[C@@H]2CC[C@H]1N2C(=O)N1CCC(C)CC1,,0
COC(=O)C1=CC(C)(C)CC(CC#CCC2CC(C)(C)C=C(C(=O)OC)C2=O)C1=O,,0
COC(=O)C1=CC[C@H]2[C@]3(C)CC[C@H]4C(C)(C)CCC[C@]4(COC(C)=O)[C@H]3CC[C@]2(C)C1C=O,,0
COC(=O)C1C(=O)C(=Cc2c[nH]c3ncccc23)OC1=Nc1ccccc1OC,,0
COC(=O)C1C(=O)NC(SC)=C(C#N)C1c1ccccc1F,,0
COC(=O)C1C(C)=NC(=O)C1(NS(=O)(=O)c1ccc(C)cc1)C(F)(F)F,,0
COC(=O)C1CC(=O)N(c2ccc(S(N)(=O)=O)cc2)[C@H]1c1ccc(Cl)cc1,,0
COC(=O)C1CC(OC(C)=O)C(=O)C2[C@@]1(C)CCC1=CO[C@H](c3ccoc3)C[C@@]12C,,0
COC(=O)C1CC(OC(C)=O)C(=O)C2[C@@]1(C)CCC1C(=O)O[C@H](/C=C/c3ccoc3)C[C@@]12C,,0
COC(=O)C1CC[C@]2(C)[C@H]3CC=C4[C@@H]5CC(C)(C)CC[C@]5(C(=O)O)CC[C@@]4(C)[C@]3(C)CC[C@H]2C1(C)C,,0
COC(=O)C=NC=C1C(=O)CC[C@@]2(C)c3cc4c(O)ccc(O)c4cc3C(=O)C(=O)C12,,0
COC(=O)CC1=C(C)C2[C@@H](OC(C)=O)[C@H](OC(C)=O)[C@@]3(O)C(C)(C)CC[C@H](OC(C)=O)[C@]3(C)[C@H]2CC1=O,,0
COC(=O)CC[C@@H](C)[C@H]1CC[C@H]2[C@@H]3[C@H](OC(=O)C[N+](C)(C)C)C[C@@H]4C[C@H](OC(=O)C[N+](C)(C)C)CC[C@]4(C)[C@H]3CC[C@]12C,,0
COC(=O)CC[C@]1(C)[C@H]2Cc3c(c(C)c4c(c3OC)C(=O)OC4)O[C@@]2(C)C[C@@H](O)[C@H]1C(C)(C)O,,0
COC(=O)CNC(=O)C1C2c3ccccc3C(c3ccccc32)C1C(=O)NCC1C2CC3CC(C2)CC1C3,,0
COC(=O)CNc1cc(S(=O)(=O)N2CCCCC2)ccc1Oc1ccc(C(=O)OC)cc1,,0
COC(=O)COC(=O)c1sc(C(C)(C)C)cc1NC(=O)Nc1ccc(C)cc1,,0
COC(=O)COc1ccc(Cl)cc1CC1CNC(=O)CN(S(=O)(=O)c2ccc(Cl)cc2)C1=O,,0
COC(=O)COc1ccc(S(=O)(=O)N2CCc3ccccc3C2)cc1C,,0
COC(=O)CSc1nnc2c3c4c(sc3nc(-n3nc(C)cc3C)n12)COC(C)(C)C4,,0
COC(=O)CSc1nnc2n(C3CCCCC3)c(=O)c3c4c(sc3n12)CCCC4,,0
COC(=O)C[C@@H]1N=C(c2ccc(-c3cccc(S(C)(=O)=O)c3)cc2)c2c(sc(C)c2C)-n2c(C)nnc21,,0
COC(=O)C[C@H]1C(C)(C)C(=O)C2CC3C4=CC(=O)O[C@@H](c5ccoc5)[C@]4(C)CC[C@@H]3[C@@]1(C)C2=O,,0
COC(=O)C[C@H]1C(C)(C)[C@]2(Cl)O[C@@]34CC2C(=O)[C@]1(C)C3CC[C@]1(C)C4=CC(=O)O[C@H]1c1ccoc1,,0
COC(=O)C[C@](O)(CCC(C)(C)O)C(=O)O[C@@H]1C(OC)=C[C@]23CCC(=O)N2CCc2cc4c(cc2[C@H]13)OCO4,,0
COC(=O)Cn1c(CCS(=O)(=O)c2ccc(C)c(C)c2)nc2ccccc21,,0
COC(=O)Cn1c(O)c2c(c1O)C(C)C1C(=O)C3(CCCCC3)C3=C1C2CC(C(=O)OC)=CC3C(=O)OC,,0
COC(=O)NC(C(=O)N1CCC[C@H]1c1nc(-c2ccc(N=[N+]=[N-])cc2)c(I)[nH]1)C(C)C,,0
COC(=O)N[C@@H](C)CNc1nccc(-c2[nH]c(C3CC3)nc2-c2cccc(NS(C)(=O)=O)c2F)n1,,0
COC(=O)Sc1nc2cc(-n3nc(C)n(C(F)F)c3=O)c(Cl)cc2s1,,0
COC(=O)[C@@]1(C)O[C@H]2OC(=O)C3[C@H]2[C@@](C)(C[C@H]2C(C)=C4CC(=O)OC(C)(C)C4=CC[C@]32C)C1=O,,0
COC(=O)[C@@]1(O)C[C@H]2O[C@]1(C)n1c3ccccc3c3c4c(c5c6ccccc6n2c5c31)C(=O)NC4,,0
COC(=O)[C@]1(C)CCC[C@@]2(C)C3CC[C@H]4[C@@H](CO[C@H]5O[C@H](CO)[C@@H](O)[C@H](O)[C@H]5O)C[C@H]4C3CCC21,,0
COC(=O)[C@]1(C)CCC[C@]2(C)c3ccc(C(C)C)c(NC(=O)Cn4cc(CCO)nn4)c3CC[C@@H]12,,0
COC(=O)[C@]12CCC(C)(C)C[C@H]1C1=CC[C@@H]3[C@@]4(C)C=C(C=O)C(=O)C(C)(C)[C@@H]4CC[C@@]3(C)[C@]1(C)CC2,,0
COC(=O)[C@]12CCC(C)(C)C[C@H]1C1=CC[C@@H]3[C@@]4(C)CC[C@H](O)C(C)(C)[C@@H]4CC[C@@]3(C)[C@]1(C)C[C@H]2OC,,0
COC(=O)[C@]12CCCCC=C1N(CCC1=CCCCC1)C(=O)C(CC(=O)N1CCOCC1)C2,,0
COC(=O)c1c(-c2cc(OC)c(O)cc2OC)c(-c2ccc(O)c(OC)c2)c2n1CCc1cc(O)c(OC)cc1-2,,0
COC(=O)c1c(C)[nH]c2c1[C@@]13C[C@@H]1CN(C(=O)/C=C/c1ccc(OC)c(OCCCN(C)C)c1)C3=CC2=O,,0
COC(=O)c1c(C)nc(C)c(=C(O)OC)c1=C(O)OCC(=O)c1ccc(Br)cc1,,0
COC(=O)c1c(C)nc(C)c2c1C(=O)C(Br)C(=NC[C@H]1O[C@@H](OC)[C@@H]3OC(C)(C)O[C@@H]31)C2=O,,0
COC(=O)c1c(C)nc(C)c2c1C(=O)C(Cl)C(=NC[C@H]1O[C@@H]3OC(C)(C)O[C@@H]3[C@H]3OC(C)(C)O[C@H]31)C2=O,,0
COC(=O)c1c(C)nc(C)c2c1C(=O)CC(=Nc1ccc(F)cc1)C2=O,,0
COC(=O)c1cc(/C=C/C(=O)Cc2ccccc2)cn1S(=O)(=O)c1ccccc1,,0
COC(=O)c1cc(OC)cc(OC)c1NC(=O)c1sccc1S(=O)(=O)Nc1onc(C)c1Cl,,0
COC(=O)c1cc2c([nH]1)C(=O)C=C1N(C(=O)c3cc4cc(C(F)(F)F)ccc4[nH]3)C[C@H]3C[C@]123,,0
COC(=O)c1cc2c(cc1F)Cc1c(O)n(-c3cnc(C#N)c(C(F)(F)F)c3)c(=S)n1C2,,0
COC(=O)c1ccc(C(C/C=C/c2ccccc2)(Cc2ccc(C(F)(F)P(=O)(O)O)cc2)n2nnc3ccccc32)cc1,,0
COC(=O)c1ccc(CSc2nnc(NC(C)C)s2)cc1,,0
COC(=O)c1ccc2c(C(=Nc3ccc(N4C(=O)CC[C@@H]4CN4CCN(C)CC4)cc3)c3ccccc3)c(O)[nH]c2c1,8.85,1
COC(=O)c1cccc(NC(=O)C(C)(O)C(F)(F)F)c1Cl,,0
COC(=O)c1cccc(S(=O)(=O)Nc2cccc3cccnc23)c1,,0
COC(=O)c1ccccc1NC(=O)COC(=O)CSc1nnc(N)s1,,0
COC(=O)c1cnc2ccc(C#CCNC(=O)c3cncn(Cc4ccc(F)c(F)c4)c3=O)c(C)c2c1,,0
COC(=S)NC[C@H]1CN(c2ccc(N3CC[Si](C)(C)CC3)c(F)c2)C(=O)O1,,0
COC(C)C(=O)NS(=O)(=O)c1ccc(F)c(C(F)(F)F)c1,,0
COC(OC)C1OC(C)(C)OC1Cc1cnc2cc(C(=O)c3ccccc3)ccc2n1,,0
COC(OC)c1cccc2c1C1(O)CCC3(CC21)OCCCCO3,,0
COC(c1cc(Cl)c2c(c1Cl)C(=O)N(Cc1c(C)cc(C)[nH]c1=O)CC2)C1CS(=O)(=O)C1,,0
COC/C=C/C1=CC2=CC(=O)C(C)(OC(=O)c3cnc4ccccc4n3)C(=O)C2=CN1c1ccccc1,,0
COC/C=C/C=C/C(C)=C/[C@@H]1Cc2nc(cs2)CCCCC(=O)O[C@@H](C)C=C(C)C=CCC(=O)O1,,0
COC/C=C1\C[N+]2([O-])[C@H]3C[C@@]45C(=Nc6cc7c(c(OC)c64)OCO7)OC[C@H]3[C@H]1C[C@@H]52,,0
COC12OC3(C4OC41)C(C(=O)O[C@H]3CO[Si](C)(C)C(C)(C)C)C2S(=O)(=O)c1ccccc1,,0
COC1=C(OC)[C@]23C(=CC1=O)[C@H](O)[C@H](C)[C@@]2(C)Cc1cc(OC)c(OC)c(OC)c13,,0
COC1=CC(=O)c2c(c(COP(N)(=O)N3CCOCC3)cn2C)C1=O,,0
COC1=CC2(C=C(OC)C1=O)CC[C@H]1c3c(cc(OC)c(O)c32)CCN1S(=O)(=O)C(F)(F)F,,0
COC1=N[C@H](C(C)C)C(OC)=N[C@H]1Cc1ccc(C[C@@H]2N=C(OC)[C@@H](C(C)C)N=C2OC)s1,,0
COC1C(=O)CC(NC=O)C(O)=C1C=Cc1cc(O)c2c(O)cc(O)c(Cl)c2c1,,0
COC1C(=O)N2C(C(=O)C(C)(C)C)=C(CSC3N=NC(C)S3)[C@@H](SC3N=NC(C)S3)S(=O)(=O)C12,,0
COC1CN(S(=O)(=O)NC(=O)c2cc(C3CC3)c(OCC34CC5CC(CC(C5)C3)C4)cc2F)C1,,0
COCC(=O)N1C[C@H]2CON(C)[C@H]2C[C@H]1c1ccc(N2CCCCC2)cc1,,0
COCC(C(=O)C(O)C(C)[C@H]1[C@@H](OC(C)=O)C[C@@]2(C)[C@@H]3CC[C@H]4C(C)C(=O)C=C[C@@]45C[C@@]35CC[C@]12C)[C@@H](C)CO,,0
COCC(C)(C)C#Cc1c(Cl)c2c(Cl)cc(C(N)=O)nc2n1[C@H]1CCCNC1,8.96,1
COCC(C)Oc1cc(Oc2ccc(S(C)(=O)=O)cc2)cc(C(=O)Nc2nc3c(s2)C(=O)CCC3)c1,,0
COCC(C)n1c(C)cc(C(=O)COC(=O)c2cnc(Cl)c(Cl)c2)c1C,,0
COCCCNc1ncnc2c1CCN(C(=O)CC1C=CCC1)CC2,,0
COCCCn1c(C)cc(C(=O)COC(=O)C23CC4CC(CC(O)(C4)C2)C3)c1C,,0
COCCN(C)S(=O)(=O)c1cn(Cc2ccc(F)cc2)c2cnc3c(c12)CCN(O)C3=O,,0
COCCN(CCOC)c1nc(C)nc2c(-c3cc(F)c(OC)cc3Cl)c(C)nn12,,0
COCCN1CC2(CCCN(C(=O)NCCc3cccs3)C2)CCC1=O,,0
COCCN1C[C@@H](C)O[C@@H](OCC23C[C@@H]4[C@H](C)CC[C@H]4C4(C=O)CC2C=C(C(C)C)[C@@]34C(=O)O)[C@@H](O)C1,,0
COCCNCCC(=O)Nc1sc2c(c1-c1nc3cc(-c4ccncc4)ccc3s1)C[C@@H](C)NC2,,0
COCCNCCC(=O)Nc1sc2c(c1-c1nc3cc(C(F)(F)F)ccc3s1)C[C@H](C)NC2,,0
COCCNCCC(=O)Nc1sc2c(c1-c1nc3cc(C(F)(F)F)ccc3s1)C[C@H](C)N[C@@H]2C,,0
COCCNS(=O)(=O)c1cccn1-c1ncc(C(F)(F)F)cc1Cl,,0
COCCOCOc1ccc(C(=O)c2c(O)cn(C(C)C)c2O)cc1,,0
COCCOc1c(OC)cc2c(N)nc(N3CCN(C(=O)/C=C/c4ccc(C#N)cc4)CC3)nc2c1F,,0
COCCOc1cc2ncnc(Oc3ccc(Nc4nccc5[nH]cc(-c6ccc(F)cc6)c(=O)c45)cc3F)c2cc1OC,,0
COCCOc1ccc(C(F)(F)F)cc1NC(=O)Cc1ccc(S(=O)(=O)N2CCOCC2)s1,,0
COCCn1c(NN=C(C)C=Cc2ccccc2)nc2c1c(=O)[nH]c(=O)n2C,,0
COCCn1ccc(Nc2ncc3c(n2)-c2c(nn(C)c2-c2ccc(-c4cnn(CCN5CCOCC5)c4)cc2)CC3)n1,,0
COCNC(=O)c1ccc(-c2c(C(N)=O)c3n(c2C2CC2)CCN(C(=O)NC(C)(C)C)C3)cc1,,0
COCO[C@H](c1ccccc1)[C@@H](Cn1cc([Si](C)(C)C)nn1)c1ccccc1,,0
COC[C@@H]1C[C@H](OC)[C@@H](O)CC/C=C(C)/C=C/[C@@H](O)[C@H](C)/C=C(C)/C=C(C)/C=C(\C)C(=O)O1,,0
COC[C@H](C)Oc1nc(-c2ccc(Cl)nc2)nc2c1CN(C(=O)c1ncn3ccccc13)CC2,,0
COC[C@H](Cc1ccccc1)/N=C/c1ccccc1,,0
COC[C@H]1Oc2cc3ncnc(Nc4cccc(I)c4)c3cc2O[C@@H]1COC,,0
COCc1nnc(N2C[C@@H]3C[C@]3(c3cccc(F)c3Cl)C2)n1-c1ccc(OC)nc1,,0
CON(C)Cc1ccn2c(-c3ccnc(C(C)c4ccccc4)n3)c(-c3ccc(F)cc3)nc2c1,,0
CON([C@@H]1CC[C@@]2(C)[C@H](CC[C@@H]3[C@@H]2C[C@@H](O)[C@]2(C)[C@@H](C4=CC(=O)OC4)CC[C@]32O)C1)[C@H]1O[C@@H](CO)[C@H](O)[C@@H](O)[C@@H]1O,,0
CON([C@H]1CC[C@@]2(C)[C@H](CC[C@@H]3[C@@H]2C[C@@H](O)[C@]2(C)[C@@H](C4=CC(=O)OC4)CC[C@]32O)C1)[C@@H]1O[C@H](CO)[C@@H](O)[C@H](O)[C@H]1O,,0
CON([C@H]1CC[C@@]2(C)[C@H](CC[C@@H]3[C@@H]2C[C@@H](O)[C@]2(C)[C@@H](C4=CC(=O)OC4)CC[C@]32O)C1)[C@H]1O[C@@H](CO)[C@H](O)[C@@H](O)[C@@H]1O,,0
CON1C(=O)[C@@]2(C[C@@H]3N=C([C@H](C)CC4C(=O)O[C@H]5C[C@H](C)[C@@H](CO)[C@@H]45)[C@@H]4[C@@H](O)[C@H]2OC[C@@H]43)c2ccccc21,,0
COP(=O)(OC)C(NC=O)P(=O)(OC)OC,,0
COP(=O)(OC)C(c1cc(C(C)(C)C)c(O)c(C(C)(C)C)c1)c1ccc(N)nc1N,,0
COP(=S)(OC)SCC(=O)N(C)C=O,,0
CO[C@@H](CC(=O)[C@](C)(O)[C@H]1[C@H](O)C[C@@]2(C)[C@@H]3CC=C4[C@@H](CC(=O)C(O)C4(C)C)[C@]3(C)C(=O)C[C@]12C)C(C)(C)O,,0
CO[C@@H]1CC[C@@]2(C)[C@@H](C1)C[C@@H](N1CCC[C@@H](N)C1)[C@@H]2Oc1ccc(C#N)cc1,,0
CO[C@@H]1COCC[C@@H]1N[C@@H]1CC[C@@](C(=O)N2CCN(c3cc(C(F)(F)F)ccn3)CC2)(C2CCOC2)C1,,0
CO[C@@H]1[C@@H](OC)[C@H](c2ccccc2)O[C@@H]2CO[C@@H](c3ccc4ccccc4c3)O[C@@H]12,,0
CO[C@@H]1[C@H]2[C@@H]([C@@H](OC(C)=O)C(C)C(=O)[C@@]34C[C@H](C)[C@H](OC(C)=O)[C@]3(/C=C(\C)[C@H]1OC(=O)[C@@]1(C)O[C@@H]1C)O4)C2(C)C,,0
CO[C@@]1(C)N(/C=C/c2ccccc2)C(=O)C2=C[C@@]3(C(=O)N(C)c4ccccc43)C(=O)N21,,0
CO[C@H]1CN(C2CCN(c3n[nH]c(N)n3)CC2)[C@H]1Cc1ccc(Cl)cc1,6.47,1
CO[C@H]1C[C@H](O[C@@H]2CC3=CCC4C(=O)[C@@](C)(C5=CC(=O)O[C@H]5C)CC[C@@H]4[C@@]3(C)C[C@H]2O)O[C@H](C)[C@H]1O,,0
CO[C@H]1C[C@H](O[C@H]2CC[C@@]3(C=O)[C@@H](CC[C@@H]4[C@@H]3CC[C@]3(C)[C@H](C5=CC(=O)OC5)CC[C@]43O)C2)O[C@H](C)[C@@H]1O,,0
CO[C@H]1N(C2CC(N=[N+]=[N-])C(CO)O2)C(=O)NC(=O)[C@]1(C)I,,0
CO[C@H]1OC(=O)C(Cc2ccc(O)c(CC=C(C)C)c2)=C1c1ccc(O)cc1,,0
CO[C@]1(C)CCC[C@@H]2[C@@](C)(C[C@H](OC(=O)C(C)C)C3=CC(=O)OC3)[C@H](C)C[C@H](OC(C)=O)[C@]21COC(C)=O,,0
CO[C@]1([C@@H]2CSC(=O)N2C2CCCC2)C[C@H]2C[C@@H](CC[C@H](C)/C=C\C=C\CC/C(C)=C\C(=O)O2)O1,,0
COc1c(-c2ccncc2)ccc2c(=O)c3c(=O)[nH]sc3n(C3CC3)c12,,0
COc1c(/C=N/NC(=O)C2C[C@@H]2c2ccccc2)c(CCN(C)C(C)=O)cc2c1OCO2,,0
COc1c(Br)cc(Br)cc1C1Sc2ccc(C(F)(F)F)cc2NC1=O,,0
COc1c(C)c(OC)c(OC)c2c1C[C@H]1CN(C(=O)OC(C)C)CC(=O)N1[C@H]2COC(=O)/C=C/c1ccccc1,,0
COc1c(C)c2c(c(O)c1C/C=C(\C)CCC(=O)NCC(=O)O)C(=O)OC2,,0
COc1c(C)c2c(c(O)c1C/C=C(\C)CP(=O)(OC)OC)C(=O)OC2,,0
COc1c(N2CCC(C)(N)C2)c(F)cc2c(=O)c(C(=O)O)cn(C3CC3)c12,,0
COc1c(NC(=O)C(=O)c2ccc(OCC[N+]3(C)CCOCC3)c3ccccc23)cc(C(C)(C)C)cc1NS(C)(=O)=O,,0
COc1c2c3c4c5c(c(=O)cc(OC)c5c5c(OC)cc(=O)c(c1O)c35)=C(O)C(OC)[C@@]41C[C@H](C)O[C@@]21C(C)=O,,0
COc1cc(-c2c(C)c(CO)c(O[C@@H]3O[C@H](CO)[C@@H](O)[C@H](O)[C@H]3O)c3cc(OC)c(OC)cc23)ccc1O,,0
COc1cc(-c2cc(-c3cn(C)c4ccc(F)cc34)nc(N)c2C#N)cc(OC)c1OC,,0
COc1cc(-c2ccccc2)cc(C(O)C#Cc2c(C)nc(N)nc2N)c1,,0
COc1cc(-c2cccnc2)nc2c(S(=O)(=O)c3ccccc3)c(SC)nn12,,0
COc1cc(-c2cn(Cc3cc(Br)cc(Br)c3)nn2)ccc1-n1cnc(C)c1,7.0,1
COc1cc(-c2cn(Cc3cc(C(C)(C)C)cc(C(C)(C)C)c3)nn2)ccc1-n1cnc(C)c1,6.5,1
COc1cc(-c2cnc3[nH]cc(C(=O)NC(C)C(=O)N4CC(C#N)C4)c3n2)cc(OC)c1OC,,0
COc1cc(-c2nc(N)sc2-c2cccc3ccccc23)cc(OC)c1OC,,0
COc1cc(-n2c(O)cn(Cc3ccc(F)cc3Cl)c2=S)ccc1N(C)C,,0
COc1cc(-n2c(O)cn(Cc3ccc(F)cc3F)c2=S)ccc1N(C)C,,0
COc1cc(/C=C/Oc2ccccc2)cc(OC)c1,,0
COc1cc(/C=C/c2ccccn2)cc(OC)c1OC,,0
COc1cc(/C=C2\SC(=O)NC2=O)ccc1OCC1COc2cc(Br)c(Br)cc2O1,,0
COc1cc(/C=C2\SC(=O)NC2=O)ccc1Oc1ccc(C#N)c(C)c1,,0
COc1cc(/C=C\c2ccncc2)cc(OC)c1OC,,0
COc1cc(/C=N/Nc2nc(O)c(CC(=O)O)s2)ccc1OCc1cccc(Cl)c1,,0
COc1cc(/C=N/n2cnc3scc(-c4cccs4)c3c2=O)cc(OC)c1OC,,0
COc1cc(Br)cc(C)c1Nc1nc2cccc(N(c3ccc(C#N)cc3)C(C)C)c2n1C,,0
COc1cc(Br)cc2c1OC(=N)C(C#N)C2CC(=O)c1ccc(Br)cc1,,0
COc1cc(C(=O)c2cc(OC)c(OC)c(OC)c2)cc(NC(=O)/C=C/c2cc(F)c(F)c(F)c2)c1OC,,0
COc1cc(C(=O)c2cccc(-c3cccc(O)c3)n2)cc(OC)c1OC,,0
COc1cc(C(=S)N2CCOCC2)cc(OC)c1OS(=O)(=O)c1ccc(Cl)cc1,,0
COc1cc(C(C)C)c(Oc2cnc(NC(=O)C(C)(C)O)nc2N)cc1I,,0
COc1cc(C23OCC24C2COC(c5cc6c(cc53)OCO6)C24)cc(OC)c1OC,,0
COc1cc(C2=C(c3ccccc3)C3(C=CC(=O)C=C3)OC2=O)cc(OC)c1OC,,0
COc1cc(C2=C3C(=O)OCC3[C@H](Nc3cncc4ccccc34)c3cc4c(cc32)OCO4)cc(O)c1O,,0
COc1cc(C2=NCC(=O)N3CCc4c(cccc4N4CCOCC4)C3=C2)ccn1,,0
COc1cc(C2CC(c3ccc(N(C)C)cc3)=NN2)cc(OC)c1OC,,0
COc1cc(C2c3c(C)n[nH]c3Nc3coc(O)c32)cc(Br)c1OC,,0
COc1cc(C=NNc2nc(C)c(C(C)=O)s2)cc(Br)c1O,,0
COc1cc(C[S+]([O-])c2nc3cscc3[nH]2)ncc1Cl,,0
COc1cc(Cc2cnc(N)nc2N)cc2c1N(C)C(C)(C)C=C2C,,0
COc1cc(Cc2cnc(N)nc2N)ccc1OCc1ccc(F)c(F)c1,,0
COc1cc(Cl)c(NC(=O)C(NS(=O)(=O)c2cccs2)C(C)C)c(OC)c1,,0
COc1cc(F)c(C2CNC(=O)N2c2ccn3ccnc3c2)c(F)c1,,0
COc1cc(NC(=O)c2cc(NC(=O)C(C)Br)ccc2F)ccc1O,,0
COc1cc(NS(=O)(=O)c2ccc(NC(=S)NC(=O)c3sc4ccccc4c3Cl)cc2)nc(OC)n1,,0
COc1cc(Nc2nccc(-c3nc(CO)cs3)n2)cc(C(F)(F)F)c1,,0
COc1cc(O)c(Cl)c2c1C(=O)O[C@@H](C)CC[C@@H](O)CCCCC(=O)C2,,0
COc1cc(O)c(OC)c(C=CC(C)=CC/C=C(\C)CCC=C(C)C)c1O,,0
COc1cc(OC)c(-c2coc3cc(OCc4ccccc4Br)ccc3c2=O)cc1OC,,0
COc1cc(OC)c(C=CC(=O)CC(=O)/C=C/c2c(OC)cc(OC)cc2OC)c(OC)c1,,0
COc1cc(OC)c(NS(=O)(=O)c2c(C(=O)N3CCCCC3)c(C)n(C)c2C)cc1Cl,,0
COc1cc(OC)c2c(c1Cl)O[C@]1(C2=O)C(OCc2ccncc2)=CC(=O)C[C@H]1C,,0
COc1cc(OC)c2ccn(CCCC3CCCC4(CCCCO4)O3)c2c1,,0
COc1cc(OC)cc(N(CC#Cc2ccc(C#N)cc2)c2ccc3ncc(-c4cnn(C)c4)nc3c2)c1,,0
COc1cc(OC)cc(Oc2cc(O)c3ccc(C=CCC(C)C)cc3c2O)c1,,0
COc1cc(OC)nc(C(O)c2ccccc2NS(=O)(=O)C(F)F)n1,,0
COc1cc(OCC=C(C)C)c(Br)cc1/C=C1\SC(=O)N(C)C1=O,,0
COc1cc(OCc2cccc(C3(O)CCOCC3)n2)c2cc(-c3cn4nc(OC)sc4n3)oc2c1,,0
COc1cc(OCc2csc(C3CCSCC3)n2)c2cc(-c3cn4nc(C)ccc4n3)oc2c1,,0
COc1cc(OCc2csc(N3CCC4(CC3)OCCO4)n2)c2cc(-c3cn4nc(OC)sc4n3)oc2c1,,0
COc1cc(S(C)(=O)=O)ccc1NC(=O)c1ccn2cccnc12,,0
COc1cc([C@@H]2c3cc4c(cc3[C@@H](C#N)[C@H]3COCC23)OCO4)cc(OC)c1OC,,0
COc1cc([C@@H]2c3cc4c(cc3[C@@H](Cl)[C@H]3COC(=O)C23)OCO4)cc(OC)c1OC,,0
COc1cc([C@@H]2c3cc4c(cc3[C@@H](OC(=O)N(C)CCN(C)C)C3COC(=O)C32)OCO4)cc(OC)c1O,,0
COc1cc([C@@H]2c3ccc(N)c(N)c3OC(=N)C2C#N)cc(Br)c1OC,,0
COc1cc([C@H]2OC[C@H]3[C@@H]2CO[C@@H]3c2cc(OC)c(O)c(OC)c2)ccc1O,,0
COc1cc([C@H]2Oc3c(OC)cc4ccc(=O)oc4c3O[C@@H]2COC(=O)C=Cc2ccc(O)cc2)ccc1O,,0
COc1cc2/c(=N/c3ccc(Cl)cc3Cl)c(C#N)cn(C)c2cc1OC,,0
COc1cc2c(c(OC)c1OC)-c1c(OC(C)=O)c(OC)cc3c1[C@H](CC2)N(C(=O)C(F)(F)F)C=C3,,0
COc1cc2c(c3c1c(=O)c1cc4ccccc4cc1n3C)[C@@H](OC(C)=O)[C@@H](OC(=O)/C=C/c1cccc(Cl)c1)C(C)(C)O2,,0
COc1cc2c(cc1O)C(c1cc(OC)c(O)c(OC)c1)C(COC1OC[C@@H](O)[C@H](O)[C@H]1O)C(CO)C2,,0
COc1cc2c(cc1OC)-c1[nH]nc(NCc3c(Cl)cccc3Cl)c1CC2,,0
COc1cc2c(cc1OC)-c1cc(OC)c(OC)c(OC)c1CC1C(=O)OC[C@@H]1C2,,0
COc1cc2c(cc1OC)C(=O)/C(=C/c1ccc(N3CCN(c4ccc(C(F)(F)F)cc4)CC3)cc1)C2,,0
COc1cc2c(cc1OC)C(c1ccc(Br)cc1)N(C(=O)C(=O)N1CCCC1)CC2,,0
COc1cc2c(cc1OC)C(c1cccnc1)N(C(=O)c1ccc(O)cc1O)CC2,,0
COc1cc2c(cc1OC)CN(C(=O)C=Cc1c(C3CC3)n(C)c3ncccc13)CC2,,0
COc1cc2c(cc1OC)CN(C(=O)c1ccc(-c3ccc(O)cc3)o1)CC2,,0
COc1cc2c(cc1OC)CN(c1nc(NCCc3cccc(OC)c3OC)nc3ccc([N+](=O)[O-])cc13)CC2,,0
COc1cc2c(cc1OC)Oc1nc(C)nc(Nc3cccc(Br)c3)c1NC2,,0
COc1cc2c(cc1OC)Sc1ncnc(Nc3ccc4ncsc4c3)c1NC2,,0
COc1cc2c(cc1OC)[C@@H]1[C@H](O)c3ccc4c(c3O[C@@H]1CO2)C[C@H](C(C)(C)O)O4,,0
COc1cc2c(cc1OC)[C@]1(O)[C@H](O)c3ccc4c(c3O[C@@H]1CO2)C[C@H](C(C)(C)O)O4,,0
COc1cc2c3c(n(CCCCl)c(=O)c2cc1OC)-c1cc2c(cc1C3=O)OCO2,,0
COc1cc2nc(C)nc(N[C@H](C)c3cccc(C(F)(F)F)c3)c2cc1C1(O)CCC(C(=O)N(C)CCO)CC1,,0
COc1cc2nc(N3CCN(C(=O)/C=C/c4cccc(C(F)(F)F)c4)CC3)nc(N)c2cc1OC,,0
COc1cc2ncc(-c3ccccc3Cl)n2cc1S(=O)(=O)C(C)(C)C,,0
COc1ccc(-[n+]2noc([O-])c2/C=N/n2c(C(C)c3ccc(CC(C)C)cc3)nn(CN3CCOCC3)c2=S)cc1,,0
COc1ccc(-c2cc(-c3ccc(S(C)(=O)=O)cc3)c(-c3ccncc3)c(=O)o2)cc1,,0
COc1ccc(-c2cc(-c3cn(C)c4ccc(F)cc34)nc(N)c2C#N)c(OC)c1OC,,0
COc1ccc(-c2ccc(NC(=O)c3ccc(Br)o3)cc2)nn1,,0
COc1ccc(-c2ccc(S(=O)(=O)NC(C(=O)O)C3CCN(C(=O)N4CCOCC4)CC3)cc2)cc1,,0
COc1ccc(-c2ccc3c(N4CCOC[C@@H]4C)nc(N4CCC(c5cccc(O)c5)CC4)nc3n2)cc1CO,,0
COc1ccc(-c2cnc3nc(N4CCC(N5CCCCC5)CC4)sc3c2)cn1,7.0,1
COc1ccc(-c2n[se]nc2-c2ccc3c(c2)OCO3)cc1O,,0
COc1ccc(-c2nn(-c3ccccc3)cc2/C=N/n2c(O)csc2=S)cc1,,0
COc1ccc(-c2nn(C3CCOCC3)c3c2CN(C(C)=O)CC3)c2cnccc12,,0
COc1ccc(-c2nn3c(/C=C/C(=O)c4ccccc4)c(-c4ccc(Br)cc4)nc3s2)cc1,,0
COc1ccc(-c2ssc(=O)c2-c2cc(OC)c(OC)c(OC)c2)cc1,,0
COc1ccc(-n2c(O)c3c(c2O)C2(OC3c3ccccc3)C(=O)c3ccccc3C2=O)cc1,,0
COc1ccc(-n2c(O)c3c(c2O)C2c4ccccc4C=NN2C3C(=O)C(C)(C)C)cc1,,0
COc1ccc(-n2c(O)cn(Cc3ccc(F)cc3[N+](=O)[O-])c2=S)cc1OC,,0
COc1ccc(-n2cnc3c(NC(CCSC)C(=O)O)ncnc32)cc1,,0
COc1ccc(-n2nc(Cn3cnc(-c4ccc(F)cc4)n3)c3c2C(=O)N(c2ccc(N4CCCCC4=O)cc2)CC3)cc1,,0
COc1ccc(-n2nc3c(c2NC(=O)c2ccc(S(=O)(=O)N4CCOCC4)cc2)CS(=O)(=O)C3)cc1,,0
COc1ccc(/C=C/C(=O)C2=C(/C=C/c3ccc(OC)c(O)c3)Oc3[nH]c(=O)[nH]c(=O)c3C2c2ccccc2)cc1O,,0
COc1ccc(/C=C/C(=O)N2CCN(C(=O)C3(C)CCc4c(C)c(O)c(C)c(C)c4O3)CC2)cc1OC,,0
COc1ccc(/C=C/C(=O)NC(=S)N2CC3C[C@H](C2)Cn2c3cccc2=O)cc1OC,,0
COc1ccc(/C=C/C(=O)OC2Cc3c(ccc4ccc(=O)oc34)OC2(C)C)cc1OC,,0
COc1ccc(/C=C/COC(=O)C2=C(C(OC)OC)N=C(C)C(C(=O)O)C2c2cccc(Cl)c2)cc1,,0
COc1ccc(/C=C/[Se](=O)(=O)c2cc(OC)c(OC)c(OC)c2)cc1F,,0
COc1ccc(/C=C2\C(=O)Nc3ccc([N+](=O)[O-])cc32)cc1OC1CC2CCC1C2,,0
COc1ccc(/C=C2\CCC/C(=C\c3cccc(OC)c3OC)C2=O)cc1OC,,0
COc1ccc(/C=C2\CN(CC3=CC(C)(C)N(O)C3(C)C)C/C(=C\c3ccc(OC)c(OC)c3OC)C2=O)c(OC)c1OC,,0
COc1ccc(/C=C2\c3cc(OC)c(OC)c(OC)c3CC[C@@H]2O)cc1O,,0
COc1ccc(/C=N/N2CCN(c3ccccc3OC)CC2)cc1Br,,0
COc1ccc(/N=C/c2cccc(OC)c2OC)cc1,,0
COc1ccc(Br)c(C(=O)Sc2nnnn2-c2cccc(Cl)c2)c1,,0
COc1ccc(C#Cc2ccc(C(=O)N3C[C@@H](O)CC3C(O)=NO)cc2)cc1,,0
COc1ccc(C#Cc2ccc3c(c2)O[C@@H](CN(C)C(C)=O)[C@@H](C)CN([C@H](C)CO)S3(=O)=O)cc1,,0
COc1ccc(C#Cc2ccc3c(c2)O[C@H](CN(C)C(C)=O)[C@H](C)CN([C@@H](C)CO)S3(=O)=O)cc1,,0
COc1ccc(C(=O)C2c3c(c(O)n(-c4ccc(OC(C)=O)cc4)c3O)C3C=CC=NN32)cc1,,0
COc1ccc(C(=O)Nc2nc(C)c(C(=O)N(C)C)s2)cc1OC,,0
COc1ccc(C(F)(F)F)c[n+]1CCCCC[n+]1cc(C(F)(F)F)ccc1OC,,0
COc1ccc(C(Nc2ccccn2)c2ccc3ccc(C)nc3c2O)cc1C,,0
COc1ccc(C(OCC(=O)N2CCSCC2)c2ccncc2Cl)cc1,,0
COc1ccc(C)cc1S(=O)(=O)N1CCN(S(=O)(=O)c2cc(C)ccc2OC)C(C)C1,,0
COc1ccc(C2=C(c3ccccc3)C3C(=O)c4ccccc4C(=O)C23OC)c2cccnc12,,0
COc1ccc(C2=NCC(CSc3nnc(-c4ccc5c(c4)OCO5)o3)S2)cc1,,0
COc1ccc(C2=Nn3c(nnc3-c3ccccc3O)SC2)cc1,,0
COc1ccc(C2C([S+]([O-])c3ccccc3)=C(c3ccccn3)OC(=N)C2C#N)cc1,,0
COc1ccc(C2C3Cc4cc(OC)c(OC)cc4C3=NN2C(=O)Nc2ccc(F)c(Cl)c2)cc1,,0
COc1ccc(C2CC(c3cccs3)=NN2C(=O)CSc2nncs2)cc1OC,,0
COc1ccc(C2CC(c3cccs3)=NN2c2nc(-c3ccccc3)cs2)cc1OC,,0
COc1ccc(C2CNC(=O)N2C)cc1OC1CC2CCC1CC2,,0
COc1ccc(C=C2SC(=Nc3ccccc3)NC2=O)cc1O,,0
COc1ccc(C=CC(=O)Nc2c(/C=C\c3cc(OC)c(OC)c(OC)c3)ccc(OC)c2O)cc1[N+](=O)[O-],,0
COc1ccc(CC(=NC(=O)c2ccccc2)C(=O)N/N=C/c2cccs2)cc1OC,,0
COc1ccc(CC2=NC(=O)CCC[C@@H](CC#Cc3ccccc3)OC(=O)C(CC(C)C)OC(=O)C(C)CNC2=O)cc1,,0
COc1ccc(CCCC2C(=O)O[C@@H]3O[C@@]4(C)CCC5[C@H](C)CC[C@@H]2[C@]53OO4)cc1,,0
COc1ccc(CCn2c(NN=C(C)C)nc3c2c(=O)[nH]c(=O)n3C)cc1,,0
COc1ccc(CCn2nncc2CCCCn2ccc(=O)[nH]c2=O)cc1,,0
COc1ccc(CN(c2ccc(F)c(F)c2)S(=O)(=O)c2ccc3nncn3c2)cc1,,0
COc1ccc(CN2[C@@H](CC(C)=O)c3cc(C(F)(F)F)ccc3S2(=O)=O)cc1,,0
COc1ccc(CS/C=C/C[S+]([O-])Cc2ccc(OC)cc2)cc1,,0
COc1ccc(Cl)c(-c2nnc3n2NC(c2cccn2C)S3)c1,,0
COc1ccc(Cl)cc1NC(=O)C(=O)N/N=C/c1cc(C)n(-c2ccc(C)cc2)c1C,,0
COc1ccc(Cl)cc1S(=O)(=O)N(C)c1cc(C(=O)Nc2ncc(CC(=O)O)s2)cc2c1OCO2,,0
COc1ccc(N(C(=O)CCl)C(C(=O)NCn2nnc3ccccc32)c2cccs2)cc1Cl,,0
COc1ccc(N(C(=O)c2ccccc2C)S(=O)(=O)c2ccc(C)cc2)cc1,,0
COc1ccc(N(CC(=O)N2CCc3ccccc3C2)S(C)(=O)=O)cc1Cl,,0
COc1ccc(N(Cc2ncc[nH]2)[C@@H]2c3cc(N)ccc3O[C@@](C)(C(OC)OC)[C@H]2O)cc1,,0
COc1ccc(N(Cc2ncc[nH]2)[C@H]2c3cc(N)ccc3O[C@](C)(C(OC)OC)[C@@H]2O)cc1,,0
COc1ccc(N(Cc2nn[nH]n2)Cc2ccc(Cl)cc2Cl)cc1,,0
COc1ccc(N2C(=O)C(=Cc3ccc(O)cc3)OC2=S)cc1,,0
COc1ccc(N2C(=O)C(Cl)C2c2cc3cc(Br)ccc3nc2Cl)cc1,,0
COc1ccc(N2CCN(C(=O)CCS(=O)(=O)c3ccc(C)cc3)CC2)cc1,,0
COc1ccc(N2CCN(C(=O)COC(=O)/C=C/c3ccc(OC(F)F)cc3)CC2)cc1,,0
COc1ccc(N2CCN(c3oc(/C=C/c4ccc(F)cc4)nc3C#N)CC2)cc1,,0
COc1ccc(N2CCOCC2)c2sc(NC(=O)C3(C)CCC(O)(C(C)C)CC3)nc12,,0
COc1ccc(N2Cc3ccc(C(=O)NN=Cc4ccc(O)cc4O)cc3C2)cc1,,0
COc1ccc(N=NNc2ccc([N+](=O)[O-])cc2)cc1,,0
COc1ccc(NC(=O)/C=C/c2ccc(Br)o2)cn1,,0
COc1ccc(NC(=O)COC(=O)CNS(=O)(=O)c2ccc(F)c(F)c2F)cc1OC,,0
COc1ccc(NC(=O)N2CCN(c3nsc4ccccc34)CC2)cc1,,0
COc1ccc(NC(=O)NC(Cc2ccc(C#N)cc2)C(=O)NCC2(c3ccc(OC(F)(F)F)cc3)CC2)cc1,,0
COc1ccc(NC(=S)N/N=C/c2ccc(Oc3ccc(F)cc3)cc2)cc1,,0
COc1ccc(NS(=O)(=O)c2c(F)cc(F)c(Cl)c2F)cc1S(=O)(=O)N1CCCCC1,,0
COc1ccc(NS(=O)(=O)c2cc(NC(=O)c3cc(F)c(F)cc3Cl)ccc2N2CCOCC2)cc1,,0
COc1ccc(NS(=O)(=O)c2cc(NC(=O)c3sccc3C)ccc2N2CCOCC2)cc1,,0
COc1ccc(OCc2ccc3c(c2C)CCN(C2COC2)C3)c(-c2csc(N3CC[C@@]4(C(=O)O)C[C@H]4C3)n2)c1,,0
COc1ccc(Oc2ccc3cc4n(c(=O)c3c2)C(=S)NC4=O)cc1,,0
COc1ccc(S(=O)(=O)C2(CC#Cc3ccccc3)SC(=O)NC2=O)cc1,,0
COc1ccc(S(=O)(=O)N(C)CC(=O)N2CCN(c3ccc(F)cc3)CC2)cc1OC,,0
COc1ccc(S(=O)(=O)N(Cc2ccc(-c3nn[nH]n3)c(F)c2)Cc2ccccn2)cc1,,0
COc1ccc(S(=O)(=O)N(Cc2ccc3c(c2)C=CC(C)(C)O3)C2CCCC2)cc1OC,,0
COc1ccc(S(=O)(=O)N2CCC3(CC2)OCCN3S(=O)(=O)c2cccs2)cc1,,0
COc1ccc(S(=O)(=O)N2CCN(C(=O)C3COc4ccccc4O3)CC2)cc1,,0
COc1ccc(S(=O)(=O)N2CCN(S(=O)(=O)c3ccc4c(c3)OCCO4)CC2)cc1C,,0
COc1ccc(S(=O)(=O)N2CCOCC2)cc1NC(=O)c1c(-c2ccccc2)noc1C,,0
COc1ccc(S(=O)(=O)Oc2cc(C(=S)N3CCOCC3)ccc2OC)cc1,,0
COc1ccc(S(=O)(=O)n2c(-c3ccccc3)cc3ccccc3c2=O)cc1OC,,0
COc1ccc(S(=O)(=O)n2nc(OC(=O)c3cccc(-c4ccccc4Cl)c3)cc2N)cc1,,0
COc1ccc([C@@H]2C(c3ccc(Cl)cc3)C(=O)N2c2cc(OC)c(OC)c(OC)c2)cc1,,0
COc1ccc([C@@H]2C(c3ccc(N)cc3)C(=O)N2c2cc(OC)c(OC)c(OC)c2)cc1,,0
COc1ccc([C@@H]2CC(c3cccc(O)c3)=NN2c2ccc(S(N)(=O)=O)cc2)cc1OC,,0
COc1ccc([C@H](NC(=O)c2ccc3cnc(NC4CS(=O)(=O)C4)nc3c2)c2cnn(C)c2)cc1F,,0
COc1ccc([C@H]2OC[C@@H]3[C@H]2CO[C@H]3c2ccc(OC)c(OC)c2)cc1OC,,0
COc1ccc([Si](C)(C)c2ccc(OC)c(OC)c2)cc1O,,0
COc1ccc2[nH]c(=O)c3sccc3c2c1/C=C/CN1CCC(N)CC1,,0
COc1ccc2c(C3=C(c4c[nH]c5cc(OC)ccc45)C(=O)NC3=O)c[nH]c2c1,,0
COc1ccc2c(Cc3c(Cl)cncc3Cl)nncc2c1C#CCCCc1ccccc1,,0
COc1ccc2c(Cc3c(Cl)cncc3Cl)nncc2c1OC1CCCO1,,0
COc1ccc2c(O[C@@H]3CC4C(=O)N[C@]5(C(=O)O)C[C@H]5/C=C\CCCCOC(=O)N4C3)nc(Cl)cc2c1,,0
COc1ccc2c(c1)-c1c(ssc1=S)C(C)(C)N2S(=O)(=O)c1ccc(C)cc1,,0
COc1ccc2c(c1)C(=O)N(C[C@@]1(C#Cc3cncc(-c4ccc(O)c(-c5cn[nH]c5)n4)c3)NC(=O)NC1=O)C2,,0
COc1ccc2c(c1)Cc1c(C(=O)N/N=C/c3ccc(Br)cc3)n[nH]c1-2,,0
COc1ccc2c(c1)c(C)c(CCC(=O)NS(=O)(=O)c1ccc(C(C)=O)cc1)n2C(=O)c1ccc(Cl)cc1,,0
COc1ccc2c(c1OC)CN(c1ncnn3c(C)nc(C4CCOCC4)c13)CC2,,0
COc1ccc2c3c1O[C@@H]1[C@]34CCN(C)[C@H](C2)[C@]42C=C[C@@]1(OC)C(C(=O)N(C(C)=O)N(C(C)=O)C(C)=O)C2,,0
COc1ccc2cc(C(C)c3nc4s/c(=C\c5cn(C(C)=O)c6ccccc56)c(=O)n4n3)ccc2c1,,0
COc1ccc2cc(O)c(C(=O)N/N=C/c3ccc(-c4cc(C(F)(F)F)nn4C)s3)cc2c1,,0
COc1ccc2cc3[n+](cc2c1OCC[n+]1ccccc1)CCc1cc2c(cc1-3)OCO2,,0
COc1ccc2ccc(=O)oc2c1C1=NN(S(=O)(=O)c2ccc(C)cc2)C(c2ccccc2)C1,,0
COc1ccc2ccn(CCc3cc4c(cc3Br)OCO4)c(=O)c2c1OC,,0
COc1ccc2ncc(Cl)c(CCC34CCC(NCc5ccc6c(n5)NC(=O)CO6)(CC3)CO4)c2n1,6.5,1
COc1cccc(/C=C/c2ccc(OC)c(OC)c2)c1,,0
COc1cccc(/C=N/n2cncn2)c1OCC#N,,0
COc1cccc(/C=c2\s/c(=C\C(=O)C(C)(C)C)n(C)c2=O)c1OC(C)C,,0
COc1cccc(C(=O)Cn2c(=O)c3c(c(C#N)c(N4CCC[C@H](N)C4)n3Cc3ccccc3)n(C)c2=O)c1,7.0,1
COc1cccc(C2CC(c3cccs3)=NN2C(=O)CSC2=NCCS2)c1OC,,0
COc1cccc(CN2CCC(NC(=O)c3cc(=O)c4ccc(F)cc4o3)CC2)c1,7.98,1
COc1cccc(Oc2c(NS(=O)(=O)c3ccc(C(C)(C)C)cc3)ncnc2OCCOc2nccs2)c1,,0
COc1cccc2c(NCc3ccccc3)nc(C3CNc4ccccc43)nc12,,0
COc1cccc2c1c(NS(=O)(=O)c1ccc(Cl)s1)nn2Cc1cccc(C(=O)N(C)C)c1,,0
COc1ccccc1-c1ccc(/C=C2\SC(=S)NC2=O)o1,,0
COc1ccccc1-c1nnc2n1N=C(c1c(OC)cccc1OC)CS2,,0
COc1ccccc1-n1c(=S)sc2c(=O)n(Cc3ccco3)c(SC)nc21,,0
COc1ccccc1-n1c(O)c2c(c1O)[C@@H]1C=CC=NN1C2C(=O)c1ccc(OC(C)=O)cc1,,0
COc1ccccc1CN1CCN(C(CC(C)C)c2nnnn2Cc2cccs2)CC1,,0
COc1ccccc1CO/N=C/c1cccn1-c1nccc(N(C)C)c1C#N,,0
COc1ccccc1N(CC(O)CN1C(=O)NC(C)(C)C1=O)S(=O)(=O)c1ccc(C)cc1,,0
COc1ccccc1N1CCN(C(=O)CSc2nc3ccccc3o2)CC1,,0
COc1ccccc1Nc1cc(O)c2c(c(C)nc3cccc(O)c32)c1O,,0
COc1ccccc1OCCc1nnc(NC(=O)C2CC23CCC3)s1,,0
COc1ccccc1Sc1cc2c(c3nsnc13)C(=O)c1ccccc1C2=O,,0
COc1ccccc1Sc1cn(Cc2ccccc2)c2nc(N)nc(C)c12,,0
COc1ccnc(C[S+]([O-])c2nc3cc(N4CCCCC4)c(NC(=O)C(F)(F)F)cc3[nH]2)c1OC,,0
COc1ccnc(C[S+]([O-])c2nc3cscc3[nH]2)c1Cl,,0
COc1cnn(C)c(=O)c1-c1ccc(CC(NC(=O)c2c(Cl)cccc2Cl)C(=O)NS(C)(=O)=O)cc1,,0
COc1nc(-c2ccc(C)cc2)cc(-c2c(-c3ccc(F)cc3)nc3c(C)cccn23)c1C#N,,0
COc1nc(N2CC(c3nc4ccccc4n3C)C2)cc(-n2nc(C)nc2C(C)O)n1,,0
COc1nc(Nc2ccc(-c3nc4ccccc4s3)c(OC)c2)c2cc[nH]c2n1,,0
COc1nc(OC)nc(-c2cc(C(=O)c3ccc(Br)cc3)n3ccc(C#N)cc23)n1,,0
COc1ncc(-n2nc3c(c2C(C)C)C(c2ccc(Cl)cc2)N(c2cc(C)c4nnc(C)n4c2)C3=O)c(OC)n1,,0
COc1ncc(N2CCc3ncnc(-c4cnn(C5CCOCC5)c4)c3C2)cc1C,,0
COc1ncc(N2CCc3ncnc(N[C@H]4CCN(C(=O)C5CCOCC5)C4)c3C2)cc1C(F)(F)F,,0
COc1ncccc1-n1nc(C)c2c1C(=O)N(c1cc(Cl)c(=O)n(C)c1)C2c1ccc(Cl)cc1,,0
COc1nn2cc(-c3c(CO)n(Cc4ccccc4Cl)c4ccc(OC(F)(F)F)cc34)nc2s1,,0
CS(=O)(=O)C1CCN(c2cccc3c2ccn3-c2ccnc(N[C@H]3CC[C@H](O)CC3)n2)CC1,,0
CS(=O)(=O)C1CCN(c2nccnc2C2CN(c3ccc4ccccc4n3)C2)C1,,0
CS(=O)(=O)CC1(CNc2ccc(Br)cn2)CC1,,0
CS(=O)(=O)CCn1c(CN2C(=O)C3(CC3)c3ccncc32)cc2ccccc21,,0
CS(=O)(=O)Cc1cc([C@@]23CCOC[C@@H]2C3)nc(-c2cccc(O)c2)n1,,0
CS(=O)(=O)Cc1ccc(C(=O)N2CCN(C(=O)c3cccs3)CC2)cc1,,0
CS(=O)(=O)Cn1cnc2c(N3C4CCC3COC4)nc(-c3cncc4[nH]ccc34)cc21,,0
CS(=O)(=O)N(CC(=O)N1CCN(c2ccccc2)CC1)c1cc(C(F)(F)F)ccc1Cl,,0
CS(=O)(=O)N(CC(=O)NCC1CCCO1)c1cc(Cl)cc(Cl)c1,,0
CS(=O)(=O)N(CC(N)=O)c1cc(C(F)(F)F)ccc1Cl,,0
CS(=O)(=O)N(CCC(F)(F)F)c1c(Cl)c(Cl)cc2[nH]c(=O)c(=O)[nH]c12,,0
CS(=O)(=O)N(Cc1ccco1)CC(O)Cn1c2ccccc2c2c(F)cccc21,,0
CS(=O)(=O)N1CCC(C(O)(c2cncnc2Nc2ccc(F)cc2)C(F)(F)F)CC1,,0
CS(=O)(=O)N1CCC[C@H](Nc2ncccc2-c2cnc3[nH]ncc3n2)C1,,0
CS(=O)(=O)N1CCN(c2ccc(CO[C@H]3CO[C@](Cn4ccnc4)(c4ccccc4Cl)OC3)cc2)CC1,,0
CS(=O)(=O)N1CCN(c2ccc(NC(=O)c3ccc(Br)o3)cc2)CC1,,0
CS(=O)(=O)N1CCN(c2ccc(Nc3nc(-c4cnc(N)cc4C(F)(F)F)cc(N4CCOCC4)n3)cc2)CC1,,0
CS(=O)(=O)N1CCN(c2ccccc2NC(=O)c2ccc(Br)o2)CC1,,0
CS(=O)(=O)N1CCN(c2nc(-c3cc(C(N)=O)cc(C(F)(F)F)c3)nc(N3CCOCC3)n2)CC1,,0
CS(=O)(=O)N1CCc2nc(N3CCC(Oc4ccc(F)cc4F)CC3)c(NCC(F)F)nc2C1,,0
CS(=O)(=O)NC(=O)c1c(-c2ccc[nH]c2=O)c2c3occc3ccc2n1Cc1ccc(F)cc1F,,0
CS(=O)(=O)NC(C(=O)N1CCCC1C(=O)NCc1ccc(C(=N)NN)s1)C(c1ccccc1)c1ccccc1,,0
CS(=O)(=O)NC[C@@H]1CCC[C@@]2(S(=O)(=O)c3ccc(Cl)cc3)c3c(F)ccc(F)c3OC[C@@H]12,,0
CS(=O)(=O)N[C@H]1CN(C(=O)CCc2ccco2)C[C@@H]1C1CC1,,0
CS(=O)(=O)Nc1c(F)ccc(C(=O)c2ccc3[nH]c4ncc(Cl)cc4c3c2)c1F,,0
CS(=O)(=O)Nc1ccc(-c2coc3cc(C#CC4CCN(C(=O)C5CC5)CC4)ccc3c2=O)cc1,,0
CS(=O)(=O)Oc1ccc(CCCC[C@H]2CO[C@@](C)(C(=O)O)OC2)cc1,,0
CS(=O)(=O)Oc1ccc(Oc2ccc(S(=O)(=O)CC3CS3)cc2)cc1,,0
CS(=O)(=O)c1cc(C#N)ccc1C(=O)N1CCC(N(C2CC2)S(=O)(=O)c2cccc(C(F)(F)F)c2)CC1,,0
CS(=O)(=O)c1cc(C#N)ccc1C1C2=C(CCC2=O)N(c2cccc(C(F)(F)F)c2)C(=O)N1S(C)(=O)=O,,0
CS(=O)(=O)c1cc(C#N)ccc1[C@H]1C2=C(CCC2=O)N(c2cccc(C(F)(F)F)c2)C(=O)N1CC1COC1,,0
CS(=O)(=O)c1cc(F)c2c(c1)C(=Nc1cncc(F)c1)C(C(N)=O)NN2,,0
CS(=O)(=O)c1cc([N+](=O)[O-])c(N(CCCl)CCCl)cc1C(=O)NCC(O)CO,,0
CS(=O)(=O)c1ccc(-c2cn[nH]c(=O)c2-c2ccccc2)cc1,,0
CS(=O)(=O)c1ccc(-c2cnn(Cc3nccs3)c(=O)c2-c2ccc(F)cc2)cc1,,0
CS(=O)(=O)c1ccc(-c2nc(SCCCOC(=O)/C=C/c3ccccc3)nn2-c2ccc(Br)cc2)cc1,,0
CS(=O)(=O)c1ccc(-c2nn3c4c(cnc3c2-c2ccc(F)cc2)C(=O)CCC4)cc1,,0
CS(=O)(=O)c1ccc(-c2nn3c4c(cnc3c2-c2ccc(F)cc2)CCC4)cc1,,0
CS(=O)(=O)c1ccc(-n2cnc(Cl)c2-c2c[nH]ccc2=O)cc1,,0
CS(=O)(=O)c1ccc(/C(=C\C2CCCC2)C(=O)Nc2ncc(Cl)s2)cc1,,0
CS(=O)(=O)c1ccc(C(=O)OC(C(=O)NC2C3CC4CC(C3)CC2C4)c2ccccc2)cc1[N+](=O)[O-],,0
CS(=O)(=O)c1ccc(Cl)c(NC(=O)c2cc(S(=O)(=O)N3CCOCC3)ccc2N2CCCC2)c1,,0
CS(=O)(=O)c1ccc(F)cc1C(=O)N1CCC(N(C2CC2)S(=O)(=O)c2cc(C(F)(F)F)ccc2F)CC1,,0
CS(=O)(=O)c1ccc(N2CCN(c3cccc(C(=O)N[C@H]4C5CC6CC4C[C@](O)(C6)C5)n3)CC2)cc1,,0
CS(=O)(=O)c1ccc(N2CCc3c(OC4CCN(C(=S)Sc5ccccc5)CC4)ncnc32)c(F)c1,,0
CS(=O)(=O)c1ccc(Oc2c(C3CCC3)ccc(-c3cnc(N)cn3)c2F)nc1,,0
CS(=O)(=O)c1ccc(Oc2cc(F)cc(C#N)c2)c2c1[C@H](O)CC2,,0
CS(=O)(=O)c1ccc(Oc2ncnc3c2cnn3C2CCN(C(=O)OCC(Cl)(Cl)Cl)CC2)cc1,,0
CS(=O)(=O)c1ccc2nnn(OCC(=O)Nc3ccc(Br)cc3Br)c2c1,,0
CS(=O)(=O)c1cccc(-c2csc3ncnc(Nc4ccncc4)c23)c1,,0
CS(=O)(=O)c1cccc(-c2nc(C(c3ccc(F)cc3)c3ccc(F)cc3)sc2CC(=O)O)c1,,0
CS(=O)(=O)c1cccc(Nc2nccc(Nc3cccc4c(Cl)c[nH]c34)n2)c1,,0
CS(=O)(=O)c1nc(NS(=O)(=O)Cc2cc(Cl)cc(Cl)c2)c(O)cc1Cl,,0
CSC1=NC(=Nc2c(C)cccc2C)C2(CCCCC2)N1c1ccccc1Cl,,0
CSCCC(NC(=O)c1cccc2c(NC[C@@H](N)CS)cccc12)C(=O)O,,0
CSCCC1NC(=O)C[C@H]2/C=C/CCSSCC(NC1=O)C(=O)N[C@H](CC(C)C)[C@@H](O)CC(=O)O2,,0
CS[C@@H](Cn1nnc2cc(C#Cc3ccc(-n4ccnc4CO)cc3)ccc21)N(O)C=O,,0
CSc1ccc(C(=O)C2CCCN(S(=O)(=O)c3c(C)noc3C)C2)cc1,,0
CSc1ccc(C(=O)Nc2cc(S(=O)(=O)N3CCOCC3)ccc2N2CCOCC2)cc1[N+](=O)[O-],,0
CSc1nc(N2CCOCC2)c2cnn(CC(Cl)c3ccc(F)cc3)c2n1,,0
CSc1nc(N2CCOCC2)c2cnn(CC(Cl)c3ccccc3)c2n1,,0
CSc1nc2ccc(NC(=O)c3ccc(=O)n(C)n3)cc2s1,,0
CSc1ncccc1C(=O)N1CCN(S(=O)(=O)c2ccc(F)cc2)CC1,,0
CSc1nn(Cc2ccc(C)cc2)c(N)c1S(=O)(=O)c1ccccc1,,0
CSc1nnc(NC(=O)c2nc(S(=O)(=O)Cc3cccc(C)c3)ncc2Cl)s1,,0
CSc1sc(-c2n[nH]c(=S)n2-c2ccc([N+](=O)[O-])cc2)c2c1C(=O)CCC2,,0
C[C@@H](NC(=O)c1cc(-c2ccccc2)nn1C)c1ccc(C(=O)NS(C)(=O)=O)cc1,,0
C[C@@H](NC(=O)c1ccc(C#Cc2ccc(F)cn2)cn1)C(C)(C)O,,0
C[C@@H](NC(=O)c1csc(-c2ccc(Cl)cc2)n1)[C@](O)(Cn1cncn1)c1ccc(F)cc1F,,0
C[C@@H](NC(=O)c1nsc(-c2ccc(Cl)cc2)n1)[C@](O)(Cn1cncn1)c1ccc(F)cc1F,,0
C[C@@H](NS(=O)(=O)CCCOCn1ccc(=O)[nH]c1=O)c1cccc(OCC(C)(C)C)c1,,0
C[C@@H](Nc1nccc(-c2c(-c3ccccc3)nc3nc(N)ccn23)n1)c1ccccc1,,0
C[C@@H](O)[C@@H](NC(=O)Nc1cc2[nH]nc(N3CCc4ncsc4C3)c2cn1)c1ccccc1,,0
C[C@@H](O)[C@@H](Nc1ccc(C#N)c2ccccc12)c1nnc(-c2ccc(C#N)cc2)o1,,0
C[C@@H](c1ccc(-c2ccc(=O)n(C)c2)cc1)N1CC[C@](CC(C)(C)N(C)S(C)(=O)=O)(c2ccccc2)OC1=O,,0
C[C@@H](n1cnc2cc(-c3ccc([N+](=O)[O-])cc3)sc2c1=O)[C@](O)(Cn1cncn1)c1ccc(F)cc1F,,0
C[C@@H]1CC2C3CC=C4CC(=O)C=C[C@]4(C)[C@@]3(F)[C@@H](O)C[C@]2(C)[C@@]1(O)C(=O)CSCCN=C=S,,0
C[C@@H]1CC[C@@H](Oc2cc(C#N)ccn2)CN1C(=O)c1ccc(OC(F)F)cc1-n1nccn1,,0
C[C@@H]1CC[C@@H]2[C@]34OO[C@@](C)(CCC13)O[C@H]4O[C@]2(C)COS(=O)(=O)c1ccccc1,,0
C[C@@H]1CN(C(=O)c2ccccc2)CCN1C(=O)C(=O)c1cn2c(n1)sc1ccccc12,,0
C[C@@H]1CN(Cc2cnc(C(F)(F)F)s2)c2cccc(F)c2[C@H](C)N1C(=O)CCc1cccnc1,,0
C[C@@H]1CN([C@@H](C)CO)C(=O)CCCn2nncc2CO[C@@H]1CN(C)S(=O)(=O)c1ccc2ccccc2c1,,0
C[C@@H]1CN([C@@H](C)CO)C(=O)CCCn2nncc2CO[C@H]1CN(C)S(=O)(=O)c1ccc2ccccc2c1,,0
C[C@@H]1CN([C@@H](C)CO)C(=O)c2cccc(NS(C)(=O)=O)c2O[C@H]1CN(C)Cc1ccc(C(=O)O)cc1,,0
C[C@@H]1CN([C@@H](C)CO)S(=O)(=O)c2ccc(Br)cc2O[C@@H]1CN(C)C(=O)c1ccccn1,,0
C[C@@H]1CN([C@@H](C)CO)S(=O)(=O)c2ccc(Br)cc2O[C@H]1CN(C)C(=O)c1ccccc1,,0
C[C@@H]1CN([C@@H](C)CO)S(=O)(=O)c2ccc(C#CC3(O)CCCC3)cc2O[C@H]1CN(C)C(=O)c1ccccc1,,0
C[C@@H]1CN([C@@H](C)CO)S(=O)(=O)c2ccc(C3=CCCC3)cc2O[C@H]1CN(C)C(=O)c1ccccc1,,0
C[C@@H]1CN([C@H](C)CO)C(=O)CCCn2cc(nn2)CO[C@H]1CN(C)S(=O)(=O)c1ccc2ccccc2c1,,0
C[C@@H]1CN([C@H](C)CO)C(=O)c2cc(NC(=O)Cc3cn(C)c4ccccc34)ccc2O[C@H]1CN(C)S(=O)(=O)c1ccccc1,,0
C[C@@H]1CN([C@H](C)CO)S(=O)(=O)c2ccc(-c3ccncc3)cc2O[C@@H]1CN(C)C(=O)Nc1ccc(C(F)(F)F)cc1,,0
C[C@@H]1CN(c2ccc(C#N)c(C(F)(F)F)c2)[C@@H](C)CN1C(=O)Nc1ccc(=O)[nH]c1,,0
C[C@@H]1CN(c2ccc(S(=O)(=O)Nc3ccc(Cl)cc3C(=O)c3ccc[n+]([O-])c3)cc2)C[C@H](C)O1,,0
C[C@@H]1CN(c2scnc2-c2nc3ccccc3[nH]2)CCN1C(=O)CN1C(=O)C(F)(F)c2ccccc21,,0
C[C@@H]1CN2c3c(cc4c(C(=O)NCc5cccs5)noc4c3F)CC3(C(=O)NC(=O)NC3=O)[C@H]2[C@H](C)O1,,0
C[C@@H]1COCCN1c1nc(-c2cnc(N)cc2C(F)F)nc(N2[C@H](C)COC[C@@H]2C)n1,,0
C[C@@H]1C[C@H](O)C2=C(COC(=O)/C=C/c3ccc(C(F)(F)F)cc3)C(=O)O/C2=C/[C@@]2(C)CC[C@]1(O)O2,,0
C[C@@H]1C[C@H](O)C2=C(COC(=O)/C=C/c3ccccc3)C(=O)O/C2=C/[C@@]2(C)CC[C@]1(O)O2,,0
C[C@@H]1C[C@H]2O[C@@H]2C(Sc2ccccc2)C=CCC(=O)Cc2c(Cl)c(O)cc(O)c2C(=O)O1,,0
C[C@@H]1OC(=O)C2C[C@H]3CCCC[C@@H]3[C@@H](CCCN3CCN(C4CCCCC4)CC3)[C@H]21,,0
C[C@@H]1O[C@@H](O[C@H]2CC[C@@]3(C=O)[C@H](CC[C@@H]4[C@@H]3C[C@@H](O)[C@]3(C)[C@@H](C5=CC(=O)OC5)CC[C@]43O)C2)[C@H](O)[C@H](O)[C@H]1O,,0
C[C@@](O)(C(=O)Nc1ccc(S(=O)(=O)NS(=O)(=O)c2ccc(CCN)cc2)cc1Cl)C(F)(F)F,,0
C[C@@]1(C(F)(F)F)CN(c2cccc[n+]2[O-])c2cc(S(=O)(=O)c3ccccc3)ccc2O1,,0
C[C@@]1(c2cc(CNC34CC(C3)C4)c(F)cc2F)CCSC(=N)N1,,0
C[C@@]12CC[C@@H]3[C@@](CC[C@H]4[C@@]3(C)CCC[C@@]4(C)C(=O)O[C@@H]3O[C@H](CO)[C@H](O)[C@H](O)[C@H]3O)(CC1=O)C2,,0
C[C@H](CCC(=O)[O-])[C@H]1CC[C@H]2[C@@H]3CC[C@@H]4C[C@H](OC(=O)C[n+]5ccc(N(C)C)cc5)CC[C@]4(C)[C@H]3CC[C@]12C,,0
C[C@H](CO)N1C[C@H](C)[C@@H](CN(C)C(=O)Nc2cccc3ccccc23)OCCCC[C@H](C)Oc2ccc(N(C)C)cc2C1=O,,0
C[C@H](CO)N1C[C@H](C)[C@@H](CN(C)C(=O)Oc2ccc3ccccc3c2)OCc2cnnn2CCCC1=O,,0
C[C@H](CO)N1C[C@H](C)[C@@H](CN(C)C(=O)c2ccccn2)Oc2cc(Br)ccc2S1(=O)=O,,0
C[C@H](CO)N1C[C@H](C)[C@@H](CN(C)S(=O)(=O)c2ccccc2)Oc2ccc(NC(=O)Cn3cnnn3)cc2C1=O,,0
C[C@H](CO)N1C[C@H](C)[C@@H](CN(C)S(=O)(=O)c2cn(C)cn2)Oc2c(NC(=O)Nc3ccccc3)cccc2C1=O,,0
C[C@H](CO)N1C[C@H](C)[C@H](CN(C)S(=O)(=O)c2ccccc2)Oc2c(NC(=O)c3nc4ccccc4s3)cccc2C1=O,,0
C[C@H](CO)N1C[C@H](C)[C@H](CN(C)S(=O)(=O)c2ccccc2)Oc2cc(C#Cc3ccncc3)ccc2S1(=O)=O,,0
C[C@H](CO)Nc1nc(Nc2ccc([S+](N)[O-])cc2)ncc1Br,,0
C[C@H](Cc1ccc(O)c(I)c1)Nc1ncnc2c1ncn2[C@@H]1O[C@H](CO)[C@@H](O)[C@H]1O,,0
C[C@H](NC(=O)Cn1nc2c(I)ccnn2c1=O)c1ccc(OC(F)(F)F)cc1,,0
C[C@H](NS(C)(=O)=O)c1ccc(S(=O)(=O)c2ccc(Cl)cc2S(=O)(=O)c2ccccc2Cl)cc1,,0
C[C@H](Nc1nccc(-c2cc(N3CCCCC3)nnc2-c2cccc(C(F)(F)F)c2)n1)c1ccccc1,,0
C[C@H](Nc1ncnc(N)c1C#N)c1nc2ccc(F)cc2c(N2CC(O)C2)c1-c1ccccn1,,0
C[C@H](Oc1ccc(S(C)(=O)=O)cc1C(=O)N1Cc2ccc(C(F)(F)F)nc2C1)C(F)(F)F,,0
C[C@H]([C@@H]1O[C@H]1C[C@H]1CO[C@@H](CC(=O)CC(=O)c2cnc(N(C)C)nc2)[C@H](O)[C@@H]1O)[C@H](C)O,,0
C[C@H](c1ccc(F)cc1)N1C(=O)O[C@](Cc2ccccc2)(c2nc3c(-c4cccnc4)cccc3[nH]2)C1=O,,0
C[C@H]1CN([C@@H](C)CO)C(=O)CCCn2nncc2CO[C@@H]1CN(C)C(=O)Nc1ccc2c(c1)OCCO2,,0
C[C@H]1CN([C@@H](C)CO)C(=O)CCCn2nncc2CO[C@H]1CN(C)S(=O)(=O)c1ccc2ccccc2c1,,0
C[C@H]1CN([C@@H](C)CO)C(=O)c2cc(-c3cccc(C(=O)N(C)C)c3)cnc2O[C@H]1CN(C)C(=O)Cc1ccccn1,,0
C[C@H]1CN([C@@H](C)CO)S(=O)(=O)c2ccc(Br)cc2O[C@@H]1CN(C)C(=O)C1CCOCC1,,0
C[C@H]1COCCN1c1cc(C2(S(=O)(=O)CCCO)CC2)nc(-c2ccc(NC(=S)NC3CC3)cc2)n1,,0
C[C@H]1C[C@H]1Cn1ncc(-c2ccc(S(C)(=O)=O)cc2)c(-c2ccc(F)cc2)c1=O,,0
C[C@H]1Cc2c(ccc([C@H]3CN4CCN(C(=O)C5CCc6nc(-n7cnnn7)ccc65)C[C@H]4CO3)c2F)C(=O)O1,,0
C[C@H]1Cc2cc([C@@H]3CN4CCN(C(=O)C5CCc6nc(-n7cnnn7)ccc65)C[C@H]4CO3)ccc2C(=O)O1,,0
C[C@H]1OC(=O)C2CC(F)(F)[C@@H](C)[C@H](/C=C/c3ccc(-c4ccccc4OC(F)(F)F)cn3)C21,,0
C[C@H]1OO[C@@H](COC(=O)CC23CC4CC(CC(Br)(C4)C2)C3)[C@H]2O[C@H]21,,0
C[C@H]1O[C@@H](O[C@H]2CC[C@@]3(CO)[C@@H](CC[C@@H]4[C@@H]3CC[C@]3(C)[C@@H](C5=CC(=O)OC5)CC[C@]43O)C2)[C@H](O)[C@H](O)[C@@H]1O,,0
C[C@H]1O[C@@H](O[C@H]2CC[C@]3(C=O)[C@H]4C[C@@H](O)[C@]5(C)[C@@H](C6=CC(=O)OC6)CC[C@]5(O)[C@@H]4CC[C@]3(O)C2)[C@H](O)[C@H](O)[C@@H]1O,,0
C[C@H]1O[C@@H](n2cc(-c3ccccc3)c3c(NCc4ccccc4)ncnc32)[C@H](O)[C@@H]1O,,0
C[C@H]1[C@H](OC(=O)CCC(=O)Oc2ccc(CCO)cc2)O[C@@H]2O[C@]3(C)CC[C@H]4[C@H](C)CC[C@@H]1[C@@]24OO3,,0
C[C@](O)(C(=O)Nc1cccc2c1C(=O)c1sccc1CS2(=O)=O)C(F)(F)F,,0
C[C@](O)(Cn1cc(Br)c(F)n1)C(=O)Nc1cnc(C#N)c(C(F)(F)F)c1,,0
C[C@](O)(c1ccc(S(=O)(=O)c2cc(O)c(C#N)cc2Cl)cc1)C(F)(F)F,,0
C[C@]1(C#CCCCCc2ccccc2)O[C@@H]2OC(=O)N(C(=O)CCl)[C@@H]2CC1=O,,0
C[C@]1(C(=O)N[C@H]2C3CC4CC2C[C@](O)(C4)C3)CCCN1S(=O)(=O)c1cccs1,,0
C[C@]12C=CC(=O)C=C1[C@@H](F)C[C@H]1[C@@H]3C[C@H]4CN(Cc5ccc6ccccc6n5)C[C@@]4(C(=O)CO)[C@@]3(C)C[C@H](O)[C@@]12F,,0
C[C@]12CCC(=O)C=C1CC[C@@H]1[C@@H]2[C@@H](O)C[C@@]2(C)[C@H]1CC[C@]2(O)C(=O)CSc1nc2ncccc2o1,,0
C[C@]12CC[C@@H](O)C[C@H]1CC[C@@H]1[C@@H]2CC[C@]2(C)[C@@H](c3ccc(=O)oc3)[C@@H](O)[C@H]3O[C@]132,,0
C[C@]12CC[C@@]3(C[C@@H]1CC[C@@H]1[C@@H]2CC[C@]2(C)C(=O)CC[C@@H]12)CN(Cc1ccc(C(F)(F)F)nc1)C(=O)O3,,0
C[C@]12CC[C@H](O)CC1=CC[C@@H]1[C@@H]2CC[C@]2(C)C(=C(/C#N)C(N)=O)/C(=C/c3ccc(Cl)c(Cl)c3)C[C@@H]12,,0
C[C@]12CC[C@H](O[C@@H]3O[C@@H](CO)[C@H](O)[C@H](O)[C@@H]3O)CC1CC[C@@H]1[C@@H]2CC[C@]2(C)[C@@H](C3=CC(=O)OC3)CC[C@@]12O,,0
C[C@]12CC[C@H](O[C@@H]3O[C@H](CO)[C@@H](O)[C@H]3O)C[C@@H]1CC[C@@H]1[C@@H]2CC[C@]2(C)[C@@H](C3=CC(=O)OC3)CC[C@@]12O,,0
C[C@]12c3[nH]c4ccc(Cl)cc4c3CCN1C(=O)C(CC(=O)NCc1ccco1)CC2C(=O)N1CCCCC1,,0
C[N+](C)(CCCCNC(=O)Cc1ccc(OCc2ccccc2)cc1)CCNC(=O)c1nc(Cl)c(N)nc1N,6.48,1
C[N+]1(CC2=C(C(=O)[O-])N3C(=O)C(NC(=O)CSc4cc(Cl)ccc4Cl)[C@H]3SC2)C2CCC1CC(=O)C2,,0
C[N+]1(CCOP(=O)([O-])OCCOC2CCCCC2)CCOCC1,,0
C[S+]([O-])c1ncc(COc2cc(C=C3Sc4ncccc4C3=O)c(Br)c(F)c2O)cn1,,0
C[n+]1ccc(/C=N/NC(=O)c2cc(C(=O)N/N=C/c3cc[n+](C)c4ccccc34)ncn2)c2ccccc21,,0
C[n+]1ccc(/C=N/NC(=O)c2ccc3ccc(C(=O)N/N=C/c4cc[n+](C)c5ccccc45)nc3n2)c2ccccc21,,0
C[n+]1ccc(SCC2=C(C(=O)[O-])N3C(=O)C(=NC(=O)C(NOC4CCCC4)c4csc(N)n4)[C@H]3CO2)cc1,,0
Cc1[nH]c(=O)c(C#N)c(C)c1CCC(=O)Nc1cc(S(C)(=O)=O)ccc1Cl,,0
Cc1[nH]n(-c2ccccc2)c(=O)c1C(=S)Sc1cc(O)[nH]c1O,,0
Cc1[nH]n(C(N)=S)c(=O)c1N=Nc1c(C)n(C)n(-c2ccccc2)c1=O,,0
Cc1c(-c2ccc(C(=O)N(C)C)cc2)c(=O)oc2c(C=O)c(O)ccc12,,0
Cc1c(-c2ccc(C(N)=O)c3[nH]c4cc(C(C)(C)O)ccc4c23)cccc1-n1ccc2ccccc2c1=O,,0
Cc1c(-c2cccc(C3=NCCN3)c2)oc(-c2cccc(C3=NCCN3)c2)c1C,,0
Cc1c(-c2cccc(S(C)(=O)=O)c2)nc2cc(F)ccc2c1N1CC2(CCOCC2)c2ccc(N3CCOCC3)cc21,,0
Cc1c(-c2nnc(-c3ccccc3)o2)sc2c1c(=O)n(-c1ccccc1)c(=O)n2Cc1nc(-c2ccccc2Cl)no1,,0
Cc1c(C#N)ccc2[nH]nc(C=Cc3cccc(CN4CCN(C)CC4)c3)c12,,0
Cc1c(C(=O)N(C)C)sc2c1c(=O)n(-c1ccc(Cl)c(Cl)c1)c(=O)n2CC(=O)C(C)(C)C,,0
Cc1c(C(=O)N/N=C/c2ccc(Br)s2)nnn1Nc1ccc(Br)cc1,,0
Cc1c(C(=O)N2CC(S(=O)(=O)c3ccccc3)C2)cnn1-c1nc(=O)c2cccn2[nH]1,,0
Cc1c(C(=O)N2CCC(N(C)C)CC2)cc2c(N3CCOCC3)nc(-c3cnc(N)cc3C(F)(F)F)nn12,,0
Cc1c(C(=O)N2CCOCC2)oc2c1-c1nn(CC(=O)NC3CCCCC3C)cc1CC2,,0
Cc1c(C(=O)NCCO)sc2ncnc(Nc3ccc(F)cc3OC(C)CNC(=O)OC(C)(C)C)c12,,0
Cc1c(C(=O)NCc2ccco2)sc(=O)n1Cc1ccc(S(C)(=O)=O)cc1,,0
Cc1c(C(=O)Nc2ccc(Oc3ccnc4[nH]ccc34)cc2)nnn1-c1ccccc1,,0
Cc1c(C(=O)Nc2cccc(C(F)(F)F)c2)cc(C(C)(C)C)n1CCC(C)N1CCNCC1,,0
Cc1c(C(=O)O)oc2ccc(S(=O)(=O)N3CCN(c4ccccc4)CC3)cc12,,0
Cc1c(CN(C)C)c2ccccc2n1S(=O)(=O)c1cccc(/C=C/C(O)=NO)c1,,0
Cc1c(CNCCc2ccccc2Cl)c(C(=O)O)c(C)n1-c1ccccc1,,0
Cc1c(CNc2cccc3c2CCCC3)cnc2nc(N)nc(N)c12,,0
Cc1c(Cl)cccc1NC(=O)Cn1nc(C)n2cccc2c1=O,,0
Cc1c(Cl)cccc1S(=O)(=O)NC(C)(C)CC(=O)N[C@H]1C2CC3CC1C[C@](O)(C3)C2,,0
Cc1c(Cl)cccc1S(=O)(=O)NCC(O)c1cccn1C,,0
Cc1c(N2CC[C@@]3(C[C@@H]3N)C2)c(F)cn2c(=O)c(C(=O)O)cc(C3CC3)c12,,0
Cc1c(N=C2CC(=O)CC(C)(C)C2)c(=O)n(-c2ccccc2)n1C,,0
Cc1c(NC(=O)CN(c2ccc(F)cc2)S(=O)(=O)c2ccccc2)c(=O)n(-c2ccccc2)n1C,,0
Cc1c(NC(=S)N/N=C/c2ccc(N(C)C)cc2)c(=O)n(-c2ccccc2)n1C,,0
Cc1c(NS(=O)(=O)c2ccc(S(=O)(=O)c3ccccc3)s2)c(=O)n(-c2ccccc2)n1C,,0
Cc1c(NS(=O)(=O)c2cccs2)c(=O)n(-c2ccccc2)n1C,,0
Cc1c(Nc2cc(=O)oc3ccccc23)c(=O)n(-c2ccccc2)n1C,,0
Cc1c(O)c2c(c(C)c1CCO)[C@H](O)C(C)(C)[C@@H]2SCC(N)C(=O)O,,0
Cc1c(O)n(-c2ccc(S(=O)(=O)C(F)(F)F)cc2)c(=O)n1Cc1ccccc1,,0
Cc1c(Oc2ccc(S(C)(=O)=O)cc2F)ncnc1OC1CCN(C(=O)OC(C)C)CC1,,0
Cc1c(Sc2cccc(N)c2)n(COCC[Si](C)(C)C)c(=O)[nH]c1=O,,0
Cc1c2c(n3c1CCN(C)c1cc(C(N)=O)c(Cl)cc1-3)CC(C)(C)CC2=O,,0
Cc1cc(-c2cccc3ccccc23)c(C#N)c(=S)n1C1OC(CO)C(O)C(O)C1O,,0
Cc1cc(-c2ccccc2)cc(C(=O)NNS(=O)(=O)c2ccccc2)c1F,,0
Cc1cc(-c2ccn3nc(N)c(-c4ccccn4)c3n2)cc2c1C(=O)N([C@@H](C)C1CC1)C2,,0
Cc1cc(-c2cn(CC(=O)N3CCN(c4ncccn4)CC3)c(-c3ccccc3)n2)cc(C)c1F,,0
Cc1cc(-c2nc(C(=O)Nc3cc4oc(N5CCOCC5)nc4nc3N3CCC(F)CC3)co2)ccn1,,0
Cc1cc(-n2cc(S(C)(=O)=O)c3ccc(N[C@@H](C)c4ccc(F)cc4F)nc32)[nH]n1,,0
Cc1cc(-n2cc3c(n2)CN(C(=O)c2cc(S(C)(=O)=O)ccc2O[C@@H](C)C(F)(F)F)C3)ccn1,,0
Cc1cc(-n2ccnc2)cc2[nH]c(-c3c(N[C@H](CO)Cc4ccccc4Br)cc[nH]c3=O)nc12,,0
Cc1cc(-n2nccn2)c(C(=O)N2CC[C@H]2c2nc(-c3cccc(Cl)c3C)no2)cc1Cl,,0
Cc1cc(=O)oc2c(C3=NN(C=O)C(c4ccccc4)C3)c(O)ccc12,,0
Cc1cc(=O)oc2c1ccc1c(O)c(C=NC(C)C)cc(C=O)c12,,0
Cc1cc(=O)oc2cc(OCCOc3no[n+]([O-])c3S(=O)(=O)c3ccccc3)ccc12,,0
Cc1cc(C#N)ccc1N1CCN(S(=O)(=O)N2CSCC2C(O)=NO)CC1,,0
Cc1cc(C(=O)COC(=O)c2cnccn2)c(C)n1-c1ccc(Br)cc1,,0
Cc1cc(C(=O)CSc2nn3c(=O)c(C(C)(C)C)nnc3s2)c(C)n1C,,0
Cc1cc(C(=O)N(C)Cc2cnn(C)c2)c(NC(=O)C(C)(C)C)s1,,0
Cc1cc(C(=O)NNS(=O)(=O)c2ccccc2F)cc(-c2ccccn2)c1,,0
Cc1cc(C(F)(F)F)ccc1CCC1CCN(S(=O)(=O)CC2(N(O)C=O)CCN(C(=O)C3CCC3)CC2)CC1,,0
Cc1cc(C(F)(F)F)nc(NNc2nc(C)cc(C(F)(F)F)n2)n1,,0
Cc1cc(C(F)(F)F)nc(SCC(=O)Nc2cc(C)on2)n1,,0
Cc1cc(C(F)(F)F)nn1CC(=O)Nc1cncc(C(=O)c2cn(C(C)(CO)CO)c3ncncc23)c1,,0
Cc1cc(C(F)(F)F)nn1CC(=O)Nc1cncc(C(=O)c2cn(C(C)C)c3ncncc23)c1,,0
Cc1cc(C(c2ccc(Cl)cc2)c2ccc(Cl)cc2)sc1C(=O)NC(CCCN=C(N)N)C(=O)O,,0
Cc1cc(C)c(-c2[nH]c(C(C)O)nc2C)cc1C(=O)N1CC(F)(c2ccc(C#N)cc2)C1,,0
Cc1cc(C)c(C(=O)CSc2nnc3c(=O)n(-c4ccc(F)cc4)ccn23)cc1C,,0
Cc1cc(C)c(CN2CCc3c(Cl)cc([C@@H](CO)[C@@H]4CCOC4)c(Cl)c3C2=O)c(=O)[nH]1,,0
Cc1cc(C)c(NS(=O)(=O)c2ccc3c(c2)oc(=O)n3C)c(C)c1,,0
Cc1cc(C)c(S(=O)(=O)N(CC(=O)N2CCOCC2)C2CCCCC2)c(C)c1,,0
Cc1cc(C)c(S(=O)(=O)N2CCOC2CNC(=O)C(=O)NCCCn2ccnc2)c(C)c1,,0
Cc1cc(C)c(S(=O)(=O)NC(=O)CSc2nc(=O)c3ccccc3[nH]2)c(C)c1,,0
Cc1cc(C)c(S(=O)(=O)NC(Cc2c[nH]c3c(C)cccc23)C(F)(F)F)c(C)c1,,0
Cc1cc(C)c(S(=O)(=O)c2ccccc2C)c(OCCO)n1,,0
Cc1cc(C)c(S(=O)(=O)n2ccn(S(=O)(=O)c3c(C)cc(C)cc3C)c2=O)c(C)c1,,0
Cc1cc(C)c2nc(NNC(=O)c3ccc(S(=O)(=O)N4CC(C)CC(C)C4)cc3)sc2c1,,0
Cc1cc(C)cc(N(CC(=O)NC2CCCC2)C(=O)CCC(=O)Nc2nc(C)cs2)c1,,0
Cc1cc(C)cc(N2C(=O)CS(=O)(=O)C23C(=O)N(Cc2ccc(F)cc2)c2ccc(C)cc23)c1,,0
Cc1cc(C)cc(N=C2C(=O)c3ccccc3C(=O)C2NS(=O)(=O)c2ccco2)c1,,0
Cc1cc(C)cc(S(=O)(=O)n2c(SCC(=O)Nc3ccc(C)cc3Cl)nc3ccccc32)c1,,0
Cc1cc(C)n(CC(=O)N(C)Cc2csc(-c3cccs3)n2)c(=O)n1,,0
Cc1cc(C)n2cc(CCc3nc(-c4cccs4)cn3C3CCCC3)nc2n1,,0
Cc1cc(C)n2cc(CSc3nc(-c4ccccc4)cn3C(C)C)nc2n1,,0
Cc1cc(C)nc(NC2CC3CCC2N3C(=O)c2c(F)cccc2-n2nccn2)n1,,0
Cc1cc(C)nc(OC(C(=O)O)[C@@]2(c3ccccc3)NCC(=O)N(Cc3ccc(F)cc3)c3ccccc32)n1,,0
Cc1cc(C)nc(OC(C(=O)O)[C@@]2(c3ccccc3)NCC(=O)N(Cc3ccccc3C)c3ccccc32)n1,,0
Cc1cc(C2CCCN2C(=O)NCc2c(C)cc(C)[nH]c2=O)on1,,0
Cc1cc(CN(CC(C)C)C(CC(=O)O)c2ccc3c(c2)CCO3)ccc1OCCn1c(=O)ccn(C)c1=O,,0
Cc1cc(CNc2cc(Cl)nn3c(-c4cccc(S(=O)(=O)N(C)C)c4)c(C)nc23)ccn1,,0
Cc1cc(Cl)c2cc(C(=O)N[C@H](C)c3ccc(S(=O)(=O)CC(=O)OC4COC4)cc3)n(C)c2c1,,0
Cc1cc(Cl)cc(C)c1OCCCCn1ccnc1,,0
Cc1cc(Cl)cc(CNC(=O)Nc2ccc3c(c2)B(O)OC3)c1,,0
Cc1cc(Cl)ccc1C1c2c(nn(Cc3ccccn3)c2C(C)C)C(=O)N1c1cc(Cl)ccc1C,,0
Cc1cc(Cl)ccc1OCC(=O)N(Cc1cccs1)C1CCS(=O)(=O)C1,,0
Cc1cc(F)c(NC(=O)NCCC(C)(C)C)cc1Nc1ccc2ncn(C)c(=O)c2c1F,,0
Cc1cc(F)ccc1-c1ccc(CCC(C)(C(O)=NO)S(C)(=O)=O)cc1,,0
Cc1cc(F)ccc1NC(=O)c1cc(S(=O)(=O)N2CCOCC2)cn1C,,0
Cc1cc(F)ccc1NS(=O)(=O)c1cccc2nsnc12,,0
Cc1cc(F)ccc1S(=O)(=O)Nc1cnccc1C(=O)Nc1nc(-c2ccccc2)cs1,,0
Cc1cc(N)nc(COC[C@H](CN)OCc2cc(C)cc(N)n2)c1,,0
Cc1cc(N2CCN(C(=O)c3ccco3)CC2)n2nc(-c3ccc(F)cc3)cc2n1,,0
Cc1cc(N=Nc2ccc(S(=O)(=O)Nc3ccccn3)cc2)cc(Cl)c1O,,0
Cc1cc(NC(=O)C2(C(=O)Nc3ccc(F)cc3)CC2)ccc1-c1cccc2[nH]nc(N)c12,,0
Cc1cc(NC(=O)C2CCCN(S(=O)(=O)c3c(C)noc3C)C2)[nH]n1,,0
Cc1cc(NC(=O)CSc2nc(-c3ccc(Br)cc3)nc3c2c(=O)n(C)c(=O)n3C)no1,,0
Cc1cc(NCC(=O)N(C)CC(F)(F)F)c(C(N)=O)cc1F,,0
Cc1cc(NCc2ccc(-c3ccccc3-c3nn[nH]n3)cc2)c(I)c(C)n1,,0
Cc1cc(Nc2ccc(F)c(Cl)c2)n2nc(SCc3nc4ccccc4[nH]3)nc2n1,,0
Cc1cc(Nc2ccncc2)n(-c2nc(=O)cc(C(F)(F)F)[nH]2)n1,,0
Cc1cc(Nc2nccc(C(F)(F)F)n2)cc(-c2ccc(OCCN(C)C)c(C(=O)O)c2)c1,,0
Cc1cc(O)cc(C)c1CC(N)C(=O)N1Cc2ccccc2C[C@H]1CNCC(C)(C)C,,0
Cc1cc(OC(=O)c2cc(O)c(O)c(O)c2)ccc1OC(=O)c1cc(O)c(O)c(O)c1,,0
Cc1cc(OCC(=O)Nc2nccs2)c2c(C)cc(=O)oc2c1,,0
Cc1cc(Oc2c(I)cc(CC(N)C(=O)O)cc2I)ccc1O,,0
Cc1cc(S(=O)(=O)C2CCCC2)cc(=O)n1C(CC1CCCCO1)C(=O)Nc1ncc(F)s1,,0
Cc1cc(S(=O)(=O)N2CCOCC2)ccc1OCC(=O)Nc1ccccc1F,,0
Cc1cc(S(=O)(=O)Nc2nc(Nc3ccccc3)nn2C)c(S)cc1Cl,,0
Cc1cc(S(=O)(=O)c2c([N+](=O)[O-])cc(C(F)(F)F)cc2[N+](=O)[O-])c(Cl)cc1Cl,,0
Cc1cc(SCC(=O)NN)c2cc(Br)ccc2n1,,0
Cc1cc2c(-c3ccc(N(C)S(C)(=O)=O)cc3)ccnc2[nH]1,,0
Cc1cc2c(SCC(=O)NCC3CCCO3)ncnc2s1,,0
Cc1cc2c(c(S(=O)(=O)c3ccc(Cl)cc3[N+](=O)[O-])c1)NCCC2,,0
Cc1cc2c(cc(C(=O)N[C@H](CO)c3ccc(S(=O)(=O)CC(=O)OCC(C)(C)O)cc3)n2C)c(F)c1F,,0
Cc1cc2c(cc(C(=O)N[C@H](CO)c3ccc(S(=O)(=O)CC(=O)OCCCO)cc3)n2C)c(Cl)c1Cl,,0
Cc1cc2c(cc1F)c(C#N)c(-c1ccc(S(=O)(=O)N[C@@H](C)C(F)(F)F)cn1)n2-c1ncccn1,,0
Cc1cc2c(cc1S(=O)(=O)CCC(=O)N1CC(C)CC(C)C1)OCC(=O)N2,,0
Cc1cc2ncn(CC(O)COc3cc4oc(=O)cc(C)c4cc3OCC(O)Cn3cnc4cc(C)c(C)cc43)c2cc1C,,0
Cc1cc2onc(C)c2cc1NS(=O)(=O)c1ccc(F)cc1,,0
Cc1ccc(-c2c[nH]c([C@H]3Cc4c([nH]c5ccccc45)[C@@H](C4CCOCC4)N3)n2)cc1,7.0,1
Cc1ccc(-c2cc(C(=O)N3CCN(S(=O)(=O)c4ccc(Br)s4)CC3)[nH]n2)c(C)c1,,0
Cc1ccc(-c2cc(C(=O)N3CCN(S(=O)(=O)c4ccc(Br)s4)CC3)[nH]n2)cc1C,,0
Cc1ccc(-c2cc(Cc3ccco3)c3c(ncn4c(=O)c5cc(Br)ccc5nc34)n2)cc1,,0
Cc1ccc(-c2ccc(N3C(=O)C(=O)C(C(=O)C(C)C)C3c3ccccc3OC(C)C)cc2)o1,,0
Cc1ccc(-c2csc(=N)n2CC(=O)N2CCOCC2)cc1,,0
Cc1ccc(-c2nc(-c3ccccc3O)n(-c3ccc(S(N)(=O)=O)cc3)n2)c(O)c1,,0
Cc1ccc(-c2nc(CCNC(=O)C(=O)Nc3ccc(C)cc3C)cs2)cc1,,0
Cc1ccc(-c2nc(SC[C@H]3C[C@@](C)(O)CC(=O)O3)[nH]c2-c2ccc(C)cc2)cc1,,0
Cc1ccc(-c2nc3nc(C)cc(N4CCN(c5cccc(C)c5C)CC4)n3n2)cc1,,0
Cc1ccc(-c2nn(-c3ccccc3)cc2-c2nc3ccccc3n2C(=O)c2ccccc2C)cc1,,0
Cc1ccc(-n2c(C)nnc2C)cc1S(=O)(=O)NC1CCCC1,,0
Cc1ccc(-n2cc(/C=N/n3c(-c4ccccc4C)nc4ccccc4c3=O)c(-c3ccncc3)n2)cc1,,0
Cc1ccc(-n2nc(-c3ccc(NS(=O)(=O)c4cccc(N)c4)cc3)cc2N)cc1,,0
Cc1ccc(-n2nc(C)c(/C=N/OCc3ccc(Cl)nc3)c2Sc2ccc(F)cc2)cc1,,0
Cc1ccc(-n2ncc(C(=O)NCCc3ccsc3)c2C2CCN(C(=O)OC(C)(C)C)CC2)c(C)c1,,0
Cc1ccc(/C=C(\C#N)C(=O)Nn2c(C)nc3ccc(C)cc3c2=O)cc1,,0
Cc1ccc(/C=C2\SC(=S)N(CCC(=O)NNC(=O)c3ccncc3)C2=O)cc1,,0
Cc1ccc(C(=O)C2C(=O)C(=O)N(CCCn3ccnc3)C2c2ccc(OC(C)C)cc2)o1,,0
Cc1ccc(C(=O)CCCCCc2ccc(C3=NCCO3)cc2)s1,,0
Cc1ccc(C(=O)CCCCSc2ccc(C3=NCCO3)cc2)s1,,0
Cc1ccc(C(=O)CN(C)C(=O)c2ccc(-n3c(O)c4c(c3O)CC=CC4)cc2)cc1C,,0
Cc1ccc(C(=O)N(C)Cc2c(C)nn(-c3ccccc3)c2C)cc1S(N)(=O)=O,,0
Cc1ccc(C(=O)N(C)Cc2ccc(Br)o2)c(=O)[nH]1,,0
Cc1ccc(C(=O)N2CCOC[C@H]2Cc2cc(-n3nccn3)ccc2F)c(-n2nccn2)c1C,,0
Cc1ccc(C(=O)N2N=C(CC(C)C)CC2(O)C(F)(F)F)o1,,0
Cc1ccc(C(=O)N=C(Cc2ccc(F)cc2)C(=O)NCc2ccncc2)cc1,,0
Cc1ccc(C(=O)Nc2ccc(CN3CCN(CCO)CC3)c(C3CC3)c2)cc1C#Cc1cnc2cccnn12,6.47,1
Cc1ccc(C(=O)Nc2ccc(CN3CCN(CCO)CC3)c(Cl)c2)cc1C#Cc1cnc2cccnn12,7.0,1
Cc1ccc(C(=O)Nc2sc(C(=O)N(C)C)c(C)c2C#N)cc1,,0
Cc1ccc(C(=O)OCC(=O)Nc2cc(C(C)(C)C)nn2-c2ccccc2)c(O)c1,,0
Cc1ccc(C(C(=O)N2CCOCC2)N2C(=O)C(C3Cc4ccccc4C3)NC(=O)C2CC2CC2)cn1,,0
Cc1ccc(C(C)(C)CC(O)(Cc2cc3cc(S(C)(=O)=O)ncc3[nH]2)C(F)(F)F)c(C(N)=O)c1,,0
Cc1ccc(C(C)N2[C@@H]3CC[C@H]2C[C@H](Oc2cccc(C(N)=O)c2)C3)s1,8.8,1
Cc1ccc(C)c(CN(c2ccc(F)c(F)c2)S(=O)(=O)c2cccn3cnnc23)c1,,0
Cc1ccc(C)c(CS(=O)(=O)c2cn(CC(=O)N3CCCCC3)c3ccccc23)c1,,0
Cc1ccc(C)c(Cn2c(C(=O)NCC(C)(C)CO)cc3cc(C#N)ccc32)c1,,0
Cc1ccc(C)c(N2CCN(S(=O)(=O)CC34CCC(CC3=O)C4(C)C)CC2)c1,,0
Cc1ccc(C)c(N2CCN(S(=O)(=O)c3ccc(-c4ccc(=O)[nH]n4)o3)CC2)c1,,0
Cc1ccc(C)c(NC(=O)COC(=O)CCc2ccc(S(=O)(=O)N3CCOCC3)cc2)c1,,0
Cc1ccc(C)c(NS(=O)(=O)c2ccc3oc(=O)ccc3c2)c1,,0
Cc1ccc(C)c(SCC(=O)NNC(=O)c2csc(N3CCOCC3)n2)c1,,0
Cc1ccc(C2(C)NC(=O)N(CC(=O)NNC(=O)c3ccoc3C)C2=O)cc1,,0
Cc1ccc(C2=NC(=Cc3ccccc3)C(=O)NN2C(=O)Cc2nc(=O)c3c(C)nn(-c4ccccc4)c3[nH]2)cc1,,0
Cc1ccc(C2C(C)C(=O)C(C)C(c3ccc(C)cc3)N2C(=O)Cn2cnc3ccccc32)cc1,,0
Cc1ccc(C2CN(S(=O)(=O)c3ccc(C)cc3)C(=O)N2)cc1,,0
Cc1ccc(C2CNN=C2S(=O)(=O)CC2=NCCS2)cc1,,0
Cc1ccc(CC(CNC(=O)C2(c3ccc(NS(C)(=O)=O)c(F)c3)CC2)COC(=O)C(C)(C)C)cc1C,,0
Cc1ccc(CCC(C)(C)O)cc1-c1nnc2c(C)nc3cccnc3n12,,0
Cc1ccc(CN(C)C(=O)CNC(=O)N2CCc3ccccc3C2)o1,,0
Cc1ccc(CN(C)C(=O)c2ccc(S(=O)(=O)N3CCCCCC3)cc2)o1,,0
Cc1ccc(CN(C)C(=O)c2ccc3c(c2)NC(=O)CS3)o1,,0
Cc1ccc(CN2[C@@H]3CC[C@H]2C[C@H](Oc2cccc(C(N)=O)c2)C3)cc1,9.85,1
Cc1ccc(CNC(=O)C2COCCCCCCCn3ccnc3C(=O)NC(CC(=O)NCC(C)(C)C)C(=O)N2)cc1,,0
Cc1ccc(CNC(=O)[C@@]2(O)CCN(c3ccccc3)C2=O)s1,,0
Cc1ccc(CSCC(=O)Nc2cc(S(=O)(=O)N3CCOCC3)ccc2OCC(F)(F)F)cc1,,0
Cc1ccc(Cl)cc1N1CCN(C(=O)CSc2ccsc2[N+](=O)[O-])CC1,,0
Cc1ccc(Cl)cc1N1CCN(C(=O)Cn2nc(C)n3c(cc4sccc43)c2=O)CC1,,0
Cc1ccc(Cl)cc1N1CCN(C(=O)c2ccc3c(c2)CCN3S(C)(=O)=O)CC1,,0
Cc1ccc(Cl)cc1NC(=O)C1CCCN1S(=O)(=O)c1ccc(-c2ccc(=O)[nH]n2)s1,,0
Cc1ccc(Cl)cc1NC(=O)Cn1c(=O)cc(C)c2c(C)nn(C)c21,,0
Cc1ccc(F)c2[nH]c3c(c12)CN(C(=O)c1cc(C(F)(F)F)[nH]n1)[C@@H](C)C3,,0
Cc1ccc(F)cc1NC(=O)CSc1nc2ccccc2n2c(C)nnc12,,0
Cc1ccc(N(C(=O)c2ccc(S(=O)(=O)N3CCOCC3)cc2)C2C=CS(=O)(=O)C2)cc1,,0
Cc1ccc(N(C)C(=O)c2cc(S(=O)(=O)N3CCc4ccccc43)cn2C)cc1,,0
Cc1ccc(N(CN2C(=O)NC(C)(C)C2=O)CN2C(=O)NC(C)(C)C2=O)cc1,,0
Cc1ccc(N2C(=N)C(C(N)=O)C(c3c(C)nn(-c4ccccc4)c3-n3ccnc3)C3=C2CC(C)(C)CC3=O)cc1,,0
Cc1ccc(N2C=C(c3ccccc3)C3C(n4nc(C)cc4C)=NC=NC32)cc1,,0
Cc1ccc(N2CCc3ncnc(N[C@H](CCO)c4ccc(C)nc4)c3C2)c(C#N)c1,,0
Cc1ccc(N=C2NC(=O)/C(=C\c3ccc(-c4ccc(Cl)c(C(=O)O)c4)o3)S2)cc1Cl,,0
Cc1ccc(N=CCC(=O)c2sc3nc4ccccc4n3c2C)cc1S(N)(=O)=O,,0
Cc1ccc(NC(=O)COC(=O)CSC(=S)N2CCOCC2)cc1C,,0
Cc1ccc(NC(=O)CSC2=C(C#N)C(c3ccco3)C3C(=O)CCCC3=N2)cc1,,0
Cc1ccc(NC(=O)CSc2nc(-c3ccccc3Cl)nc3cc(=O)[nH]n23)c(C)c1,,0
Cc1ccc(NC(=O)Cn2nc3c(N4CC(C)CC(C)C4)nccn3c2=O)c(F)c1,,0
Cc1ccc(NC(=O)c2nccnc2C(=O)Nc2ccc(F)cc2)c(-c2cccs2)c1,,0
Cc1ccc(NC(C)C(=O)Nc2ccc(C#N)cc2)cc1S(=O)(=O)N1CCCCC1,,0
Cc1ccc(NS(=O)(=O)c2ccc(-n3cccn3)cc2)c(C)c1,,0
Cc1ccc(NS(=O)(=O)c2cccc(C#N)c2)c2[nH]cc(C#N)c12,,0
Cc1ccc(Nc2c(F)cccc2Cl)c(CNS(=O)(=O)C(F)(F)F)c1,,0
Cc1ccc(Nc2cc(C)n3c(=O)n(Cc4cc(=O)n5ccccc5n4)nc3n2)cc1F,,0
Cc1ccc(Nc2nc(NS(=O)(=O)c3cc(C)c(Cl)cc3S)n(C)n2)cc1,,0
Cc1ccc(O)c(C(=O)c2cc(C#N)c(=O)n(-c3nccs3)c2)c1,,0
Cc1ccc(OCCn2cncn2)c([N+](=O)[O-])c1,,0
Cc1ccc(S(=O)(=O)C2(C(=O)Nc3nccs3)CC2)cc1,,0
Cc1ccc(S(=O)(=O)N(C)C2(C(=O)NC3C4CC5CC(C4)CC3C5)CC2)cc1F,,0
Cc1ccc(S(=O)(=O)N(C)c2cc(S(=O)(=O)N3CCOCC3)c(C)cc2C)cc1,,0
Cc1ccc(S(=O)(=O)N(C)c2ccc(OC(C)C(=O)N(C)c3ccccc3)cc2)cc1,,0
Cc1ccc(S(=O)(=O)N(CCO)c2ccccc2CN(C)C(=O)/C=C/c2ccc(Br)s2)cc1,,0
Cc1ccc(S(=O)(=O)N2C/C(=C\c3cccc(F)c3)C(=O)/C(=C/c3cccc(F)c3)C2)cc1,,0
Cc1ccc(S(=O)(=O)N2CC(c3ccc(Br)cc3)C(C(=O)C3CO3)=N2)cc1,,0
Cc1ccc(S(=O)(=O)N2CC3(C)CN(S(=O)(=O)c4ccc(C)cc4)CC(C)(C2)C3)cc1,,0
Cc1ccc(S(=O)(=O)N2CC3(CC2C(=O)N/N=C/c2ccccc2Cl)SCCS3)cc1,,0
Cc1ccc(S(=O)(=O)N2CCC(C(=O)OCC(=O)N3CCCC(C)C3)CC2)cc1C,,0
Cc1ccc(S(=O)(=O)N2CCCC2C(=O)NC(Cc2ccc(N3CCN(c4cnccn4)CC3)cc2)C(=O)O)cc1,,0
Cc1ccc(S(=O)(=O)N2CCCCC2C(=O)Nc2ccc(N(C)C)cc2)cc1,,0
Cc1ccc(S(=O)(=O)N2CCN(C(=O)C3CCN(c4ccncc4)CC3)CC2)cc1,,0
Cc1ccc(S(=O)(=O)N2CCN(C(CC3CCCCC3)C(=O)Nc3nccs3)C(=O)C2)c(F)c1,,0
Cc1ccc(S(=O)(=O)N2CCN(S(=O)(=O)N3CCCCC3)CC2)c(C)c1,,0
Cc1ccc(S(=O)(=O)N2CCN(S(=O)(=O)c3ccc(C)cc3)C2)cc1,,0
Cc1ccc(S(=O)(=O)N2CCN(S(=O)(=O)c3ccc(C)cc3)Cc3ccccc3C2)cc1,,0
Cc1ccc(S(=O)(=O)N2CCOCC2)cc1NC(=O)COC(=O)CNC(=O)c1ccc(Cl)cc1Cl,,0
Cc1ccc(S(=O)(=O)N2C[C@H]3C[C@H](NC(=O)c4ccccn4)[C@H]3C2)cc1,,0
Cc1ccc(S(=O)(=O)N2C[C@H]3c4c(c(O)n(-c5ccccc5)c4O)CC(=O)C3[C@@H]2c2ccc(Cl)cc2)cc1,,0
Cc1ccc(S(=O)(=O)N=C2C=C(C3C(=O)CC(C)(C)CC3=O)C(=O)c3ccccc32)cc1,,0
Cc1ccc(S(=O)(=O)NC(=O)Nc2ccc(-c3nc4c(c(N5CCOCC5)n3)CS(=O)(=O)CC4)cn2)cc1,,0
Cc1ccc(S(=O)(=O)NC2(C(F)(F)F)NC(=O)N(Cc3ccccc3)C2=O)cc1,,0
Cc1ccc(S(=O)(=O)NC2(C(F)(F)F)NC(=O)N(c3ccccc3F)C2=O)cc1,,0
Cc1ccc(S(=O)(=O)NNC(=O)c2sc3nc(C)cc(C)c3c2-n2cccc2)cc1,,0
Cc1ccc(S(=O)(=O)Nc2c(C(=O)N[C@@H](C)C(C)(C)C)c(C)nn2-c2ccccc2)cc1,,0
Cc1ccc(S(=O)(=O)Nc2cc3c(cc2NCc2ccccc2)n(C)c(=O)n3C)c(C)c1,,0
Cc1ccc(S(=O)(=O)Nc2ccccc2F)cc1C(=O)NNC(=O)c1csc(N2CCOCC2)n1,,0
Cc1ccc(S(=O)(=O)Nc2cnccc2C(=O)Nc2nc(-c3ccccc3F)cs2)cc1,,0
Cc1ccc(S(=O)(=O)OC2=C/C(=N\c3onc(C)c3C)c3ccccc3C2=O)cc1,,0
Cc1ccc(S(=O)(=O)c2c(O)cc(C)c(NS(=O)(=O)c3ccc(Cl)cc3)c2C)cc1,,0
Cc1ccc(S(=O)(=O)c2ccccc2)cc1S(=O)(=O)N1CCOCC1,,0
Cc1ccc(S(=O)(=O)c2nnn3c2nc(N2CCCCC2)c2sccc23)cc1,,0
Cc1ccc(S(=O)(=O)n2cc(COC3=C/C(=N\c4ccc(F)cc4)c4ccccc4C3=O)nn2)cc1,,0
Cc1ccc(S(=O)(=O)n2nc(C)c(S(=O)(=O)N3CCCCC3)c2C)cc1,,0
Cc1ccc([N+](=O)[O-])cc1S(=O)(=O)C/C=C/c1cnn2ccc(Br)cc12,,0
Cc1ccc2[nH]c(NCc3ccc(-c4[nH]nc5c4Cc4cc(CN6CCN(C)CC6)ccc4-5)s3)nc2c1,,0
Cc1ccc2c(-c3nnc(SCCCN4CCc5cc6nc(C(F)(F)C(F)(F)F)oc6cc5CC4)n3C)cccc2n1,7.0,1
Cc1ccc2c(c1)Cc1c(nc(-c3ccc(F)cc3)nc1SCC(=O)N1CCCCC1)O2,,0
Cc1ccc2c(c1)N(CC(=O)N(Cc1ccccn1)Cc1ccco1)C(=O)C(C(C)C)O2,,0
Cc1ccc2c(c1)c(-c1ccc[nH]c1=O)c(C(=O)NS(=O)(=O)C1CC1)n2Cc1cc(S(C)(=O)=O)cc(C#N)c1F,,0
Cc1ccc2c(c1)n(S(=O)(=O)c1cccs1)c(=O)n2S(=O)(=O)c1cccs1,,0
Cc1ccc2c(c1)nnn2C1CCN(S(=O)(=O)c2ccc(C(=O)N(C)C3CCCCC3)cc2)CC1,,0
Cc1ccc2n(c1)cc(/C=C/c1ccc(/C=N/N=C(N)N)cc1)[n+]2C,,0
Cc1ccc2nc(-c3ccc(NC(=S)NC4CC(C)(C)NC(C)(C)C4)cc3)sc2c1,,0
Cc1ccc2nc(C)c(C(=O)NCCNc3cccc(C(F)(F)F)c3)n2c1,,0
Cc1ccc2nc(CSc3ccc(S(=O)(=O)N4CCCC4)cn3)cc(=O)n2c1,,0
Cc1ccc2nc(N(Cc3ccc(C(F)(F)F)c(F)c3)S(=O)(=O)c3ccc(F)cc3)c(C)n2c1,,0
Cc1ccc2nc(NC(=O)C3CC(=O)N(Cc4ccco4)C3)sc2c1,,0
Cc1ccc2nc(NC(=O)CNS(=O)(=O)c3ccc(Br)s3)sc2c1,,0
Cc1ccc2nc(Nc3ccc(C(=O)NCc4cccs4)cc3)c(=O)n(C)c2c1,,0
Cc1ccc2nsnc2c1S(=O)(=O)NCCc1c(C)[nH]c2ccc(F)cc12,,0
Cc1ccc2sc(NNC(=O)c3ccc(S(=O)(=O)N(C)C)cc3)nc2c1C,,0
Cc1cccc(-c2ccc3c(N4CCOC[C@@H]4C)nc(N4C[C@@H](C)O[C@@H](C)C4)nc3n2)c1,,0
Cc1cccc(-c2csc(N3C[C@@H]4C[C@]4(C(=O)O)C3)n2)c1OCc1cc(C#N)c2c(c1)CCN(C1COC1)C2,,0
Cc1cccc(-c2nc(C[S+]([O-])CC(=O)N3CC(C)CC(C)C3)c(C)o2)c1,,0
Cc1cccc(-c2nc3c(c(SCC(=O)c4ccc(O)c(O)c4)n2)CCCC3)c1,,0
Cc1cccc(-n2c(C)cc(C(=O)C(=O)Nc3nncs3)c2C)c1,,0
Cc1cccc(-n2cc3[nH]c(=O)n(Cc4cccc(F)c4)n3c2=O)c1,,0
Cc1cccc(-n2cc3c(n2)CN(C(=O)c2cc(S(C)(=O)=O)ccc2O[C@@H](C)C(F)(F)F)C3)c1,,0
Cc1cccc(C(=O)OCC(=O)c2ccc(CC(=O)N3CCOCC3)s2)c1C,,0
Cc1cccc(C(C(=O)NCc2ccc(C(F)(F)F)nc2SC2CCCCC2)c2ccc(NS(C)(=O)=O)c(F)c2)c1,,0
Cc1cccc(C)c1CCNC(=O)N1CCCC2(C1)OCCO2,,0
Cc1cccc(C)c1NC(=O)C(c1ccccc1)N(C)C(=O)c1ccccc1O,,0
Cc1cccc(C)c1NC(=O)C1CCC2C3CCC4NC(=O)C=C[C@]4(C)C3CC[C@]12C,,0
Cc1cccc(C)c1NC(=O)Cn1c(=O)n(Cc2ccc(C(=O)NCc3ccco3)cc2)c(=O)c2sccc21,,0
Cc1cccc(C)c1Nc1nc2ccccc2nc1NS(=O)(=O)c1ccccc1,,0
Cc1cccc(C2(c3cccc(C)c3)CC2C(=O)Nc2ccc([N+](=O)[O-])cc2O)c1,,0
Cc1cccc(Cc2cc(Nc3nc(C)cn4c(-c5cn[nH]c5)cnc34)sn2)n1,,0
Cc1cccc(Cn2ncn(-c3ccc(CN(C)CC(O)(Cn4cncn4)c4ccc(F)cc4F)cc3)c2=O)c1,,0
Cc1cccc(F)c1Oc1ccc(OC(F)(F)F)cc1C(=O)Nc1cc[nH]c(=O)c1,,0
Cc1cccc(N(C)C(=O)C(NS(=O)(=O)c2ccc3c(c2)CCC(=O)N3)c2ccccc2)c1,,0
Cc1cccc(N(C)S(=O)(=O)c2cc(-c3cnc(C4CC4)o3)ccc2C)c1,,0
Cc1cccc(N2CC(C(=O)Nc3nccs3)CC2=O)c1C,,0
Cc1cccc(N2CCN(C(=O)C3CCN(S(=O)(=O)c4cccc5nsnc45)CC3)CC2C)c1,,0
Cc1cccc(N2CCN(C(=O)NCc3noc4ccccc34)CC2)c1C,,0
Cc1cccc(N2CCN(C(=O)c3c(C)oc4nc(C)nc(N5CCCC5)c34)CC2C)c1,,0
Cc1cccc(N2N=C(C(=O)Nc3nc(C)cs3)CCC2=O)c1,,0
Cc1cccc(NC(=O)C2CCN(S(=O)(=O)c3cccc4nsnc34)CC2)n1,,0
Cc1cccc(NC(=O)C2CSCN2C(=O)c2cnccn2)c1C,,0
Cc1cccc(NC(=O)CN2C(=O)CCS(=O)(=O)c3ccccc32)c1C,,0
Cc1cccc(NC(=S)NC(NC(=O)c2ccco2)C(Cl)(Cl)Cl)c1,,0
Cc1cccc(S(=O)(=O)C(C#N)c2nc3ccccc3nc2N2CCOCC2)c1,,0
Cc1cccc2c1OP(=O)(OC[C@@H]1C=C[C@H](n3cnc4c(=O)[nH]cnc43)O1)OC2,,0
Cc1cccc2c1c(C)cn2CCC(=O)N/N=C/c1ccc2c(c1)OCCCO2,,0
Cc1ccccc1-c1nc(CS(=O)(=O)CC(=O)N2CCN(c3ccccc3)CC2)c(C)o1,,0
Cc1ccccc1-c1nc(C[S+]([O-])CC(=O)N2CCC3(CC2)OCCO3)c(C)o1,,0
Cc1ccccc1-n1c(=O)n(CCc2ccccc2)c(=O)c2[nH]cnc21,,0
Cc1ccccc1-n1c(Cn2c(=O)sc3ccccc32)nnc1SCC(=O)N1CCCC1,,0
Cc1ccccc1-n1nc(-c2cccc3ccccc23)nc1N1C(=O)COC12C=CC(=O)C=C2,,0
Cc1ccccc1C(=O)Nc1ccc(S(=O)(=O)NC2CCN(C(=O)N(C)C)CC2)c2ccccc12,,0
Cc1ccccc1C1C(Cl)C(=O)N1c1nnc(Cn2c(C)nc3ccccc32)s1,,0
Cc1ccccc1C1CCN(S(=O)(=O)CC2(C(O)=NO)CCN(C(=O)OC3(C)CCOC3)CC2)CC1,,0
Cc1ccccc1C1CCN(S(=O)(=O)CC2(C(O)=NO)CCN(C(=O)OC3CCCC3O)CC2)CC1,,0
Cc1ccccc1CN(C1Cc2cc(-c3ccccc3)ccc2N(Cc2cn(C)cn2)C1)S(=O)(=O)c1cn(C)cn1,,0
Cc1ccccc1CNC(=O)N1C[C@H]2CC(C(=O)N3CCCC3)[C@@H](C1)O2,,0
Cc1ccccc1CS(=O)(=O)Cc1ccc(C(=O)NCc2ccco2)o1,,0
Cc1ccccc1Cn1c(=O)n(Cc2ccco2)c(=O)c2oc3ccccc3c21,,0
Cc1ccccc1Cn1cc(CCNc2ncnc3c2ncn3C2OC(C(=O)NC3CC3)[C@@H](O)[C@H]2O)c2ccccc21,,0
Cc1ccccc1N(CC(=O)N1CCN(c2ccccc2)CC1)S(C)(=O)=O,,0
Cc1ccccc1N1CCN(C(=S)SCC(O)(Cn2cncn2)c2ccc(F)cc2F)CC1,,0
Cc1ccccc1NC(=O)Cn1c(=O)n(CCC(=O)N2CCc3ccccc3C2)c(=O)c2ccccc21,,0
Cc1ccccc1NS(=O)(=O)c1cc2c(cc1C)N(C)CCO2,,0
Cc1ccccc1Nc1nc(N)nc(COC(=O)c2cccc(S(=O)(=O)N(C)C)c2)n1,,0
Cc1ccccc1OCCOC(=O)c1cc(S(=O)(=O)N2CCOCC2)ccc1C,,0
Cc1ccccc1S(=O)(=O)NC(=O)NNC(=O)c1ccc(S(N)(=O)=O)cc1,,0
Cc1ccccc1[C@@H]1CCc2c(C(=O)N(C)C)cc3c(nc(C4CC4)n3C)c2O1,,0
Cc1cccn2cc(CCNS(=O)(=O)c3cccs3)nc12,,0
Cc1cccn2cc(CN(c3ccccc3)S(=O)(=O)c3ccc(F)cc3)nc12,,0
Cc1cccnc1-n1ccnc1[S+]([O-])Cc1ccccc1N1CCOCC1,,0
Cc1ccn2cc(CCNS(=O)(=O)c3ccc(F)c(C(F)(F)F)c3)nc2c1,,0
Cc1ccnc(-c2cc(F)ccc2C(=O)N2CC3CN(c4nc(C)cc(C)n4)CC3C2)c1,,0
Cc1ccnc(CNC(=O)Cn2c(C#N)cnc(NCC(F)(F)c3ccccn3)c2=O)c1F,,0
Cc1ccncc1C(=O)NC[C@H]1C(C(=O)Nc2ccc(Br)cc2)[C@@H]2C=C[C@H]1C21CC1,,0
Cc1ccnn1CCCNC(=O)C1CCN(S(C)(=O)=O)CC1,,0
Cc1ccoc1C(=O)Nc1ccc(N2C(=O)c3ccccc3C2=O)cc1F,,0
Cc1ccsc1-c1nc(CN2CCN(C)C(=O)C2C)c(C)o1,,0
Cc1cn(C)c(CC(=O)N2CCN(c3cccc(C(F)(F)F)c3)CC2)c1C(=O)O,,0
Cc1cn(C[C@H]2CN(c3ccc(N4CCN(C(=O)C5CCCCC5)CC4)c(F)c3)C(=O)O2)nn1,,0
Cc1cn([C@H]2C[C@H](N=[N+]=[N-])[C@@H](COP(=O)(Oc3cccnc3)Oc3ccc(Cl)cc3Cl)O2)c(=O)[nH]c1=O,,0
Cc1cn([C@H]2C[C@H](O)[C@@H](/C=C/C(=O)NCc3cccc4ccccc34)O2)c(=O)[nH]c1=O,,0
Cc1cn([C@H]2C[C@H](n3cc(CCCCl)nn3)[C@@H](CO)O2)c(=O)[nH]c1=O,,0
Cc1cn2c(-c3cnn(CC(=O)O)c3)cnc2c(Nc2cc(CN3CCCCC3)ns2)n1,,0
Cc1cn2c(=O)c(S(=O)(=O)NCc3ccc(F)cc3)c(C)nc2s1,,0
Cc1cn2c(CN3CCOCC3)c(-c3ccc(F)cc3)nc2cn1,,0
Cc1cnc(N2CCC3(CCC(C(=O)NC(C)C)OC3)CC2)nc1,,0
Cc1cnc(N2CCN(C(=O)C3CCS(=O)(=O)CC3)C(c3ccc(F)s3)C2)nc1,,0
Cc1cnc(N2CCN(C(=O)C3CCS(=O)(=O)CC3)C(c3cccc(F)c3)C2)cn1,,0
Cc1cnc(N2CCN(C(=O)C3CCS(=O)(=O)CC3)C(c3cccc(F)c3)C2)nc1,,0
Cc1cnc(NC(=O)C2CC(=O)N(c3cccc(Cl)c3)C2)s1,,0
Cc1cnc(NC(=O)Cc2ccc(S(=O)(=O)N3CCOCC3)s2)s1,,0
Cc1cnc(NS(=O)(=O)c2cccc3c(N(C)C)cccc23)cn1,,0
Cc1cnc2c(C(=O)NCCO)cn(Cc3ncnc(N(C)C)c3C)c2c1,,0
Cc1coc2c1C(=O)C(=O)c1c-2ccc2c1CC[C@H](OCCO)C2(C)C,,0
Cc1csc(-c2[nH]c(CNC(=O)OC(C)C)nc2-c2ccc3ncsc3c2)n1,,0
Cc1csc(CNC(=O)[C@@]2(O)CCN(c3ccccc3)C2=O)c1,,0
Cc1csc(N(C(=O)c2cccc(S(=O)(=O)N(C)C)c2)c2ccccc2)n1,,0
Cc1n[nH]c(C)c1Sc1ccccc1NC(=O)N1CCOCC1,,0
Cc1n[nH]c(C2CCN(S(=O)(=O)c3ccc4c(c3)CCC4)CC2)n1,,0
Cc1nc(-c2[nH]c(CNc3ccccc3F)nc2-c2ccc3ncnn3c2)ccc1F,,0
Cc1nc(-c2ccc(C#N)cc2)sc1C(=O)N(C)[C@H](C)[C@](O)(Cn1cncn1)c1ccc(F)cc1F,,0
Cc1nc(-c2ccccc2O)cc(N2CC(c3nc4ccccc4n3C)C2)n1,,0
Cc1nc(-c2cn3c(n2)-c2ccc(-c4cnn(C)c4C4CN(C(C)C)CCN4C)cc2OCC3)n(C(C)C)n1,,0
Cc1nc(CCNC(=O)C2C(C(=O)Nc3ccc(Br)cc3)[C@H]3C=C[C@@H]2C32CC2)[nH]c1C,,0
Cc1nc(N2CC(c3nc4ccccc4n3C)C2)cc(-n2nc(C)nc2C2CC2)n1,,0
Cc1nc(N2CCC(NS(C)(=O)=O)CC2)c2c(-c3cccs3)csc2n1,,0
Cc1nc(NCc2ccncc2C)cc(OC[C@H]2C[C@@H]2c2ccccn2)n1,,0
Cc1nc(Nc2ccc(Cl)cc2)sc1C(=O)NNC(=O)C(=O)NN,,0
Cc1nc(S(C)(=O)=O)ccc1Oc1ncnc(OC2CCN(C(=O)c3ncc(Cl)cn3)CC2)c1F,,0
Cc1nc(S(C)(=O)=O)ccc1Oc1ncnc(OC2CCN(C(=S)OC(C)C)CC2)c1F,,0
Cc1nc2c(-c3ccc(F)cc3)c(-c3ccc(S(C)(=O)=O)cc3)nn2c(C)c1C,,0
Cc1nc2c(C(F)(F)F)cccc2c(=O)n1-c1ccc(OCCCN2CCCC2)cc1,6.46,1
Cc1nc2c(c(C)nn2-c2ccccc2)c(C)c1CCC(=O)N1CCC2(CC1)OCCO2,,0
Cc1nc2c(c(N(C)C)n1)CCN(C(=O)c1sccc1S(N)(=O)=O)C2,,0
Cc1nc2ccc(-n3nc(C(=O)N4CCOCC4)c4c3-c3ccccc3S(=O)(=O)C4)cc2s1,,0
Cc1nc2ccc(C(=NO)c3ccccc3)cc2n1S(=O)(=O)C(C)C,,0
Cc1nc2sccn2c1P(c1c(C)nc2sccn12)c1c(C)nc2sccn12,,0
Cc1ncc2c(c1CNS(=O)(=O)c1cccs1)CCN(C(=O)/C=C/c1cc(F)cc(F)c1)C2,,0
Cc1ncnc(C2CC2)c1-c1ncc2nc(NCc3ccc(S(N)(=O)=O)cn3)c(=O)n([C@@H](C)C3CC3)c2n1,,0
Cc1ncoc1-c1nnc(SCCCN2CCC3(CCc4cc(Br)ccc43)C2)n1C,6.5,1
Cc1ncoc1-c1nnc(SCCCN2CCc3ccc4oc(C(F)(F)C(F)(F)F)nc4c3CC2)n1C,6.5,1
Cc1ncsc1-c1ccc(CNC(=O)C2C[C@@H](O)CN2C(=O)C(NC(=O)C2(C#N)CC2)C(C)(C)C)cc1,,0
Cc1nn(-c2cccc(C(F)(F)F)c2)c2c1C=Nc1cc(S(=O)(=O)N3CCOCC3)ccc1O2,,0
Cc1nn(-c2ccccc2)c(-n2cncn2)c1-c1cc(-c2ccccc2)nc2nc3ccccc3n12,,0
Cc1nn(-c2ccccc2)c(=O)n1-n1c(-c2cc3ccccc3oc2=O)cs/c1=N\c1ccccc1,,0
Cc1nn(-c2ccccc2)c(Cl)c1/C=N/NC(=O)c1[nH]ncc1Br,,0
Cc1nn(-c2ccccc2)c2c1C(c1cnn(-c3ccccc3)c1)CS(=O)(=O)O2,,0
Cc1nn(-c2ccncn2)c2ncc(C(=O)c3ccccc3O)cc12,,0
Cc1nn(C)c(C)c1-c1ccc(=O)n(C(C)C(=O)NC(C)(C)C)n1,,0
Cc1nn(C)c(C)c1CN(C(=O)C1CCC(=O)N(C2CCCCCC2)C1)C(C)C,,0
Cc1nn(C)c(Oc2cccc(Cl)c2Cl)c1C(=O)N1CCn2cncc2C1,,0
Cc1nn(C)cc1CN(C)C(=O)c1cc(-c2ccccc2)nc2ccc(Br)cc12,,0
Cc1nn(CCC(=O)N2CCN(S(=O)(=O)c3ccccc3)CC2)c(C)c1C,,0
Cc1nn(Cc2ccccc2)c(C)c1C(=O)N1CCN(S(=O)(=O)/C=C/c2ccccc2)CC1,,0
Cc1nn(Cc2ccccc2)c2c1C(c1ccco1)C(C#N)C(=N)O2,,0
Cc1nn(Cc2ccccc2Cl)c(C)c1C(=O)N1CCN(c2ccccc2)CC1,,0
Cc1nn(Cc2ccccc2Cl)c(C)c1CN(C)C(=O)/C=C/c1cnn(-c2ccccc2)c1,,0
Cc1nn(S(=O)(=O)c2ccc(Br)cc2)c(C)c1S(=O)(=O)N1CCCCCC1,,0
Cc1nnc(-c2cccc(CC(NC(=O)c3cc(C(C)(C)C)nn3C)C(=O)NCC#N)c2)o1,,0
Cc1nnc(N2CC[C@@H](F)C2)c2nn(-c3ccc(OCC(F)(F)F)cc3)c(C)c12,6.5,1
Cc1nnc(NC(=O)c2nc(SC(C)C)ncc2Cl)s1,,0
Cc1nnc(SCC(=O)NCc2ccco2)n1-c1ccc(F)cc1,,0
Cc1nnc(SCC(=O)Nc2nc(C(C)(C)C)cs2)s1,,0
Cc1nnc(SCC2=C(C(=O)[O-])N3C(=O)C(Nc4cc[n+](Cc5ccccc5)cc4)C3SC2)s1,,0
Cc1nnsc1C(=O)NC1CCCc2c1cnn2-c1ccccc1F,,0
Cc1noc(/C=C/c2ccccc2)c1N1CN=C2Oc3c(Cl)cc(Cl)cc3C=C2C1=O,,0
Cc1noc(C)c1C(=O)N(C)CC(=O)Nc1ccc(F)c(F)c1F,,0
Cc1noc(C)c1C(=O)NCCCN1CCCC1=O,,0
Cc1noc(C)c1NC(=O)Nc1ccc2c(c1)C(=O)N([C@H](C)CO)C[C@H](C)[C@@H](CN(C)S(C)(=O)=O)O2,,0
Cc1noc(C)c1S(=O)(=O)N(C)C[C@H]1Oc2ccc(NC(=O)C3CC3)cc2C(=O)N([C@H](C)CO)C[C@@H]1C,,0
Cc1noc(C)c1S(=O)(=O)N1CCc2nc(-c3ccccc3)c3c(c2C1)COC(C)C3,,0
Cc1noc(C)c1S(=O)(=O)Nc1ccc(-c2cn3c(n2)SCC3)cc1,,0
Cc1noc(CNC(=O)CN(C)c2nc3c(C)ccc(C)c3s2)n1,,0
Cc1noc(NS(=O)(=O)c2cc(Cl)cc(Cl)c2)c1C,,0
Cc1noc(NS(=O)(=O)c2cccc3c(N4CCCC4=O)cccc23)c1C,,0
Cc1noc(NS(=O)(=O)c2cccc3cc(N(C)C)ccc23)c1C,,0
Cc1noc(NS(=O)(=O)c2ccsc2)c1Br,,0
Cc1noc(OCC(=O)N(C)Cc2ccco2)n1,,0
Cc1oc(-c2ccc(O)cc2)nc1CCC(=O)c1ccc(Cc2sc(=O)[nH]c2O)cc1,,0
Cc1oc(-c2ccccc2F)nc1CS(=O)(=O)CC(=O)N1CCN(c2ccccc2)CC1,,0
Cc1oc(-c2cccs2)nc1CC(=O)NNC(=O)CC12CC3CC(CC(C3)C1)C2,,0
Cc1oc(C)c(C(=O)N2CCN(Cc3cscn3)CC2)c1C,,0
Cc1oc(C2CCCCC2)nc1Cc1cc2cc(Cc3oc(=O)[nH]c3O)ccc2o1,,0
Cc1oc2c(c1C(=O)OCCCCCO)C(=O)c1ncccc1C2=O,,0
Cc1onc(-c2ccccc2)c1C(=O)N(Cc1ccco1)Cc1cccs1,,0
Cc1onc(-c2ccccc2)c1CNc1ccc(C(=O)NCc2cc(F)cc(F)c2)nn1,,0
Cc1sc2nc(C3CC3)n(C3CCN(C(=O)C4CC=CCC4)CC3)c(=O)c2c1C,,0
Cc1sc2ncn(CC(=O)N3CCN(c4ccc(F)cc4)CC3)c(=O)c2c1S(=O)(=O)N1CCC(C)CC1,,0
Cc1sc2ncnc(SCC(=O)N3CCn4nc(C(F)(F)F)nc4C3)c2c1Cl,,0
ClCCCc1cn(C[C@H]2CC[C@@H]([C@@H]3CC[C@H](Cn4cc(CCCCl)nn4)O3)O2)nn1,,0
ClCCOP(OCCCl)OCCCl,,0
Clc1ccc(-c2ccc(CNCC3CCNCC3)s2)c(Br)c1,,0
Clc1nc(N2CCCC(Cc3nccs3)C2)c2ccc(N3CCOCC3)cc2n1,,0
Cn1c(-c2ccc(OC3CCN(C4CCC4)CC3)cc2)nc2c(C(F)(F)F)cccc2c1=O,6.46,1
Cn1c(=O)c(=O)n(C)c2cc(N3CCOCC3)c(NS(=O)(=O)c3ccc(C4CCCCC4)cc3)cc21,,0
Cn1c(=O)c(C(=O)NCCC(=O)N2CCN(c3ccccc3)CC2)c(O)c2ccccc21,,0
Cn1c(=O)c(F)c(Nc2ccc(I)cc2F)c2c(=O)n(OC[C@H](O)CO)cnc21,,0
Cn1c(=O)c2c(CC(=O)Nc3nc(-c4ccc(OC(F)(F)F)c(F)c4)cs3)ccnc2n(C)c1=O,,0
Cn1c(=O)c2c(ncn2CC(=O)Nc2nc(-c3ccc(F)c(F)c3)cs2)n(C)c1=O,,0
Cn1c(=O)n(CC(C)(C)C)c2ccc(C3CCC(C)(C)C(NC(=O)CCn4cncn4)C3)nc21,,0
Cn1c(C(=O)NN2C(=O)CSC2c2ccc([N+](=O)[O-])cc2)cc(Br)c1Br,,0
Cn1c(C(C)(O)CS(=O)(=O)CC(F)(F)F)nc2cc(Cl)c(Cl)cc21,,0
Cn1c(CC(=O)Nc2cc(F)c(F)c(F)c2)nc(N2CCOCC2)cc1=O,,0
Cn1c(CNc2ccc(C(=N)N)cc2F)nc2cc(C(=O)N(CCC(=O)O)c3ccc(F)cc3F)ccc21,,0
Cn1c(Cn2c(=O)sc3ccccc32)nnc1SCC(=O)N1CCCCCC1,,0
Cn1c(Cn2c(=O)sc3ccccc32)nnc1SCC(=O)N1CCN(c2ccccc2)CC1,,0
Cn1c(Cn2c(=O)sc3ccccc32)nnc1SCc1cccc(F)c1,,0
Cn1c(O)c2onc(-c3cn(-c4ccccc4)nc3-c3ccc(Br)cc3)c2c1O,,0
Cn1c(S(=O)(=O)Cc2cccnc2)nc(-c2ccccc2)c1-c1ccccc1,,0
Cn1cc(-c2[nH]nc3c2CN(c2ccn(Cc4ccccc4)c(=O)c2)CC3)ccc1=O,,0
Cn1cc(-c2ccc(CN3C(=O)C4(CCN(S(C)(=O)=O)C4)c4ccccc43)c(F)c2)cn1,,0
Cn1cc(-c2cnc3c(-c4csc(C(=O)N[C@@H]5CCC[C@@H]5O)c4)cnn3c2)cn1,,0
Cn1cc(-c2cnc3ccc4ccc(CS(=O)(=O)NCC5COCCO5)cc4c(=O)c3c2)cn1,,0
Cn1cc(C(=O)C(=O)Nc2nccs2)cc1C(=O)Nc1ccc(F)c(F)c1,,0
Cn1cc(CC(=O)N2CCCC(c3cc(C(F)(F)F)[nH]n3)C2)cn1,,0
Cn1cc(N2CCCC(Nc3ccc4c(c3)CCCO4)C2=O)cn1,,0
Cn1cc(S(=O)(=O)N2CCCCCC2)cc1C(=O)NCc1ccccc1Cl,,0
Cn1cc2c(OCC3CCN(CCc4ccc(CO)cc4)CC3)nc3ccccc3c2c1,8.0,1
Cn1cc2c(n1)CCc1c-2c2c(c3c1[nH]c1ccc(C4CCCCO4)cc13)CNC2=O,,0
Cn1ccc(=O)n(CC(CS(=O)(=O)c2ccc(Oc3ccc(OC(F)(F)F)cc3)cc2)N(O)C=O)c1=O,,0
Cn1ccc2cc(Nc3ncc(C(F)(F)F)c(NCc4ccccn4)n3)ccc21,,0
Cn1cnc(S(=O)(=O)N(Cc2ccc(-c3cccc(S(C)(=O)=O)c3)cc2)Cc2c(F)cccc2Cl)c1,,0
Cn1cnc(S(=O)(=O)N2CC(NC(=O)c3cccc(C(F)(F)F)c3Cl)C(c3ccccc3)C2)c1,,0
Cn1cnc(S(=O)(=O)Nc2ccc3c(c2)-c2c(c(C(N)=O)nn2-c2ccc(S(N)(=O)=O)cc2)CC3)c1,,0
Cn1cnc(SC2=CC(=O)C=C3S[C@H]4C[C@@]23c2c(c(O)c3c5c2=NCCC=5C=N3)N4)c1CC(N)C(=O)O,,0
Cn1cncc1C(OCc1c(-c2ccc(Cl)c(Cl)c2)cc(C#N)c(=O)n1C)c1ccc(C#N)cc1,,0
Cn1cncc1C(OCc1ccc(Cl)cc1-c1ccc(Cl)cc1)c1ccc(C#N)cc1,,0
Cn1cncc1CN1CC(N(Cc2ccc(C(F)(F)F)o2)S(=O)(=O)c2ccccn2)Cc2cc(C#N)ccc21,,0
Cn1cncc1CN1CC(N(Cc2ccc(S(C)(=O)=O)cc2)S(=O)(=O)c2cccc(F)c2)Cc2cc(C#N)ccc21,,0
Cn1cncc1CN1CC(N(Cc2cccc(-n3cncn3)c2)S(=O)(=O)c2ccccn2)Cc2cc(C#N)ccc21,,0
Cn1cncc1CN1CC(N(Cc2cccc3cccnc23)S(=O)(=O)c2ccccn2)Cc2cc(C#N)ccc21,,0
Cn1nc(C(C)(C)C)c(C#N)c1-c1nc2c(N3CCCCC3)nc(-c3ccccc3C(F)(F)F)cc2[nH]1,,0
Cn1nc(C(C)(C)C)cc1N1C(=O)CCC1(C)C(=O)NC1CCCC1,,0
Cn1nc(CCCO[Si](c2ccccc2)(c2ccccc2)C(C)(C)C)ccc1=O,,0
Cn1nc(S(N)(=O)=O)s/c1=N\Cc1cc(=O)oc2cc(Cl)ccc12,,0
Cn1ncc2c1[C@H](Cn1ccc(=O)[nH]c1=O)C[C@@H]2CO[Si](c1ccccc1)(c1ccccc1)C(C)(C)C,,0
Cn1nccc1C(=O)N1CCN(S(=O)(=O)c2ccc(Br)s2)CC1,,0
Cn1nccc1C(O)c1ncc(-c2cccc(Nc3nccc(C(F)(F)F)n3)c2)s1,,0
Cn1nnnc1SCC1=C(C(=O)[O-])N2C(=O)C(Nc3cc[n+](COCc4ccccc4)cc3)C2SC1,,0
FC(F)(F)c1cc(Br)ncc1-c1nc(N2CCOCC2)nc(N2CCOCC2)n1,,0
FC(F)(F)c1cc(CSc2nnc(-c3ccccn3)n2Cc2cccs2)ccc1Cl,,0
FC(F)(F)c1cc(N2CCN(c3ccc(-c4ncns4)nn3)CC2)cc(C(F)(F)F)c1,,0
FC(F)(F)c1ccc(/C=N/n2c(COc3ccccc3)n[nH]c2=S)cc1,,0
FC(F)(F)c1cccc(-c2nc(NC3CC4CC4C3)nc(NC3CC4CC4C3)n2)n1,,0
FC1(F)CC(Nc2nc(NC3CC(F)(F)C3)nc(-c3nc(C(F)(F)F)cs3)n2)C1,,0
FC1(F)CCC(Nc2nc(NC3CCC(F)(F)C3)nc(-c3cncc(C(F)(F)F)n3)n2)C1,,0
FC1(F)CCC(Nc2nc(NC3CCC(F)(F)C3)nc(-c3cncc(Cl)n3)n2)C1,,0
FC1(F)CCC(Nc2nc(NC3CN(c4cccnc4)C3)nc(-c3cccc(C(F)(F)F)n3)n2)C1,,0
Fc1ccc(-c2c[nH]c([C@H]3Cc4c([nH]c5ccccc45)[C@@H](C4CCOCC4)N3)n2)cc1F,6.46,1
Fc1ccc(C2(C(Oc3cncc4nnc(-c5ccc(OC(F)F)cc5)n34)C(F)(F)F)CC2)cc1F,,0
Fc1ccc(CCOc2cncc3nnc(N4Cc5ccccc5C4)n23)cc1F,,0
Fc1ccc2nc(Cl)c(Cn3nnc(CSc4ccccc4)n3)cc2c1,,0
Fc1cccc(-c2nc3cnn(Cc4cc(-c5ccc(C(F)(F)F)cc5C(F)(F)F)no4)cc-3n2)c1,,0
Fc1ccccc1-c1nc2ccn(Cc3cn(-c4ccccc4F)nn3)cc-2n1,,0
N#CC(c1ccnc(NCCc2cccc(Cl)c2)n1)c1nc2ccccc2s1,,0
N#CC(c1ccnc(NCCc2ccccn2)n1)c1nc2ccccc2s1,,0
N#CC1C(=N)C(C#N)(C#N)C(c2cccnc2)C2CC(c3ccccc3)CC=C12,,0
N#CC1C(=N)N(c2ccc(S(N)(=O)=O)cc2)C2=C(C(=O)CCC2)C1c1ccccc1,,0
N#CC1C(=N)N(c2ccc(S(N)(=O)=O)cc2)C2=C(CCCC2)C1/C=C/c1ccccc1,,0
N#CC1C(=N)N(c2ccc(S(N)(=O)=O)cc2)C2=C(CCCC2)C1c1ccc([N+](=O)[O-])cc1,,0
N#CCCCn1cnc(=N)c2[nH]c(Sc3cc(C(F)(F)F)ccc3Cl)nc21,,0
N#CCCN(CCC#N)S(=O)(=O)c1ccc(C(=O)Nc2nc(-c3ccccc3)c(C(=O)c3ccccc3)s2)cc1,,0
N#CCCN(CCC#N)c1ccc(/C=C2\N=C(c3ccccc3)N(c3ccc(C(=O)O)cc3)C2=O)cc1,,0
N#CC[C@H]1CC[C@H](n2c(CC(=O)NCC(F)(F)F)nc3cnc4[nH]ccc4c32)CC1,,0
N#C[C@@H]1CCCN1C(=O)CN(C(=O)CCCCCl)C12CC3CC(CC(O)(C3)C1)C2,,0
N#C[C@H](CC(N)=O)NC(=O)C1CCCN1S(=O)(=O)c1ccc(-c2ccc(F)cc2)c(F)c1,,0
N#C[C@]12CCC3(OCCO3)C3=CO[C@H](Cc4cc(C#CCCO)c(O)cc41)[C@@H]32,,0
N#Cc1c(-c2c(Cl)cccc2Cl)c2c(O)c3ccccc3c(O)c2oc1=N,,0
N#Cc1c(-c2ccc(Br)cc2)c2c(O)c3ccccc3c(O)c2oc1=N,,0
N#Cc1c(-c2ccc(C(=O)NS(=O)(=O)c3ccccc3)cc2)c2c([nH]c1=O)-c1ccccc1OC2,,0
N#Cc1c(-c2ccc(F)cc2)cc(-c2ccccc2)nc1SCC(=O)NC12CC3CC(CC(C3)C1)C2,,0
N#Cc1c(-c2ccccc2Br)c2c(O)c3ccccc3c(O)c2oc1=N,,0
N#Cc1c(-n2cc(CNS(=O)(=O)c3ccc(F)cc3)nn2)c2ccc(F)cc2n2c1nc1ccccc12,,0
N#Cc1c(F)c(F)c(C(C(=O)c2ccc(F)cc2)C2=NCCCCN2)c(C#N)c1F,,0
N#Cc1c(N2CCN(c3cccc(C(F)(F)F)c3)CC2)[n+]([O-])c2ccc(Cl)cc2[n+]1[O-],,0
N#Cc1c(NC(=O)COC(=O)c2ccc(S(=O)(=O)N3CCCC3)cc2)sc2c1CCCCC2,,0
N#Cc1cc(-c2cnc3nc(N4CCC(N5CCCCC5)CC4)sc3c2)ccc1F,7.0,1
N#Cc1ccc(C(=O)OC(Cn2ccnc2)c2ccc(Cl)cc2Cl)cc1,,0
N#Cc1ccc(CC(NC(=O)Nc2ccc(F)cc2)C(=O)NCC2(c3ccc(OC(F)(F)F)cc3)CC2)cc1,,0
N#Cc1ccc(CSc2nc(=O)c(I)c(Cn3nnc4ccccc43)[nH]2)cc1,,0
N#Cc1ccc(Cn2cncc2CN2CCN(c3cccc(Cl)c3)CC2=O)cc1,,0
N#Cc1ccc(Cn2cncc2COCc2ccc(C#N)cc2-c2cccc3ccccc23)cc1,,0
N#Cc1ccc(Cn2cnnc2CN(Cc2ccc(F)cc2F)C(=O)c2ccc3ccccc3n2)nc1,,0
N#Cc1ccc(Nc2cc(NS(=O)(=O)c3cc(F)cc(F)c3)ccn2)cc1,,0
N#Cc1ccc(Nc2nccc(NCc3ccc(Br)cc3)n2)cc1,,0
N#Cc1cccc(-c2ccnc(NC(=O)C3CN(C#N)CCO3)c2)c1,,0
N#Cc1cccc(-n2cc(CCCOS(=O)(=O)c3ccc(I)cc3)nn2)c1,,0
N#Cc1cccc(C(C#N)c2c(Cl)cnn(Cc3cccc4ccccc34)c2=O)c1,,0
N#Cc1cccc(S(=O)(=O)Nc2c(NC3CCCCC3)c3ccccc3oc2=O)c1,,0
N=C(N)NC(C(=O)NCC(=O)N1CCC(c2cc(-c3ccc(Cl)c(Cl)c3)[nH]n2)CC1)C1CCCCC1,,0
N=C(N)c1ccc2[nH]c(-c3cc(C(CC(=O)O)C(=O)O)cc(-c4c(O)cc(Cl)cc4Cl)c3O)nc2c1,,0
N=C(NCCCc1c[nH]cn1)NCCC(O)(c1ccc(F)cc1)c1ccccn1,,0
N=C(NN=CC=Cc1ccc(-c2cn3cc(C=CC=NN=C(N)N4CCCC4)ccc3n2)cc1)N1CCCC1,,0
N=C/C(=C(/OC1CCCC1)C(=O)Nc1cccc(Cl)c1)N1CCN(S(=O)(=O)N2CCOCC2)CC1,,0
N=c1c(S(=O)(=O)c2ccccc2)cc2c(=O)n3ccccc3nc2n1CC1CCCO1,,0
N=c1ccn2c(n1)O[C@@H]1[C@H](OC(=O)c3ccccc3Cl)[C@@H](COC(=O)c3ccccc3Cl)O[C@H]12,,0
NC(=NO)c1cccc(/C(=C(/F)C(=O)Nc2ccc(-c3ccccc3S(N)(=O)=O)cc2)n2cccn2)c1,,0
NC(=O)C1CCCN1C(=O)C(Cc1[nH]c(Br)nc1Br)NC(=O)c1nccnc1N,,0
NC(=O)C1CCN(c2nc3c(S(=O)(=O)c4ccccc4)nnn3c3ccccc23)CC1,,0
NC(=O)CC(=O)Nc1nc2c(s1)C[C@@H](NC(=O)c1cc(Br)c(Br)[nH]1)CC2,,0
NC(=O)c1c(F)ccc(OCc2nc3cccc(-c4ccccc4)c3s2)c1F,,0
NC(=O)c1c(NC(=O)c2ccc(S(=O)(=O)N(CCCl)CCCl)cc2)sc2c1CCCCC2,,0
NC(=O)c1cc(-c2ccnc(N)n2)[nH]c1-c1csc2ccccc12,,0
NC(=O)c1cc(Cl)c2c(Cl)c(C#CC3COCCO3)n([C@H]3CCCNC3)c2n1,8.85,1
NC(=O)c1ccc(-c2cc(-c3ccc4c(c3)OCCO4)cnc2N)cc1,,0
NC(=O)c1ccc(CNC(=O)c2csc(CCNCc3nc4ccccc4[nH]3)n2)cn1,,0
NC(=O)c1cccc(O[C@@H]2C[C@H]3CC[C@@H](C2)N3Cc2ccncc2)c1,8.82,1
NC(=O)c1cccc2c1O/C(=C\c1cccc(C(=O)NCCc3nc4ccccc4[nH]3)c1)C2=O,,0
NC(=O)c1ccccc1O[C@H]1C[C@H]2CC[C@@H](C1)N2Cc1ccccc1,6.47,1
NC(=O)c1ccsc1NC(=O)COC(=O)CSc1ccc(Cl)cc1,,0
NC(=O)n1cc(NC(=O)N2CCC[C@H]2CNS(=O)(=O)c2cccc(Cl)c2)c2ccccc21,,0
NC(CSC1(c2cccc3ccccc23)c2ccccc2-c2ccccc21)C(=O)O,,0
NCCCC1N=C(c2ccc3ccccc3c2)c2[nH]c(C(=O)O)cc2N(CCc2ccc(O)cc2)C1=O,,0
NCCCCNS(=O)(=O)c1ccc(-c2cc(C(=O)O)cc(-n3cc(-c4ccc(C(F)(F)F)cc4)nn3)c2)s1,,0
NCc1cc(C(=O)c2cc3c(c(Cl)c2Cl)OC(C(N)=O)C3)ccc1O,,0
NNC(=O)CSc1nnc(Cc2csc(NC(=O)c3ccccc3)n2)n1NC(=O)c1ccccc1,,0
NS(=O)(=O)CCC(F)(F)C(F)(F)C(F)(F)C(F)(F)F,,0
NS(=O)(=O)CCNC(=O)C(Cc1ccc(O)c(Br)c1)=NO,,0
NS(=O)(=O)NCc1csc2ccc(Br)cc12,,0
NS(=O)(=O)Nc1ccc2c(c1)S(=O)(=O)CC(c1c(O)c3cc(F)ccc3n(Cc3ccc(F)cc3)c1=O)=N2,,0
NS(=O)(=O)OC[C@H]1C[C@@H](Nc2ncncc2C(=O)c2cn(CC3CCCCC3)c3ccccc23)[C@H](O)[C@@H]1O,,0
NS(=O)(=O)c1cc(C(=O)NCCO)c(SC2CCCCC2)cc1Br,,0
NS(=O)(=O)c1cc(Cl)ccc1NS(=O)(=O)c1cccc(Cl)c1Cl,,0
NS(=O)(=O)c1ccc(-c2ccc(/C=C3/C(=O)N(c4ccc(S(N)(=O)=O)cc4)NC3C(F)(F)F)o2)cc1,,0
NS(=O)(=O)c1ccc(-n2nc(C(=O)N3CCOCC3)cc2-c2ccc(C(F)(F)F)cc2)cc1,,0
NS(=O)(=O)c1ccc(-n2nnc(C(=O)NN=C(CC(=O)c3ccccn3)C(F)(F)F)c2-c2ccccc2)cc1,,0
NS(=O)(=O)c1ccc(-n2nnc(C(=O)c3ccc(F)cc3)c2C(F)(F)F)cc1,,0
NS(=O)(=O)c1ccc(CCNS(=O)(=O)c2c(F)c(F)c(F)c(F)c2F)cc1,,0
NS(=O)(=O)c1ccc(CCOS(=O)(=O)C(F)(F)C(F)(F)C(F)(F)C(F)(F)F)cc1,,0
NS(=O)(=O)c1ccc(N2C(=O)C(=Nc3cccc(Cl)c3)C(Cl)C2=O)cc1,,0
NS(=O)(=O)c1ccc(NC(=O)N2CCN(c3ccnc(Nc4ccc(N5CCOCC5)cc4)n3)CC2)cc1,,0
NS(=O)(=O)c1ccc(Nc2ncc3c(n2)-c2ccc(NC(=O)Cc4ccsc4)cc2CC3)cc1,,0
NS(=O)(=O)c1ccc(Oc2nonc2S(=O)(=O)c2ccccc2)cc1,,0
NS(=O)(=O)c1ccc(S(=O)(=O)Nc2cccc3c(Cl)c[nH]c23)cc1,,0
NS(=O)(=O)c1ccccc1-c1ccc(C(=O)Nc2ccccc2C(=O)Nc2ccc(Br)cn2)cc1,,0
NS(=O)(=O)c1ccccc1NS(=O)(=O)CCc1ccccc1Cl,,0
NS(=O)(=O)c1ccccc1NS(=O)(=O)c1cccc(-c2cc(F)cc(F)c2)c1,,0
N[C@@H](CC(=O)N1CCn2nc(C(F)(F)F)nc2C1)Cc1cc(F)c(F)cc1F,,0
N[C@H]1[C@H](O[C@H]2CC3C(=O)c4cc5ccccc5cc4[C@H]3[C@@]23C(=O)CCc2ccccc23)O[C@H](CO)[C@@H](O)[C@@H]1O,,0
N[S+]([O-])c1ccc(S(=O)(=O)Nc2cccc3c(Cl)c[nH]c23)cc1,,0
Nc1c(Br)cc(Br)c(N2CCCC2=O)c1Br,,0
Nc1c(Cl)cc(C2=NCCn3nc4cc(C(F)(F)F)ccc4c32)cc1Cl,,0
Nc1c(Oc2ccc(NC(=O)C3(C(=O)Nc4ccc(F)cc4)CC3)cc2F)ccnc1NC(=O)CCl,,0
Nc1cc(-c2nnc(SCc3ccc(Br)cc3)o2)cc([N+](=O)[O-])c1,,0
Nc1cc(C(F)(F)F)c(-c2nc(N3CCCCC3)c3c(n2)N2CCOC[C@@H]2C3)cn1,,0
Nc1cc(NS(=O)(=O)c2cccc(C(F)(F)F)c2)cc(-c2cnc3[nH]cc(-c4ccncc4)c3c2)c1,,0
Nc1cc(Oc2ccc(NC(=O)C3(C(=O)Nc4cccc(F)c4)CC3)cc2F)ncn1,,0
Nc1cc(S(=O)(=O)Nc2cc(Cl)ccc2Cl)ccc1N1CCOCC1,,0
Nc1cc2c(c3ccccc13)C(CCl)CN2C(=O)c1cc2cc(OCCO)ccc2[nH]1,,0
Nc1ccc(-c2cccc(C(=O)Nc3ccc4nc(N5CCOCC5)oc4n3)n2)cn1,,0
Nc1ccc(SCC(=O)Nc2ccc3nc(NC(=O)c4ccc(C(F)(F)F)cc4)sc3c2)cc1,,0
Nc1ccc2[nH]c(CCCCCCCCc3nc4cc(N)ccc4[nH]3)nc2c1,,0
Nc1ccc2nc(SCN3C(=O)C(Cc4ccccc4)N(Cc4ccccc4)S3(=O)=O)sc2c1,,0
Nc1cccc(-c2c(OCc3ccccn3)ccc3c(=O)nc(N4CCOCC4)oc23)c1,,0
Nc1cccc(-c2c(OCc3cccnc3)ccc3c(=O)nc(N4CCOCC4)oc23)c1,,0
Nc1cccc(Cn2c(O)cn(/N=C/c3ccc(-c4cc(Cl)cc(Cl)c4)o3)c2=O)c1,,0
Nc1cccc(Cn2c(O)cn(/N=C/c3ccc(-c4cccc(Cl)c4)o3)c2=O)c1,,0
Nc1nc(-c2ccc3c(N)[nH]nc3c2)cc(N2CCCC(C(=O)NC3CCCC3)C2)n1,,0
Nc1nc(-c2ccco2)c2nnn(Cc3cccc(F)c3F)c2n1,,0
Nc1nc(C(=O)CCNC(=O)c2cc(Br)c(Br)[nH]2)c[nH]1,,0
Nc1nc(Cl)c(C#Cc2ccccn2)c(N[C@@H]2C[C@H](CO)[C@@H](O)[C@H]2O)n1,,0
Nc1nc(Nc2ccc(N3CCOCC3)cc2)nc(-c2cccc(N3CCc4cc(C5CC5)ccc4C3=O)c2CO)n1,,0
Nc1nc(OC(c2ccccc2-c2ccco2)C(F)(F)F)cc(-c2ccc(CC(N)C(=O)O)cc2)n1,,0
Nc1ncc(-c2cc(N3C[C@@H]4C[C@H]3CO4)nc(C3CCC3)n2)cc1OC(F)F,,0
Nc1ncc(-c2cc(N3C[C@@H]4C[C@H]3CO4)nc(N3CCC4(C3)CC4(F)F)n2)cc1OC(F)F,,0
Nc1ncc(-c2ccc(-c3ccccc3S(=O)(=O)c3cnccn3)cc2F)cn1,,0
Nc1ncc(-c2ccc(S(=O)(=O)NC3CC3)cc2)nc1-c1nc(-c2ccccc2)c[nH]1,,0
Nc1ncc(-c2cccc(-c3cnn(CC(F)(F)F)c3)c2)nc1C(=O)N[C@H]1C2CC3CC1C[C@@](O)(C3)C2,,0
Nc1ncc(-c2cn[nH]c2)cc1-c1ccc(C(=O)N[C@H](CO)c2ccccc2)c(F)c1,,0
Nc1ncc(-c2nc(N3CCOCC3)nc3c2CCN3c2ccncc2)cn1,,0
Nc1ncc2cc(-c3nccnc3OC3CN(c4ccc5ccccc5n4)C3)ccc2n1,,0
Nc1nccc(-c2cn(C(=O)N3CCOCC3)c3ccc(Br)cc23)n1,,0
Nc1ncnc(C#Cc2ccc(N3CCOCC3)nc2)c1CCCCc1ccccc1,,0
Nc1ncnc(C#Cc2ccc(N3CCOCC3)nc2)c1CCCc1ccccc1Cl,,0
Nc1ncnc2c1c(-c1cc(F)c3c(c1)NCCO3)nn2C1Cc2cc(F)ccc2C1=O,,0
Nc1ncnc2c1nc(Sc1cc3c(cc1I)OCO3)n2CCNCC(O)=NO,,0
Nc1ncnc2c1ncn2OCCOCP(=O)(Oc1ccc(Br)cc1)Oc1ccc(Br)cc1,,0
Nc1nn2c(-c3ccc(Br)cc3)ccnc2c1/N=N/c1ccc(S(N)(=O)=O)cc1,,0
Nc1nn2cccnc2c1C(=O)Nc1cn(CC(=O)N2CCC(F)(F)C2)nc1-c1cc(Cl)ccc1OC(F)F,,0
Nc1noc2ccc(-n3nc(C(F)(F)F)cc3C(=O)Cc3ccc(-c4ccccc4S(N)(=O)=O)cc3F)cc12,,0
Nn1c(CS(=O)(=O)Nc2ccccc2)nnc1CS(=O)(=O)c1c[nH]nc1S(=O)(=O)c1ccccc1,,0
Nn1c(CSc2nnc(Cc3csc(NC(=O)CCl)n3)n2NC(=O)c2ccc(Cl)cc2)n[nH]c1=S,,0
O=C(/C=C/c1ccc(/C=N/C2CCCCC2)cc1)c1cccc2c1C(=O)c1ccccc1C2=O,,0
O=C(/C=C/c1ccc(S(=O)(=O)N2CCOCC2)cc1)NCc1ccccc1F,,0
O=C(/N=c1\scc(-c2ccccc2)n1-c1ccccc1[N+](=O)[O-])c1cc(=O)[nH]c(=O)[nH]1,,0
O=C(C(=CN1CCN(C(=O)c2ccco2)C1=S)C(=O)c1ccccc1)c1ccccc1,,0
O=C(C(O)CS(=O)(=O)c1ccc2cc(Cl)ccc2c1)N1CCC(N2CCCS2(=O)=O)CC1,,0
O=C(C(c1ccccc1)n1cnc2[nH]ncc2c1=S)N1CCCCCC1,,0
O=C(C1CC1)C(c1ccccc1F)N1C(=O)S/C(=C\c2cc(Br)cs2)C1=O,,0
O=C(C1CC1)N1CCN(C(=O)CSc2ccccn2)[C@H]2CS(=O)(=O)C[C@H]21,,0
O=C(C1CCCC1)N1CCCC([C@@H]2C[C@H](C(F)F)n3ncnc3N2)C1,,0
O=C(C1CCCCC1)N1CCN(c2cc(-c3ccccc3)nc3cc(-c4cccc(Cl)c4)nn23)CC1,,0
O=C(C1CCCN(S(=O)(=O)c2cccs2)C1)N1CCc2ccccc2C1,,0
O=C(C1CCCN(c2ncc3[nH]c(-c4ccnc(C5CC5)n4)nc3n2)C1)N1CCCC1,,0
O=C(C1CCN(S(=O)(=O)c2cccc3nsnc23)CC1)N1CCCc2ccccc21,,0
O=C(C1CCN(S(=O)(=O)c2cccs2)CC1)N1CCN(c2ccccc2)CC1,,0
O=C(C1CCN(c2ccc(S(=O)(=O)C3(C(O)=NO)CCOCC3)cc2)CC1)N1CCN(c2ccc(F)cc2)CC1,,0
O=C(C1CCN(c2ccncc2)CC1)N1CC[C@@H](CNS(=O)(=O)/C=C/c2ccc(Cl)s2)C1,,0
O=C(C1CCS(=O)(=O)CC1)N1CCN(c2ccc(F)cn2)CC1c1ccc(F)cc1,,0
O=C(C1CCS(=O)(=O)CC1)N1CCN(c2ccc(F)cn2)CC1c1cccc(F)c1F,,0
O=C(C1C[C@@H](O)C(O)[C@H](O)C1)N1CCC(Nc2ccc3c(c2)CN(S(=O)(=O)c2ccc(O)cc2O)C3)CC1,,0
O=C(C=Cc1ccc(O)c(O)c1)N1CCN(c2ccccc2)CC1,,0
O=C(C=Cc1ccc(O)c(O)c1)NCCNc1c2c(nc3ccccc13)CCCC2,,0
O=C(C=Cc1ccc(O)c(O)c1)OCCOc1no[n+]([O-])c1S(=O)(=O)c1ccccc1,,0
O=C(C=Cc1ccc(O)c(O)c1)OC[C@H]1CC[C@H]1COC(=O)C=Cc1ccc(O)c(O)c1,,0
O=C(CC1C/C=C\CCC(=O)OC[C@@H]2CCCN2C1=O)N[C@@H](CO)Cc1ccccc1,,0
O=C(CCC(=O)N1CCN(S(=O)(=O)c2ccccc2)CC1)c1cccs1,,0
O=C(CCC(F)(F)F)N1CCC(c2cc(F)ccc2F)(S(=O)(=O)c2ccc(Cl)cc2)CC1,,0
O=C(CCCCCCC(O)=NO)Nc1ccccc1,6.49,1
O=C(CCCN1C(=O)/C(=C/c2ccccc2Cl)SC1=S)N1CCOCC1,,0
O=C(CCCN1CC=C(n2c(=O)[nH]c3ccccc32)CC1)c1ccc(F)cc1,7.49,1
O=C(CCNS(=O)(=O)c1ccc(Cl)cc1)N1CCN(c2ccccn2)CC1,,0
O=C(CCS(=O)(=O)c1cccc2nsnc12)N1CCN(c2ccccc2F)CC1,,0
O=C(CCc1ccco1)N=CC(=O)N1CCC(c2nccn2CCc2ccsc2)CC1,,0
O=C(CCn1c(O)c2c(c1O)C1C=CC2C1)N1CCN(c2ccccc2Cl)CC1,,0
O=C(CCn1nnc(-c2cccs2)n1)NCc1ccccc1Cl,,0
O=C(CN(/N=C/c1ccccc1Cl)C(=O)c1ccncc1)N1CCN(c2ccc(Cl)cc2)CC1,,0
O=C(CN(/N=C/c1ccccc1Cl)C(=O)c1ccncc1)N1CCN(c2ccc(F)cc2)CC1,,0
O=C(CN(c1cccc(Br)c1)S(=O)(=O)c1ccccc1)N1CCc2ccccc2C1,,0
O=C(CN1C(=O)S/C(=C\c2sc(Cl)nc2Cl)C1=O)c1ccc(Cl)cc1Cl,,0
O=C(CN1C(=O)c2ccccc2C1=O)N1CCN(S(=O)(=O)c2ccccc2)CC1,,0
O=C(CN1CCCC(NS(=O)(=O)c2ccc3cc(Br)ccc3c2)C1=O)N1CCCC1,,0
O=C(CN1CCCC(c2ccccc2)(c2ccccc2)C1=O)N1CCC(c2ccccc2)(c2ccccc2)C1,,0
O=C(CN1CCc2ccccc21)NN1CC(=O)N(c2ccc(Cl)cc2)CC1=O,,0
O=C(CNC(=O)c1ccc(S(=O)(=O)N2CCCC2)cc1)N/N=C/c1ccc(Cl)cc1Cl,,0
O=C(CNCC1(O)CCCCC1)N1CCc2ccccc2C1C1CCCCC1,,0
O=C(COC(=O)C1(c2ccccc2F)CCCC1)N1CCN(C(=O)c2ccco2)CC1,,0
O=C(COC(=O)Cc1ccc(S(=O)(=O)N2CCOCC2)s1)Nc1ccc(F)cc1F,,0
O=C(COC(=O)c1ccc(N2CCCC2=O)cc1)c1ccc(OC(F)F)cc1,,0
O=C(COC(=O)c1ccc(O)cc1O)/N=c1\sccn1Cc1ccccc1Cl,,0
O=C(COC(=O)c1ccccc1Br)NCCn1c(O)csc1=O,,0
O=C(COc1ccc(S(=O)(=O)N2CCCCC2)cc1Cl)N1CCCC1,,0
O=C(COc1cccc(C(F)(F)F)c1)N1CCN(c2ccccc2[N+](=O)[O-])CC1,,0
O=C(COc1cccc2ccccc12)N1CCN(S(=O)(=O)c2cccs2)CC1,,0
O=C(COc1ccccc1)N1CCCC[C@@H]1c1noc(-c2cccc(N3CCCS3(=O)=O)c2)n1,,0
O=C(COc1cnccn1)N/N=c1\scc(-c2ccc(Br)cc2)n1-c1ccc(Cl)cc1[N+](=O)[O-],,0
O=C(CS(=O)(=O)c1cccc2nsnc12)N1CCN(c2cccc(Cl)c2)CC1,,0
O=C(CS(=O)(=O)c1ccccc1)c1cc2cc(Br)ccc2oc1=O,,0
O=C(CSCc1ccccc1Br)NNC(=S)NCc1ccco1,,0
O=C(CSc1ccc2nnc(-c3ccncc3)n2n1)N1CCc2ccccc21,,0
O=C(CSc1ccccc1)N1CCN(S(=O)(=O)c2ccccc2F)CC1,,0
O=C(CSc1nc(-c2ccccc2)c(-c2ccccc2)o1)N1CCOCC1,,0
O=C(CSc1nc2ccccc2c(=O)n1CCc1ccccc1)N=Nc1c(O)[nH]c2ccc(F)cc12,,0
O=C(CSc1nc2ccccc2c(=O)n1Cc1ccco1)N1CCN(c2ccccc2)CC1,,0
O=C(CSc1nc2ccccc2n1S(=O)(=O)c1ccccc1)N1CCCC1,,0
O=C(CSc1nn(-c2ccccc2)c(=S)s1)NC1CCS(=O)(=O)C1,,0
O=C(CSc1nnc(-c2ccccc2O)o1)Oc1ccc(Br)cc1,,0
O=C(CSc1nnc(CNC(=O)c2ccccc2)o1)NCC1CCCO1,,0
O=C(CSc1nnc(Cn2c(=O)sc3ccccc32)n1-c1ccccc1)N1CCCC1,,0
O=C(CSc1nnc2c(=O)n(-c3ccc(Br)cc3)ccn12)Nc1cc(F)ccc1F,,0
O=C(CSc1nnc2c(=O)n(-c3cccc(F)c3)ccn12)N1CCN(c2ccc(F)cc2)CC1,,0
O=C(CSc1nnc2c(Cl)cc(Cl)cn12)NC1CCS(=O)(=O)C1,,0
O=C(CSc1nncs1)NCCNC(=O)CSc1nncs1,,0
O=C(C[C@@H]1CC[C@@H]2[C@H](COC[C@@H](O)CN2C(=O)c2ccccc2F)O1)NCc1ccc(-c2ccccc2)cc1,,0
O=C(Cc1c(F)cccc1Cl)N1CCN(S(=O)(=O)c2cccs2)CC1,,0
O=C(Cc1cccc(C(F)(F)F)c1)Nc1cc(S(=O)(=O)N2CCOCC2)ccc1N1CCCC1,,0
O=C(Cc1cccc(Cl)c1)Nc1[nH]nc2ccc(N3CCCS3(=O)=O)cc12,,0
O=C(Cc1cn(-c2cccc(C(F)(F)F)c2)nc1-c1ccc(Cl)c(Cl)c1)N1CCCC1,,0
O=C(Cn1c(Cl)cnc(NCC(F)(F)c2cccc[n+]2[O-])c1=O)NCc1cc(F)ccc1C(F)(F)F,,0
O=C(Cn1c(Cl)cnc(NCC(F)(F)c2cccc[n+]2[O-])c1=O)NCc1ccccc1-n1cncn1,,0
O=C(Cn1c(Cl)cnc(NCC(F)(F)c2cccc[n+]2[O-])c1=O)NCc1ccccc1OC(F)(F)F,,0
O=C(Cn1c(Cl)cnc(NCC(F)(F)c2ccccn2)c1=O)NCc1cc(Cl)ccc1-n1cnnn1,,0
O=C(Cn1cc(-c2cccs2)nn1)Nc1nc2ccccc2s1,,0
O=C(Cn1cc(-c2nc(-c3ccccc3)no2)c2ccccc21)N1CCOCC1,,0
O=C(Cn1cc(CC(O)c2ccc(S(=O)(=O)c3ccccc3)cc2)nn1)c1ccccc1,,0
O=C(Cn1ccc(=NCc2ccccc2)cc1)c1ccc(I)cc1,,0
O=C(Cn1nc2nc(Nc3ccc(F)cc3)ccn2c1=O)NCC1CCCO1,,0
O=C(Cn1ncc(Cl)c(Cl)c1=O)N(Cc1ccco1)CC(F)(F)F,,0
O=C(N/N=C/c1ccc(Cl)cc1)N1CCN(c2ccccn2)CC1,,0
O=C(N/N=C/c1ccc(Cl)cc1Cl)c1c[nH]c2ccc(Cl)cc2c1=O,,0
O=C(N/N=C/c1cccc(Br)c1)c1ccc(Br)cc1,,0
O=C(NC(=S)Nc1ccc(F)c([N+](=O)[O-])c1)c1ccccc1F,,0
O=C(NC(=S)Nc1ccc(S(=O)(=O)Nc2nccs2)cc1)c1ccccc1F,,0
O=C(NC(CC(=O)N1CCN(c2ccccc2O)CC1)c1ccccc1)c1ccccc1Cl,,0
O=C(NC(CO)CO)c1ccc2c(c1)C(=O)c1ccc(Nc3ccc(F)cc3F)cc1CC2,,0
O=C(NC1CC1)C1S[C@@H](n2cnc3c(NCc4cccc(I)c4)ncnc32)[C@H](O)[C@@H]1O,,0
O=C(NC1CC=C(c2ccc(NC(=O)N3Cc4ccncc4C3)cc2)CC1)C1CCCO1,,0
O=C(NC1CCN(Cc2ccc3c(c2)OCO3)CC1)c1cc(=O)c2cc(Cl)c(Cl)cc2o1,8.85,1
O=C(NC1CCN(Cc2ccc3c(c2)OCO3)CC1)c1cc(=O)c2cc(F)c(Cl)cc2o1,7.98,1
O=C(NC1CNCCC[C@H]1OC(=O)c1cc(O)c(C(=O)C2CCCCC2C(=O)O)c(O)c1)c1ccc(O)cc1,,0
O=C(NCC(NS(=O)(=O)c1cccnc1)C(=O)O)c1cc2cc(CCC3CCNCC3)sc2s1,,0
O=C(NCC(O)c1cccnc1)c1ccc(N2CCC3(CCc4c(cccc4C(F)(F)F)O3)CC2)nn1,,0
O=C(NCC1CCCO1)C1CCC(CNS(=O)(=O)c2ccccc2)CC1,,0
O=C(NCC1COc2ccccc2O1)C1CCN(S(=O)(=O)c2ccccc2)CC1,,0
O=C(NCCC1=CCCCC1)C1CCN(S(=O)(=O)c2ccc(-n3cnnn3)cc2)CC1,,0
O=C(NCCC1CCCCN1)c1ccc(-c2cc(=NC3CC3)n3ncc(=Cc4[nH]c(=O)[nH]c4O)c3n2)s1,,0
O=C(NCCCn1ncc2ccc([N+](=O)[O-])cc21)N1C(=O)C(Cl)C1c1ccccc1Br,,0
O=C(NCCNS(=O)(=O)c1cccc(C(F)(F)F)c1)c1cc(OCC(F)(F)F)ccc1OCC(F)(F)F,,0
O=C(NCCNc1ccc(OC(F)(F)F)cc1)C(CC(=O)N1CCOCC1)c1ccc(C(F)(F)F)cc1,,0
O=C(NCCO)c1cc2c(Oc3ccc(Br)cc3)cncc2s1,,0
O=C(NCCOc1ccc2c(c1)CCC2)N1CCS(=O)(=O)CC1,,0
O=C(NCCn1ccnc1)C1COCC(=O)N1Cc1ccccc1,,0
O=C(NC[C@@H]1C[C@@H]2CC[C@@H]1O2)NS(=O)(=O)N1CCC(CCNC(=O)c2nc3ccccc3s2)CC1,,0
O=C(NC[C@H]1CN(c2ccc(N3CCOCC3=O)c(F)c2)C(=O)O1)c1ccc(Br)s1,,0
O=C(NCc1cc(Cl)ccc1-n1cnnn1)C1CC=NN1C(=O)C(O)Cc1ccccc1,,0
O=C(NCc1ccc(N2CCOCC2)cc1)c1ccc(NC(=O)N2Cc3ccc(F)cc3C2)cc1,,0
O=C(NCc1ccc(S(=O)(=O)c2ccc(F)cc2)cc1)c1cc2cnccc2[nH]1,,0
O=C(NCc1ccc([S+]([O-])c2cc(F)cc(F)c2)cn1)c1cc2cnccc2[nH]1,,0
O=C(NCc1ccc([S+]([O-])c2cc(F)cc(F)c2)cn1)c1cnc2[nH]ncc2c1,,0
O=C(NCc1ccccn1)c1cnc2c(SSc3cccc4cc(C(=O)NCc5ccccn5)cnc34)cccc2c1,,0
O=C(NCc1cccs1)c1ccc2c(=O)n3nc(Nc4ccccc4)sc3nc2c1,,0
O=C(NCc1n[nH]c(=S)n1-c1cccc(C(F)(F)F)c1)c1ccc(S(=O)(=O)N2CCCC2)cc1,,0
O=C(NCc1nc(-c2ccc(C(F)(F)F)cc2)no1)Nc1ccc(OC(F)(F)F)cc1,,0
O=C(NCc1nc2ccccc2s1)c1cc(F)cc2c1OCOC2,,0
O=C(NN=C1CCc2cccc(O)c21)c1cccc(S(=O)(=O)N2CCOCC2)c1,,0
O=C(NN=Cc1cc(Br)cc(Br)c1O)c1ccc([N+](=O)[O-])cc1,,0
O=C(NN=Cc1cc(Br)ccc1O)c1ccc(OC(F)F)cc1,,0
O=C(NN=Cc1cc(Br)ccc1O)c1cccnc1,,0
O=C(NN=Cc1cc(Cl)cc([N+](=O)[O-])c1O)C(O)(c1ccccc1)c1ccccc1,,0
O=C(NN=Cc1cc(O)ccc1Br)c1cccnc1,,0
O=C(NN=Cc1ccc(Br)cc1O)c1ccc(OC(F)F)cc1,,0
O=C(NNC(=O)C(F)(F)Cc1ccccn1)N1Cc2ccccc2Oc2ccc(Cl)cc21,,0
O=C(NNC(=O)c1cc2cc3ccccc3nc2s1)c1cccc(Cl)c1,,0
O=C(NNC(=O)c1ccccc1Sc1ccc2c(C=Cc3ccccn3)[nH]nc2c1)c1cccs1,,0
O=C(NNS(=O)(=O)c1ccccc1)c1cnn(-c2ccc(Cl)cc2)c1C(F)(F)F,,0
O=C(NS(=O)(=O)c1ccc(Cl)cc1)c1ccc(Cl)cc1[N+](=O)[O-],,0
O=C(N[C@@H]1CC[C@@H](c2cccc(F)c2F)Cn2cc(CC(F)(F)F)nc21)N1CCC(n2c(=O)[nH]c3ncccc32)CC1,,0
O=C(N[C@H](CO)c1ccccc1)c1nn(-c2c[n+]([O-])ccn2)c2c1C[C@@H]1C[C@H]21,,0
O=C(N[C@H]1C2CC3CC1C[C@](O)(C3)C2)c1cnc(NCCO)nc1OC1CCC1,,0
O=C(Nc1c[nH]nc1-c1cc(Cl)ccc1OC(F)F)c1cncc2scnc12,,0
O=C(Nc1cc[nH]c(=O)c1)c1cc(OC(F)(F)F)ccc1Oc1ccc(F)cc1,,0
O=C(Nc1cc[nH]c(=O)c1)c1cc(OC(F)(F)F)ccc1Oc1ccc(F)cc1Cl,,0
O=C(Nc1cc[nH]c(=O)c1)c1ccc(C(F)(F)F)cc1OCC1CCCC1,,0
O=C(Nc1cc[nH]c(=O)c1)c1ccc(C(F)(F)F)cc1OCC1CCOC1,,0
O=C(Nc1ccc(-c2nc3c(c(N4CCOCC4)n2)CS(=O)(=O)CC3)cn1)NS(=O)(=O)c1ccc(F)cc1F,,0
O=C(Nc1ccc(C(F)(F)F)cc1)c1nscc1NCc1ccncc1,,0
O=C(Nc1ccc(CCC(=O)N2CC[C@H](O)[C@H](O)C2)cc1)c1ccsc1,,0
O=C(Nc1ccc(CCc2nn[nH]n2)cc1)C(F)(F)C(F)(F)C(F)(F)F,,0
O=C(Nc1ccc(F)cc1)c1[nH]ncc1NC(=O)c1c(F)ccc(-c2ccncc2)c1F,,0
O=C(Nc1ccc(N2CCOCC2)cc1N1CCOCC1)c1cnn(-c2ccccc2)n1,,0
O=C(Nc1ccc(OC(F)(F)F)c(F)c1)NC1CCN(C(=O)C2CCOCC2)CC1,,0
O=C(Nc1ccc(S(=O)(=O)N2CCOCC2)cc1)c1ccc(Br)o1,,0
O=C(Nc1ccc2c(c1)CCN(C(=O)NS(=O)(=O)c1ccc(F)cc1)CC2)NS(=O)(=O)c1ccc(F)cc1,,0
O=C(Nc1ccc2ncnc(Nc3cccc(Cl)c3)c2c1)c1cccc2c1OCCO2,,0
O=C(Nc1cccc(-c2nn3ccccc3c2-c2ccnc(Nc3cccc(N4CCCC4=O)c3)n2)c1)c1cc(F)ccc1F,,0
O=C(Nc1cccc2ccc(O)cc12)c1ccccc1Sc1ccc2c(C=Cc3ccccn3)[nH]nc2c1,,0
O=C(Nc1ccccc1Cl)c1csc(-c2ccc[n+]([O-])c2)n1,,0
O=C(Nc1ccccc1F)c1ccc(CNS(=O)(=O)c2cccc(C(F)(F)F)c2)cc1,,0
O=C(Nc1ccccc1F)c1cccc(N2C(=O)c3ccccc3C2=O)c1,,0
O=C(Nc1cnc(-c2c(F)cncc2F)c(-c2cccnc2)n1)C1CC1,,0
O=C(Nc1cncc(Oc2cncc(F)c2)n1)c1cc(F)cc(Cl)c1,,0
O=C(Nc1cnn2ccc(N3CCC[C@H]3c3cc(F)ccc3F)nc12)N1CC[C@H](O)C1,,0
O=C(Nc1csc(-c2nncn2C2CC2)n1)c1cc(-n2cnc(C3CC3)c2)c(N2CC(F)(F)C2)cn1,,0
O=C(Nc1nc(-c2ccccc2)c(-c2ccccc2)s1)c1ccc(S(=O)(=O)N2CCCCC2)cc1,,0
O=C(Nc1nc2c(s1)CCC2)c1cccnc1N1CCOCC1,,0
O=C(Nc1nc2ccccc2[nH]1)c1cn(Cc2ccccc2)nc1-c1cccnc1,,0
O=C(Nc1nc2ccccc2s1)C1CC(=O)N(c2ccccc2)C1,,0
O=C(Nc1nccs1)C1CCCN1/C=C/C(=O)C(F)(F)F,,0
O=C(Nc1nccs1)c1ccc(-n2c(O)c3c(c2O)CCCC3)cc1,,0
O=C(Nc1nccs1)c1ccc(N2CCc3ccccc3C2)nc1,,0
O=C(Nc1nonc1-c1ccc(F)cc1)c1ccc(Br)cc1,,0
O=C(O)C(Cc1ccc(OC(=O)N2CCCC2)cc1)NC(=O)C1CCCN1S(=O)(=O)c1ccccc1,,0
O=C(O)C1C(CC2CCNCC2)C(=O)N1C(=O)N1CCN(C(=O)CCCCCc2cccc3ccccc23)CC1,,0
O=C(O)C1CN(Cc2cc3c(cc2F)-c2noc(-c4noc(-c5ccccc5)c4C(F)(F)F)c2CC3)C1,,0
O=C(O)C1CNC[C@@H](CN/N=C/c2ccc(-c3ccc(Cl)cc3)s2)C1,,0
O=C(O)CC(CN1CC[C@@H](CCc2ccc3c(n2)NCCC3)C1)c1cccc(-n2ccnc2)c1,,0
O=C(O)CCCCCn1c(SCc2cc(=O)n3ccccc3n2)nc2ccsc2c1=O,,0
O=C(O)CCc1c(F)c(F)c(OCc2c(-c3ccc(Cl)cc3)nsc2C(F)(F)F)c(F)c1F,,0
O=C(O)CN1C(=O)N(CCCCCCN2CCCN3CCCN=C23)C(c2ccccc2)(c2ccccc2)C1=O,,0
O=C(O)C[S+]([O-])c1ccc(CN(Cc2ccc(-c3csnn3)cc2)S(=O)(=O)c2ccccc2)cc1,,0
O=C(O)c1c(NS(=O)(=O)c2ccccc2NCCCNCCO)ccc2c1CCCC2,,0
O=C(O)c1cc(-c2ccc(C3CCNCC3)cc2)cc(-n2cc(-c3ccc(Cl)cc3)nn2)c1,,0
O=C(O)c1cc(-c2ccc(C3CCNCC3)cc2)cc(-n2cc(-c3ccccc3)nn2)c1,,0
O=C(O)c1ccccc1C(=O)OCCCOc1no[n+]([O-])c1S(=O)(=O)c1ccccc1,,0
O=C(O)c1cn(C2CC2)c2cc(N3C[C@H]4CCCN[C@H]4C3)c(F)cc2c1=O,,0
O=C(O)c1cnn(-c2cnc(NC(=O)C(OC3CCOCC3)c3ccc(S(=O)(=O)C4CC4)cc3)s2)c1,,0
O=C(OC1Cc2ccccc2C1)c1c(-c2ccc[nH]c2=O)c2c3occc3c(F)cc2n1Cc1cc2[nH]cnc2cc1Cl,,0
O=C(OCC(=O)N1CCCCC1)c1cc(S(=O)(=O)N2CCOCC2)c(Cl)cc1Cl,,0
O=C(OCC(=O)N1CCc2ccccc21)C1CCCN1S(=O)(=O)c1ccccc1F,,0
O=C(OCc1nc2ccccc2s1)C1CCCN1S(=O)(=O)c1ccccc1F,,0
O=C(O[C@@H]1Cc2c(O)cc(O)cc2O[C@@H]1c1cc(O)c(O)c(O)c1)C1CCCCC1,,0
O=C(Oc1cccc(I)c1)c1cc2cc([N+](=O)[O-])ccc2oc1=O,,0
O=C(Oc1ccccc1)C1CC2(CO)C(=O)N(CCCCc3ccccc3)CC(=O)N2C1c1ccco1,,0
O=C(c1c(F)ccc(NS(=O)(=O)c2ccc(C(F)(F)F)cc2)c1F)c1c[nH]c2ncncc12,,0
O=C(c1c(F)cccc1-n1nccn1)N1C2CCC1C(COc1ccc(F)cn1)C2,,0
O=C(c1cc(-c2nnc3ccc(Br)cn23)c(O)cc1O)N1CCc2ccccc2C1,,0
O=C(c1cc(C(F)(F)F)[nH]n1)N(Cc1cccc2c1CCN2)CC1CCC1,,0
O=C(c1cc(Oc2c(Cl)cc(-n3ncc(=O)[nH]c3=O)cc2Cl)ccc1O)N1CCc2ccccc2C1,,0
O=C(c1cc(S(=O)(=O)N2CCC3(CC2)OCCO3)ccc1F)N1CCC2(CC1)OCCO2,,0
O=C(c1cc2c(=O)oc3ccccc3c2s1)N1CCN(c2ccccc2)CC1,,0
O=C(c1cc2ccccc2o1)N1CCN(S(=O)(=O)c2ccc(Cl)s2)CC1,,0
O=C(c1ccc(-c2ccc3ncc(-c4ccc(C(F)(F)F)cc4)n3n2)cc1)N1CCOCC1,,0
O=C(c1ccc(-c2cccc(Cl)c2)cc1)N1CCN(c2ncccn2)CC1CO,,0
O=C(c1ccc(-c2cccc(Cl)c2)o1)N1CCN(c2ccc([N+](=O)[O-])cc2)CC1,,0
O=C(c1ccc(-n2c(-c3ccccc3)nc3ccccc3c2=O)cc1)[n+]1[nH]c(=S)sc1-c1ccc([N+](=O)[O-])cc1,,0
O=C(c1ccc(C(F)(F)F)cc1)C1CCCN(C(=O)CCN2CCCO2)C1,,0
O=C(c1ccc(C(F)(F)F)cc1-n1nccn1)N1CCOC[C@H]1Cc1cccc(-c2ncon2)c1,,0
O=C(c1ccc(Cl)nc1)N1CCN(S(=O)(=O)c2ccc(Cl)cc2)CC1,,0
O=C(c1ccc(F)c(C(F)(F)F)c1Cl)N1[C@H]2CC[C@@H]1c1nnc(-c3cscn3)n1C2,,0
O=C(c1ccc(I)cc1NS(=O)(=O)c1cccc2nsnc12)N1CCOCC1,,0
O=C(c1ccc(NS(=O)(=O)c2ccccc2)cc1)c1cc2ccc(O)cc2oc1=O,,0
O=C(c1ccc(S(=O)(=O)N2CCCC2)cc1)N(Cc1ccco1)C1CCS(=O)(=O)C1,,0
O=C(c1ccc(S(=O)(=O)N2CCCCC2)cc1)N(c1ccccn1)C1CCCCC1,,0
O=C(c1ccc([N+](=O)[O-])c(CS(=O)(=O)c2ccc(Cl)cc2)c1)N1CCCC1,,0
O=C(c1ccc([N+](=O)[O-])c(CS(=O)(=O)c2ccc(Cl)cc2)c1)N1CCCCC1,,0
O=C(c1ccc2cc(Oc3ccc(C(F)(F)F)cn3)ccc2n1)N1CCN(S(=O)(=O)C2CCOCC2)CC1,,0
O=C(c1ccc2cc(Oc3ccc(C(F)(F)F)cn3)ccc2n1)N1CCN(S(=O)(=O)N2CCOCC2)CC1,,0
O=C(c1ccc2cc(Oc3ccc(C(F)(F)F)cn3)ccc2n1)N1CCN(S(=O)(=O)c2ccccc2)CC1,,0
O=C(c1cccc(F)c1)N1CCN(c2ccc([N+](=O)[O-])c(N3CCCCC3)c2)CC1,,0
O=C(c1cccc(F)c1-c1ncccn1)N1C2CCC1C(Nc1nccn3c(Br)cnc13)C2,,0
O=C(c1cccc(S(=O)(=O)N2CCc3ccccc3C2)c1)N1CCN(c2ccccc2)CC1,,0
O=C(c1cccc([N+](=O)[O-])c1)N1CCN(c2nc3ccccc3c3ccccc23)CC1,,0
O=C(c1ccccc1)N1CCN(c2nnc(-c3ccccc3)c3ccccc23)CC1,,0
O=C(c1ccccc1)N1CCc2oc(-c3ccc(Br)cn3)nc2C1,,0
O=C(c1ccccc1-n1nccn1)N1CCC(F)(F)C(Oc2nc3ccccc3s2)C1,,0
O=C(c1ccccc1-n1nccn1)N1CCC(F)(F)[C@@H](Oc2ccc3ccccc3n2)C1,,0
O=C(c1ccccc1Br)N1CCN(c2ccc([N+](=O)[O-])c(N3CCOCC3)c2)CC1,,0
O=C(c1ccccc1F)N1CCN(c2ccc([N+](=O)[O-])c(N3CCOCC3)c2)CC1,,0
O=C(c1ccco1)N(Cc1cc(C(F)(F)F)cc(C(F)(F)F)c1)Cc1cnccc1-c1ccccc1,,0
O=C(c1ccoc1)N1CCCN(c2cc(-c3ccccc3)nc3cc(-c4cccc(Cl)c4)nn23)CC1,,0
O=C(c1cn(-c2ccccc2)nc1-c1cccnc1)N1CCN(c2ccncc2)CC1,,0
O=C(c1cnccc1C(F)(F)F)N1CCCC(Oc2ccc(C(F)(F)F)cc2)(C(=O)N2CCN(c3ccncn3)CC2)C1,,0
O=C(c1cnn2cc(CCO)cnc12)N1CCOC(C(F)(F)F)C1,,0
O=C(c1cscn1)N1CCC(O)(Cn2ccc3ccncc32)CC1,,0
O=C(c1nn2c(C(F)(F)F)cc(C3CC3)cc2c1Cl)N1CCC2(CC1)OCC1(COC1)CO2,,0
O=C(c1nn2c(C(F)(F)F)cc(C3CC3)cc2c1Cl)N1CCC2(OCC3(CC3)CO2)C(=O)C1,,0
O=C(c1nnc(NC2CCNC2=O)o1)c1nc2ccc(-c3ccccc3)cc2s1,,0
O=C1C(=Cc2ccc(N3CCN(c4ccc(C(F)(F)F)cc4)CC3)cc2)C(=O)c2ccccc21,,0
O=C1C(=Nc2ccc(OC(F)(F)F)cc2)CC(=O)c2ncncc21,,0
O=C1C(=O)N(CCCCCCN2C(=O)C(=O)c3cc(Br)ccc32)c2ccc(Br)cc21,,0
O=C1C(=O)N(CCCn2ccnc2)C(c2ccc([N+](=O)[O-])cc2)C1C(=O)c1ccccc1,,0
O=C1C(=O)N(Cc2ccc(Oc3ccccn3)cc2)c2ccc(OC(F)(F)F)cc21,,0
O=C1C(=O)N(Cc2ccccc2)c2ccc(S(=O)(=O)N3CCSCC3)cc21,,0
O=C1C(=O)N(Cc2ccccc2F)c2ccc(S(=O)(=O)N3CC[C@H]3COc3ccccc3)cc21,,0
O=C1C(Cl)=C(Sc2ccc(O)cc2)C(=O)c2[nH]c(-c3ccccc3)nc21,,0
O=C1C(Cl)C(c2ccccc2Cl)N1/N=C/CCn1nnc2ccccc21,,0
O=C1C(N2CC2)=CC(=O)c2c(OS(=O)(=O)c3cccc4ccccc34)cccc21,,0
O=C1C(NS(=O)(=O)c2ccc(-c3ccc(Cl)s3)s2)CCN1CCNc1ccncc1,,0
O=C1C(NS(=O)(=O)c2ccc(-c3ccc(Cl)s3)s2)CCN1Cc1cc2cnccc2[nH]1,,0
O=C1C(NS(=O)(=O)c2ccc(Oc3ccc(C(F)(F)F)cc3)cc2)CC=CCN1O,,0
O=C1C(c2cn(CCCn3ccnc3)c3ccccc23)=C(n2ccc3ncccc32)C(=O)N1c1ccccc1,,0
O=C1C=C(CBr)C(=O)C=C1C=Cc1cc(O)c(CBr)cc1O,,0
O=C1C=C(n2cc(C[Se]c3ccccc3)nn2)C(=O)c2ccccc21,,0
O=C1C=CC(=O)N1c1ccc(CCn2c(O)cc(-c3ccccc3)c2O)cc1,,0
O=C1C=CC(O)(c2cc3ccccc3n2S(=O)(=O)c2ccc(CCC(=O)N3CCOCC3)cc2)C=C1,,0
O=C1CC(=Nc2ccc([N+](=O)[O-])c(C(F)(F)F)c2)C(=O)c2ccccc21,,0
O=C1CC2(C(=O)Nc3ccc(Cl)cc32)c2cnn(Cc3ccc(Cl)cn3)c2N1,,0
O=C1CCC(=O)N[C@H](Cc2ccccc2)CNC(=O)C(Cc2ccccc2)NC(=O)C(Cc2c[nH]c3ccccc23)N1,,0
O=C1CCCCC1n1ncn(-c2ccc(C(F)(F)C(O)(Cn3cnnn3)c3ccc(F)cc3F)nc2)c1=O,,0
O=C1CCCN1CC(O)CS(=O)(=O)Cc1ccccc1Cl,,0
O=C1CCCN1c1ccc(NCc2nc(=O)c3cc(-c4ccccc4)sc3[nH]2)cc1,,0
O=C1CCCN1c1ccc(S(=O)(=O)N2CCN(CCO)c3ccccc32)cc1,,0
O=C1CCCN1c1ccc(S(=O)(=O)NNc2ccc(Br)cc2)cc1,,0
O=C1CCN1c1ccc2on(C[C@@H]3C[C@H]4c5ccccc5Oc5ccc(Br)cc5[C@H]4O3)c2c1,,0
O=C1CCc2cc(S(=O)(=O)NC(Cc3ccccc3)C(=O)N3CCN(c4ccccn4)CC3)ccc2N1,,0
O=C1CN(C(=O)COC(=O)CCNS(=O)(=O)c2ccc(Cl)cc2)c2ccccc2N1,,0
O=C1CN(S(=O)(=O)c2cc3ccc(Br)cc3s2)CCN1Cc1cc2cnccc2[nH]1,,0
O=C1CN(S(=O)(=O)c2cccc(Cl)c2)c2ccccc2-c2ccccc21,,0
O=C1COc2c(cc(Cl)cc2[N+](=O)[O-])N1Cc1nnc(-c2ccc(C(F)(F)F)cn2)n1CCC(F)(F)F,,0
O=C1COc2ccc(CNC34CCC(CCc5ccnc6ccc(C(F)(F)F)nc56)(CC3)OC4)nc2N1,9.0,1
O=C1CS(=O)(=O)c2ccccc2N1Cc1nc2ccccc2n1CCCCF,,0
O=C1C[C@@H]2C3=C(O[C@H](c4ccccc4)CC3=O)C3[C@@H](C4C[C@@H]5OC(=O)C[C@@H]5[C@@]3(C(=O)/C=C/c3ccccc3)C4=O)[C@@H]2O1,,0
O=C1C[C@H](OCc2cc(-c3cc(C(F)(F)F)cc(C(F)(F)F)c3)no2)[C@H]2COC1O2,,0
O=C1N(Cc2ccc(Br)cc2)c2ccc(F)cc2C1(O)Cc1nn[nH]n1,,0
O=C1N(Cc2ccc(Oc3ccc(C4CCCC4)cc3)cc2)CCS1(=O)=O,,0
O=C1N(Cc2cccc3c2OCO3)CCCC12CCN(c1cnc3ccccc3n1)CC2,,0
O=C1N(Cc2nc3cc(Br)ccc3n2CCCCO)c2ccccc2C12CS(=O)(=O)C2,,0
O=C1N=c2ccc(C(=O)c3ccco3)cc2=C1Cc1ccncc1,,0
O=C1NC(=O)C(=Cc2cn(Cc3ccccc3Br)c3ccccc23)C(=O)N1,,0
O=C1NC(=O)C(CN2Cc3ccc(F)cc3C2=O)(c2ccccc2Oc2ccccc2)N1,,0
O=C1NC(=O)C(N2CCc3ccccc32)=C1c1ccccc1[N+](=O)[O-],,0
O=C1NC(=O)N(Cc2ccccc2)C(=O)/C1=C/N1CCCc2ccccc21,,0
O=C1NC(=O)c2c1c(-c1ccccc1Cl)cc1c2c2cc(O)ccc2n1CCCNc1ccccc1,,0
O=C1NC(=S)/C(=C/N2N=C(c3ccccc3)CC2c2ccccc2O)S1,,0
O=C1NC(=S)S/C1=C/c1ccc(OC(=O)c2ccco2)cc1,,0
O=C1NC(NS(=O)(=O)c2ccc(Cl)cc2)(C(F)(F)F)C(=O)N1CCc1ccccc1,,0
O=C1NC(NS(=O)(=O)c2ccccc2)(C(F)(F)F)C(=O)N1c1ccc(F)cc1,,0
O=C1NCC(c2cccc(N3CCCCC3)c2)N1c1ccn2ccnc2c1,,0
O=C1NCCN1CCN1CC=C(c2cn(-c3ccc(F)cc3)c3ccc(Cl)cc23)CC1,8.0,1
O=C1NC[C@@](COCc2cc(C(F)(F)F)cc(C(F)(F)F)c2)(c2ccccc2)N1,,0
O=C1Nc2ncccc2[C@@]12Cc1cc3ccc(CN4CCNCC4c4ccccc4)nc3cc1C2,,0
O=C1O/C(=C\Cn2cc(C(F)(F)F)c(=O)[nH]c2=O)C(OCc2ccccc2)=C1OCc1ccccc1,,0
O=C1OC(C(O)Cn2ccc(=O)[nH]c2=O)C(OCc2ccccc2)=C1OCc1ccccc1,,0
O=C1OCCc2c1ccc([C@@H]1CN3CCN(C(=O)C4CCc5nc(-n6cnnn6)ccc54)C[C@H]3CO1)c2F,,0
O=C1OC[C@]2(O)Nc3c(c4cccnc4c4ncccc34)[C@@H](c3ccccc3OC(F)(F)F)C12,,0
O=C1O[C@@H](Cn2ccccc2=O)CN1c1ccc(-n2cc3cccnc3c2)c(F)c1,,0
O=C1S/C(=C\c2c3ccccc3nc3ccccc23)C(=O)N1Cc1c2ccccc2nc2ccccc12,,0
O=C1c2c(Cl)c(Cl)c(Cl)c(Cl)c2C(=O)N1c1ccccc1/C=C/c1ccccn1,,0
O=C1c2cc(-c3ccc(OC(F)(F)F)cc3)ccc2OCCN1Cc1nccc(N2CCOCC2)n1,,0
O=C1c2cc(-c3ccc(OC(F)F)cc3)ccc2OCCN1Cc1ncccn1,,0
O=C1c2ccc(OC[C@@H](O)[C@H](O)CO)cc2C2(CCCCC2)c2oc3ccccc3c21,,0
O=C1c2cccc(SCC(O)CO)c2C(=O)c2cccc(SCC(O)CO)c21,,0
O=C1c2ccccc2C(=O)N1CCc1nc2cc(F)c(F)cc2n1S(=O)(=O)c1ccc(C(F)(F)F)cc1,,0
O=C1c2ccccc2C(=O)N1CCn1oc(=O)c(-c2ccc(F)cc2)c1-c1ccncc1,,0
O=C1c2ccccc2S(=O)(=O)c2cc(-c3nnc(C(F)(F)F)o3)ccc21,,0
O=C1c2sc(N3CCOCC3)nc2N(Cc2ccccc2)C(=O)CN1Cc1ccccc1,,0
O=Cc1c(O)ccc2nc(-c3cccc(C(=O)N4CCOCC4)c3)ccc12,,0
O=P(O)(O)C(Cl)(Cl)c1cccc(C(Cl)(Cl)P(=O)(O)O)c1,,0
O=S(=O)(/C=C/c1ccc(O)c(O)c1)NCc1ccc(F)cc1,,0
O=S(=O)(CC#CCOc1ccccc1/N=N/c1ccccc1OCC#CCS(=O)(=O)c1ccccc1)c1ccccc1,,0
O=S(=O)(CC(F)(F)F)Nc1ccc(F)c(Nc2ncccc2-c2ncnc3[nH]cnc23)c1F,,0
O=S(=O)(CC1=NCCO1)C1=NNCC1c1ccc(Cl)cc1,,0
O=S(=O)(CCCS(=O)(=O)c1ccc2c(c1)OCCCO2)c1ccccc1,,0
O=S(=O)(CC[C@@H]1OCC[C@@]2(S(=O)(=O)c3ccc(Cl)cc3)c3c(F)ccc(F)c3OCC12)CCn1cccn1,,0
O=S(=O)(CCc1cc(F)c(F)c(F)c1)CS(=O)(=O)CCc1cc(F)c(F)c(F)c1,,0
O=S(=O)(Cc1n[nH]c(=S)s1)c1c[nH]cc1S(=O)(=O)c1ccccc1,,0
O=S(=O)(NC1CC1)c1ccc(Br)cc1N1CCCC1CO,,0
O=S(=O)(NCCCNc1nccc(-n2ccc3cccnc32)n1)c1cccc(Br)c1,,0
O=S(=O)(NCCc1csc(-c2cccnc2)n1)c1cc(F)ccc1F,,0
O=S(=O)(NN1C(=S)S/C(=C\c2ccc(Cl)c(Cl)c2)C1O)c1ccc(F)cc1,,0
O=S(=O)(N[C@H]1CC[C@@H](CCn2cc(-c3ccccn3)nn2)O[C@H]1CO)c1cccc(F)c1,,0
O=S(=O)(Nc1cccc(Cl)c1)c1cccc(-n2cnnn2)c1,,0
O=S(=O)(Nc1nc2ccccc2nc1N1CCCCCC1)c1ccccc1,,0
O=S(=O)(Oc1ccccc1)C1CC2OC1C(c1cccc(O)c1)=C2c1ccc(O)cc1,,0
O=S(=O)([O-])CCC[n+]1c(SCCCS(=O)(=O)O)sc2ccc(Cl)cc21,,0
O=S(=O)(c1ccc(Br)cc1)N1CCC(n2cc(-c3ncnc4[nH]ccc34)cn2)CC1,,0
O=S(=O)(c1ccc(F)cc1)n1ccc(-c2cccc(OCc3c(F)cccc3Cl)c2)n1,,0
O=S(=O)(c1ccc(N2CCN(c3ccc(F)cc3)CC2)cc1)N(CCc1ccccc1F)Cc1c[nH]cn1,,0
O=S(=O)(c1ccc(NN=Cc2ccc(O)c(O)c2)nc1)N1CCOCC1,,0
O=S(=O)(c1cccc(-c2n[nH]c(=S)n2-c2ccccc2Cl)c1)N1CCOCC1,,0
O=S(=O)(c1cccc(-c2nnc(SCc3nc4ccccc4s3)o2)c1)N1CCOCC1,,0
O=S(=O)(c1cccc(F)c1)N1CCCN(c2ccc(C(F)(F)F)cn2)CC1,,0
O=S(=O)(c1ccccc1)c1cnc2ncnn2c1-c1ccc(Br)cc1,,0
O=S(=O)(c1cn[nH]c1)N(Cc1ccco1)CC(O)Cn1c2ccccc2c2ccccc21,,0
O=S1(=O)CCN1CC(O)Cn1c2ccccc2c2ccccc21,,0
O=[N+]([O-])c1c(CS(=O)(=O)c2ccccc2)nc2c(Sc3ccccc3Cl)cc(Cl)cn12,,0
O=[N+]([O-])c1cc(C(F)(F)F)ccc1N/N=C1\CCCCC1CCS(=O)(=O)c1ccc(Cl)cc1,,0
O=[N+]([O-])c1cc(Cl)ccc1N1CCN(c2cccc(C(F)(F)F)c2)CC1,,0
O=[N+]([O-])c1ccc(C2=Nn3c(nnc3-c3ccc(Br)cc3)SC2)cc1,,0
O=[N+]([O-])c1ccc(N2CCc3c(-n4ccc(-c5nccs5)n4)ccnc32)c(C(F)(F)F)c1,,0
O=[N+]([O-])c1ccc(Oc2cncc(Cl)c2)c(-c2nnc(-c3ccc(C(F)(F)F)cc3)o2)c1,,0
O=[N+]([O-])c1ccc(Oc2nc(NCc3ccc(C4CCCCC4)cc3)nc3c2ncn3CCc2nn[nH]n2)cc1,,0
O=[N+]([O-])c1cccc(-c2ccc(CSc3nnc(-c4ccc5c(c4)OCCO5)o3)cc2)c1,,0
O=[N+]([O-])c1cccc(CN(c2sc3ccccc3c2Br)S(=O)(=O)c2ccccc2)c1,,0
O=[N+]([O-])c1cccc(N2CCN(c3nc(-c4ccccc4)nc4ccccc34)CC2)c1,,0
O=[N+]([O-])c1cn(CC(O)c2ccc(F)cc2)c(Br)n1,,0
O=[N+]([O-])c1cn2c(n1)OC[C@@H](OCCCC#Cc1ccc(-c3ccc(F)cc3)cc1)C2,,0
O=c1[nH]c(-c2cccc(S(=O)(=O)NC3CCCC3)c2)cs1,,0
O=c1[nH]c(=O)n(Cc2ccc(Cl)cc2Cl)cc1NCCc1ccccc1,,0
O=c1[nH]c(=S)c(C2c3ccccc3C=Cc3ccccc32)cn1[C@@H]1O[C@H](CO)[C@@H](O)[C@H]1O,,0
O=c1[nH]c(C2CCN(S(=O)(=O)c3ccc(S(=O)(=O)NC4CC4)cc3)CC2)nc2c1nnn2Cc1ccccc1,,0
O=c1[nH]c(N2CCC(c3ccccn3)C2)nc(N[C@@H]2C[C@H](CO)[C@@H](O)[C@H]2O)c1-c1nc2ccccc2s1,,0
O=c1[nH]c(O)c(C=c2cnn3c(=NC4CC4)cc(NCc4c(Cl)cccc4Cl)nc23)[nH]1,,0
O=c1[nH]c(O)c(C=c2cnn3c(=NC4CC4)cc(N[C@H]4CC[C@H](NS(=O)(=O)c5ccccc5F)CC4)nc23)[nH]1,,0
O=c1[nH]c(O)c(C=c2cnn3c(=NC4CC4)cc(Nc4cccc(Br)c4F)nc23)[nH]1,,0
O=c1[nH]c2nccc(Oc3ccc(NS(=O)(=O)c4cccs4)cc3)c2[nH]1,,0
O=c1[nH]ncc(N2CCc3c(ncnc3N(CCO)c3ccc(F)cc3C(F)(F)F)C2)c1Cl,,0
O=c1c(-c2ccc(O[C@H]3O[C@@H](CO)[C@H](O)[C@@H](O)[C@@H]3O)cc2)coc2cc(O)cc(O)c12,,0
O=c1c(/C=N/CC/N=C/c2coc3ccccc3c2=O)coc2ccccc12,,0
O=c1c(NCc2ccccn2)c(Nc2ccc(N3CCSCC3)cc2)c1=O,,0
O=c1c2c(O)cc(O)cc2oc2cc(O)c(-c3c(O)ccc4ccccc34)c(O)c12,,0
O=c1c2c(SCc3ccccc3)nn(-c3ccccc3)c2nc2n(-c3cccc(F)c3)cnn12,,0
O=c1c2c(oc(O)c1C(c1cccc(NS(=O)(=O)c3ncccn3)c1)C1CC1)CCCCCC2,,0
O=c1c2c[nH]nc2c2ccc(-c3ccncc3NS(=O)(=O)c3ccccc3Oc3ccccc3)cc2n1CC(F)(F)F,,0
O=c1c2cc(N3CCOCC3)ccc2[nH]c(=S)n1CC1CCCO1,,0
O=c1c2ccccc2[se]n1-c1nnc(-c2ccccc2[N+](=O)[O-])s1,,0
O=c1c2ccccc2nnn1CCCCn1ccnc1,,0
O=c1c2nc(C(F)(F)F)n3nc(-c4ccccc4)cc3c2c(-c2ccc(F)cc2)nn1Cc1ccccc1,,0
O=c1cc(CSc2nnc(-c3cccnc3)n2-c2ccccc2F)nc2sccn12,,0
O=c1cc(OCC2COc3ncccc3O2)cc2n1CCc1cc(-c3cccnc3)ccc1-2,,0
O=c1ccc(C(F)(F)F)cn1-c1ccc(NCCOCCO)cc1Cl,,0
O=c1ccc(S(=O)(=O)c2oc3ccccc3c2-c2ccc(F)cc2)n[nH]1,,0
O=c1ccc2cc(S(=O)(=O)Nc3ccc4oc(-c5ccc(NS(=O)(=O)c6ccc(Cl)s6)cc5)nc4c3)ccc2o1,,0
O=c1ccc2ccc(OCCCCCCCCBr)cc2o1,,0
O=c1ccc2ncc(F)c3c2n1C[C@@]3(O)CC12CCC(NC/C=C/c3c(F)cccc3F)(CC1)CO2,7.5,1
O=c1ccc2ncc(F)c3c2n1C[C@@]3(O)CC12CCC(NCCCc3cc(F)ccc3F)(CC1)CO2,7.5,1
O=c1n(Cc2nnc(SCc3cccc(Cl)c3)s2)nnn1-c1ccc(Cl)cc1,,0
O=c1n(S(=O)(=O)c2ccccc2F)ccn1S(=O)(=O)c1ccccc1F,,0
O=c1nc(N(Cc2ccccc2Cl)CC(O)(Cn2cncn2)c2ccc(F)cc2F)c(F)c[nH]1,,0
O=c1nc(N2CCOCC2)oc2c(-c3cccs3)c(OCc3ccccn3)ccc12,,0
O=c1nc(N2CCOCC2)oc2c(-c3cccs3)c(OCc3ccncc3)ccc12,,0
O=c1nc(Nc2ncnc3ccc(-c4cccc(N5CCOCC5)c4)cc23)cc[nH]1,,0
O=c1nc(OCC2COCCO2)cc2n1CCc1cc(C3=CCOCC3)ccc1-2,,0
O=c1nc(OC[C@@H]2COCCO2)cc2n1CCc1cc(OCC3CC3)ccc1-2,,0
O=c1o[nH]c(-c2ccnc(Nc3ccc(N4CCOCC4)cc3)c2)c1-c1ccc(F)cc1,,0
O=c1oc2cc(OP(=S)(Cl)Oc3ccc4c5c(c(=O)oc4c3)CCC5)ccc2c2c1CCC2,,0
OC(CN1CCC(=NOCc2ccc(F)cc2)CC1)(Cn1cncn1)c1ccc(F)cc1F,,0
OC(CSC(=S)N1CCN(c2cccc(F)c2)CC1)(Cn1cncn1)c1ccc(F)cc1F,,0
OC(CSCC(F)(F)F)(c1nc2cc(Cl)c(Cl)cc2[nH]1)C(F)(F)F,,0
OC(Cn1c[n+](Cc2ccc(Cl)cc2)cn1)(Cn1c[n+](Cc2ccc(Cl)cc2)cn1)c1ccc(F)cc1F,,0
OC(c1ccc(F)cc1)C(O)(Cn1cncn1)c1ccc(F)cc1,,0
OCC1CCCN(c2ccc3ncc(-c4cc5ccccc5o4)n3n2)C1,,0
OCCCCCO[C@H]1C[C@H]2C[C@@H]1C[C@@H]2n1cnc2c(Cl)ncnc21,,0
OC[C@@H]1O[C@@H](OC[C@@H]2O[C@@H](OCc3c4ccccc4cc4ccccc34)[C@@H](O)[C@@H](O)[C@@H]2O)[C@@H](O)[C@@H](O)[C@@H]1O,,0
OC[C@@]12C[C@@H]1[C@@H](n1cnc3c(NCc4cccc(I)c4)nc(Cl)nc31)[C@H](O)[C@@H]2O,,0
OC[C@H](O)c1cccc(-c2ccc(Oc3ccc(C(F)(F)F)cn3)cc2)n1,,0
OC[C@H]1CCN(c2ccc3ncc(-c4cc5ccccc5o4)n3n2)C1,,0
OC[C@H]1O[C@@H](Oc2[nH]nc(C(F)(F)F)c2Cc2ccccc2OCc2ccccc2)[C@H](O)[C@@H](O)[C@@H]1O,,0
OC[C@H]1O[C@@H](c2cc(Cc3cc4cccccc-4c3)ccc2O)[C@H](O)[C@@H](O)[C@@H]1O,,0
OC[C@H]1O[C@@H](n2cnc3c(NC4Cc5ccccc5C4)ncnc32)[C@H](O)[C@@H]1O,,0
OC[C@H]1O[C@@H](n2cnc3c(NCc4cccc(I)c4)nc(Cl)nc32)[C@H](O)[C@@H]1F,,0
OC[C@H]1O[C@H](Oc2ccc(-c3cccc(C(F)(F)F)c3)cc2Cl)[C@@H](O)[C@@H](O)[C@@H]1O,,0
OC[C@H]1O[C@H](c2nc(-c3nc(-c4cccc(-n5cccc5)c4)no3)cs2)C[C@@H]1O,,0
OCc1cc(Br)c(O)c(Oc2c(CO)cc(Br)c(O)c2O)c1Br,,0
OCc1cc2nc(N3CCSCC3)nc(N3CCOCC3)c2s1,,0
O[C@@H]1CCN(c2ccc(Nc3ncc4c5ccncc5n([C@H]5CCOC5)c4n3)nn2)C1,,0
O[C@@H]1[C@H](O)CS[C@H]1Cn1cnc2c(NCc3cccc(F)c3)nc(Cl)nc21,,0
O[C@@H]1[C@H](O)[C@@H](CSc2ccccc2F)O[C@H]1n1cnc2c(NC34CC5CC(CC(C5)C3)C4)ncnc21,,0
O[C@H](COc1ccc(Cl)cc1)CN1CCN(Cc2ccc(Cl)cc2)CC1,6.5,1
Oc1c(C(c2ccccc2)N2CCOCC2)c(O)n(-c2ccccc2)c1-c1ccccc1,,0
Oc1c2c(c(O)n1-c1ccccc1)[C@@H](c1ccccc1Cl)N(c1ccccc1)O2,,0
Oc1c2c(c(O)n1CCCCCCn1c(O)c3c(c1O)C1C=CC3C1)C1C=CC2C1,,0
Oc1ccc(C(c2c[nH]c3ccc(Br)cc23)c2c[nH]c3ccc(Br)cc23)cc1,,0
Oc1csc(NN=C2C3CCCC2C(c2ccccc2)NC3c2ccccc2)n1,,0
S=C(SSC(=S)N1CCN(c2ccccc2)CC1)N1CCN(c2ccccc2)CC1,,0
S=c1[nH]nc(-c2[nH]nc3c2CCC3)n1/N=C/C=C/c1ccccc1,,0
S=c1[nH]nc(CCNc2nc3ccccc3s2)n1/N=C/c1ccccc1,,0
S=c1[nH]nc(COc2ccccc2)n1/N=C/c1c(Cl)cccc1Cl,,0
[N-]=[N+]=N[C@H]1C[C@H](n2cc(I)c(=O)[nH]c2=O)O[C@@H]1CO,,0
[N-]=[N+]=Nc1ccc(I)cc1COc1ccc(C(O)CCC(=O)O)cc1,,0
c1cc(C[n+]2ccc(N3CCOCC3)cc2)ccc1CCc1ccc(C[n+]2ccc(N3CCOCC3)cc2)cc1,,0
c1cc(P(CCP(c2ccncc2)c2ccncc2)c2ccncc2)ccn1,,0
c1cc2cc(-c3cncc4ccc(O[C@H]5CCNC5)cc34)cnc2[nH]1,,0
c1ccc(-c2cc3ccc(N4CCNCC4)nc3nc2N2CCNCC2)cc1,,0
c1ccc(-c2ccc(CNCCNCc3ccc(-c4ccccc4)cc3)cc2)cc1,,0
c1ccc(-n2c(SCc3nc(-c4cccs4)no3)nnc2-c2ccc3c(c2)OCO3)cc1,,0
c1ccc(/N=C2/SC3=Nc4cccc5cccc(c45)N3/C2=N/c2ccccc2)cc1,,0
c1ccc(SCc2nnc3sc(-c4ccc5c(c4)OCCO5)nn23)cc1,,0
c1ccc2c3c([nH]c2c1)C(C1CCCCC1)N[C@@H](c1nc(-c2cnccn2)c[nH]1)C3,6.47,1
c1ccc2nc(N3CCC(Oc4nccnc4N4CC5(COC5)C4)CC3)ccc2c1,,0
c1ccc2ncc(Nc3ccnc(Nc4ccc(N5CCOCC5)cc4)n3)cc2c1,,0
