smiles,pchembl,label
Brc1ccc(-c2nnc(CSc3nnc(-c4ccncc4)o3)o2)cc1,,0
Brc1ccc(C[N+]23CC[C@@]45c6ccccc6N6[C@@H]7OCC=C8C[N+]9(Cc%10ccc(Br)cc%10)CC[C@]%10%11c%12ccccc%12N([C@@H]%12OCC=C(C2)[C@H](C[C@@H]43)[C@@H]%12[C@H]65)[C@H]%10[C@H]7[C@H]8C[C@@H]%119)cc1,,0
C#CC1=CC[C@@H](N(CCC)CCCCNC(=O)c2ccc(OCCCc3cn(CCCC)nn3)c(OC)c2)CO1,,0
C#CCNC(=O)c1cn(Cc2c(F)cccc2F)c2nc(-c3ccc(NC(=O)NCC)cc3)c(CN(C)Cc3ccccc3)n2c1=O,,0
C#CCNC(=O)c1cnc(Nc2ccc(C#N)cc2)cc1Oc1c(C)cc(C#N)cc1C,,0
C#CCNCCC(=O)O[C@@H]1C(C)C(=O)O[C@H](CC)[C@@]2(C)OC(=O)O[C@@H]2[C@@H](C)/C(=N/OC)[C@H](C)C[C@@](C)(OC)[C@H](O[C@@H]2O[C@H](C)C[C@H](N(C)C)[C@H]2O)[C@H]1C,,0
C#CCO[C@@H]1[C@@H](C)[C@H](OC(=O)NCCCN=C(N)NC(=O)NC)C(C)C(=O)O[C@H](CC)C(C)(C)[C@H](O)[C@@H](C)[C@@H](O)[C@H](C)C[C@@]1(C)O,,0
C#CCOc1cccc(C=CC(=O)Nc2c(/C=C\c3cc(OC)c(OC)c(OC)c3)ccc(OC)c2O)c1,,0
C#CCSc1cc(Sc2cnnn2-c2ccccc2)c2nnn(Cc3ccccc3Cl)c2c1,,0
C#C[C@H](O)C#CCCCCCCCCCCc1cn(CC2=C3C(C)=CC(C)=[N+]3[B-](F)(F)n3c(C)cc(C)c32)nn1,,0
C#Cc1ccc(-c2cn(-c3ccc(-c4c[nH]c(-c5c[nH]c(C6CCCN6C(=O)C(NC(=O)OC)C(C)C)n5)n4)cc3)nn2)cc1,,0
C/C(=C\c1ccccc1)C(=O)N1Cc2c(cc(I)c(OCc3ccc(Cl)cc3Cl)c2I)CC1C(=O)O,,0
C/C(=N\N(C)S(=O)(=O)c1cc([N+](=O)[O-])ccc1N(C)CCN(C)C)c1cnn2ccc(C#N)cc12,,0
C/C(=N\NC(=O)c1cccnc1)c1ccc(OC2OCCOC2Oc2ccc(/C(C)=N/NC(=O)c3cccnc3)cc2)cc1,,0
C/C(=N\NS(=O)(=O)c1cc([N+](=O)[O-])ccc1N(C)CCN(C)C)c1cnn2ccc(Br)cc12,,0
C/C=C(/C)C(=O)OC[C@H]1c2c(c(OC(C)=O)c(C)c(OC)c2OC(C)=O)C[C@H]2[C@H]3c4c(c(OC(C)=O)c(C)c(OC)c4OC(C)=O)C[C@@H]([C@H](C#N)N12)N3C,,0
C/C=C(/C)C(=O)O[C@H]1C(C)=C2[C@H]([C@@H]1OC(=O)CCCCC)[C@@](C)(O)C[C@H](OC(=O)CCC)[C@@]1(O)[C@H]2O[C@H]2OC(C)(C)O[C@]21C,,0
C/C=C(/C)C(=O)O[C@H]1C(C)=C2[C@H]([C@@H]1OC(=O)CCCCC)[C@@](C)(OC(C)=O)C[C@H](OC(=O)CCC)[C@@]1(O)[C@H]2O[C@H]2O[C@H](OCC)O[C@]21C,,0
C/C=C(\C)C(=O)N[C@@H]1CCCN1C(=O)C1[C@@H](c2ccccc2)[C@]2(c3ccc(OC)cc3)Oc3cc(OC)cc(OC)c3[C@@]1(O)[C@@H]2O,,0
C/C=C/C(=O)Nc1ccc(S(=O)(=O)N2CC[C@H](NC(=O)c3[nH]ncc3NC(=O)c3c(Cl)cccc3Cl)C2)cc1,,0
C/C=C/[C@H]1O[C@@](OC)([C@@H](C)[C@H](O)[C@H](C)[C@H]2OC(=O)C(OC)=CC(C)=CC(C)[C@@H](O)[C@@H](C)[C@@H](O)[C@H](C)C/C(C)=C/C=C/[C@@H]2OC)CC(OC2CC(O)C(OC(N)=O)C(C)O2)[C@@H]1C,,0
C/C=C1/CN(C)[C@H]2Cc3c([nH]c4ccccc34)[C@@H](c3cc4[nH]c5c(c4cc3OC)CCN3C[C@H]4C[C@H](CC)[C@H]3[C@H]5C4)C[C@H]1[C@]2(CO)C(=O)OC,,0
C/C=C1/C[N+]2(C)[C@@H]3C[C@@]45c6cc(OC)ccc6N(C)[C@]4(O3)[C@@H]2C[C@@H]1[C@@]5(COC(=O)c1cc(OC)c(OC)c(OC)c1)C(=O)OC,,0
C/C=C\C=C\[C@@H]1O[C@](O)(C(CC)C(=O)NC/C=C/C=C(\C)[C@@H](OC)[C@H](C)[C@@H]2O[C@H](/C=C/C=C/C=C(\C)C(=O)c3c(O)[nH]ccc3=O)[C@H](O)[C@@H]2O)[C@H](O)[C@H](O)C1(C)C,,0
C1CCC(N=C(NC2CCCCC2)N(CCCN=C(NC2CCCCC2)NC2CCCCC2)CCN=C(NC2CCCCC2)NC2CCCCC2)CC1,,0
C=C(Br)C(=O)Nc1cc(C(=O)Nc2cc(C(=O)Nc3cc(C(=O)Nc4cc(C(=O)NCCC(=N)NC#N)n(C)c4)n(C)c3)n(C)c2)n(C)c1,,0
C=C(Br)C(=O)Nc1cc(C(=O)Nc2cc(C(=O)Nc3cc(C(=O)Nc4cc(C(=O)NCCCN=C(N)N)n(C)c4)n(C)c3)n(C)c2)n(C)c1,,0
C=C(Br)C(=O)Nc1cc(C(=O)Nc2cc(C(=O)Nc3cc(C(=O)Nc4cc(C(=O)NCCN=C(NC)NC)n(C)c4)n(C)c3)n(C)c2)n(C)c1,,0
C=C(Br)C(=O)Nc1cc(C(=O)Nc2cc(C(=O)Nc3cc(C(=O)Nc4cc(C(=O)NCCc5ncc[nH]5)n(C)c4)n(C)c3)n(C)c2)n(C)c1,,0
C=C(C#N)C(=O)NCCOc1cccc(Nc2cc(-c3cc(F)cc(-n4ncc5c6c(sc5c4=O)CCCC6)c3CO)cn(C)c2=O)n1,,0
C=C(C(=O)C(OC(C)=O)[C@@H](C)[C@H]1[C@@H](OC(C)=O)C[C@@]2(C)[C@@H]3CC[C@H]4C(C)C(=O)C=C[C@@]45C[C@@]35CC[C@]12C)[C@@H](C)COP(=O)(O)O,,0
C=C(C(CC(O)C(C)(C)OC)OC(=O)/C(C)=C\C)[C@H]1[C@H](OC(=O)/C(C)=C\C)[C@H]2O[C@@]2(C)[C@@H](OC(=O)/C(C)=C\C)[C@H]1OC(C)=O,,0
C=C(C)C(=O)CC[C@](C)(O[C@@H]1O[C@H](CO[C@@H]2O[C@H](CO)[C@@H](O)[C@H](O)[C@H]2O)[C@@H](O)[C@H](O)[C@H]1O)[C@H]1CC[C@]2(C)[C@@H]1[C@H](O)C[C@@H]1[C@@]3(C)C[C@@H](O)[C@H](O)C(C)(C)[C@@H]3CC[C@]12C,,0
C=C(C)C(CC)CN1CC[C@H](CNC(=O)c2ccc(Cl)c(Cl)c2)NC(CCN2CCCCC2)C1=O,,0
C=C(C)C12OC3(c4ccccc4)OC1[C@@H]1[C@@H]4O[C@]4(CO)[C@@H](O)[C@]4(O)C(=O)C(C)=CC4C1(O3)[C@H](C)[C@H]2OC(=O)/C=C/C=C/C=C/CCC,,0
C=C(C)CCC(=O)[C@](C)(O)[C@H]1[C@H](O)C[C@@]2(C)[C@@H]3CCc4c(cc(OC5OC(CO)C(O)C(O)C5O)c(O)c4C)[C@@]3(C)C(=O)C[C@]12C,,0
C=C(C)CCC(O)[C@]1(C)OC(=O)[C@]23CC[C@H]4C(=CC[C@H]5C(C)(C)[C@@H](O[C@@H]6OC[C@@H](O)[C@H](O)[C@H]6O[C@@H]6O[C@H](CO)[C@@H](O)[C@H](O)[C@H]6O)CC[C@]45C)[C@]2(C)CC[C@H]13,,0
C=C(C)CCOC(=O)C[C@@H]1C(C(=O)OC)=CO[C@@H](O[C@@H]2O[C@H](COC(C)=O)[C@@H](OC(C)=O)[C@H](OC(C)=O)[C@H]2OC(C)=O)/C1=C/C,,0
C=C(C)[C@@H]1CC[C@H](C)[C@@]2(C[C@@]3(C)C(=C(C)C(=O)C(C(=O)OC)[C@@H]3C)O2)[C@@]1(C)CCC(=O)OC,,0
C=C(C)[C@@H]1CC[C@]2(C(=O)N3CCN(C(=O)C4=Cc5ccccc5N5C[N+](CC)(CC)N=C45)CC3)CC[C@]3(C)C(=CC[C@@H]4[C@@]5(C)CC[C@H](OC(C)=O)C(C)(C)[C@@H]5CC[C@]43C)[C@H]12,,0
C=C(C)[C@@H]1CC[C@]2(C(=O)N3CCN(C(=O)C=Cc4ccc5[nH]ccc5c4)CC3)CC[C@]3(C)[C@H](CC[C@@H]4[C@@]5(C)CC[C@H](OC(=O)CC(C)(C)C(=O)O)C(C)(C)[C@@H]5CC[C@]43C)[C@@H]12,,0
C=C(C)[C@@H]1CC[C@]2(C(=O)NC(CCCCNC(=O)OC(C)(C)C)C(=O)O)CC[C@]3(C)[C@H](CC[C@@H]4[C@@]5(C)CC[C@H](OC(=O)CC(C)(C)C(=O)O)C(C)(C)[C@@H]5CC[C@]43C)[C@@H]12,,0
C=C(C)[C@@H]1CC[C@]2(C(=O)NC(CCSC)C(=O)NC(CCSC)C(=O)O)CC[C@]3(C)[C@H](CC[C@@H]4[C@@]5(C)CC[C@H](O)[C@@](C)(CO)[C@@H]5CC[C@]43C)[C@@H]12,,0
C=C(C)[C@@H]1CC[C@]2(C(=O)NC(CN(C)C)C(=O)O)CC[C@]3(C)[C@H](CC[C@@H]4[C@@]5(C)CC=C(c6ccc(C(=O)O)cc6)C(C)(C)[C@@H]5CC[C@]43C)[C@@H]12,,0
C=C(C)[C@@H]1CC[C@]2(C(=O)NCCCC(=O)NCC(=O)O)CC[C@]3(C)[C@H](CC[C@@H]4[C@@]5(C)CC[C@H](O)C(C)(C)[C@@H]5CC[C@]43C)[C@@H]12,,0
C=C(C)[C@@H]1CC[C@]2(C(=O)NCCCCCCCCC(=O)NCC#N)CC[C@]3(C)[C@H](CC[C@@H]4[C@@]5(C)CC[C@H](OC(=O)CC(C)(C)C(=O)O)C(C)(C)[C@@H]5CC[C@]43C)[C@@H]12,,0
C=C(C)[C@@H]1CC[C@]2(C(=O)NCCCN3CCS(=O)(=O)CC3)CC[C@]3(C)[C@H](CC[C@@H]4[C@@]5(C)CC=C(c6ccc(C(=O)O)cc6)C(C)(C)[C@@H]5CC[C@]43C)[C@@H]12,,0
C=C(C)[C@@H]1CC[C@]2(C(=O)O)CC[C@]3(C)[C@H](CC[C@@H]4[C@@]5(C)C[C@@H](Cc6cn([C@]7(CO)O[C@@H](n8ccc(=O)[nH]c8=O)[C@@H](F)[C@@H]7O)nn6)[C@H](O)C(C)(C)[C@@H]5CC[C@]43C)[C@@H]12,,0
C=C(C)[C@@H]1CC[C@]2(C(=O)O)CC[C@]3(C)[C@H](CC[C@@H]4[C@@]5(C)C[C@H](COC(C)=O)[C@H](OC(C)=O)[C@@](C)(COC(C)=O)[C@@H]5CC[C@]43C)[C@@H]12,,0
C=C(C)[C@@H]1CC[C@]2(C(=O)OC)CC[C@]3(C)[C@H](CC[C@@H]4[C@@]5(C)C[C@@H](Cc6cn([C@]7(CO)O[C@@H](n8ccc(=O)[nH]c8=O)[C@@H](F)[C@@H]7O)nn6)[C@H](O)C(C)(C)[C@@H]5CC[C@]43C)[C@@H]12,,0
C=C(C)[C@@H]1CC[C@]2(C(=O)OCCCOC(=O)/C=C/c3ccc(N(C)C)cc3)CC[C@]3(C)[C@H](CC[C@@H]4[C@@]5(C)CC[C@H](OC(=O)CC(C)(C)C(=O)O)C(C)(C)[C@@H]5CC[C@]43C)[C@@H]12,,0
C=C(C)[C@@H]1CC[C@]2(C(=O)OCCO[C@]3(C(=O)OC)C[C@H](O)[C@@H](NC(C)=O)[C@H]([C@H](O)[C@H](O)CO)O3)CC[C@]3(C)[C@H](CC[C@@H]4[C@@]5(C)CC[C@H](O)C(C)(C)[C@@H]5CC[C@]43C)[C@@H]12,,0
C=C(C)[C@@H]1CC[C@]2(COC(=O)CCC(=O)O)CC[C@]3(C)[C@H](CC[C@@H]4[C@@]5(C)CC[C@H](OC(=O)CCC(=O)O)C(C)(C)[C@@H]5CC[C@]43C)[C@@H]12,,0
C=C(C)[C@@H]1CC[C@]2(COC(=O)CC[n+]3ccc(N(C)C)cc3)CC[C@]3(C)[C@H](CC[C@@H]4[C@@]5(C)CC[C@H](OC(=O)CC[n+]6ccc(N(C)C)cc6)C(C)(C)[C@@H]5CC[C@]43C)[C@@H]12,,0
C=C(C)[C@@]1(OC(C)=O)[C@H](OC(C)=O)[C@@H]2[C@H](OC(C)=O)[C@@]3(C)O[C@@]4([C@@H]3OC(C)=O)[C@@H](OC(=O)c3ccccc3)[C@@H](C)C[C@H]4[C@@]2(O)[C@H](C)[C@@H]1OC(=O)c1ccccc1,,0
C=C(C)[C@@]12OC3(/C=C/C=C/CCCCC)O[C@@H]1[C@@H]1[C@@H]4O[C@]4(CO)[C@@H](O)[C@]4(O)C(=O)C(C)=CC4[C@@]1(O3)[C@H](C)[C@H]2OC(=O)c1ccccc1,,0
C=C(C)[C@@]12OC3(/C=C/CCCCC)O[C@@H]1[C@@H]1[C@@H]4O[C@]4(CO)[C@@H](O)[C@]4(O)C(=O)C(C)=CC4[C@@]1(O3)[C@H](C)[C@H]2OC(=O)/C=C/c1ccccc1,,0
C=C(C)[C@@]12OCO[C@@H]1[C@@H]1[C@@H]3O[C@]3(CO)[C@@H](O)[C@]3(O)C(=O)C(C)=CC3[C@@]1(Oc1ccccc1)[C@H](C)[C@H]2OC(=O)c1ccccc1,,0
C=C(C)[C@@]12O[C@@]3(/C=C/C=C/C=C/CCC)O[C@@H]1[C@@H]1[C@@H]4O[C@]4(CO)[C@@H](O)[C@]4(O)C(=O)C(C)=CC4[C@@]1(O3)[C@H](C)[C@H]2OC(=O)c1ccccc1,,0
C=C(C)[C@@]12O[C@@]3(c4ccccc4)O[C@@H]1[C@@H]1[C@@H]4O[C@]4(CO)[C@@H](O)[C@]4(O)C(=O)C(C)=CC4[C@@]1(O3)[C@H](C)[C@H]2OC(=O)/C=C/c1ccccc1,,0
C=C(C)[C@H]1C=C[C@@H](OC(=O)c2cccnc2)[C@@]23CO[C@@](C)([C@H](OC(=O)c4cccnc4)[C@@]4(OC(C)=O)C[C@H](C)[C@H](OC(=O)CC)[C@@H]4[C@H]2OC(C)=O)[C@H]13,,0
C=C(C)[C@H]1Cc2oc(cc2C(=O)OC)[C@H](C(=C)C)[C@H]2C=C(C(=O)O2)[C@H](N[C@H]2C3=C[C@@H](OC3=O)[C@@H](C(=C)C)c3cc(C(=O)OC)c(o3)C[C@H](C(=C)C)[C@H]2O)[C@@H]1O,,0
C=C(C)[C@]12C[C@@H](COC(=O)c3ccccc3)[C@@]34OC5(O[C@@H]1[C@@H]3[C@@H]1O[C@]1(COC(=O)c1ccccc1)[C@@H](O)[C@@]1(O)[C@H]4[C@H]([C@H](C)[C@@H]1O)[C@H](C)CCCCCC[C@H]5O)O2,,0
C=C(C)c1c(O)c2c3c(cc4c5c(n1c42)[C@@]1(C)C(CC[C@H]2[C@](C)(/C=C/C=C(\C)C(=O)OCCOCCO)[C@@H](O)CC[C@@]21C)C5)C1=CC(C)(C)OC(C)(C)C1[C@@H]3O,,0
C=C(C=O)CCCC(C)[C@@H]1CC[C@]23C[C@]12CCC1[C@@]2(C)CC[C@@H](OC(C)=O)C(C)(C)C2C[C@@H](OC2OC(COC(C)=O)C(O)C(O)C2O)[C@]13C,,0
C=C(C=O)[C@H](C)[C@@H]1CCC23CC12CC[C@@H]1[C@@]2(C)CC[C@@H](OC(C)=O)C(C)(C)[C@@H]2C[C@@H](O[C@@H]2O[C@H](COC(C)=O)[C@@H](O)[C@H](O)[C@H]2O)[C@]13C,,0
C=C(CCC(C)C)COC(=O)C(O)C=CCC[C@@H]1O[C@@H]2/C=C\C/C=C/C(C)=C\[C@H]3O[C@@H](C=CC=CCC(=O)O[C@H](C2)[C@@]1(C)CO)C[C@H](O)[C@H]3C,,0
C=C(CCCC(C)(C)O)[C@H]1CC[C@]2(C)[C@@H]1[C@H](O)C[C@@H]1[C@@]3(C)CC[C@H](O)C(C)(C)[C@@H]3[C@@H](O[C@@H]3O[C@H](CO)[C@@H](O)[C@H](O)[C@H]3O)C[C@]12C,,0
C=C(CC[C@@H](C)[C@H]1CC=C2C3=C([C@@H](O)[C@H](OC(C)=O)[C@@]21C)[C@@]1(C)C[C@@H](OC(=O)c2ccccc2)[C@H](OC(=O)c2ccccc2)C(C)(C)[C@@H]1CC3)C(C)C,,0
C=C(CC[C@@H](C)[C@H]1CC[C@H]2C3=C[C@H](OC(C)=O)[C@@]4(O)C[C@@H](OC(C)=O)CC[C@]4(C)[C@@]3(O)[C@H](OC(C)=O)C[C@]12C)C(C)C,,0
C=C(CC[C@@H](C)[C@H]1[C@H](O[C@@H]2O[C@@H]([C@@H](O)COC)[C@H](O[C@@H]3O[C@@H]([C@@H](O)COC)[C@H](O)[C@H]3O)[C@H]2O)CC2=C3[C@@H](O)[C@@H](O)[C@H]4C[C@H](O)CC[C@]4(C)[C@H]3CC[C@@]21C)C(C)C,,0
C=C(CC[C@]12OC(C(=O)O)[C@@](O)(C(=O)O)[C@](C(=O)O)(O1)[C@H](OC(=O)/C=C/[C@@H](C)C[C@@H](C)CC)[C@H]2OC(=O)OC)[C@@H](OC(C)=O)[C@H](C)Cc1ccccc1,,0
C=C(CO)[C@H]1C[C@@H]2[C@@H](CC[C@H]3C(C)(C)[C@@H](O[C@@H]4O[C@H](CO)[C@@H](O)[C@H](O)[C@H]4O[C@@H]4O[C@@H](C)[C@H](O)[C@@H](O)[C@H]4O)CC[C@]23C)[C@H]1O,,0
C=C(C[N+]1(C)CCN(c2ccc(C=CC(=O)CC(=O)/C=C/c3ccc(N4CC[N+](C)(CC(=C)C(=O)OC)CC4)cc3)cc2)CC1)C(=O)OC,,0
C=C(C[N+]1(C)CCN(c2ccc(C=CC(=O)CC(=O)/C=C/c3ccc(N4CC[N+](C)(CC(=C)C(=O)OCCCC)CC4)cc3)cc2)CC1)C(=O)OCCCC,,0
C=C/C(C)=C/[C@@]1(C)SC(=O)C=C1OCC(=O)NCCn1cc(CNC(=O)c2ccc(NS(=O)(=O)c3ccc(F)cc3)cc2)nn1,,0
C=C1/C(=C\C=C2/CCC[C@]3(C)[C@@H]([C@H](C)C[C@H]4C[C@@](C)(O)C(=O)N4CCCc4cc(C(F)(F)F)cc(C(F)(F)F)c4)CC[C@@H]23)C[C@@H](O)C[C@@H]1O,,0
C=C1/C=C/[C@H](OC(=O)CC)[C@@]2(C)[C@@H](OC(C)=O)[C@@H](OC(C)=O)C[C@]3(CO3)[C@@H]2[C@H](OC(C)=O)[C@]2(O)C(C)C(=O)O[C@H]2[C@H]1Cl,,0
C=C1C(=O)O[C@H]2[C@H]1CC/C(C(=O)OCCOCCOCCOCCOCCOC(=O)/C1=C/CC[C@@]3(C)O[C@H]3[C@H]3OC(=O)C(=C)[C@@H]3CC1)=C\CC[C@@]1(C)O[C@@H]21,,0
C=C1C(=O)O[C@H]2[C@H]1CC/C(COC(=O)CCC(=O)NCCCCCCCCNC(=O)CCC(=O)OC/C1=C/CC[C@@]3(C)O[C@H]3[C@H]3OC(=O)C(=C)[C@@H]3CC1)=C\CC[C@@]1(C)O[C@@H]21,,0
C=C1C(=O)O[C@H]2[C@H]1CC/C(COC(=O)CCC(=O)NCCCCNC(=O)CCC(=O)OC/C1=C/CC[C@@]3(C)O[C@H]3[C@H]3OC(=O)C(=C)[C@@H]3CC1)=C\CC[C@@]1(C)O[C@@H]21,,0
C=C1C(=O)O[C@H]2[C@H]1CC/C(COC(=O)NCCCCCCCCNC(=O)OC/C1=C/CC[C@@]3(C)O[C@H]3[C@H]3OC(=O)C(=C)[C@@H]3CC1)=C\CC[C@@]1(C)O[C@@H]21,,0
C=C1C(=O)O[C@H]2[C@H]1CC/C(COC(=O)NCCCCCNC(=O)OC/C1=C/CC[C@@]3(C)O[C@H]3[C@H]3OC(=O)C(=C)[C@@H]3CC1)=C\CC[C@@]1(C)O[C@@H]21,,0
C=C1C(=O)O[C@H]2[C@H]1CC/C(COC(=O)NCCCCNC(=O)OC/C1=C/CC[C@@]3(C)O[C@H]3[C@H]3OC(=O)C(=C)[C@@H]3CC1)=C\CC[C@@]1(C)O[C@@H]21,,0
C=C1C(=O)[C@]23[C@H](OC(=O)CCCCC4CCSS4)[C@H]1CC[C@H]2[C@@]12CO[C@]3(O)[C@@H](O)[C@@H]1C(C)(C)CC[C@@H]2OC(C)=O,,0
C=C1C(=O)[C@]23[C@H](OC(=O)c4ccc(N(CCCl)CCCl)cc4)[C@H]1CC[C@H]2[C@@]12CO[C@@]3(O)[C@@H](O)[C@@H]1C(C)(C)CC[C@@H]2OC(C)=O,,0
C=C1C=CC(=Nc2cc3c(cc2NC2CCOCC2)N(c2ccc(F)cc2)c2ccccc2N3)C=N1,,0
C=C1C=CC=C(C)C(O)C(C)C(O)C(C)C(OC(C)=O)C(C)C(OC)/C=C/OC2(C)Oc3c(C)c(O)c4c(O)c(c(C(=O)OCC(O)CO)c(O)c4c3C2=O)NC1=O,,0
C=C1C=CC=C(C)[C@H](O)[C@@H](C)[C@@H](O)[C@@H](C)[C@H](OC(C)=O)[C@H](C)[C@@H](OC)/C=C/O[C@@]2(C)Oc3c(C)c(NOC)c4c(O)c(cc(O)c4c3C2=O)NC1=O,,0
C=C1CC[C@@H]2[C@](C)(CO[Si](c3ccccc3)(c3ccccc3)C(C)(C)C)[C@H](O)CC[C@@]2(C)[C@@H]1C/C=C1/C(=O)OC[C@H]1O,,0
C=C1CC[C@H](OC(C)=O)[C@@]2(C)[C@@H](OC(=O)CC(C)C)C[C@@H](OC(C)=O)[C@]3(CO3)[C@@H]2[C@H](OC(C)=O)[C@]2(O)C(C)C(=O)O[C@H]2[C@H]1Cl,,0
C=C1CC[C@H](OC(C)=O)[C@@]2(C)[C@@H](OC(C)=O)[C@@H](OC(C)=O)[C@@H](OC(C)=O)[C@]3(CO3)[C@@H]2[C@H](OC(C)=O)[C@]2(O)C(C)C(=O)O[C@H]2[C@H]1Cl,,0
C=C1CC[C@H]2[C@](C)(CCC=C(C)C)[C@@H](OC(C)=O)CC[C@]2(C)[C@@H]1Cc1c(OC)oc(C)c(C)c1=O,,0
C=C1CC[C@]2(C(=O)O[C@@H]3O[C@H](CO)[C@@H](O)[C@H](O)[C@H]3O)CC[C@]3(C)C(=CC[C@@H]4[C@@]5(C)CC[C@H](O[C@@H]6OC(C(=O)O)[C@@H](O)[C@H](O)[C@H]6O)[C@@](C)(C=O)[C@@H]5CC[C@]43C)[C@@H]2C1,,0
C=C1CN(S(=O)(=O)c2ccc(C)cc2)CCCN(CC2CCCCC2)CCCN(S(=O)(=O)c2ccc(-n3cccc3)cc2)C1,,0
C=C1CN(S(=O)(=O)c2ccc(C)cc2)CCCN(CC2CCCCC2)CCCN(S(=O)(=O)c2ccccc2[N+](=O)[O-])C1,,0
C=C1C[C@@H]2CC[C@@]34C[C@H]5O[C@H]6[C@@H](O3)[C@H]3O[C@H](CC[C@@H]3O[C@H]6[C@H]5O4)CC(=O)C[C@@H]3[C@@H](OC)[C@@H](CC(=O)CN4CCOCC4)O[C@H]3C[C@H]3O[C@@H](CC[C@@H]1O2)C[C@@H](C)C3=C,,0
C=C1C[C@@H]2CC[C@@]34C[C@H]5O[C@H]6[C@@H](O3)[C@H]3O[C@H](CC[C@@H]3O[C@H]6[C@H]5O4)CC(=O)C[C@@H]3[C@@H](OC)[C@@H](C[C@@H](CN4CC4C)OC)O[C@H]3C[C@H]3O[C@@H](CC[C@@H]1O2)C[C@@H](C)C3=C,,0
C=C1C[C@@](OC)(C(O)C(=O)N[C@H]2OCO[C@H]3C2O[C@H](C[C@@H](COC)OC)C(C)(C)[C@@H]3OC)O[C@H](C)[C@@H]1C,,0
C=C1C[C@](OC)(C(O)C(=O)N[C@H]2OCO[C@H]3[C@@H]2O[C@H](C[C@H](O)CO)C(C)(C)[C@@H]3OC)O[C@H](C)[C@@H]1C,,0
C=C1[C@@H](O)[C@@H]2O[C@]3(CC[C@H](CC[C@@H](C)[C@@H]4CC(C)=C[C@@]5(O[C@H](C[C@@](C)(O)C(=O)O)CC[C@H]5O)O4)O3)CC[C@H]2O[C@@H]1[C@@H](O)C[C@H](C)[C@H]1O[C@@]2(CC[C@H]1C)OCCC[C@H]2C,,0
C=C1[C@@H](OC(=O)/C=C/c2ccccc2)C[C@H](OC(C)=O)[C@@]2(COC(C)=O)[C@@H](OC(C)=O)[C@H](O)[C@]3(O)[C@@]4(C)CO[C@]3(C)C(=O)C[C@H]4[C@@H](OC(C)=O)[C@H]12,,0
C=C1[C@@H](OC(C)=O)C[C@@H]2[C@](C)(COC=O)[C@H](OC(C)=O)CC[C@@]2(C)[C@@H]1C[C@@H](Nc1ccc(C(=O)O)cc1)C1=CCOC1=O,,0
C=C1[C@@H]([C@@]2(C)[C@@H](OC(C)=O)C[C@@]3(O)OC[C@](C)(O3)[C@@H]2CC(=O)OC)C(C(=O)O)[C@H](OC(=O)C(O)C(C)CC)[C@@]2(C)[C@H](c3ccoc3)CC(=O)[C@]12O,,0
C=C1[C@@H]2CC(=O)C([C@@H](C)OC(C)=O)[C@H]2[C@H](C(C)C)[C@@H](OC(=O)C(C)CC)[C@H]1OC(=O)/C=C(\C)CC,,0
C=C1[C@H](OC(=O)c2ccccc2)[C@@H](OC(C)=O)[C@@H](OC(C)=O)C(C)(C)C=CC(C)C(=O)[C@@]2(O)C[C@@](C)(OC(C)=O)[C@H](O)[C@@H]2[C@H]1OC(=O)c1ccccc1,,0
C=C1[C@H](OC(=O)c2ccccc2)[C@@H](OC(C)=O)[C@@H](OC(C)=O)C(C)(C)C=CC(C)C(=O)[C@@]2(OC(C)=O)C[C@H](C)[C@H](OC(C)=O)[C@@H]2[C@H]1OC(C)=O,,0
C=C1[C@H](OC(C)=O)C(OC(=O)C(C)C)C(=O)C(C)(C)C=CC(C)C(=O)[C@@]2(OC(C)=O)C[C@@](C)(O)[C@H](OC(C)=O)[C@@H]2[C@H]1OC(C)=O,,0
C=C1[C@H](OCC(C)C)[C@@H](OCC(C)C)[C@@H](O)C(C)(C)C=CC(C)C(=O)[C@@]2(O)C[C@H](C)[C@H](O)[C@@H]2[C@H]1OCC(C)C,,0
C=CC(=C)CC[C@]1(C)[C@H](C)[C@@H](OC(=O)C=Cc2ccc(O)cc2)[C@H](O)[C@@]23C(=C[C@H](OC(=O)CCC)C[C@@H]12)[C@H](OC)O[C@H]3OC,,0
C=CC(=O)N(C)c1cccc(-n2c(NC(=O)c3cccc(C(F)(F)F)c3)nc3cc(C)ccc32)c1,,0
C=CC(=O)N1CCC(C(=O)NCc2cc3c(-c4cnn5ncccc45)ccnc3[nH]2)CC1,,0
C=CC(=O)N1CCC[C@@H](Oc2nc(Nc3ccc(N4CCC(N5CCN(C)CC5)CC4)c(C)c3)c(C(N)=O)nc2CC)C1,,0
C=CC(=O)N1CCC[C@@H](n2nc(-c3ccc(OCc4cccc(S(C)(=O)=O)c4)c(Cl)c3)c3c(N)ncnc32)C1,,0
C=CC(=O)NCC(NC(=O)C(NC(=O)c1cnccn1)C1CCCCC1)C(=O)N1C[C@@H]2CCC[C@@H]2C1C(=O)NC(CCC)C(=O)C(=O)NC1CC1,,0
C=CC(=O)N[C@H]1CCCN(c2cccc(Nc3cc(-c4ccnc(N5CCn6c(cc7c6CC(C)(C)C7)C5=O)c4CO)cn(C)c3=O)n2)C1,,0
C=CC(=O)Nc1cc(Nc2cc(-c3cccc(NC(=O)c4ccc(C(C)(C)C)cc4)c3C)cn(C)c2=O)ccc1C(=O)NC1CC1,,0
C=CC(=O)Nc1cc(Nc2cc(-c3cccc(NC(=O)c4ccc(N(C)C)cc4)c3C)cn(C)c2=O)ccc1C(=O)N1CCC(O)CC1,,0
C=CC(=O)Nc1cc(Nc2ncc(F)c(Nc3ccccc3S(=O)(=O)N(C)C)n2)c(OC)cc1N(C)CCN(C)C,,0
C=CC(=O)Nc1cc2c(Nc3ccc(Br)c(Cl)c3F)ncnc2cc1OCCNC(=O)NCCC,,0
C=CC(=O)Nc1cc2c(Nc3ccc(Br)cc3F)ncnc2cc1OCCNC(=O)CS(C)(=O)=O,,0
C=CC(=O)Nc1cc2c(Nc3cccc(Cl)c3F)ncnc2cc1OCc1cn(CCCCC(O)=NO)nn1,,0
C=CC(=O)Nc1ccc(C(=O)N2CC[C@@H](Nc3ncc4ccc(Cl)cc4n3)C2)cc1,,0
C=CC(=O)Nc1ccc(S(=O)(=O)N2CCC[C@@H](NC(=O)c3[nH]ncc3NC(=O)c3c(Cl)cccc3Cl)C2)cc1,,0
C=CC(=O)Nc1cccc(CN2C(=O)N(c3cc(OC)cc(OC)c3)Cc3cnc(NCCCCN(CC)CC)nc32)c1,,0
C=CC(=O)Nc1cccc(Nc2nc(Nc3ccc(OCCSC(=S)N4CCCCC4)cc3)ncc2F)c1,,0
C=CC(=O)Nc1cccc(Oc2nc(Nc3ccc(N4CCN(S(N)(=O)=O)CC4)cc3OC)ncc2C(F)(F)F)c1,,0
C=CC(=O)Nc1ccccc1C1CCNc2c(C(N)=O)c(-c3ccc(F)c(Br)c3)nn21,,0
C=CC(Br)(CBr)CCC(Br)C(C)(C)Br,,0
C=CC(C)O[C@@H]1CC[C@@H](/C=C(\C)[C@H]2OC(=O)C3CCCCN3C(=O)C(=O)C3(O)O[C@H]([C@@H](OC)C[C@@H](C)CC(C)=CC(CC)C(=O)C[C@H](O)[C@H]2C)[C@@H](OC)C[C@@H]3C)C[C@H]1O,,0
C=CC1CN(C)[C@H]2Cc3c([nH]c4ccccc34)[C@H](c3cc4c5c([nH]c4cc3OC)[C@]3(C(=O)OC)C[C@@H]4C[C@H](CC)[C@@H]3N(CC5)C4)C[C@H]1C2C(=O)OC,,0
C=CCC1=CC(C)C[C@H](C)C[C@H](OC)[C@@H](O)[C@@H](OC)C[C@@H](C)CC(=O)C(=O)N2CCCCC2C(=O)O[C@H](/C(C)=C/[C@@H]2CC[C@@H](O)[C@H](OC)C2)[C@H](C)[C@@H](O)CC1=O,,0
C=CCC1=CC(C)C[C@H](C)C[C@H](OC)[C@H]2O[C@@](O)(C(=O)C(=O)N3CCCCC3C(=O)O[C@H](/C(C)=C/[C@@H]3CC[C@@H](O)[C@H](OC)C3)[C@H](C)[C@@H](O)CC1=O)[C@H](C)C[C@@H]2OC,,0
C=CCC1=CC(C)C[C@H](C)[C@H](OC)[C@H]2O[C@@](O)(C(=O)C(=O)N3CCCCC3C(=O)O[C@H](/C(C)=C/[C@@H]3CC[C@@H](O)[C@H](OC)C3)[C@H](C)[C@@H](O)CC1=O)[C@H](C)C[C@@H]2OC,,0
C=CCCCCn1cc(CNC(=O)CO[C@H]2O[C@H](COC(C)=O)[C@H](OC(C)=O)[C@H](OC(C)=O)[C@H]2O)nn1,,0
C=CCN(C(=O)CCC(=O)Nc1cc(C)on1)C(C(=O)NC(C)(C)CC)c1cccc(OC)c1OC,,0
C=CCN(C(=O)Cc1ccc(F)cc1)C1CCN(C[C@H]2CN(C(=O)C3CCCC3)C[C@]2(O)c2ccccc2)CC1,,0
C=CCN(C(=O)NCc1ccc(F)cc1F)C1CCN(C[C@H]2CN(C(=O)C3CCCC3)C[C@]2(O)c2ccccc2)CC1,,0
C=CCN(C)[C@H]1C[C@@H](C)O[C@@H](O[C@@H]2C(C)C(=O)C(C)C(=O)O[C@H](CC)[C@@]3(C)OC(=O)O[C@@H]3[C@@H](C)/C(=N/OC/C=C/c3cnc4ccccc4c3)[C@H](C)C[C@@]2(C)OC)[C@@H]1O,,0
C=CCN1C(=O)/C(=C/c2cccs2)N=C1SC1OC(COC(=O)c2ccccc2)C(OC(=O)c2ccccc2)C1OC(=O)c1ccccc1,,0
C=CCN1C(=O)NC(c2ccc(OC)cc2)(C(F)(F)F)S/C1=C(/C#N)c1nnc(N2CCOCC2)n1-c1ccccc1,,0
C=CCN1CC(=O)N2C(Cc3ccc(O)cc3)C(=O)N(Cc3cccc4c(-c5ccc(C(=O)N6CCN(S(C)(=O)=O)CC6)nc5)cn(C)c34)C[C@@H]2N1C(=O)NCc1ccccc1,,0
C=CCN1CC(=O)N2C(Cc3ccc(O)cc3)C(=O)N(Cc3cccc4c(-c5ccc(NC(=O)c6ccc(N)nc6)cc5)cn(C)c34)C[C@@H]2N1C(=O)NCc1ccccc1,,0
C=CCN1CC(=O)N2C(Cc3ccc(O)cc3)C(=O)N(Cc3cccc4c(C(=O)Nc5ccc(N(C)C)nc5)cn(C)c34)C[C@@H]2N1C(=O)NCc1ccccc1,,0
C=CCN1CC(=O)N2C(Cc3ccc(O)cc3)C(=O)N(Cc3cccc4c(C(=O)Nc5ccc(N6CCCN(C)CC6)nc5)cn(C)c34)C[C@@H]2N1C(=O)NCc1ccccc1,,0
C=CCN1CCN(CC(=O)NC2(c3ccc(Cl)c(Cl)c3)C(=O)Nc3cc(Cl)cc(Cl)c32)CC1,,0
C=CCN1C[C@H](C)[C@@H](O)[C@](C)(O)[C@@H](CC)OC(=O)C(C)[C@@H](O[C@H]2C[C@@](C)(OC)C(N)[C@H](C)O2)[C@H](C)[C@@H](O[C@@H]2O[C@H](C)C[C@H](N(C)C)[C@H]2O)[C@](C)(O)C[C@H]1C,,0
C=CCN1Cc2c(nn(-c3ccc(Cl)cc3Cl)c2NS(=O)(=O)c2ccc(F)cc2)C(F)(F)C1c1ccc(OC)cc1,,0
C=CCN1c2ccccc2[C@]23CC(C(=O)OC)N(C(=O)NCCC)C2=NC(C(=O)OC)=C(C(=O)OC)[C@H]13,,0
C=CCNC(=O)C(=O)C(CC1CC1)NC(=O)C1C2[C@H](CN1C(=O)C(NC(=O)NC(C(=O)C1CC1)C1CCCCC1)C(C)(C)C)C2(C)C,,0
C=CCNC(=O)C(=O)C(CCC)NC(=O)C1C2[C@H](CN1C(=O)C(NC(=O)N[C@H](CN(C)S(=O)(=O)c1ccccn1)C(C)(C)C)C(C)(C)C)C2(C)C,,0
C=CCNC(=O)C(=O)C(CCC)NC(=O)C1C2[C@H](CN1C(=O)C(NC(=O)N[C@H](CN1Cc3sccc3S1(=O)=O)C(C)(C)C)C1(C)CCCCC1)C2(C)C,,0
C=CCNC(=O)C(=O)C(CCCC)NC(=O)C1C2[C@H](CN1C(=O)C(NC(=O)N[C@@H](CN1C(=O)CN(c3ccccc3)CC1=O)C(C)(C)C)C(C)(C)C)C2(C)C,,0
C=CCNC(=O)C(=O)C(CCCC)NC(=O)C1C2[C@H](CN1C(=O)C(NC(=O)N[C@@H](Cn1c(O)cn(C)c1=O)C(C)(C)C)C(C)(C)C)C2(C)C,,0
C=CCNC(=O)C(=O)C1CCCCCCCCCC(NC(=O)N[C@H](CN2C(=O)CN(C)CC2=O)C(C)(C)C)C(=O)N2C[C@@H]3C(C2C(=O)N1)C3(C)C,,0
C=CCNC(=O)O[C@H]1[C@H](C)O[C@@H](O[C@@H]2C(C)C(=O)O[C@H](CC)[C@@](C)(O)[C@H](O)[C@@H](C)N(C)C[C@H](C)C[C@](C)(O)[C@H](O[C@@H]3O[C@H](C)C[C@H](N(C)C)[C@H]3O)[C@H]2C)C[C@@]1(C)OC,,0
C=CCO[C@@H]1CC(C)C(=O)C(C)[C@H]2OC(=O)O[C@]2(C)[C@@H](CC)OC(=O)C(C)[C@@H](OC(=O)Cc2c[nH]c3ccccc23)[C@H](C)C1O[C@@H]1O[C@H](C)C[C@H](N(C)C)[C@H]1O,,0
C=CCO[C@@H]1CC(C)C(=O)C(C)[C@H]2OC(=O)O[C@]2(C)[C@@H](CC)OC(=O)C(C)[C@@H](OC(=O)Cc2ccc(Cl)cc2)[C@H](C)[C@H]1OC1O[C@H](C)C[C@H](N(C)C)[C@H]1O,,0
C=CCO[C@@H]1CC(C)C(=O)C(C)[C@H]2OC(=O)O[C@]2(C)[C@@H](CC)OC(=O)C(C)[C@@H](OC(=O)Cc2cccnc2)[C@H](C)[C@H]1O[C@@H]1O[C@H](C)C[C@H](N(C)C)[C@H]1O,,0
C=CCO[C@@]1(C)CC(C)C(=O)C(C)[C@@H](O)[C@](C)(O)[C@@H](CC)OC(=O)C(C)C(=O)C(C)[C@H]1O[C@@H]1O[C@H](C)C[C@H](N(C)C)[C@H]1O,,0
C=CCO[C@]1(C)CC(C)C(=O)C(C)[C@H]2N(C)C(=O)O[C@]2(C)[C@@H](CC)OC(=O)C(C)C(=O)C(C)[C@H]1O[C@@H]1O[C@H](C)C[C@H](N(C)C)[C@H]1O,,0
C=CCOc1cc(C(=O)O[C@@H]2Cc3c(OC)cc(OC)cc3O[C@@H]2c2cc(OC)c(OC)c(OC)c2)cc(OCC=C)c1OCC=C,,0
C=CCc1cc(-c2cc(CC=C)c(O)c(CN(CCCl)CCCl)c2)cc(CN(CCCl)CCCl)c1O,,0
C=CCc1ccc(O)c(-c2ccc(OCCCCCCCCc3c4[n+](cc5c(OC)c(OC)ccc35)CCc3cc5c(cc3-4)OCO5)c(CC=C)c2)c1,,0
C=CCc1ccc(OCCC)c(-c2ccc(OCCCCCc3c4[n+](cc5c(OC)c(OC)ccc35)CCc3cc5c(cc3-4)OCO5)c(CC=C)c2)c1,,0
C=CCn1c(CCNC(=O)c2ccccc2F)nnc1SCC(=O)Nc1nc2ccccc2s1,,0
C=CS(=O)(=O)Nc1cccc(C)c1Nc1ncc(OCc2c(Cl)c(OC)cc(OC)c2Cl)cn1,,0
C=C[C@@H](O)C#CC#C[C@H](/C=C\CCCCCCC)O[C@]1(C)CC[C@@H](C(C)C)[C@@H](O)[C@@H]2[C@@](C)(O)CC[C@]21O,,0
C=C[C@@H]1C2=CCOC(=O)C2=CO[C@H]1O[C@@H]1O[C@H](COC(=O)c2ccccc2)[C@H](SC(C)=O)[C@H](OC(=O)c2ccccc2)[C@H]1OC(=O)c1ccccc1,,0
C=C[C@@H]1C[C@]1(NC(=O)C1C[C@@H](c2csc(-c3cc(F)ccc3OC)n2)CN1C(=O)C(NC(=O)OC1CCCC1)C(C)(C)C)C(=O)NS(=O)(=O)C1CC1,,0
C=C[C@@H]1C[C@]1(NC(=O)C1C[C@@H](n2cc(-c3ccc(N(C)C)cc3)nn2)CN1C(=O)C(NC(=O)OC1CCCC1)C(C)(C)C)C(=O)NS(=O)(=O)C1CC1,,0
C=C[C@@H]1C[C@]1(NC(=O)C1C[C@@H]2CN1C(=O)C(C(C)(C)C)NC(=O)OCCCC/C=C/c1ccc3ccnc(c3c1)O2)C(=O)NS(=O)(=O)C1CC1,,0
C=C[C@@H]1C[C@]1(NC(=O)C1C[C@@H]2CN1C(=O)C(C(C)(C)C)NC(=O)OCCCCCc1cc(OC(F)(F)F)c3ccnc(c3c1)O2)C(=O)NS(=O)(=O)C1CC1,,0
C=C[C@@H]1C[C@]1(NC(=O)C1C[C@@H]2CN1C(=O)C(C(C)(C)C)Nc1nc(cs1)CCCCCc1cccc3c1CN(C3)C(=O)O2)C(=O)NS(=O)(=O)C1CC1,,0
C=C[C@@H]1C[C@]1(NC(=O)C1C[C@@H]2CN1C(=O)C(C(C)C)Nc1nc(cs1)C(C)(C)CCCc1ccc3ccnc(c3c1)O2)C(=O)NS(=O)(=O)C1CC1,,0
C=C[C@@H]1C[C@]1(NC(=O)C1C[C@@H]2CN1C(=O)C(C(C)CC)Nc1nc(cs1)CCC/C=C/c1cccc3c1CN(C3)C(=O)O2)C(=O)NS(=O)(=O)C1CC1,,0
C=C[C@@H]1C[C@]1(NC(=O)C1C[C@@H]2CN1C(=O)C(C1CCCC1)NC(=O)N1CC[C@@H](C1)OCCC/C=C/c1cc3ccc(OC)cc3nc1O2)C(=O)NS(=O)(=O)C1CC1,,0
C=C[C@@H]1C[C@]1(NC(=O)C1C[C@@H]2CN1C(=O)C(C1CCCC1)NC(=O)OCC(C)(C)CCCc1cc3c(nc4ccc(Cl)cc4c3cc1OC)O2)C(=O)NS(=O)(=O)C1CC1,,0
C=C[C@@H]1C[C@]1(NC(=O)C1C[C@@H]2CN1C(=O)C(C1CCCC1)NC(=O)O[C@@H]1CCC[C@H]1CCCCCc1nc3ccccc3cc1O2)C(=O)NS(=O)(=O)C1CC1,,0
C=C[C@@H]1C[C@]1(NC(=O)C1C[C@@H]2CN1C(=O)C(C1CCCC1)NC(=O)O[C@H]1C[C@H](C/C=C/c3cc4c(cc(OCC)nc4cc3OC)O2)C1)C(=O)NS(=O)(=O)C1CC1,,0
C=C[C@@H]1C[C@]1(NC(=O)C1C[C@@H]2CN1C(=O)C(C1CCCCC1)NC(=O)OCC(C)(C)CCC/C=C/c1nc3ccccc3cc1O2)C(=O)NS(=O)(=O)C1CC1,,0
C=C[C@@H]1C[C@]1(NC(=O)C1C[C@@H]2CN1C(=O)C(C1CCCCC1)NC(=O)OCC(C)(C)CCCCCc1nc3ccccc3cc1O2)C(=O)NS(=O)(=O)C1CC1,,0
C=C[C@@H]1C[C@]1(NC(=O)C1C[C@@H]2CN1C(=O)C(C1CCCCC1)NC(=O)OCC(C)(C)CCCc1cc3c(cc(OC4CCCC4)nc3cc1OC)O2)C(=O)NS(=O)(=O)C1CC1,,0
C=C[C@@H]1C[C@]1(NC(=O)C1C[C@@H]2CN1C(=O)C(C1CCCCC1)NC(=O)OCC(C)(C)CCCc1cc3c(cc4nccn4c3cc1OC)O2)C(=O)NS(=O)(=O)C1CC1,,0
C=C[C@@H]1C[C@]1(NC(=O)C1C[C@@H]2CN1C(=O)C(C1CCCCC1)NC(=O)OCC(C)(C)CCCc1cc3c(nccc3cc1OC)O2)C(=O)NS(=O)(=O)C1CC1,,0
C=C[C@@H]1C[C@]1(NC(=O)C1C[C@@H]2CN1C(=O)C(C1CCCCC1)NC(=O)O[C@@H]1CCCC[C@H]1C/C=C/c1cc3c(cc(OCC)nc3cc1OC)O2)C(=O)NS(=O)(=O)C1CC1,,0
C=C[C@@H]1C[C@]1(NC(=O)C1C[C@@H]2CN1C(=O)C(C1CCCCC1)Nc1nc(cs1)CCC/C=C/c1cccc3c1CN(C3)C(=O)O2)C(=O)NS(=O)(=O)C1CC1,,0
C=C[C@@H]1C[C@]1(NC(=O)C1C[C@@H]2CN1C(=O)C(c1c[nH]c3ccccc13)NC(=O)OCCC/C=C/c1ccc3ccnc(c3c1)O2)C(=O)NS(=O)(=O)C1CC1,,0
C=C[C@@H]1C[C@]1(NC(=O)C1C[C@]23CCc4c(c(nc5ccc(OC)cc45)CCCCC[C@@H]4C[C@H]4OC(=O)NC(C4(C)CCCCC4)C(=O)N1C2)O3)C(=O)NS(=O)(=O)C1CC1,,0
C=C[C@@](C)(O)CC/C=C(\C)C(=O)O[C@@]12C=CO[C@@H](O[C@@H]3O[C@H](CO)[C@@H](O)[C@H](O)[C@H]3O)[C@@H]1[C@@]1(CO)O[C@H]1[C@H]2OC(=O)/C(C)=C/CC/C(C)=C/CO,,0
C=C[C@@]1(C)C=C2[C@@H](O[C@@H]3O[C@H](C)[C@H](O)[C@H](O)[C@H]3O)C[C@@H]3C(C)(C)[C@H](O[C@@H]4O[C@@H](C)[C@H](O)[C@@H](O)[C@H]4O[C@H]4O[C@H](CO)[C@@H](O)[C@H](O)[C@H]4O)CC[C@@]3(C)[C@@H]2CC1,,0
C=C[C@H](C#CC#C[C@@H](O)/C=C\CCCCCCC)O[C@]1(C)CC[C@@H](C(C)C)[C@@H](O)[C@@H]2[C@@](C)(O)CC[C@]21O,,0
C=C[C@H]1CC[C@H]2[C@@H]3CC[C@H]4[C@@H](O[C@@H]5O[C@H](CO)[C@@H](O)[C@H](OS(=O)(=O)O)[C@H]5O)[C@@H](OS(=O)(=O)O)CC[C@]4(CO)[C@H]3CC[C@]12C,,0
C=C[C@H]1CN2CC[C@H]1C[C@H]2[C@H](O)c1cc(CC[C@@H](C)[C@H]2CC[C@H]3[C@@H]4CC[C@@H]5C[C@H](OC(C)=O)CC[C@]5(C)[C@H]4C[C@H](OC(C)=O)[C@]23C)nc2ccc(OC)cc12,,0
C=C[C@]1(C)C=C2C(=O)C[C@H]3C(C)(C)[C@@H](O[C@@H]4O[C@H](CO[C@@H]5O[C@H](CO)[C@@H](O)[C@H](O)[C@H]5O)[C@@H](O)[C@H](O)[C@H]4O[C@@H]4O[C@@H](C)[C@H](O)[C@@H](O)[C@H]4O)CC[C@]3(C)[C@H]2CC1,,0
C=C[C@]1(C)C[C@@H](OC(=O)CN2CCN(C(=O)CCn3cnc4c(N5CCNCC5)ncnc43)CC2)[C@]2(C)[C@H](C)CC[C@]3(CCC(=O)[C@@H]32)[C@@H](C)[C@@H]1O,,0
C=C[C@]1(C)C[C@@H](OC(=O)CSC2CCCN(C(=O)CCn3cnc4c(N5CCNCC5)nc(N)nc43)C2)[C@]2(C)[C@H](C)CC[C@]3(CCC(=O)[C@@H]32)[C@@H](C)[C@@H]1O,,0
C=C[C@]1(C)C[C@@H](OC(=O)CSC2CCN(C(=O)CCn3cnc4c(N)ncnc43)CC2)[C@]2(C)[C@H](C)CC[C@]3(CCC(=O)[C@@H]32)[C@@H](C)[C@@H]1O,,0
C=C[C@]1(C)C[C@@H](OC(=O)CSC2CCN(C(=O)CCn3cnc4c(N5CCNCC5)nc(N)nc43)C2)[C@]2(C)[C@H](C)CC[C@]3(CCC(=O)[C@@H]32)[C@@H](C)[C@@H]1O,,0
C=C[C@]1(C)C[C@@H](OC(=O)CSc2cncc(NC(=O)CN3CCCCC3)c2)[C@]2(C)[C@H](C)CC[C@]3(CCC(=O)[C@H]32)[C@@H](C)[C@@H]1O,,0
C=C[C@]1(C)C[C@@H](OC(=O)CSc2nc(N)cc(NC(=O)CN3CCC(O)CC3)n2)[C@]2(C)[C@H](C)CC[C@]3(CCC(=O)[C@H]32)[C@@H](C)[C@@H]1O,,0
C=C[C@]1(C)C[C@@H](OC(=O)Cn2cc(-c3ccccc3Cn3cnc4c(N(CC)CC)nc(N)nc43)nn2)[C@]2(C)[C@H](C)CC[C@]3(CCC(=O)[C@H]32)[C@@H](C)[C@@H]1O,,0
C=C[C@]1(C)C[C@@H](OC(=O)Cn2cc(CO[C@@H]3C[C@@H](n4cc(C)c(=O)[nH]c4=O)O[C@H]3CO)nn2)[C@]2(C)[C@H](C)CC[C@]3(CCC(=O)[C@@H]32)[C@@H](C)[C@@H]1O,,0
C=C[C@]12OC(=O)N(CCCCn3cnc(-c4ccc(OC)nc4)c3)[C@@H]1C(C)C(=O)C(C)C[C@@](C)(OC)[C@H](O[C@@H]1O[C@H](C)C[C@H](N(C)C)[C@H]1O)C(C)C(=O)C(C)C(=O)O[C@@H]2CC,,0
C=Cc1c(C)c2[nH]c1=Cc1[nH]c(c(=CCC(=O)O)c1C)=Cc1[nH]c(c(C)c1CCC(=O)OC)C=C1N=C(C=2)C2=CC=C(C(=O)OC)C(C(=O)OC)[C@@]12C,,0
C=c1[nH]c2cc3c(=O)n(CCNCCCNCCn4c(=O)c5cccc6c7[nH]c(=C)[nH]c7cc(c4=O)c56)c(=O)c4cccc(c2[nH]1)c43,,0
C=c1c(C=CC(=O)OC)c2[nH]c1=CC1=NC(=Cc3[nH]c(c(CC)c3C)C=c3[nH]c(c(CCC(=O)O)c3C)=C2)C2=CC=C(C(=O)OC)C(C(=O)OC)[C@]21C,,0
C=c1c(O)c(O)cc2c1=CC=C1[C@@]2(C)CC[C@@]2(C)[C@@H]3C[C@](C)(C(=O)OCCCOc4cc(/C=C\C(=O)OC)ccc4OC)CC[C@]3(C)CC[C@]12C,,0
C=c1c(O)c2c(c(O)c1Nc1ccc(Oc3ccc(Nc4c(O)c5c(c(O)c4=C)N4CC6N[C@@H]6[C@]4(OC)C=5COC(N)=O)cc3)cc1)=C(COC(N)=O)[C@@]1(OC)[C@H]3NC3CN21,,0
C=c1c2c(O)c3c(O)c(C)c4c(c3c1OC(C)=O)=C(OCO4)C(C)=CC(C)(O)C(O)C(C)C(OC(C)=O)C(C(=O)OC)C(O)C(C)C(O)C(C)(O)/C=C\C=C(C)C(=O)N2,,0
CC#CCn1c(N2CCC[C@@H](N)C2)nc2c1c(=O)n(CCCN1CCC(C(=O)Nc3ccc(Cl)cc3)CC1)c(=O)n2C,,0
CC(/C=C/[C@@H]1C[C@]2(CO2)CC(C)(C)O1)=C\C[C@H]1OC[C@@H](NC(=O)/C=C\[C@H](C)OC(=O)N2CCCC2)CO1,,0
CC(/C=C/[C@@]1(O)C(C)(C)CC[C@@H](O)[C@@]1(C)O)=C\C(=O)O[C@@H]1C[C@](C)(O)[C@H]2[C@H](O[C@@H]3O[C@H](CO)[C@@H](O)[C@H](O)[C@H]3O)OC=C[C@H]21,,0
CC(=CC(=O)CC(C)C(=O)O)C1CC[C@@]2(C)[C@@H]3CC[C@H]4C(C)(C)C(=O)CC[C@@]45C[C@@]35CC[C@]12C,,0
CC(=O)Cn1c(C)cc2c(-n3nc(C(=O)Nc4nnc(S(N)(=O)=O)s4)c(C(=O)c4ccccc4)c3-c3ccccc3)cccc21,,0
CC(=O)N(CC(CC(C)C)N1CCN(C(=O)C2CN(C(C)(C)C)C[C@H]2c2ccc(F)cc2F)CC1)C(C)C,,0
CC(=O)N(C[C@@H]1CCN(CC(=O)N2CCN(c3ccc(-c4ncccn4)cc3)CC2)C1)c1ccc2[nH]nc(-c3ccc(F)cc3)c2c1,,0
CC(=O)N(c1ccc(CC(=O)Nc2ccc(CC(=O)NCCN)cc2)cc1)c1ncnc2c1ncn2C1O[C@H](CO)[C@@H](O)[C@H]1O,,0
CC(=O)N(c1ccc(F)c(Cl)c1)c1ncnc2ccc(COC(=O)CCCCC(=O)O[C@@H]3O[C@@H]4O[C@@]5(C)CC[C@H]6[C@H](C)CC[C@@H]([C@H]3C)[C@@]46OO5)cc12,,0
CC(=O)N1CCC(N(C)C(=O)CN(CC(=O)NCCN2CCCC2)c2cc(Cl)ccc2Oc2ccc(Cl)cc2)CC1,,0
CC(=O)N1CCN(C(=O)c2cccc(Sc3cnc(NC(=O)c4ccc(N(C)C)cc4)s3)c2C)CC1,,0
CC(=O)N1CCN(c2ccc(Nc3nccc(-c4sc(C(C)C)nc4-c4cccc(NS(=O)(=O)c5c(F)cccc5F)c4)n3)cn2)CC1,,0
CC(=O)N1CCN(c2ccc(OC[C@H]3CO[C@](Cn4cc[n+](Cc5ccc(OC(=O)C(C)(C)C)cc5)c4)(c4ccc(Cl)cc4Cl)O3)cc2)CC1,,0
CC(=O)N1CCc2c(sc(NC(=O)C3CCN(S(=O)(=O)c4cccs4)CC3)c2C(N)=O)C1,,0
CC(=O)N1CCc2cc(S(=O)(=O)NCCC(=O)Nc3cc(C)cc(C)c3)ccc21,,0
CC(=O)N1C[C@H]2CC(c3ccc(OCCOc4c(Cl)cc(C)cc4Cl)cc3)=C(C(=O)N(Cc3cccc(Cl)c3Cl)C3CC3)[C@@H](C1)N2,,0
CC(=O)NC(C(=O)NC(C(=O)N[C@@H](Cc1ccccc1)C(O)[C@H](Cc1ccccc1)NC(=O)C(NC(=O)C(NC(C)=O)C(C)C)C(C)C)C(C)C)C(C)C,8.0,1
CC(=O)NC(CC(N)=O)C(=O)N[C@@H](CSc1ccc2ccccc2c1)[C@H](O)Cc1ccccc1C(=O)NC(C)(C)C,8.96,1
CC(=O)NC(CCC(=O)OC[C@H]1O[C@@H](n2cc(C)c(=O)[nH]c2=O)C[C@@H]1F)C(=O)OC[C@@H]1O[C@H](n2ccc(N)nc2=O)CS1,,0
CC(=O)NC(CCC(=O)OC[C@H]1O[C@@H](n2cc(C)c(=O)[nH]c2=O)C[C@@H]1N=[N+]=[N-])C(=O)OC[C@@H]1O[C@H](n2ccc(N)nc2=O)CS1,,0
CC(=O)NCCCNC(=S)NCCCN(Cc1ccc(Cl)cc1)c1ccc(Br)cn1,,0
CC(=O)NCCNCCNCN1C(=O)c2ccc3c4ccc5c6c(ccc(c7ccc(c2c37)C1=O)c64)C(=O)N(CNCCNCCNC(C)=O)C5=O,,0
CC(=O)NCCc1ccccc1-c1onc([C@H]2CNCC[C@]2(OCC(O)CO)c2ccc(F)c(F)c2)c1Br,,0
CC(=O)NC[C@H]1CN(c2ccc(N3CCN(Cc4cc(-c5ccc(F)cc5F)n(-c5cc(F)ccc5Br)c4C)CC3)c(F)c2)C(=O)O1,,0
CC(=O)N[C@H]1[C@H]([C@H](O)[C@H](O)CO)O[C@@](Oc2ccc(-n3cc(C4CCCCC4NC(=O)Nc4cnccc4C(F)(F)F)nn3)cc2C(F)F)(C(=O)O)C[C@@H]1O,,0
CC(=O)N[C@H]1[C@H]([C@H](O)[C@H](O)CO)O[C@@](Oc2ccc(-n3cc(COC(=O)Nc4ccc(OC(C)C)nc4)nn3)cc2C(F)F)(C(=O)O)C[C@@H]1O,,0
CC(=O)N[C@H]1[C@H]([C@H](O)[C@H](O)CO)O[C@@](Oc2ccc(-n3cc(COC(=O)Nc4nc(C)oc4C(F)(F)F)nn3)cc2C(F)F)(C(=O)O)C[C@@H]1O,,0
CC(=O)Nc1cccc(-c2cc(-c3[nH]nc4ccnc(OC5CCOCC5)c34)ccn2)c1,,0
CC(=O)Nc1cccc(-c2ccnc3c2CC(C(=O)Nc2cccc(N(C)C)c2)O3)c1,,0
CC(=O)OC(C)(C)CCC(=O)[C@](C)(O)[C@H]1[C@H](OC(=O)n2ccnc2)C[C@@]2(C)[C@@H]3CC=C4[C@@H](CC(OC(=O)n5ccnc5)C(=O)C4(C)C)[C@]3(C)C(=O)C[C@]12C,,0
CC(=O)OC(C)(C)[C@H](OC(=O)C(C)C)[C@H](C[C@@H](C)C1=C2C[C@H](OC(=O)C(C)C)[C@H]3[C@@]4(C)CCC(=O)C(C)(C)[C@@H]4CC[C@]3(C)[C@@]2(C)CC1)OC(=O)C(C)C,,0
CC(=O)OC/C1=C/[C@@H]2OC(=O)[C@]3(C)O[C@]23[C@H](OC(C)=O)[C@H]2[C@@]3(C)O[C@H]3C[C@H](OC(C)=O)[C@]2(C)[C@@H](OC(C)=O)C[C@H]1OC(C)=O,,0
CC(=O)OC1=C2C(C)[C@@H](OC(=O)C(O)C(NC(=O)c3ccccc3)c3ccccc3)C[C@@](O)([C@@H](OC(=O)c3ccccc3)C3[C@](C)(C1=O)[C@@H](O)C[C@H]1OC[C@@]31OC(=O)N1CC1)C2(C)C,,0
CC(=O)OC1=C2C(C)[C@@H](OC(=O)C(O)C(NC(=O)c3ccccc3)c3ccccc3)C[C@@](O)([C@@H](OC(=O)c3ccccc3)[C@@H]3[C@@H](OC(C)=O)[C@@H]4CO[C@@H]4[C@H](O)[C@@]3(C)C1=O)C2(C)C,,0
CC(=O)OC1=C2C(C)[C@@H](OC(=O)C(O)C(NC(=O)c3ccccc3)c3ccccc3)C[C@@](O)([C@@H](OC(=O)c3ccccc3C)[C@@H]3[C@]4(OC(C)=O)CO[C@@H]4C[C@H](O)[C@@]3(C)C1=O)C2(C)C,,0
CC(=O)OC1=C2C(C)[C@@H](OC(=O)C(O)C(NC(=O)c3ccccn3)c3ccccc3)C[C@@](O)([C@@H](OC(=O)c3ccccc3)[C@@H]3[C@]4(OC(C)=O)CO[C@@H]4C[C@H](O)[C@@]3(C)C1=O)C2(C)C,,0
CC(=O)OC1C(=O)C(C)=CC2[C@@H](OC(=O)c3ccccc3)[C@@H](C)[C@H](OC(C)=O)[C@]2(OC(C)=O)[C@H](OC(C)=O)[C@]2(C)O[C@H]2CC(C)(C)[C@@H]1OC(C)=O,,0
CC(=O)OC1C(=O)[C@@]2(O)C[C@@H]3O[C@@H]3[C@H](OC(=O)CC(C)C)[C@]2(C)[C@H]2C[C@H](OC(C)=O)[C@@]3(C)[C@@H]([C@@H](OC(C)=O)[C@@H]4[C@@H]3[C@H](C)[C@@H]3O[C@@]35OC(=O)[C@@](C)(O)[C@]45C)[C@H]12,,0
CC(=O)OC1C[C@@H]2C(=CC[C@@H]3[C@@]2(C)C(=O)C[C@]2(C)[C@@H]([C@@](C)(O)C(=O)/C=C/C(C)(C)OC(C)=O)[C@H](OC(C)=O)C[C@@]32C)C(C)(C)C1=O,,0
CC(=O)OCC(OC(C)=O)C(OC(C)=O)C(OC(C)=O)C(/C=N/N(C(C)=O)S(=O)(=O)c1ccc(CC2=NC(=O)NC2=O)cc1)OC(C)=O,,0
CC(=O)OC[C@@]1(C)[C@@H]2C[C@H](OC(=O)c3ccc(Br)c(F)c3)[C@@]3(C)Oc4cc(-c5cccnc5)oc(=O)c4[C@H](O)[C@@H]3[C@@]2(C)CC[C@@H]1OC(C)=O,,0
CC(=O)OC[C@@]1(C)[C@@H]2C[C@H](OC(=O)c3cccc(I)c3)[C@@]3(C)Oc4cc(-c5cccnc5)oc(=O)c4[C@H](O)[C@@H]3[C@@]2(C)CC[C@@H]1OC(C)=O,,0
CC(=O)OC[C@@]12[C@@H](OC(C)=O)C=C(C)[C@](C)([C@@H]3C[C@H]4C=CO[C@H]4O3)[C@H]1C[C@@H](O)[C@H](OC(=O)C(C)(C)OC(C)=O)[C@]21CO1,,0
CC(=O)OC[C@@]12[C@@H](OC(C)=O)CC[C@](C)(O)[C@]13OC(C)(C)[C@H]([C@@H](O)[C@H]2OC(=O)c1ccoc1)[C@H]3OC(=O)c1ccoc1,,0
CC(=O)OC[C@H]1O[C@@H](CC(=O)C=Cc2ccc(O)cc2)[C@H](OC(C)=O)[C@@H](OC(C)=O)[C@H]1OC(C)=O,,0
CC(=O)OC[C@H]1O[C@@H](NC(=O)CC(=O)NCCCc2ccc(N(CCCl)CCCl)cc2)[C@H](F)[C@@H](OC(C)=O)[C@@H]1OC(C)=O,,0
CC(=O)OC[C@H]1O[C@@H](NC(=S)N=Nc2c(O)[nH]c3c(C)cccc23)[C@H](OC(C)=O)[C@@H](OC(C)=O)[C@@H]1OC(C)=O,,0
CC(=O)OC[C@H]1O[C@@H](NC(=S)N=Nc2c(O)[nH]c3ccccc23)[C@H](OC(C)=O)[C@@H](OC(C)=O)[C@@H]1OC(C)=O,,0
CC(=O)OC[C@H]1O[C@@H](O[C@H]2[C@H](O[C@H]3CC[C@]4(C)[C@H]5C[C@@H](O)[C@@H]6[C@@H]([C@](C)(O)CCC=C(C)C)CC[C@@]6(C)[C@]5(C)CC[C@H]4C3(C)C)O[C@H](CO)[C@@H](O)[C@@H]2O)[C@H](O)[C@@H](O)[C@@H]1O,,0
CC(=O)OC[C@H]1O[C@@H](SCc2cn(-c3ccc(S(N)(=O)=O)cc3)nn2)[C@H](OC(C)=O)[C@@H](OC(C)=O)[C@@H]1OC(C)=O,,0
CC(=O)OC[C@H]1O[C@@H](Sc2c(C#N)c(-c3ccc(Cl)cc3)c(C#N)c(=O)n2-c2ccc(S(=O)(=O)Nc3onc(C)c3C)cc2)[C@H](OC(C)=O)[C@@H](OC(C)=O)[C@@H]1OC(C)=O,,0
CC(=O)OC[C@H]1O[C@@H](Sc2ccc(NC(=O)C3O[C@@H](n4ccc(=O)[nH]c4=O)[C@@H]4OC(C)(C)O[C@H]34)cn2)[C@H](OC(C)=O)[C@@H](OC(C)=O)[C@H]1OC(C)=O,,0
CC(=O)OC[C@H]1O[C@@H](Sc2ccc(NC(=O)c3ccc4ccc(C)nc4c3O)cc2)[C@H](OC(C)=O)[C@@H](OC(C)=O)[C@@H]1OC(C)=O,,0
CC(=O)OC[C@H]1O[C@@H](Sc2nc3sc(C(C)=O)c(C)c3c(=O)n2N)[C@H](OC(C)=O)[C@@H](OC(C)=O)[C@H]1OC(C)=O,,0
CC(=O)OC[C@H]1O[C@@H](Sc2nnc(-c3ccccc3)n2N=Cc2cc(Cl)ccc2O)[C@H](OC(C)=O)[C@@H](OC(C)=O)[C@@H]1OC(C)=O,,0
CC(=O)OC[C@H]1O[C@@H](n2c(=S)n([C@@H]3O[C@H](COC(C)=O)[C@@H](OC(C)=O)[C@H]3OC(C)=O)c3ncncc32)[C@H](OC(C)=O)[C@@H]1OC(C)=O,,0
CC(=O)OC[C@H]1O[C@@H](n2cc(CN3C(=O)/C(=C/c4ccccc4)c4ccccc43)nn2)[C@H](OC(C)=O)[C@@H](OC(C)=O)[C@@H]1OC(C)=O,,0
CC(=O)OC[C@H]1O[C@@H](n2cc(CN3C(=O)/C(=C/c4cccs4)c4ccccc43)nn2)[C@H](OC(C)=O)[C@@H](OC(C)=O)[C@@H]1OC(C)=O,,0
CC(=O)OC[C@H]1O[C@@H](n2cc(CNC(=O)c3ccc(S(N)(=O)=O)cc3)nn2)[C@H](OC(C)=O)[C@@H](OC(C)=O)[C@H]1OC(C)=O,,0
CC(=O)OC[C@H]1O[C@@H](n2cc(COC(=O)CCc3nc(-c4cccc(C)c4)no3)nn2)[C@H](OC(C)=O)[C@@H](OC(C)=O)[C@@H]1OC(C)=O,,0
CC(=O)OC[C@H]1O[C@@H](n2cc(COC(=O)CCc3nc(-c4ccccc4C)no3)nn2)[C@H](OC(C)=O)[C@@H](OC(C)=O)[C@@H]1OC(C)=O,,0
CC(=O)OC[C@]12C(OC(=O)c3ccccc3)C(=O)C3[C@@H](OC(C)=O)[C@]1(OC3(C)C)[C@@](C)(O)C[C@H](OC(=O)c1ccccc1)[C@@H]2OC(=O)c1ccccc1,,0
CC(=O)OC[C@]12[C@@H](OC(=O)c3ccccc3)C[C@@H]3[C@@H](OC(C)=O)[C@]1(OC3(C)C)[C@@](C)(O)C[C@H](OC(C)=O)[C@@H]2OC(C)=O,,0
CC(=O)OC[C@]12[C@@H](OC(=O)c3ccco3)C[C@@H]3[C@@H](OC(C)=O)[C@]1(OC3(C)C)[C@](C)(O)C[C@H](OC(=O)c1ccco1)[C@@H]2OC(=O)c1ccco1,,0
CC(=O)OC[C@]12[C@H](OC(C)=O)[C@@H](OC(C)=O)[C@@H]3C[C@]1(OC3(C)C)[C@H](C)C[C@H](OC(C)=O)[C@@H]2OC(=O)/C=C\c1ccccc1,,0
CC(=O)OC[C@]12[C@H](OC(C)=O)[C@@H](OC(C)=O)[C@@H]3[C@@H](OC(C)=O)[C@@]14O[C@@]3(C)COC(=O)c1cccnc1CCC(C)C(=O)O[C@@H]([C@H](OC(C)=O)[C@@H]2OC(C)=O)[C@]4(C)O,,0
CC(=O)OC[C@]12[C@H](OC(C)=O)[C@H](OC(C)=O)[C@@H]3[C@@H](O)[C@@]14OC3(C)COC(=O)c1cccnc1[C@H](C)C(C)C(=O)O[C@H]([C@H](O)[C@@H]2OC(=O)c1ccccc1)C4(C)O,,0
CC(=O)OC[C@]12[C@H](OC(C)=O)[C@H](OC(C)=O)[C@@H]3[C@@H](OC(=O)c4ccccc4)[C@@]14O[C@@]3(C)COC(=O)c1cccnc1C(C)C(C)C(=O)O[C@@H]([C@H](OC(C)=O)[C@@H]2OC(C)=O)[C@]4(C)O,,0
CC(=O)OC[C@]12[C@H](OC(C)=O)[C@H](OC(C)=O)[C@@H]3[C@@H](OC(C)=O)[C@@]14O[C@@]3(C)COC(=O)c1cccnc1CCC(C)C(=O)O[C@@H]([C@H](OC(=O)c1ccccc1)[C@@H]2OC(C)=O)[C@]4(C)O,,0
CC(=O)O[C@@H](C)/C=C\C(=O)N[C@@H]1C[C@H](C)[C@H](C/C=C(C)/C=C/[C@H]2O[C@H](CC(=O)O)C[C@@]3(CO3)[C@@H]2O)O[C@@H]1C,,0
CC(=O)O[C@@H](C/C=C(\C)C(=O)O)[C@@H](C)[C@H]1C[C@H](OC(C)=O)[C@@]2(C)C3=C(CC[C@]12C)[C@@]1(C)CC[C@@H](OC(C)=O)C(C)(C)[C@@H]1C[C@H]3O,,0
CC(=O)O[C@@H](C/C=C(\C)C(=O)O)[C@@H](C)[C@H]1C[C@H](OC(C)=O)[C@@]2(C)C3=CC[C@H]4C(C)(C)[C@H](OC(C)=O)CC[C@]4(C)C3=CC[C@]12C,,0
CC(=O)O[C@@H]([C@H]1C[C@@H](C)[C@H]2[C@H](O1)[C@H](O)[C@@]1(C)[C@@H]3CC[C@H]4C(C)(C)[C@@H](O[C@H]5CN(CCC(=O)O)CCO5)CC[C@@]45C[C@@]35CC[C@]21C)C(C)(C)O,,0
CC(=O)O[C@@H]([C@H]1C[C@@H](C)[C@H]2[C@H](O1)[C@H](O)[C@@]1(C)[C@@H]3CC[C@H]4C(C)(C)[C@@H](O[C@H]5CN(CCN6CCCC6)CCO5)CC[C@@]45C[C@@]35CC[C@]21C)C(C)(C)O,,0
CC(=O)O[C@@H]1C2[C@H](OC(C)=O)[C@H](OC(=O)c3ccccc3)[C@]3(C)[C@@H](OC(=O)c4ccccc4)[C@H](OC(=O)c4cccnc4)C[C@@H](C)C13OC2(C)C,,0
CC(=O)O[C@@H]1CC[C@@]2(C)[C@@H](C1)C[C@@H](OC(C)=O)[C@@H]1[C@@H]2C[C@H](OC(C)=O)[C@]2(C)[C@@H]([C@H](C)CC(O)CC(O)CC(=O)O)CC[C@@H]12,,0
CC(=O)O[C@@H]1CC[C@@]2(C)[C@@H](C1)C[C@@H](OC(C)=O)[C@@H]1[C@@H]2C[C@H](OC(C)=O)[C@]2(C)[C@@H]([C@H](C)CCCN(C)CCNc3ccnc4cc(Cl)ccc34)CC[C@@H]12,,0
CC(=O)O[C@@H]1OC(C(=O)NCCCBr)[C@@H](OC(C)=O)[C@H](OC(C)=O)[C@H]1OC(C)=O,,0
CC(=O)O[C@@H]1[C@@H](O)[C@@H](O)[C@H](OC[C@H]2O[C@@H](O[C@H]3CC[C@@]4(C)C(=CC[C@H]5[C@@H]6C[C@@H]7O[C@]8(CC[C@@H](C)CO8)[C@@H](C)[C@@H]7[C@@]6(C)CC[C@@H]54)C3)[C@H](O)[C@@H](O)[C@@H]2O)O[C@H]1C,,0
CC(=O)O[C@@H]1[C@@H](O)[C@@H](O)[C@H](O[C@H]2[C@H](O)[C@@H](O)[C@H](O[C@H]3CC[C@@]4(C)C(=CC[C@H]5[C@@H]6C[C@@H]7O[C@]8(CC[C@@H](C)CO8)[C@@H](C)[C@@H]7[C@@]6(C)CC[C@@H]54)C3)O[C@@H]2CO)O[C@H]1C,,0
CC(=O)O[C@@H]1[C@@H](O)[C@H](O[C@H]2[C@@H](O)[C@@H](C)O[C@@H](O[C@H]3CC[C@@]4(C)[C@@H](CC[C@]5(C)[C@@H]4C=C[C@]46OC[C@@]7(CCC(C)(C)C[C@H]74)[C@@H](O)C[C@]65C)[C@]3(C)CO)[C@@H]2O)O[C@H](CO)[C@H]1O,,0
CC(=O)O[C@@H]1[C@@H](OC(C)=O)C(C)(C)/C=C/[C@H](C)[C@H](OC(C)=O)[C@@]2(O)C[C@H](C)[C@H](OC(=O)c3ccccc3)[C@@H]2/C=C(\C)[C@@H]1OC(C)=O,,0
CC(=O)O[C@@H]1[C@@H](OC(C)=O)[C@@H](C)O[C@H](COC(=O)CO[C@H]2O[C@@H]3O[C@@]4(C)CC[C@H]5[C@H](C)CC[C@@H]([C@H]2C)[C@@]35OO4)[C@H]1OC(C)=O,,0
CC(=O)O[C@@H]1[C@@H](OC(C)=O)[C@H](OC(C)=O)CO[C@H]1n1cc(CNC(=O)[C@]23CCC(C)(C)C[C@H]2C2=CC[C@@H]4[C@@]5(C)CC[C@H](O)C(C)(C)[C@@H]5CC[C@@]4(C)[C@]2(C)C[C@H]3O)nn1,,0
CC(=O)O[C@@H]1[C@@H](OC(C)=O)[C@H](S(N)(=O)=O)O[C@H](COP(=O)(OCCSC(=O)C(C)(C)C)OCCSC(=O)C(C)(C)C)[C@H]1OC(C)=O,,0
CC(=O)O[C@@H]1[C@@H]2[C@@H](OC(=O)c3ccccc3)C(C)C(OC(=O)c3ccccc3)C(=O)C(=O)C(C)(C)[C@@H]3O[C@H]3C(C)C(=O)[C@@]2(OC(C)=O)[C@@H](O)[C@@]1(C)O,,0
CC(=O)O[C@@H]1[C@H]2[C@@H](OC(=O)C(C)C)[C@@](C)(OC(=O)c3cccnc3)C[C@]2(OC(C)=O)[C@@H](OC(C)=O)[C@]2(C)OC[C@]13C(=O)C(OC(=O)C(C)C)[C@@H]1C[C@](C)(OC(C)=O)[C@@H]1[C@@H]23,,0
CC(=O)O[C@@]12CO[C@@H]1C[C@H](O)[C@@](C)(C(=O)C(=O)C1C(C)C3C[C@@](O)(C(C)OC(=O)CC/C=C/CCC(=O)NC(c4ccccc4)C(O)C(=O)O3)C1(C)C)C2,,0
CC(=O)O[C@@]12CO[C@@H]1C[C@H](O)[C@@]1(C)C(=O)C(=O)C3C(C)[C@@H](OC(=O)C(O)C(O)c4ccccc4)C[C@@](O)([C@@H](OC(=O)c4ccccc4)[C@H]21)C3(C)C,,0
CC(=O)O[C@H]([C@H]1C[C@@H](C)[C@H]2[C@@](O)(O1)[C@H](O)[C@@]1(C)[C@@H]3CC[C@H]4C(C)(C)[C@@H](O[C@@H]5OC[C@@H](O)[C@H](O)[C@H]5O)CC[C@@]45C[C@@]35CC[C@]21C)C(C)(C)O,,0
CC(=O)O[C@H]1CC2(O)C3CCC4CC(O[C@H]5C[C@H](O)[C@H](O[C@H]6C[C@H](O)[C@H](O[C@H]7C[C@H](O)[C@H](O)[C@@H](C)O7)[C@@H](C)O6)[C@@H](C)O5)CCC4(C)C3CCC2(C)[C@H]1C1=CC(=O)OC1,,0
CC(=O)O[C@H]1CC2=C(CC[C@H]3C(C)(C)[C@@H](OC(C)=O)[C@H](OC(=O)C[C@@](C)(O)CC(=O)O)C[C@]23C)[C@]2(C)CC[C@H]([C@H]3CC[C@H](C(C)(C)O)O[C@@H]3O)[C@@]12C,,0
CC(=O)O[C@H]1C[C@@]2(C)[C@@H]3CC[C@H]4C(C)C(=O)C=C[C@@]45C[C@@]35CC[C@]2(C)C1C(C)C(=O)C(=O)C(C)C(C)COC(=O)N1CCN(C)CC1,,0
CC(=O)O[C@H]1C[C@@]23C(=C1C)[C@@](O)(C(=O)OC2(C)C)[C@]1(C)[C@@H](OC(C)=O)C[C@H]2OC[C@@]2(OC(C)=O)[C@H]1[C@@H]3OC(=O)c1ccccc1,,0
CC(=O)O[C@H]1C[C@H]2[C@@H](OC(=O)c3ccccc3)[C@@H]3[C@](O)(CO)[C@@H](OC(C)=O)C[C@H](OC(C)=O)[C@@]3(C)[C@@H](OC(C)=O)[C@H](OC(C)=O)C(=C1C)C2(C)C,,0
CC(=O)O[C@H]1C[C@H]2[C@]3(C)C(=O)C[C@]4(C)[C@@H]([C@@](C)(O)C(=O)CCC(C)(C)OC(C)=O)[C@H](OC(C)=O)C[C@@]4(C)[C@@H]3C[C@@H](O)[C@@]2(OC(=O)c2cccc(Cl)c2)C(C)(C)[C@@H]1OC(C)=O,,0
CC(=O)O[C@H]1C[C@]2(O)C(COC(=O)C(OC(=O)CC(C)C)C(C)C)=CO[C@@H](OC(=O)CC(C)C)[C@@H]2[C@@]1(O)COC(=O)CC(C)C,,0
CC(=O)O[C@H]1[C@@H](OC(=O)c2ccccc2)C[C@@](C)(O)[C@]23OC(C)(C)[C@H](C[C@H](OC(=O)c4ccco4)[C@]12C)[C@H]3OC(=O)c1ccco1,,0
CC(=O)O[C@H]1[C@@H](OC(=O)c2ccco2)C[C@@H](C)[C@]23OC(C)(C)[C@H](C[C@H](OC(=O)c4ccccc4)[C@]12C)[C@H]3OC(=O)c1ccco1,,0
CC(=O)O[C@H]1[C@@H]2O[C@@]3(C(C)(C)O[C@H]4O[C@H](CO)[C@@H](O)[C@H](O)[C@H]4O)CC[C@](C)(O3)[C@@H]2[C@@]2(C)CC[C@@]34C[C@@]35CC[C@H](O[C@@H]3OC[C@@H](O)[C@H](O)[C@H]3O)C(C)(C)[C@@H]5CC[C@H]4[C@]12C,,0
CC(=O)O[C@H]1[C@@H]2[C@H]([C@H](C)C=C3OC(=O)[C@@](C)(O)[C@@]32C)[C@]2(C)[C@@H]1C1C(=O)C(O)C3C[C@@H]4O[C@@H]4[C@H](OC(C)=O)[C@]3(C)[C@H]1[C@H](OC(C)=O)[C@@H]2OC(C)=O,,0
CC(=O)O[C@H]1[C@H](OC(=O)c2ccccc2)[C@@]2(C)[C@@H](OC(=O)/C=C/c3ccccc3)[C@@H](O)[C@@H]3[C@@H](OC(C)=O)[C@]2(OC3(C)C)[C@@](C)(O)[C@H]1OC(C)=O,,0
CC(=O)O[C@H]1[C@H](O[C@H]2[C@@H](O)[C@@H](C)O[C@@H](O[C@H]3CC[C@@]4(C)[C@@H](CC[C@]5(C)[C@@H]4C=C[C@]46OC[C@@]7(CCC(C)(C)C[C@H]74)[C@@H](O)C[C@]65C)[C@]3(C)CO)[C@@H]2O)O[C@H](CO)[C@@H](O)[C@@H]1O,,0
CC(=O)Oc1ccc(/C=C/C(=O)NCCCSc2nc(-c3ccc(S(C)(=O)=O)cc3)n(-c3ccc(F)cc3)n2)cc1OC(C)=O,,0
CC(=O)Oc1ccc(/C=C/C(=O)OCCc2cnnn2CCCOC(=O)C2(C)CCc3c(C)c(OC(C)=O)c(C)c(C)c3O2)cc1OC(C)=O,,0
CC(=O)Oc1cccc(C(=O)NCCCCN(CC(=O)O)C(=O)c2cccc(OC(C)=O)c2OC(C)=O)c1OC(C)=O,,0
CC(=O)SC(CCCCC(=O)N(C)CCOc1ccc(Cc2sc(=O)[nH]c2O)cc1)CCSC(=O)CCC(=O)O,,0
CC(=O)[C@]1(O)CC2=C(C(=O)c3c(c(O)c4cccc(O)c4c3O)C2=O)[C@@H](OC2CC(NC(=O)C(N)C(C)C)C(O)C(C)O2)C1,,0
CC(=O)[C@]1(OC(=O)/C=C/c2cc(F)cc(F)c2)CC[C@@]2(O)[C@]1(C)[C@H](OC(=O)/C=C(\C)C(C)C)C[C@@H]1[C@@]3(C)CC[C@H](OC(=O)/C=C/c4cc(F)cc(F)c4)CC3=CC[C@]12O,,0
CC(=O)[C@]1(OC(=O)/C=C/c2ccccc2[N+](=O)[O-])CC[C@@]2(O)[C@]1(C)[C@H](OC(=O)/C=C(\C)C(C)C)C[C@@H]1[C@@]3(C)CC[C@H](OC(=O)/C=C/c4ccccc4[N+](=O)[O-])CC3=CC[C@]12O,,0
CC(=O)c1[nH]ccc1O[C@@H]1O[C@H](C)[C@@H](O[C@@H]2O[C@H](C)[C@H](O)[C@H](O[C@@H]3O[C@H](C)[C@H](O)[C@H](O)[C@H]3O)[C@H]2O)[C@H](O)[C@H]1O[C@@H]1O[C@H](C)[C@@H](O)[C@H](O)[C@H]1O,,0
CC(=O)c1c(O)c(C)c(O)c2c1OC1=CC(=O)C(C(C)=NCc3cn(CC(=O)c4ccc(OC(F)(F)F)cc4)nn3)C(=O)C12C,,0
CC(=O)c1c(O)c(C)c(O)c2c1OC1=CC(=O)C(C(C)=NCc3cn(CC(=O)c4cccc(C(F)(F)F)c4)nn3)C(=O)C12C,,0
CC(=O)c1c(O)c(C)c(O)c2c1OC1=CC(=O)C(C(C)=NCc3cn(CCN4C(=O)c5ccccc5S4(=O)=O)nn3)C(=O)C12C,,0
CC(=O)c1ccc(NC(=O)CSc2ccc3nnc(CCNS(=O)(=O)c4ccc(C)cc4)n3n2)cc1,,0
CC(=O)c1nn(-c2ccccc2)cc1C(=O)c1nn(-c2ccccc2)cc1C(=O)c1nn(-c2ccc(C)cc2)cc1C(=O)c1ccccc1,,0
CC(=O)c1sc(NC(=O)N[C@@H]2CCN(CC#N)C[C@H]2CN2CCC[C@@H](Cc3ccc(F)cc3)C2)nc1C,,0
CC(C#Cc1cc(-c2nn(-c3nc(C(=O)O)cs3)c(CC3CC3)c2Cc2ccc(S(N)(=O)=O)c(F)c2)ccc1F)C1COC1,,0
CC(C(=O)CC[C@@H](C)CO[C@@H]1OC[C@@H](O)[C@H](O)[C@H]1O)C1C(=O)C[C@H]2[C@@H]3CC=C4C[C@@H](O[C@@H]5O[C@H](CO)[C@@H](O)[C@H](O)[C@H]5O)CC[C@]4(C)[C@H]3CC[C@]12C,,0
CC(C(=O)N(Cc1ccc(C2CCCCC2)cc1)c1c(F)cc(C(=O)O)cc1F)N(C)S(=O)(=O)c1c(F)c(F)c(F)c(F)c1F,,0
CC(C(=O)NCc1ccc(C(F)(F)F)nc1N1CCC[C@H]1CO)c1ccc(NS(C)(=O)=O)c(F)c1,,0
CC(C(=O)NCc1ccc(C(F)(F)F)nc1NCC1CCN(C(=O)OC(C)(C)C)CC1)c1ccc(NS(C)(=O)=O)c(F)c1,,0
CC(C)(C)C#Cc1nc(N)c2ncn([C@@H]3O[C@H](COS(=O)(=O)NC(=O)CCCC[C@@H]4SC[C@@H]5NC(=O)N[C@@H]54)[C@@H](O)[C@H]3O)c2n1,,0
CC(C)(C)C(=O)OCn1c(=O)c(C#Cc2ccc3c4cccc5cccc(c6cccc2c63)c54)cn(CC(=O)N(CCO)CCO)c1=O,,0
CC(C)(C)CCN1C(=O)C(CC(=O)N2CCC(N3Cc4ccccc4NC3=O)CC2)SC1c1ccccc1-n1cccn1,,0
CC(C)(C)NC(=O)C1CC2CCCCC2CN1C[C@@H](O)[C@@H]1Cc2ccc(cc2)OCCCOc2cc3ccccc3cc2C(=O)NC(CC(N)=O)C(=O)N1,8.0,1
CC(C)(C)NC(=O)C1CCCCN1C[C@@H](O)[C@H](Cc1ccccc1)NC(=O)C(CC(N)=O)NC(=O)c1ccc2ccccc2n1,8.0,1
CC(C)(C)NC(=O)C1CCCN1C(=O)C(O)C(Cc1ccccc1)NC(=O)C(CC(N)=O)NC(=O)c1ccc2ccccc2n1,8.96,1
CC(C)(C)NC(=O)C1CN(CCOCc2ccccc2)CCN1C[C@@H](O)CC(Cc1ccccc1)C(=O)NC1c2ccccc2C[C@H]1O,8.99,1
CC(C)(C)NC(=O)C1CN(S(=O)(=O)c2cccc3cccnc23)CCN1C[C@@H](O)CC(Cc1ccccc1)C(=O)NC1c2ccccc2C[C@H]1O,10.89,1
CC(C)(C)NC(=O)C1CN(S(=O)(=O)c2cccc3cccnc23)CCN1C[C@@H](O)CC(Cc1ccncc1)C(=O)N[C@H]1c2ccccc2C[C@H]1O,10.82,1
CC(C)(C)NC(=O)C1C[C@@H]2CCCC[C@@H]2CN1C[C@@H](O)[C@H](Cc1ccccc1)NC(=O)C(CC(N)=O)NC(=O)OCc1ccccc1,6.5,1
CC(C)(C)NC(=O)C1C[C@@H]2CCCC[C@@H]2CN1C[C@@H](O)[C@H](Cc1ccccc1)NC(=O)C1CCCSC1,7.0,1
CC(C)(C)NC(=O)C1C[C@@H]2CCCC[C@@H]2CN1C[C@@H](O)[C@H](Cc1ccccc1)NC(=O)O[C@H]1C=CCOC1,6.5,1
CC(C)(C)NC(=O)C1C[C@@H]2SCC[C@@H]2CN1C[C@@H](O)[C@H](CSc1ccccc1)NC(=O)C(CS(=O)(=O)c1ccc(F)cc1)NC(=O)C(F)(F)F,8.0,1
CC(C)(C)NC(=O)C1C[C@H](Cl)CN1C(=O)C(O)C(Cc1ccccc1)NC(=O)c1ccc(O)cc1,7.48,1
CC(C)(C)NC(=O)CN(C(=O)C[S+]([O-])CC(=O)Nc1ccc(F)cc1)c1ccc(F)c(Cl)c1,,0
CC(C)(C)NC(=O)Nc1nc(Cl)c(CCC2CCCCC2)n(CC(=O)Nc2cc(-c3cncnc3)ccc2C(=O)NS(=O)(=O)c2ccc(C(F)(F)F)cc2)c1=O,,0
CC(C)(C)NC(=O)c1ccccc1C[C@H](O)[C@H](Cc1ccccc1)NC(=O)C(CC(N)=O)NC(=O)c1ccc2ccccc2n1,6.5,1
CC(C)(C)NC(=O)c1ccccc1OC[C@H](O)[C@H](Cc1ccccc1)NC(=O)C(CC(N)=O)NC(=O)c1cnc2ccccc2n1,7.0,1
CC(C)(C)NS(=O)(=O)C[C@H](C1CC1)N1C(=O)[C@@](C)(CC(=O)O)C[C@H](c2cccc(Cl)c2)C1c1ccc(Cl)cc1,,0
CC(C)(C)OC(=O)NC(Cc1ccc(O)cc1)[C@H](O)CNC[C@@H](O)[C@H](Cc1ccccc1)NC(=O)OC(C)(C)C,7.0,1
CC(C)(C)OC(=O)NC1CCCCC/C=C\[C@@H]2C[C@@]2(C(=O)NS(=O)(=O)C2CC2)NC(=O)C2C[C@@H](NC(=O)c3nc4cc(Cl)ccc4s3)CN2C1=O,,0
CC(C)(C)OC(=O)NC1CCCCC/C=C\[C@@H]2C[C@@]2(C(=O)NS(=O)(=O)C2CC2)NC(=O)C2C[C@@H](OC(=O)N3Cc4ccc(C#N)cc4C3)CN2C1=O,,0
CC(C)(C)OC(=O)N[C@@H](Cc1ccccc1)[C@@H](O)CC(Cc1ccc(CCCN2CCSCC2)cc1)C(=O)N[C@H]1c2ccccc2C[C@H]1O,9.0,1
CC(C)(C)OC(=O)N[C@@H](Cc1ccccc1)[C@H](O)CNC[C@@H](O)[C@H](Cc1ccc(OCC(=O)N2CCOCC2)cc1)NC(=O)OC(C)(C)C,7.0,1
CC(C)(C)OC(=O)N[C@@H](Cc1ccccc1)[C@H](O)CNC[C@@H](O)[C@H](Cc1ccc(OCCN2CCOCC2)cc1)NC(=O)OC(C)(C)C,7.0,1
CC(C)(C)OC(=O)N[C@@H](Cc1ccccc1)[C@H](O)CNC[C@@H](O)[C@H](Cc1ccc(OCc2nc3ccccc3o2)cc1)NC(=O)OC(C)(C)C,6.5,1
CC(C)(C)OC(=O)N[C@@H](Cc1ccccc1)[C@H](O)CNC[C@@H](O)[C@H](Cc1ccccc1)NC(=O)C(O)c1ccccc1,6.5,1
CC(C)(C)OC(=O)N[C@@H](Cc1ccccc1)[C@H](O)CNC[C@@H](O)[C@H](Cc1ccccc1)NC(=O)OC1(CO)CCC1,7.0,1
CC(C)(C)OC(=O)O[C@H]1C[C@H](n2cc(F)c(=O)[nH]c2=O)O[C@@H]1COP(=O)(NCCCN=[N+]=[N-])Oc1ccc(Cl)cc1,,0
CC(C)(C)S(=O)(=O)C[C@H](C1CC1)N1C(=O)[C@@](C)(CC(=O)NC2CCC(C(=O)O)CC2)C[C@H](c2cccc(Cl)c2)[C@H]1c1ccc(Cl)cc1,,0
CC(C)(C)[S@@+]([O-])N1Cc2cc(C(=O)NCCN3CCCCC3)nc(-c3cccc(-c4ccc(C#N)cc4)c3)c2[C@H]1CCO,,0
CC(C)(C)[Si](OCCC[C@H]1OC(=O)C(Sc2ccccc2)[C@@H]1CC(=O)O)(c1ccccc1)c1ccccc1,,0
CC(C)(C)c1[nH]cnc1C=c1[nH]c(=O)c(=Cc2ccccc2)nc1OCOC(=O)CCCc1cn(C(CCC(=O)O)C(=O)O)nn1,,0
CC(C)(C)c1cc(-c2cc(-c3ccc(C(=O)O)cc3)nn2-c2ccc(C(N)=O)cc2)cc(C(C)(C)C)c1,,0
CC(C)(C)c1ccc(N(Cc2ccc(C(=O)NCC(O)C(=O)O)cc2)C(=O)Nc2ccc(OC(F)(F)F)cc2)cc1,,0
CC(C)(C)c1csc(NC(=O)c2ccn3c(=O)c(C=Cc4nn[nH]n4)c(N4CCC[C@@H](OC(=O)NCC[N+](C)(C)C)C4)nc3c2)n1,,0
CC(C)(C)c1nnc(-c2nn(-c3ccc(Cl)cc3Cl)c(-c3ccc(Cl)cc3)c2C(F)F)o1,,0
CC(C)(C)c1nnc(-c2nn(-c3ccc(Cl)cc3Cl)c(-c3ccc(Cl)cc3)c2CC#N)o1,,0
CC(C)(CCF)NS(=O)(=O)c1ccc(-c2sc(C(=O)NC3CC(C(=O)O)C3)nc2CC2CCCCC2)c2ccccc12,,0
CC(C)(CN1C(=O)c2cccc3cccc(c23)C1=O)C[N+](C)(C)CCCCCC[N+]1(C)[C@@H]2CC[C@@H]1CC(OC(=O)C(CO)c1ccccc1)C2,,0
CC(C)(CO)Cn1ncn(-c2ccc(N3CCN(c4ccc(OC[C@H]5CO[C@](Cn6cncn6)(c6ccc(F)cc6F)O5)cc4)CC3)cn2)c1=O,,0
CC(C)(F)[C@H](F)CNC(=O)c1cnc(-n2ncc3cc(C#N)cnc32)cc1Nc1cnn(CC(F)F)c1,,0
CC(C)(O)CCOc1cnc(N2CCC(c3nc4c(c(C5CCC(F)(F)CC5)c3[C@@H](F)c3ccc(C(F)(F)F)cc3)[C@@H](O)CC(C)(C)C4)CC2)nc1,,0
CC(C)(O)[C@H](F)CNC(=O)c1cnc(-n2ccc3cc(C#N)cnc32)cc1NC1CCC(C(N)=O)CC1,,0
CC(C)(O)[C@H](F)CNC(=O)c1cnc(-n2cnc3cc(C#N)cnc32)cc1Nc1cnn(CC(F)F)c1,,0
CC(C)(O)[C@H](F)CNC(=O)c1cnc(-n2ncc3cc(C#N)cnc32)cc1Nc1cnn(CC(F)F)c1,,0
CC(C)(c1ncc(-c2ccc(Cl)cc2)o1)N1CCN(C[C@@H](O)CC(Cc2cc3ccncc3o2)C(=O)N[C@H]2c3ccccc3OC[C@H]2O)C(C(=O)NCC(F)(F)F)C1,10.7,1
CC(C)(c1ncc(-c2ccc(Cl)cc2)o1)N1CCN(C[C@@H](O)CC(Cc2cc3cnccc3s2)C(=O)N[C@H]2c3ccccc3OC[C@H]2O)C(C(=O)NCC(F)(F)F)C1,10.7,1
CC(C)(c1ncc(-c2ccc(F)cc2)o1)N1CCN(C[C@@H](O)CC(Cc2nnc(-c3ccccc3)o2)C(=O)N[C@H]2CCOC[C@H]2O)C(C(=O)NCC(F)(F)F)C1,10.7,1
CC(C)(c1ncc(-c2cnccc2Cl)o1)N1CCN(C[C@@H](O)CC(Cc2ccccc2)C(=O)N[C@H]2c3ccccc3OC[C@H]2O)C(C(=O)NCC(F)(F)F)C1,10.7,1
CC(C)=CC(=O)C[C@@H](C)[C@H]1CC[C@@]2(C)[C@@H]3CC[C@@H]4[C@@]5(CC(=O)OC[C@@]4(C)C(=O)O)C[C@@]35CC[C@]12C,,0
CC(C)=CCC(O)[C@](C)(O)[C@H]1[C@H](O)C[C@@]2(C)[C@@H]3CCc4cc(O)c(OC5OC(CO)C(O)C(O)C5O)cc4[C@@]3(C)C(=O)C[C@]12C,,0
CC(C)=CCC/C(C)=C/CNC(=O)CC1CC(C(=O)N2CCCCC2)[C@@]2(CCc3ccccc3)c3[nH]c4cc(CCC(=O)N(C)C)ccc4c3CCN2C1=O,,0
CC(C)=CCOc1cc(O)c2c(c1)OC13C(=CC4CC1C(C)(C)OC3(CC=C(C)C)C4=O)C2=O,,0
CC(C)=C[C@@H]1C[C@](O)([C@H]2CC[C@]3(C)[C@@H]2CC[C@@H]2[C@@]4(C)CC[C@H](O[C@@H]5O[C@H](CO)[C@@H](O)[C@H](O[C@@H]6OC[C@@H](O)[C@H](O)[C@H]6O)[C@H]5O)C(C)(C)[C@@H]4CC[C@]23C)C(=O)O1,,0
CC(C)C(C)(C)C(C)CC[C@@H](C)[C@H]1CC[C@H]2[C@@H]3C[C@H](OS(=O)(=O)O)C4C[C@H](OS(=O)(=O)O)[C@@H](OS(=O)(=O)O)C[C@]4(C)[C@H]3CC[C@]12C,,0
CC(C)C(NC(=O)N(C)Cc1nccs1)C(=O)N[C@@H](Cc1ccccc1)[C@H](O)[C@H](O)[C@H](Cc1ccccc1)NC(=O)C(NC(=O)N(C)Cc1nccs1)C(C)C,9.0,1
CC(C)C(NC(=O)OCc1ccccc1)C(=O)NC(Cc1ccc(OCc2ccccc2)cc1)C(=O)C(F)(F)C(=O)N[C@@H](COCc1ccccc1)c1ccccc1,9.0,1
CC(C)C(NC(=O)OCc1ccccc1)C(=O)N[C@@H](Cc1ccccc1)[C@@H](O)CN(Cc1ccccc1)NC(=O)C(NC(=O)OCc1ccccc1)C(C)C,7.48,1
CC(C)C(Nc1ccccc1C(=O)NCCCCN1CCN(c2nsc3ccccc23)CC1)C(=O)O,,0
CC(C)C1C(=O)N(Cc2cn(CCC3OCCCO3)nn2)CCS(=O)(=O)N1Cc1ccc(-c2cccc(N(C)C)c2)cc1,,0
CC(C)C1NC(=O)CCCCCCOc2ccc(cc2)C[C@@H]([C@H](O)CN2CC3CCCCC3CC2C(=O)NC(C)(C)C)NC1=O,9.0,1
CC(C)C1NC(=O)[C@]2(C)CSC(=N2)c2csc(n2)CNC(=O)C[C@@H](/C=C/CCSC(=O)CCC(CO[N+](=O)[O-])O[N+](=O)[O-])OC1=O,,0
CC(C)C1NC(=O)[C@]2(C)CSC(=N2)c2csc(n2)CNC(=O)C[C@@H](/C=C/CCSC(=O)CCCCO[N+](=O)[O-])OC1=O,,0
CC(C)CC#Cc1cc(-c2nn(-c3nc(C(=O)O)cs3)c(CC3CC3)c2Cc2ccc(S(N)(=O)=O)c(F)c2)ccc1F,,0
CC(C)CC(NC(=O)C(Cc1ccccc1)C[C@H](O)[C@H](Cc1ccccc1)NC(=O)OC(C)(C)C)C(N)=O,8.0,1
CC(C)CC(NC(=O)[C@]12CCC(C)(C)C=C1[C@H]1CC[C@@H]3[C@@]4(C)CC[C@H](OC(=O)CC(C)(C)C(=O)O)C(C)(C)[C@@H]4CC[C@@]3(C)[C@]1(C)CC2)C(=O)O,,0
CC(C)CC(NP(=O)(CCCC(=O)N(C)O)NC(CC(C)C)C(=O)OC1CCCCC1)C(=O)OC1CCCCC1,,0
CC(C)CC1C(=O)N(Cc2cn(CCC3OCCO3)nn2)CCS(=O)(=O)N1Cc1ccc(-c2cccc(N(C)C)c2)cc1,,0
CC(C)CC1NC(=O)C(C(C)C)NC(=O)C2CCCN2C(=O)C(C(C)C)NC(=O)C(Cc2ccccc2)NC(=O)CSCCNC(=O)CNC(=O)C(Cc2ccccc2)N(C)C(=O)C(CC(C)C)NC(=O)C(Cc2c[nH]c3ccccc23)NC1=O,9.0,1
CC(C)CCC[C@@H](C)[C@H]1CC[C@H]2C3C(=O)C=C4C[C@@H](OS(=O)(=O)O)CC[C@]4(C)[C@H]3CC[C@]12C,,0
CC(C)CCC[C@@H](C)[C@H]1CC[C@H]2[C@@H]3CC(=NO)C4C[C@@H](OS(=O)(=O)O)CC[C@]4(C)[C@H]3CC[C@]12C,,0
CC(C)CCC[C@@H](C)[C@H]1CC[C@H]2[C@@H]3C[C@@H](O)[C@@]4(O)C[C@@H](OCC(N)=O)CC[C@]4(C)[C@H]3CC[C@]12C,,0
CC(C)CCC[C@](C)(O)[C@H]1CC[C@]2(C)[C@@H]1[C@H](O)C[C@@H]1[C@@]3(C)C[C@@H](O)[C@H](O)C(C)(C)[C@@H]3CC[C@]12C,,0
CC(C)CCN(C[C@@H](O)[C@H](Cc1ccccc1)NC(=O)OCc1ccccc1)S(=O)(=O)c1ccc(Cl)cc1,8.0,1
CC(C)CCN1C(=O)C(C2=NS(=O)(=O)c3cc(NS(C)(=O)=O)ccc3N2)C(=O)C2CCCCC21,,0
CC(C)CN(C[C@@H](O)[C@H](Cc1ccccc1)NC(=O)C1COCCN1)S(=O)(=O)c1ccc(N)cc1,7.5,1
CC(C)CN(C[C@@H](O)[C@H](Cc1ccccc1)NC(=O)Cc1ccc(O)cc1)S(=O)(=O)c1ccc(N)cc1,7.49,1
CC(C)CN(C[C@@H](O)[C@H](Cc1ccccc1)NC(=O)O[C@H]1CCOC1)S(=O)(=O)c1ccc(N)cc1,9.0,1
CC(C)CNc1ncnc2c1ncn2[C@@H]1O[C@H](COS(=O)(=O)NC(=O)c2ccccc2O)[C@@H](O)[C@H]1O,,0
CC(C)C[C@H]1CN(CCCC[C@H]2CNC(=O)C(=O)N2CC2CCCCC2)C(=O)C(=O)N1CC1CCCCC1,,0
CC(C)Cc1nn(C)c(=O)c2c(SCCCO)n(Cc3ccnc(NCCCCCNC(=O)C(N)CCC(N)=O)c3)cc12,,0
CC(C)Cn1c2ccc(C(=O)c3ccsc3)cc2c2c3c(c4c(c21)CCc1nn(C)cc1-4)C(=O)NC3,,0
CC(C)Cn1cc(C2CCN(CCN3CCC(CNC(=O)c4ccc(NC(=O)c5cc(Cl)cc(Cl)c5)cc4)CC3)CC2)c2ccccc21,,0
CC(C)N(C(=O)C1CC(CC(=O)NCC23C[C@H]4C[C@@H](C2)C[C@@H](C3)C4)C(=O)N2CCc3c([nH]c4ccc(Cl)cc34)[C@]12C)C(C)C,,0
CC(C)N(C(=O)C1CC(CC(=O)NCCN2CCOCC2)C(=O)N2CCc3c([nH]c4cc(-c5ccco5)ccc34)[C@]12C)C(C)C,,0
CC(C)N(CCN(Cc1ccc(-c2ccc(Cl)cc2)cc1)C(=O)Cn1cc(Cc2cnn(C)c2)c(=O)nc1SCc1ccc(F)cc1)C(C)C,,0
CC(C)N(C[C@H]1O[C@@H](n2cnc3c(N)ncnc32)[C@H](O)[C@@H]1O)[C@H]1C[C@H](CCc2nc3cc(OC(F)(F)F)ccc3[nH]2)C1,,0
CC(C)N(c1c(F)c(Oc2cccc(C(=N)N)c2)nc(Oc2ccc(C(=O)NCC3CCCCC3)cc2C(=O)O)c1F)C(C)C,,0
CC(C)N1CCC(N(Cc2ccc(-c3ccc(C(F)(F)F)cc3)cc2)C(=O)Cn2c(SCc3cccc(F)c3F)cc(=O)c3ccccc32)CC1,,0
CC(C)N1CCN(c2ccc(N3CCN(c4ccc(OC[C@@H]5OC[C@@](Cn6cncn6)(c6ccc(F)cc6F)O5)cc4)CC3)cc2)C1=O,,0
CC(C)N=C(N)c1ccc2[nH]c(-c3ccc(Cn4cc(CCCc5cn(Cc6ccc(-c7nc8cc(C(=N)NC(C)C)ccc8[nH]7)o6)nn5)nn4)o3)nc2c1,,0
CC(C)NC(=O)Nc1ccc(N2CCN(S(=O)(=O)c3ccc(OC(C)C)cc3)CC2)cc1OCC(=O)O,,0
CC(C)NC(=O)Nc1ccc2c(c1)C(=O)N([C@@H](C)CO)C[C@@H](C)[C@@H](CN(C)C(=O)CCC(F)(F)F)OCCCC[C@@H](C)O2,,0
CC(C)OC(=O)C(C)NP(=O)(Oc1ccc(Cl)cc1)OC(C)[C@H]1O[C@@H](n2ccc3c(N)ncnc32)[C@](C)(F)[C@@H]1O,,0
CC(C)OC(=O)CCc1ccccc1O[P@@](=O)(NC(C)C(=O)OC(C)C)OC[C@H]1O[C@@H](n2cnc3c(N)nc(N)nc32)[C@](C)(O)[C@H]1O,,0
CC(C)OC(=O)N(C)CC(Nc1ncnc2c1=CCCC=2C(N)=O)c1cccc(NC(=O)c2ccc(Br)cc2)c1,,0
CC(C)OC(=O)N1c2ccc(C(F)(F)F)cc2[C@@H](N(Cc2cc(C(F)(F)F)cc(C(F)(F)F)c2)c2nnn(CCCO)n2)C[C@H]1C(C)C,,0
CC(C)OC(=O)OCOc1c2c(c3n(c1=O)[C@@]1(CC[C@H]4C[C@H]41)N(C[C@H](C)OP(=O)(O)O)C3=O)CCN(Cc1ccc(F)c(Cl)c1)C2=O,,0
CC(C)OP(=O)(OC(C)C)C(C(C)C)N(C)C(=N)N=C1NC(C(F)(F)F)(C(F)(F)F)N=C(C(C(F)(F)F)C(F)(F)F)O1,,0
CC(C)[C@@H](C)[C@@]1(C)CC[C@]2(C)[C@H]3CC[C@@H]4[C@@]5(COC[C@@]4(C)[C@@H](OC[C@](C)(N)C(C)C)[C@H](n4ncnc4-c4ccncn4)C5)C3=CC[C@@]2(C)C1C(=O)O,,0
CC(C)[C@@H](C)[C@@]1(C)CC[C@]2(C)[C@H]3CC[C@@H]4[C@@]5(COC[C@@]4(C)[C@@H](OC[C@](C)(N)C(C)C)[C@H](n4ncnc4-c4cnccn4)C5)C3=CC[C@@]2(C)C1C(=O)O,,0
CC(C)[C@@H](CC[C@@H](C)[C@H]1CC[C@H]2[C@@H]3[C@@H](O)C[C@H]4C[C@@H](NCCCNCCCCN)CC[C@]4(C)[C@H]3CC[C@]12C)OS(=O)(=O)O,,0
CC(C)[C@@H]1[C@H](OC(=O)N[C@@H](Cc2ccccc2)[C@H](O)CN2CCN(C3CCCCC3)CC2C(=O)NC(C)(C)C)CCS1(=O)=O,7.495,1
CC(C)[C@H](NC(=O)CCN(C)C)c1cccc(F)c1N1CCN(C(=O)C2CS(=O)(=O)C[C@H]2c2ccc(Cl)cc2)CC1,,0
CC(C)[C@H]1CC[C@@](O)(COC(=O)C2=C[C@H]3C(C(=O)OC2)[C@](O)(CCl)CC[C@@H]3C(C)C)C2C(=O)OCC(C(=O)O)=C[C@@H]21,,0
CC(C)[C@H]1CN(CCN2CCNCC2)C(=O)N1c1ccn2ncc(-c3ccc(-c4nc[nH]n4)cc3)c2n1,,0
CC(C)[Si]1(C(C)C)OCC2OC(n3ccc(=O)[nH]c3=O)C([Se]c3ccccc3)C2O[Si](C(C)C)(C(C)C)O1,,0
CC(C)c1cc2c(cc1Br)[C@@]1(C)CCC[C@@](C)(C(=O)O)[C@@H]1C/C2=N\OCCNC(=O)c1ccc[nH]1,,0
CC(C)c1cc2c(cc1Br)[C@@]1(C)CCC[C@@](C)(C(=O)O)[C@@H]1C/C2=N\OCCNS(=O)(=O)c1ccc(Br)c(C(F)(F)F)c1,,0
CC(C)c1ccc(NC(=O)c2cccc(-c3nn([C@@H]4CCCN(C(=O)/C=C/CN5CCN(CCN)CC5)C4)c4ncnc(N)c34)c2)cc1,,0
CC(C)c1cccc(C(C)C)c1NC(=O)C(Cc1nc2ccc(Cl)cc2[nH]c1=O)=NNC(=O)C[N+](C)(C)C,,0
CC(C)c1nc(-c2cc(F)cc(NS(=O)(=O)c3c(F)cccc3F)c2)c(-c2ccnc(Nc3ccc(N4CCOCC4)nc3)n2)s1,,0
CC(C)c1nc(-c2ccc(F)c(NS(=O)(=O)c3c(F)cccc3F)c2)c(-c2ccnc(Nc3ccc(N4CCOCC4)nc3)n2)s1,,0
CC(C)c1nc(-c2cccc(NS(=O)(=O)c3cccc(F)c3)c2)c(-c2ccnc(NCC(N)=O)n2)s1,,0
CC(C)c1nc2c(c(-c3ccc(F)cc3)c1CCP(=O)(O)C[C@H](O)CC(=O)O)CCCc1ccccc1-2,,0
CC(C)c1nn(-c2ccc(C(N)=O)c(N(O)C3CCCCC3)c2)c2nccc(-n3cnc(-c4cnn(C)c4)c3)c12,,0
CC(C)n1ncn(-c2ccc(N3CCN(c4ccc(OC[C@@H]5COC(Cn6cncn6)(c6ccc(Cl)cc6Cl)O5)cc4)CC3)cc2)c1=O,,0
CC(CCO)n1ncn(-c2ccc(N3CCN(c4ccc(OC[C@H]5CO[C@](Cn6cncn6)(c6ccc(F)cc6F)O5)cc4)CC3)nc2)c1=O,,0
CC(CO)(CO)C(=O)N1CCC(CCN2CCC(N(C(=O)NCc3ccc(C#N)cc3)c3cccc(F)c3)CC2)(c2cccc(F)c2)CC1,,0
CC(NC(=O)CCCCCNC(=O)[C@]12CCC(C)(C)C[C@H]1C1=CC[C@@H]3[C@@]4(C)CC[C@H](OC(=O)CCC(=O)O)C(C)(C)[C@@H]4CC[C@@]3(C)[C@]1(C)CC2)C(=O)O,,0
CC(NC(=O)CCCNC(=O)[C@]12CCC(C)(C)C[C@H]1C1=CC[C@@H]3[C@@]4(C)CC[C@H](OC(=O)CC(C)(C)CC(=O)O)C(C)(C)[C@@H]4CC[C@@]3(C)[C@]1(C)CC2)C(=O)O,,0
CC(NC(=O)CCCNC(=O)[C@]12CCC(C)(C)C[C@H]1C1=CC[C@@H]3[C@@]4(C)CC[C@H](OC(=O)CCC(=O)O)C(C)(C)[C@@H]4CC[C@@]3(C)[C@]1(C)CC2)C(=O)O,,0
CC(NC(=O)CCCNC(=O)[C@]12CCC(C)(C)C[C@H]1C1=CC[C@@H]3[C@@]4(C)CC[C@H](OC(=O)CCCC(=O)O)C(C)(C)[C@@H]4CC[C@@]3(C)[C@]1(C)CC2)C(=O)O,,0
CC(NP(=O)(COCCn1cnc2c(N)ncnc21)Oc1cccc2ccccc12)C(=O)OCC(C)(C)C,,0
CC(NP(=O)(OC[C@@]1(N=[N+]=[N-])O[C@@H](n2cnc3c(=O)[nH]cnc32)[C@H](O)[C@@H]1O)Oc1cccc2ccccc12)C(=O)OCc1ccccc1,,0
CC(NP(=O)(OC[C@H]1O[C@@H](n2cc(F)c(=O)[nH]c2=O)C[C@@H]1O)Oc1cccc2ccccc12)C(=O)OC1CCC1,,0
CC(O)c1c(-c2nnc(C(C)(C)C)o2)nn(-c2ccc(Cl)cc2Cl)c1-c1ccc(Cl)cc1,,0
CC(OC(=O)OC1CCCCC1)OC(=O)C1=C(CSc2nnnn2CCN(C)C)CS[C@@H]2C(NC(=O)Cc3csc(N)n3)C(=O)N12,,0
CC(c1ccccc1)n1cc(-c2ccc(N3CCc4cccc(C(=O)Nc5nc6ccccc6s5)c4C3)nc2C(=O)O)cn1,,0
CC(n1nnc(CCN2CCN(c3ccc([N+](=O)[O-])cc3)CC2)n1)C(O)(Cn1cncn1)c1ccc(F)cc1F,,0
CC/C=C\CCCCCCCCCCOC(=O)C1=CCN(C)C([C@H](O[C@@H]2O[C@H](CN)[C@@H](O)[C@H]2O)[C@H]2O[C@@H](n3ccc(=O)[nH]c3=O)[C@H](O)[C@@H]2O)C(=O)N1C,,0
CC1(C)C(/C=C/C(Br)=C/C=C2/N(CCC[N+](C)(C)C)c3ccc(Br)cc3C2(C)C)=[N+](CCC[N+](C)(C)C)c2ccc(Br)cc21,,0
CC1(C)C(/C=C/C(Br)=C/C=C2/N(CCC[N+](C)(C)C)c3ccc(Cl)cc3C2(C)C)=[N+](CCC[N+](C)(C)C)c2ccc(Cl)cc21,,0
CC1(C)C(=O)N(c2ccc(C#N)c(C(F)(F)F)c2)C(=O)N1CCCCc1cn(CCCCCCC(O)=NO)nn1,,0
CC1(C)C(=O)N(c2ccc(C#N)c(C(F)(F)F)c2)C(=S)N1c1ccc(C(=O)NCCCCCCC(=O)Nc2ccccc2N)c(F)c1,,0
CC1(C)CCC(c2cc(C(=O)N3CCN(C(=O)c4cc(F)cc(N5CCNCC5)c4)CC3)ccc2O[C@H]2CCNC2)CC1,,0
CC1(C)CCC2(C(=O)OC3OC(CO)C(O)C(O)C3O)CCC3(CO)C(=CCC4C5(C)CC(O)C(O)C(C)(C(=O)OC6OC(CO)C(O)C(O)C6O)C5CCC43C)C2C1,,0
CC1(C)CC[C@]2(C(=O)O[C@@H]3O[C@H](CO)[C@@H](O)[C@H](O)[C@H]3O)CC[C@]3(C)C(=CC[C@@H]4[C@@]5(C)CC[C@H](O[C@@H]6OC[C@@H](O)[C@H](O)[C@H]6O)C(C)(C)[C@@H]5CC[C@]43C)[C@@H]2[C@@H]1O,,0
CC1(C)CC[C@]2(C(=O)O[C@@H]3O[C@H](CO)[C@@H](O)[C@H](O)[C@H]3O)CC[C@]3(C)C(=CC[C@@H]4[C@@]5(C)CC[C@H](O[C@@H]6OC[C@@H](O)[C@H](O)[C@H]6O)[C@@](C)(CO)[C@@H]5CC[C@]43C)[C@@H]2[C@@H]1O,,0
CC1(C)O[C@@H]2[C@H](O1)[C@@H](COC(=O)c1ccc(S(=O)(=O)F)cc1)O[C@H]2n1c(NCc2ccc(Cl)cc2)nc2c(N)ncnc21,,0
CC1(C)O[C@H]1CC[C@](C)(O)[C@H]1CC[C@]2(C)[C@@H]1[C@H](O)C[C@@H]1[C@@]3(C)CC[C@H](O[C@@H]4O[C@H](CO)[C@@H](O)[C@H](O)[C@H]4O)C(C)(C)[C@@H]3CC[C@]12C,,0
CC1(C)[C@@H](O)CC[C@]2(C)C3C(=O)C=C4C5C[C@@](C)(C(=O)NCCNC(=O)Nc6cc(C(F)(F)F)cc(C(F)(F)F)c6)CC[C@]5(C)CC[C@@]4(C)[C@]3(C)CC[C@@H]12,,0
CC1(C)[C@H](NC(=O)c2ccc(N3CCC(CN4CCN(c5ccc6c(c5F)C(=O)N(C5CCC(=O)NC5=O)C6=O)CC4)CC3)cc2)C(C)(C)[C@H]1Oc1ccc(C#N)c(Cl)c1,,0
CC1(CC2CCCCC2)C(=O)C(C2=NS(=O)(=O)c3cc(NS(C)(=O)=O)ccc3N2)C(=O)c2ccccc21,,0
CC1(CO/C(C(=O)Nc2cccc(Cl)c2)=C(/C=N)N2CCN(S(=O)(=O)NCc3nc4ccccc4s3)CC2)CC1,,0
CC1(COc2ccc(-c3ccc(C(F)(F)F)cc3)cn2)Cn2cc([N+](=O)[O-])nc2O1,,0
CC1(COc2ccc(-c3ccc(C(F)(F)F)cc3)nc2)Cn2cc([N+](=O)[O-])nc2O1,,0
CC1(O)CCN(C(=O)c2cccc(-c3ccc4nc(C(C(=O)NCCS(N)(=O)=O)S(=O)(=O)CCC(F)(F)F)sc4c3)c2)CC1,,0
CC1(c2ccc(OC(F)F)cc2)NC(=O)N(N=Cc2c(O)ccc3ccccc23)C1=O,,0
CC1=C(C(=O)OCCO)[C@@H](c2ccc(C#N)cc2S(C)(=O)=O)N(S(C)(=O)=O)C(=O)N1c1cccc(C(F)(F)F)c1,,0
CC1=C(CC(=O)OCCCOc2no[n+]([O-])c2S(=O)(=O)c2ccccc2)c2cc(F)ccc2C1=Cc1ccc([S+](C)[O-])cc1,,0
CC1=C(CO[C@@H]2O[C@H](CO)[C@@H](O)[C@H](O)[C@H]2O)C(=O)O[C@@H]([C@@H](C)[C@H]2CC[C@H]3[C@@H]4C[C@H]5O[C@]56[C@@H](O)C=CC(=O)[C@]6(C)[C@H]4CC[C@]23C)C1,,0
CC1=C(N2CCC3(CCN(CC(NCC(F)F)c4ccc5c(c4C)COC5=O)CC3)C2=O)COC1=O,,0
CC1=C2C3=CC[C@@H]4[C@@]5(C)CC[C@H](O[C@@H]6OC[C@@H](O)[C@H](O)[C@H]6O)[C@@](C)(CO)[C@@H]5CC[C@@]4(C)[C@]3(C)CC[C@@]2(C(=O)O[C@@H]2O[C@H](CO)[C@@H](O)[C@H](O)[C@H]2O)CC[C@H]1C,,0
CC1=CC(=O)C2[C@@H](C1)C13C=C4N5C[C@H]6C[C@H](C)[C@@H](I)[C@]5(CC[C@@]4(C)[C@]4(COC(=O)C4)[C@H]1[C@@](O)(OC3)[C@@H]2C)O6,,0
CC1=CC(=O)C[C@H]2[C@](C)(CCC3=CCOC3=O)[C@H](COS(=O)(=O)c3ccc(C)cc3)CC[C@]12C,,0
CC1=CC(=O)c2c(c(-c3ccc4c(c3O)C(=O)c3c(O)cc(C)cc3C4(O)[C@@H]3O[C@@H](C)[C@H](O)[C@@H](O)[C@H]3O)c3cccc(O[C@@H]4O[C@H](CO)[C@@H](O)[C@H](O)[C@H]4O)c3c2O)C1=O,,0
CC1=CC(O[C@@H]2CCCCO2)C(=O)/C=C/C=C/c2csc(n2)[C@@H](C)N2C(=O)C[C@@]([C@@](C)(O)C(=O)SCc3oc(=O)oc3C)(CC1)[S+]2[O-],,0
CC1=C[C@H]2Cc3[nH]c(=O)ccc3[C@@]3(C1)[C@@H]2CCCN3CCN(C)CCCCCCN(C)CCN1CCC[C@@H]2[C@H]3C=C(C)C[C@]21c1ccc(=O)[nH]c1C3,,0
CC1=C[C@H]2Cc3[nH]c(=O)ccc3[C@@]3(C1)[C@@H]2CCCN3CCN1CCN(CN2CCC[C@@H]3[C@H]4C=C(C)C[C@]32c2ccc(=O)[nH]c2C4)CC1,,0
CC1CC(C)CN(S(=O)(=O)c2ccc(C(=O)Nc3nc4ccc(C(C)C)cc4s3)cc2)C1,,0
CC1CCCCCCCC(C)C(=O)O[C@H]2/C(=C/Cl)C=C3[C@]45OC6(c7ccccc7)O[C@H]([C@@H]4[C@@H]4O[C@]4(CO)C[C@@]32O)[C@@](O)([C@@H](O6)[C@H]5C)C(O)(COC(=O)c2ccccc2)C1,,0
CC1COc2c(N3CCN(C)CC3)c(F)cc3c(=O)c(-c4nn5c(-c6cn(C7CC7)c7cc(N8CCN(C)CC8)c(F)cc7c6=O)nnc5s4)cn1c23,,0
CC1O[C@@H](O[C@H]2CC[C@H](O[C@@]3(C)CC(=O)[C@]4(O)C5=C(C=C[C@]4(O)C3)C(=O)c3c(ccc([C@H]4C[C@H]6O[C@H]7CC(=O)C(C)O[C@H]7O[C@@H]6[C@@H](C)O4)c3O)C5=O)O[C@H]2C)C=CC1=O,,0
CC=C(C)C(=O)C1CC[C@]2(CO2)[C@]2(COC(C)=O)[C@@H](OC(C)=O)C[C@@H](C)[C@](C)(C[C@H](OC(=O)C(C)CC)C3=CC(=O)OC3)[C@@H]12,,0
CC=C(C)C(O)C(=O)O[C@@H]1CC(C(C)(C)O)[C@](C)(CCC(=O)OC)[C@H]2[C@H](OC(=O)C(O)C(C)CC)C[C@]3(C)C(=CC[C@H]3[C@H]3CO[C@H](C=C(C)C)C3)[C@]12C,,0
CC=c1c(C)c2[nH]c1=Cc1[nH]c3c(c1C)C(=O)CC3=C1N=C(C=c3[nH]c(c(C(C)OCc4cccc(I)c4)c3C)=C2)[C@@H](C)C1CCC(=O)OC,,0
CCC(=O)CCCCCC1NC(=O)C2CCCCN2CC(=O)C([C@@H](C)CC)NC(=S)C(Cc2cn(OC)c3ccccc23)NC1=S,,0
CCC(=O)N(C)c1cc(N2CCN(C(=O)OC(C)(C)C)CC2)ccc1Nc1nc(Nc2ccc(N3CCN(C(C)=O)CC3)cc2OC)ncc1Cl,,0
CCC(=O)N1CCN(c2ccc(Nc3nc(Nc4ccc(N5CCN(C(C)=O)CC5)cc4OC)ncc3Cl)c(OC)c2)CC1,,0
CCC(=O)N1CC[C@H](N2C(=O)N(c3cc(OC)ccc3F)Cc3cnc(Nc4ccc(N5CCN(C)CC5)c(OC)c4)nc32)C1,,0
CCC(=O)N1CCc2cc(Br)cc(S(=O)(=O)CCC(=O)NCc3ccccc3OC)c21,,0
CCC(=O)N[C@H]1COC[C@H]1Nc1ncc2cc(-c3c(Cl)c(OC)cc(OC)c3Cl)c(=O)n(C)c2n1,,0
CCC(=O)Nc1nc(C)c(C(=O)N[C@@H](C)c2ccc(O[C@@H]3CCN(c4ncnc(NCC(F)F)c4Cl)C3)cc2)s1,,0
CCC(=O)OCC(=O)[C@@]1(OC(=O)CC)[C@@H](C)C[C@H]2C3CC=C4CC(=O)C=C[C@]4(C)[C@@]3(Br)[C@@H](O)[C@@H](OC(=O)CC(C)C)[C@@]21C,,0
CCC(=O)OCC(=O)[C@@]1(OC(=O)CC)[C@H](C)C[C@@H]2[C@H]3CC=C4CC(=O)C=C[C@]4(C)[C@]3(Cl)[C@@H](O)C[C@@]21C,,0
CCC(=O)OCC(C)(C)CN1C(=O)C(CC(=O)N2CCC(CC(=O)O)CC2)O[C@H](c2cccc(OC)c2OC)c2cc(Cl)ccc21,,0
CCC(=O)O[C@@H]1[C@@H]2[C@@H](OC(C)=O)[C@@]34CO[C@@](C)([C@H](OC(C)=O)[C@@]2(OC(C)=O)C[C@@H]1C)[C@@H]3[C@@H]1[C@@H](C[C@]1(C)OC(C)=O)C(OC(=O)C(C)C)C4=O,,0
CCC(=O)O[C@@H]1[C@@H]2[C@@H](OC(C)=O)[C@@]34CO[C@@](C)([C@H](OC(C)=O)[C@@]2(OC(C)=O)C[C@]1(C)OC(=O)c1ccccc1)[C@@H]3[C@@H]1[C@@H](C[C@]1(C)OC(C)=O)C(OC(=O)C(C)CC)C4=O,,0
CCC(=O)O[C@H]1C[C@H](OC(C)=O)[C@@]2(C)[C@H]([C@H]1C)[C@@H](OC(C)=O)[C@]13O[C@]1(C)C(=O)O[C@H]3/C=C(/C)C[C@H](OC(C)=O)[C@H]2OC(C)=O,,0
CCC(=O)O[C@H]1[C@@H](F)[C@H](n2cnc3c(N)ncnc32)O[C@@H]1CNS(=O)(=O)NC(=O)c1ccccc1O,,0
CCC(=O)O[C@H]1[C@H](O[C@@H]2[C@@H](C)[C@H](O[C@H]3C[C@@](C)(OC)[C@@H](O)[C@H](C)O3)C(C)C(=O)O[C@H](CC)[C@@](C)(O)[C@H](O)C(C)C(=O)C(C)C[C@@]2(C)O)O[C@H](C)C[C@@H]1N(C)C,,0
CCC(=O)Oc1ccc(-c2cnn(C)c2)nc1-c1ccc(C#C[C@]2(CN3Cc4ccc(OC)cc4C3=O)NC(=O)NC2=O)cc1,,0
CCC(C(=O)C(C)[C@@H](O)[C@H](C)CCc1c(I)cc(C)c(O)c1C(=O)O)[C@H]1O[C@](CC)([C@H]2CC[C@](O)(CC)[C@H](C)O2)C[C@@H]1C,,0
CCC(C(=O)C(C)[C@@H](O)[C@H](C)[C@@H]1O[C@@H](C(CC)C(=O)O)CC[C@@H]1C)[C@H]1OC2(C=C[C@@H](O)[C@]3(CC[C@@](C)([C@H]4CC[C@](O)(CC)[C@H](C)O4)O3)O2)[C@H](C)C[C@@H]1C,,0
CCC(C(=O)C(C)[C@@H](O)[C@H](C)[C@@H]1O[C@@H](C(CC)C(=O)O)CC[C@@H]1C)[C@H]1O[C@]2(C=C[C@@H](OC(=O)c3ccco3)[C@]3(CC[C@@](C)([C@H]4CC[C@](O)(CC)[C@H](C)O4)O3)O2)[C@H](C)C[C@@H]1C,,0
CCC(C(=O)C(C)[C@@H](O)[C@H](C)[C@@H]1O[C@@H](C(CC)C(=O)O)CC[C@@H]1C)[C@H]1O[C@]2(C=C[C@H](NC(=O)c3cccc(C#N)c3)[C@]3(CC[C@@](C)([C@H]4CC[C@](O)(CC)[C@H](C)O4)O3)O2)[C@H](C)C[C@@H]1C,,0
CCC(C(=O)C(C)[C@@H](O)[C@H](C)[C@@H]1O[C@@H](C(CC)C(=O)O)CC[C@@H]1C)[C@H]1O[C@]2(C=C[C@H](NC(=O)c3cccc(F)c3)[C@]3(CC[C@@](C)([C@H]4CC[C@](O)(CC)[C@H](C)O4)O3)O2)[C@H](C)C[C@@H]1C,,0
CCC(C(=O)C(C)[C@@H](O)[C@H](C)[C@@H]1O[C@@H](C(CC)C(=O)O)CC[C@@H]1C)[C@H]1O[C@]2(C=C[C@H](NC(=O)c3ccccc3)[C@]3(CC[C@@](C)([C@H]4CC[C@](O)(CC)[C@H](C)O4)O3)O2)[C@H](C)C[C@@H]1C,,0
CCC(C(=O)C(C)[C@@H](O)[C@H](C)[C@@H]1O[C@@H](C(CC)C(=O)O)CC[C@@H]1C)[C@H]1O[C@]2(C=C[C@H](NC(=O)c3ccco3)[C@]3(CC[C@@](C)([C@H]4CC[C@](O)(CC)[C@H](C)O4)O3)O2)[C@H](C)C[C@@H]1C,,0
CCC(C(=O)C(C)[C@@H](O)[C@H](C)[C@@H]1O[C@@H](C(CC)C(=O)O)CC[C@@H]1C)[C@H]1O[C@]2(C=C[C@H](O)[C@]3(CC[C@@](C)([C@H]4CC[C@](O)(CC)[C@H](C)O4)O3)O2)[C@H](C)C[C@@H]1C,,0
CCC(C(=O)C(C)[C@@H](O)[C@H](C)[C@@H]1O[C@@H](C(CC)C(=O)O)[C@@H](C)C[C@@H]1C)[C@H]1O[C@]2(C=C[C@@H](O)[C@]3(CC[C@@](C)([C@H]4CC[C@](O)(CC)[C@H](C)O4)O3)O2)[C@H](C)C[C@@H]1C,,0
CCC(C(=O)C(C)[C@@H](O)[C@H](C)[C@@H]1O[C@@H](C(CC)C(=O)ONC(C)=O)CC[C@@H]1C)[C@H]1O[C@]2(C=C[C@@H](O)[C@]3(CC[C@@](C)([C@H]4CC[C@](O)(CC)[C@H](C)O4)O3)O2)[C@H](C)C[C@@H]1C,,0
CCC(C)C(=O)O[C@@H](C[C@@]1(C)[C@H](C)C[C@H](OC(C)=O)[C@]2(COC(C)=O)[C@@H]1[C@H](OC(=O)C(C)CC)CC[C@]21CO1)C1=CC(=O)OC1,,0
CCC(C)C(=O)O[C@@H]1[C@@H](C)[C@]2(O)C3=CC(C)C(=O)[C@@]3(O)CC(CO)=C[C@H]2[C@@H]2C(C)(C)[C@]12OC(=O)C(C)C,,0
CCC(C)C1OC(=O)C(C)OC(=O)C(NC(=O)c2cccc(NC=O)c2O)[C@@H](C)OC(=O)C(C(C)C)OC(=O)C(C)(C)C(=O)C(CC(C)C)NC1=O,,0
CCC(C)NC(=O)Cn1c(=O)n(-c2ccc(OC)cc2)c(=O)c2ccc(C(=O)NCc3ccc(C)cc3)cc21,,0
CCC(C)NC(=O)Cn1cnc2sc(C)c(S(=O)(=O)N3CCN(c4ncccn4)CC3)c2c1=O,,0
CCC(C)S(=O)(=O)c1nn(C)cc1Nc1nc(Nc2cc(C)c(C3CCNCC3)cc2OC(C)C)ncc1Cl,,0
CCC(C)c1ccccc1SC1C(=O)CC(CCc2ccccc2)(c2ccccc2)OC1=O,8.0,1
CCC(C)n1ncn(-c2ccc(N3CCN(c4ccc(OCC5OC(Cn6cncn6)(c6ccc(Cl)cc6Cl)OC5O)cc4)CC3)cc2)c1=O,,0
CCC(C)n1ncn(-c2ccc(N3CCN(c4ccc(OC[C@H]5CO[C@@](C)(c6ccc(Cl)cc6Cl)O5)cc4)CC3)cc2)c1=O,,0
CCC(CC)CN1CCOC(COc2cc3ncnc(Nc4ccc(Cl)c(Cl)c4)c3cc2OC)C1,,0
CCC(CC)NC(=O)OCC1CN(C(=O)c2cc(OC)c(OC)c(OC)c2)CCN1C(=O)c1cc(OC)c(OC)c(OC)c1,,0
CCC(CC)OC(=O)C(C)NP(=O)(NC(C)C(=O)OC(CC)CC)OC[C@H]1O[C@@](C#N)(c2ccc3c(N)ncnn23)[C@H](O)[C@@H]1O,,0
CCC(CC)n1ncn(-c2ccc(N3CCN(c4ccc5ncn([C@H](C)[C@](O)(Cn6cncn6)c6ccc(F)cc6F)c(=O)c5c4)CC3)cc2)c1=O,,0
CCC(NP(=O)(CO[C@@H]1C=C(F)[C@H](n2cnc3c(N)ncnc32)O1)NC(CC)C(=O)OCC(C)C)C(=O)OCC(C)C,,0
CCC1(C(=O)O)CCc2ccc(OCCCOc3ccc(Oc4ccccc4)cc3F)cc2O1,,0
CCC1(c2ccccc2)NC(=O)N(CC(=O)Nc2ccc(S(=O)(=O)N3CC(C)CC(C)C3)cc2)C1=O,,0
CCC1=CC(C)C[C@H](C)C[C@H](OC)[C@H]2O[C@@](O)(C(=O)C(=O)N3CCCCC3C(=O)O[C@H](/C(C)=C/[C@@H]3CC[C@@H](O)[C@H](OC)C3)[C@H](C)[C@@H](O)CC1=O)[C@H](C)C[C@@H]2OC,,0
CCC1=CC(C)C[C@H](C)C[C@H](OC)[C@H]2O[C@@](O)(C(=O)C(=O)N3CCCCC3C(=O)O[C@H](/C(C)=C/[C@@H]3CC[C@H](N)[C@H](OC)C3)[C@H](C)[C@@H](O)CC1=O)[C@H](C)C[C@@H]2OC,,0
CCC1=C[C@@H]2CC(C1)Cc1c([nH]c3ccccc13)[C@@](C(=O)OC)(c1cc3c(cc1OC)N(C)[C@H]1[C@@](O)(CNC(=O)c4cccc(F)c4)[C@H](OC(C)=O)[C@]4(CC)C=CCN5CC[C@]31[C@@H]54)C2,,0
CCC1CCC(c2cc(C(=O)N3CCN(C(=O)c4cc(F)cc(N5CCNCC5)c4)CC3)ccc2O[C@H]2CCNC2)CC1,,0
CCC1CCCCN1CCCNC(=O)CNC(=O)c1nn(-c2ccc(OC)c(Cl)c2)c(=O)c2ccccc12,,0
CCC1CCCN(CCc2c([C@@]3(COC(C)=O)CC[C@@H](COC(C)=O)c4c(CCN5CCCC(CC)C5)c5ccccc5n43)[nH]c3ccccc23)C1,,0
CCC1OC(=O)C(C)C(O[C@H]2C[C@@](C)(OC)CC(C)O2)C(C)[C@@H](OC2OC(C)CC(N(C)CC)[C@H]2O)[C@]2(C)CC(C)=C(O2)C(C)C(=O)[C@]1(C)OC,,0
CCC1OC(=O)C(C)[C@@H](O[C@H]2C[C@@](C)(OC)C(O)C(C)O2)C(C)[C@@H](O[C@@H]2OC(C)CC(N(C)C)C2O)[C@@](C)(O)CC(C)C(=O)C(C)C(O)[C@]1(C)O,,0
CCCC(=O)Nc1ncnc2c1nc(N)n2[C@@H]1O[C@@H]2COP(=O)(O)O[C@H]2[C@H]1OC(=O)CCC,,0
CCCC(=O)OC[C@H]1O[C@@H](n2cc(-c3cccc(S(N)(=O)=O)c3)nn2)[C@H](OC(=O)CCC)[C@@H](OC(=O)CCC)[C@H]1OC(=O)CCC,,0
CCCC(=O)O[C@@H]1[C@@H](OC(=O)CCC)[C@H](C)O[C@@H](O[C@@H]2c3cc4c(cc3[C@@H](c3cc(OC)c(O)c(OC)c3)C3C(=O)OC[C@@H]32)OCO4)[C@@H]1OC(=O)CCC,,0
CCCC(=O)O[C@@H]1[C@@H](O[C@@H]2c3cc4c(cc3[C@@H](c3cc(OC)c(OC)c(OC)c3)C3C(=O)OC[C@@H]32)OCO4)OC[C@@H](OC(=O)CCC)[C@@H]1OC(=O)CCC,,0
CCCC(=O)O[C@@H]1[C@@H]2[C@@H](OC(=O)c3ccccc3)[C@@]3(COC(=O)c4cccnc4)[C@@H]([C@@H]4[C@H](C[C@H]3OC(C)=O)C4(C)C)[C@](C)(OC(C)=O)C(=O)[C@@]2(O)C[C@@H]1C,,0
CCCC(=O)O[C@@H]1[C@H](Oc2ccc(I)cc2)O[C@@H](COS(=O)(=O)c2cccc(C(F)(F)F)c2)[C@@H](O)[C@@H]1OC,,0
CCCC(=O)O[C@H]1C/C(C)=C\[C@@H]2OC(=O)[C@](C)(O)[C@]2(O)[C@H](OC(C)=O)[C@H]2[C@@H](C)[C@@H](O)C[C@H](OC(C)=O)[C@]2(C)[C@H]1OC(C)=O,,0
CCCC(=O)O[C@H]1C[C@@H]2C(=CC[C@@H]3[C@@]2(C)C(=O)C[C@]2(C)[C@@H]([C@@](C)(O)C(=O)CCC(C)(C)OC(C)=O)[C@H](OC(C)=O)C[C@@]32C)C(C)(C)[C@@H]1OC(=O)CCC,,0
CCCC(=O)O[C@H]1[C@@H](OC)[C@H](O[C@@H]2C[C@@H]3C[C@H](OC(=O)CCC)[C@]4(O)C(=O)O[C@@H](C[C@H](O)[C@@H]5C[C@H](C)[C@H](C/C=C\C=C\[C@H](C)C[C@H](C2)O3)O5)[C@H]4O)O[C@@H](C)[C@H]1OC(=O)CCC,,0
CCCC(=O)O[C@H]1[C@H](C(C)C)[C@@H]2[C@@H]([C@H]3C[C@](C)(O)[C@@H](OC(C)=O)CC[C@@](C)(OC(=O)CCC)[C@@H]2O3)[C@](C)(O)[C@@H]1OC(C)=O,,0
CCCC(=O)c1cc(C#N)c(N2CCC(C(=O)NS(=O)(=O)Cc3ccccc3Cl)CC2)nc1C,,0
CCCC(=O)c1cnn(-c2ccc(NC(=O)c3cn(CC(=O)N4CCN(C)CC4)c4cc(C)c(Br)cc34)cc2)c1C,,0
CCCC(=O)c1cnn(-c2ccc(NC(=O)c3cn(CC(=O)N4CCN(CC(F)(F)F)CC4)c4ccc(C)cc34)cc2)c1C,,0
CCCC(C)C(=O)OCc1cc(OC)c2c(c1-c1c(COC(=O)C(C)CCC)cc(OC)c3c1OCO3)OCO2,,0
CCCC(NC(=O)C1C2CCCC2CN1C(=O)C(NC(=O)C(NC(=O)CCCCc1nn[nH]n1)C(C)C)C(C)C)C(=O)C(=O)NC(=O)CN,,0
CCCC(NC(=O)C1C2[C@H](CN1C(=O)C(NC(=O)NC1([C@@H](C)S(=O)(=O)N(C)C)CCCCC1)C(C)(C)C)C2(C)C)C(=O)C(=O)NC1CC1,,0
CCCC1(CCC)NC(=O)N(CC(=O)Nc2ccc(Cl)c(S(=O)(=O)N3CCOCC3)c2)C1=O,,0
CCCC=c1ncc(=Cc2c(O)n(CCCC)c(=O)n2CCc2cccs2)n1Cc1ccc(C(=O)OC)cc1,,0
CCCCC#Cc1nc(NCc2cccc(I)c2)c2ncn([C@@H]3OC[C@@H](O)[C@H]3O)c2n1,,0
CCCCC(=O)Nc1ccc(Br)c(-n2nc(C)n(Cc3ccc(-c4ccccc4S(=O)(=O)NC(=O)OC(C)(C)C)cc3F)c2=O)c1,,0
CCCCC(=O)Oc1ccc(COP(=O)(OCc2ccc(OC(=O)c3ccc(C(F)(F)F)cc3)cc2)OP(=O)(O)OC[C@@H]2C=C[C@H](n3cc(C)c(=O)[nH]c3=O)O2)cc1,,0
CCCCC(Sc1nc2cc3c(cc2c(=O)n1CCCC(=O)NCc1ccc(OC)cc1)OCO3)C(=O)OCC,,0
CCCCCC(=O)OC[C@@]1(C)[C@@H]2C[C@H](OC(=O)c3ccc(C#N)cc3)[C@@]3(C)Oc4cc(-c5cccnc5)oc(=O)c4[C@H](O)[C@@H]3[C@@]2(C)CC[C@@H]1OC(=O)CCCCC,,0
CCCCCC(C(=O)NCNC(=O)c1ccc(-c2cc(OCC)cc(P(=O)(O)O)c2)o1)[C@@H](CC)N(C=O)OC(=O)c1ccc2c(c1)N(C)CCO2,,0
CCCCCCCC(=O)OCC(NC(=O)C(CO)NC(=O)CN)C(=O)N1CCC2(CC1)CN(S(C)(=O)=O)c1ccccc12,,0
CCCCCCCC(=O)O[C@@]12[C@H](OC(=O)c3ccccc3)[C@@H](C)[C@]3(O)C4=CC(C)C(=O)[C@@]4(O)C=C(CO)[C@H](OO)[C@H]3[C@@H]1C2(C)C,,0
CCCCCCCC(=O)O[C@H]1/C(=C/C(=O)OC)C[C@H]2C[C@H](CO)OC(=O)CCOc3ccc(-c4ccccc4OC(C)C)cc3C(=O)OCC(C)(C)[C@]1(O)O2,,0
CCCCCCCC(=O)O[C@H]1/C(=C/C(=O)OC)C[C@H]2C[C@H](CO)OC(=O)C[C@H](O)C[C@@H]3C[C@H](O)C[C@H](C[C@@H]4CCO[C@H](/C=C/C(C)(C)[C@]1(O)O2)O4)O3,,0
CCCCCCCC(=O)O[C@H]1/C(=C/C(=O)OC)C[C@H]2C[C@H](COC(C)=O)OC(=O)CCOc3ccccc3C(=O)OCC(C)(C)[C@]1(O)O2,,0
CCCCCCCC(=O)SCC/C=C/[C@@H]1CC(=O)NCc2nc(cs2)-c2cn(nn2)CC(=O)NC(C(C)C)C(=O)O1,,0
CCCCCCCCC(=O)O[C@@H]1[C@H](OC)[C@@H](C(O[C@H]2OC(C(=O)Nc3ccccc3)=C[C@H](O)[C@@H]2O)C(N)=O)O[C@H]1n1ccc(=O)[nH]c1=O,,0
CCCCCCCCCC(=O)NC(Cc1ccc(C)cc1)C(=O)NC1/C=C/CCNC(=O)/C=C/[C@H](C(C)C)NC1=O,,0
CCCCCCCCCC(=O)NC(Cc1ccc(F)cc1)C(=O)NC1/C=C/CCNC(=O)/C=C/[C@H](C(C)C)NC1=O,,0
CCCCCCCCCCC(C)C(=O)O[C@@H]1[C@H](OC)[C@@H](C(O[C@H]2OC(C(=O)N=C3CCC[C@@H](C)NC3=O)C[C@H](O)[C@@H]2O)C(N)=O)O[C@H]1n1ccc(=O)[nH]c1=O,,0
CCCCCCCCCCCC(=O)O[C@H]1[C@@H](F)[C@H](n2cnc3c(N)ncnc32)O[C@@H]1CNS(=O)(=O)NC(=O)c1ccccc1O,,0
CCCCCCCCCCCCNC(=O)CS(=O)(=O)[C@@H]1O[C@H](COC(C)=O)[C@@H](OC(C)=O)[C@H](OC(C)=O)[C@H]1OC(C)=O,,0
CCCCCCCCCCCCOc1ccc(C2=C(c3ccc(O)cc3)[C@H]3C[C@H](S(=O)(=O)N(CC(F)(F)F)c4ccc(OC)cc4)[C@@H]2O3)cc1,,0
CCCCCCCCCCCCc1cn(-c2nc(N)c3ncn([C@@H]4O[C@H](COS(=O)(=O)NC(=O)c5ccccc5O)[C@@H](O)[C@H]4O)c3n2)nn1,,0
CCCCCCCCCCCN(C[C@H]1CN(c2ccc(N3CCOCC3)c(F)c2)C(=O)O1)C(=O)C(N)CCCN=C(N)N,,0
CCCCCCCCCCNC1CC(OC2CC(O)(C(O)CO)C=C3C(=O)c4c(c(O)c5c(OC)cccc5c4O)C(=O)C32)OC(C)C1O,,0
CCCCCCCCCCc1cn(-c2nc(N)c3ncn([C@@H]4O[C@H](COS(=O)(=O)NC(=O)c5ccccc5O)[C@@H](O)[C@H]4O)c3n2)nn1,,0
CCCCCCCCCOC(=O)O[C@@H]1[C@H](OC)[C@@H](C(O[C@H]2OC(C(=O)N=C3CCC[C@@H](C)NC3=O)C[C@H](O)[C@@H]2O)C(N)=O)O[C@H]1n1ccc(=O)[nH]c1=O,,0
CCCCCCCCC[C@@H]1C[C@@H]2CC[C@H]3C(C(=O)OC(C)CCCCCCC[C@@H]4C[C@@H]5CC[C@@H]6C[C@H](C)N=C(N4)N65)[C@@H](C)N=C(N1)N23,,0
CCCCCCCCC[C@@H]1C[C@@H]2CC[C@H]3C(C(=O)O[C@H](C)CCCCC[C@@H]4C[C@@H]5CC[C@@H]6C[C@H](C)N=C(N4)N65)[C@@H](C)N=C(N1)N23,,0
CCCCCCCCC[C@@H]1C[C@@H]2CC[C@H]3C(C(=O)O[C@H](C)CCCCC[C@@H]4C[C@@H]5CC[C@@H]6C[C@H](C)N=C(N4)N65)[C@H](C)N=C(N1)N23,,0
CCCCCCCCC[C@H](O)C[C@@H]1CC[C@H]2C(C(=O)O[C@@H](C)CCCCC[C@@H]3C[C@@H]4CC[C@@H]5C[C@H](C)N=C(N3)N54)=C(C)N=C(N)N12,,0
CCCCCCCCC[C@H](O)C[C@@H]1CC[C@H]2C(C(=O)O[C@H](C)CCCCC[C@H]3C[C@H]4CC[C@H]5C[C@@H](C)N=C(N3)N45)=C(C)N=C(N)N12,,0
CCCCCCCCc1c2[n+](cc3c(OS(=O)(=O)c4ccc(C#N)cc4)c(OC)ccc13)CCc1cc3c(cc1-2)OCO3,,0
CCCCCCCN1C(N)=NC[C@@H]1CCCCN1C[C@@H](CC2CCCCC2)N(CCc2cccc(Br)c2)C1=N,,0
CCCCCCCNC(=O)N[C@H]1[C@H](O[C@H]2CC[C@@]3(C)C(=CC[C@H]4[C@@H]5C[C@@H]6O[C@]7(CC[C@@H](C)CO7)[C@@H](C)[C@@H]6[C@@]5(C)CC[C@@H]43)C2)O[C@H](CO)[C@@H](O)[C@@H]1O,,0
CCCCCCCOc1ccc(NC(=O)Nc2ccc(Cn3ncc(N4CCCNCC4)c(Cl)c3=O)cc2)cc1,,0
CCCCCCCS(=O)(=O)c1c(N2CCN(S(=O)(=O)Cc3ccccc3)CC2)cnn(-c2ccccc2)c1=O,,0
CCCCCCC[C@@H](CC(=O)NC1CCCCN(O)C1=O)OC(=O)C(CCCCN(O)C=O)NC(=O)c1cccc(O)c1O,,0
CCCCCCC[C@@H](O)[C@@H](O)/C=C/C=C/C(=O)O[C@@H]1[C@@H](C)[C@]2(O)C3=CC(C)C(=O)[C@@]3(O)CC(CO)=C[C@H]2[C@@H]2C(C)(C)[C@]12OC(C)=O,,0
CCCCCCC[C@H](CC(=O)NC1CCCCN(O)C1=O)OC(=O)C(CCCCN(O)C=O)NC(=O)c1cccc(O)c1O,,0
CCCCCCCn1cc(COCc2c(-c3ccccc3)nc3sc4ccccc4n23)nn1,,0
CCCCCC[C@@H](C)[C@H]1OC(=O)C(C(C)C)=NC(=O)C(C)NC(=O)CCC(C)=NC(=O)C1CCO[Si](c1ccccc1)(c1ccccc1)C(C)(C)C,,0
CCCCCC[C@H]1OC[C@@H](C)NC(=O)C(CNCCCN)NC(=O)C(CN)NC(=O)C(C2CCCCCC2)NC(=O)C(CCC)N(C)C(=O)C1C,,0
CCCCCCn1c(=O)n2n(c1=O)C[C@]1(OC(=O)NCc3ccco3)CN(S(=O)(=O)c3ccc(C)cc3)C[C@]1(O)C2,,0
CCCCCN1C=Nc2cccc3nc4c(c1c23)Cn1c-4cc2c(c1=O)COC(=O)[C@@]2(CC)OC(=O)CN(C)C(=O)CN,,0
CCCCCN1C=Nc2cccc3nc4c(c1c23)Cn1c-4cc2c(c1=O)COC(=O)[C@@]2(CC)OC(=O)OCCS(=O)(=O)CC(N)C(=O)OCC,,0
CCCCCN1CC[C@]23c4c5ccc(O)c4O[C@H]2c2[nH]c4c(c2C[C@@]3(O)[C@H]1C5)C[C@@]1(O)[C@H]2Cc3ccc(O)c5c3[C@@]1(CCN2CC1CC1)[C@H]4O5,,0
CCCCCNC(=O)c1ccc(-n2nc(CCCC)n(Cc3ccc(-c4ccccc4S(=O)(=O)NC(=O)c4ccccc4Cl)cc3)c2=O)c(Cl)c1,,0
CCCCCNC1CC(OC2CC(O)(C(=O)CO)C=C3C(=O)c4c(c(O)c5c(OC)cccc5c4O)C(=O)C32)OC(C)C1O,,0
CCCCCOC(=O)CCN1C(=O)/C(=C2\SC(=S)N(CCC(=O)OCCCCC)C2=O)SC1=S,,0
CCCCCOc1ccc(-c2ccc(C(=O)O)cc2C)cc1CNC(=O)c1ccc(C(F)(F)F)cc1,,0
CCCCCc1cc(OCOCCOC)c(C23CC4CC(CC(C4)C2)C3)cc1C(=O)/C=C/c1ccc(C(=O)O)cc1,,0
CCCCCc1ccc(-c2cn(C3C4=C(OC3(C)C)c3ccccc3C(=O)C4=O)nn2)cc1,,0
CCCCCc1ccc(-c2cn([C@@H]3O[C@@H]4O[C@]5(C)CC[C@H]6[C@H](C)CC[C@@H]([C@H]3C)[C@@]46OO5)nn2)cc1,,0
CCCCN(CC)CCNC(=O)Cn1cnc2sc(C)c(S(=O)(=O)N3CCN(c4ccccc4OC)CC3)c2c1=O,,0
CCCCN(CCCC)C(=O)c1cc(C)n(-c2ccc(N[S+]([O-])CCc3cccc4ccccc34)cc2C(=O)N2Cc3ccccc3C[C@H]2CO)n1,,0
CCCCN(CCCC)C(=O)c1nn(-c2ccc(C(=O)NS(=O)(=O)c3ccc4cccc(OCCCN5CCOCC5)c4c3)cc2C(=O)N2CCc3ccccc3C2)c(C)c1Cl,,0
CCCCN(CCCC)C(=O)c1nn(-c2ccc(C(=O)NS(=O)(=O)c3ccc4ccccc4c3)cc2C(=O)N2Cc3ccccc3C[C@H]2CO)c(C)c1Cl,,0
CCCCN(CCCC)c1cn(CCCCOc2c(OC)ccc3cc4[n+](cc23)CCc2cc3c(cc2-4)OCO3)nn1,,0
CCCCN1C(=O)C(=C/C=C/C=C2\Oc3ccccc3N2CCCS(=O)(=O)O)C(=O)N(CCCC)C1=S,,0
CCCCN1C(=O)C(CC2CCCCC2)NC(=O)C12CCN(CCc1cccc(Oc3ccc(C(=O)O)cc3)c1)CC2,,0
CCCCN1C(=O)C([C@@H](O)C2CCC(O)CC2)NC(=O)C12CCN(Cc1ccc(Oc3ccc(C(=O)O)cc3)cc1)CC2,,0
CCCCN1C(=O)C([C@H](O)C(C)C)NC(=O)C12CCN(Cc1ccc(Oc3ccc(C(=O)O)cc3)cc1)CC2,,0
CCCCN1CCN(C(=O)c2cncnc2Oc2cc(Cl)ccc2Cl)c2ccccc21,,0
CCCCN1CCN(c2cc(NS(=O)(=O)c3ccc(C(=O)Nc4ccc(C(F)(F)F)cc4)cc3)ccc2OC)CC1,,0
CCCCN1CCN(c2cc(NS(=O)(=O)c3cccc(C(=O)Nc4ccc(C(F)(F)F)cc4)c3)ccc2OC)CC1,,0
CCCCNC(=O)OCC#CCOc1nc(N2CCOCC2)nc(NS(=O)(=O)c2ccc(C)cn2)c1Oc1ccccc1OC,,0
CCCCNC(=O)c1cc(C)c2nc(CCC)n(Cc3ccc(-c4ccccc4C(=O)Nc4nn[nH]n4)cc3)c2c1,,0
CCCCNC(=O)c1cc(NC(=O)c2ccc(C(=O)Nc3cc(C(=O)NCCCC)cc(C4=NCCN4)c3)cc2)cc(C2=NCCN2)c1,,0
CCCCNC(=O)c1ccc(Cl)c(-n2nc(CCCC)n(Cc3ccc(-c4ccccc4S(=O)(=O)NC(=O)OC(C)(C)C)cc3F)c2=O)c1,,0
CCCCNC(=O)c1sc(=S)n2c1[nH]c(=O)c1ccc(C(=O)NCCc3ccc(OC)c(OC)c3)cc12,,0
CCCCNC(=S)NC1=C(C#N)C(c2ccc(Cl)cc2Cl)C2=C(CCCC2=O)N1c1ccc(S(N)(=O)=O)cc1,,0
CCCCNS(=O)(=O)c1ccccc1Nc1nc(Nc2ccc(N3CCOCC3)cc2OC)nc2c1CCN2,,0
CCCCOC(=O)CCCN1C(=O)/C(=C2\SC(=S)N(CCCC(=O)OCCCC)C2=O)SC1=S,,0
CCCCOC(=O)NS(=O)(=O)c1ccc(CC)cc1-c1ccc(Cn2c(CC)nc3c(C)cc(C)nc32)cc1,,0
CCCCOC(=O)NS(=O)(=O)c1ccccc1-c1ccc(Cn2c(CCC)nc(CC)c2C(=O)OC)c([N+](=O)[O-])c1,,0
CCCCOC(=O)c1csc(SC2=C(C(=O)O)N3C(=O)C(=NC(=O)C(NOCCF)c4csc(N)n4)[C@H]3CC2)n1,,0
CCCCOc1ccc(C(=O)Nc2cc3ccc(OC4CCN(C)CC4)c(C)c3oc2=O)cc1CC=C(C)C,,0
CCCC[C@@H](C)CC(C)C(=O)N(C)C(C=C(C)C)C(=O)NC(C(=O)N(C)C(C(=O)N1C[C@@H](O)CC1C(=O)N1C(=O)C=C[C@@H]1C)C(C)C)[C@@H](C)OC(C)=O,,0
CCCC[C@H]1CCCCCCCCC[C@H](OS(=O)(=O)O)[C@H](OS(=O)(=O)O)[C@@H](OS(=O)(=O)O)CCCCCCCCCCCCC(=O)N2CCCC2C(=O)O1,,0
CCCC[C@]1(CC)CS(=O)(=O)c2cc(C(=O)NCCS(=O)(=O)O)c(OC)cc2[C@@H](c2ccccc2)N1,,0
CCCC[C@]1(CC)CS(=O)(=O)c2cc(CCC(=O)NCC(=O)O)c(OC)cc2[C@@H](c2ccccc2)N1,,0
CCCC[C@]1(CC)CS(=O)(=O)c2cc(CN(CCS(=O)(=O)O)CCS(=O)(=O)O)c(OC)cc2[C@@H](c2ccccc2)N1,,0
CCCC[C@]1(CC)CS(=O)(=O)c2cc(OCCCS(=O)(=O)O)c(OC)cc2[C@@H](c2ccccc2)N1,,0
CCCC[N+]1(C)CCN(CC(=O)O[C@H]2CCC[C@H](CC)OC(=O)C[C@@H]3C(=CC4[C@H]3C=C[C@@H]3C[C@@H](O[C@@H]5O[C@@H](C)[C@H](OC)[C@@H](OC)[C@H]5OC)C[C@@H]43)C(=O)C2C)CC1,,0
CCCCc1c(Br)[n+](Cc2ccc(-c3ccccc3-c3nn[nH]n3)cc2)cn1Cc1ccc(-c2ccccc2-c2nn[nH]n2)cc1,,0
CCCCc1c[n+](Cc2ccc(-c3ccccc3C(=O)[O-])cc2)cn1Cc1ccc(-c2ccccc2C(=O)O)cc1,,0
CCCCc1cc(-c2ccccc2)cc(CCCC)[n+]1-c1ccc(S(=O)(=O)Nc2nnc(S(N)(=O)=O)s2)cc1,,0
CCCCc1ccc(C#Cc2cccc(SC3=C[C@]45C[C@H]6C[C@H](O[C@@]6(C)C4)[C@H]5[C@](C)(CCC(=O)Nc4c(O)ccc(C(=O)O)c4O)C3=O)c2)cc1,,0
CCCCc1nc(CCCOc2ccc(Cc3sc(=O)[nH]c3O)cc2)cn1Cc1ccc(-c2ccccc2C(=O)O)cc1,,0
CCCCc1nc(Cl)c(-c2cc(-c3cn(S(=O)(=O)c4ccc(C)cc4)c4ccccc34)nc3c2C(=O)c2ccccc2-3)n1Cc1ccccc1,,0
CCCCc1nc(Cl)c(C(=O)O)n1Cc1cccc2c1c(Br)c(Br)n2-c1ccccc1-c1nn[nH]n1,,0
CCCCc1nc(Cl)c(CO)n1Cc1ccc(-c2ccccc2-c2nnnn2O[C@@H]2OC(C(=O)O)[C@@H](O)[C@H](O)[C@H]2O)cc1,,0
CCCCc1nc(SC(F)F)c(C(=O)O)n1Cc1ccc(-c2ccccc2S(=O)(=O)NC(=O)CC2CCCCC2)cc1,,0
CCCCc1nc2ccc([C@]3(C(=O)OC)C[C@H]4CCCN4O3)cc2c(=O)n1Cc1ccc(-c2ccccc2-c2nn[nH]n2)cc1,,0
CCCCc1nn(-c2cc(NC(=O)CCOC)ccc2Cl)c(=O)n1Cc1ccc(-c2ccccc2S(=O)(=O)NC(=O)OC(C)(C)C)cc1F,,0
CCCCc1nn(-c2cc(NC(=O)Cc3ccccc3)ccc2Cl)c(=O)n1Cc1ccc(-c2ccccc2S(=O)(=O)NC(=O)c2ccccc2Cl)cc1,,0
CCCCc1nn(-c2cc(NC(=O)NCCC)ccc2Cl)c(=O)n1Cc1ccc(-c2ccccc2S(=O)(=O)NC(=O)c2ccccc2Cl)cc1,,0
CCCCc1nn(-c2ccccc2C(F)(F)F)c(=O)n1Cc1ccc(-c2ccccc2S(=O)(=O)NC(=O)C(C)C)cc1,,0
CCCCc1nn(-c2ccccc2C(F)(F)F)c(=O)n1Cc1ccc(-c2ccccc2S(=O)(=O)NC(=O)c2cc(Br)sc2Br)cc1,,0
CCCCc1nn(-c2ccccc2C(F)(F)F)c(=O)n1Cc1ccc(-c2ccccc2S(=O)(=O)NC(=O)c2ocnc2C)cc1,,0
CCCCc1nn(CC(O)c2cc(OC)ccc2OC)c(=O)n1Cc1ccc(-c2ccccc2-c2nn[nH]n2)cc1,,0
CCCCn1c(-c2cccc(Cl)c2)nn(CN2CCN(c3cc4c(cc3F)c(=O)c(C(=O)O)cn4C3CC3)CC2)c1=S,,0
CCCCn1c(SCC(=O)Nc2cc(C(F)(F)F)cc(C(F)(F)F)c2)nnc1C(CC)N(C)C,,0
CCCN(CCC)C(=O)Cn1c(=O)n(-c2ccc(CC)cc2)c(=O)c2ccc(C(=O)NCCc3ccccc3)cc21,,0
CCCN(CCN1CCN(c2ccccc2)CC1)C1CCc2ccc(NS(=O)(=O)c3ccc(C(F)(F)F)cc3)cc2C1,,0
CCCN(c1nccc(C(F)(F)F)n1)C1CCN(C[C@H]2CN(C(CC3CCC3)C(=O)O)C[C@@H]2c2cccc(F)c2)CC1,,0
CCCN1CCc2cccc3c2C1Cc1cccc(OCc2cn(CCCN4CCN(c5ccccc5OC)CC4)nn2)c1-3,,0
CCCN1c2ccc(C#N)cc2N=C(c2ccc(C(=O)O)cc2)c2cc3c(cc21)C(C)(C)CCC3(C)C,,0
CCCNC(=O)N1C[C@@H](C)N(c2nc3cc(-c4nc(=O)o[nH]4)nc(-c4cncc(Cl)c4)c3n2C[C@H]2CC[C@H](C)CC2)[C@H](C)C1,,0
CCCNC(=O)OC[C@@H]1O[C@H](CCO/N=C(\C)CCC(=O)OC[C@@H]2O[C@H](C#Cc3ccccc3)C=C[C@@H]2Oc2ccc(C)cc2)C=C[C@@H]1Oc1ccc(OC)cc1,,0
CCCNC(=O)[C@]1(C)CO[C@@H](c2nc(-c3ccc(F)cc3)c(-c3ccnc(NCCCOC)n3)[nH]2)OC1,,0
CCCNS(=O)(=O)c1ccccc1Nc1nc(Nc2ccc(N3CCOCC3)cc2OC)nc2c1C(C)CN2,,0
CCCN[C@@H]1[C@H](C)[C@@H](O)[C@](C)(O)[C@@H](CC)OC(=O)C(C)[C@@H](O[C@H]2C[C@@](C)(OC)[C@@H](O)[C@H](C)O2)[C@H](C)[C@@H](O[C@@H]2O[C@H](C)C[C@H](N(C)C)[C@H]2O)[C@](C)(O)C[C@H]1C,,0
CCCOc1cc(N2CCN(C(C)=O)CC2)ccc1Nc1nc(Nc2ccc(N3CCN(C(C)=O)CC3)cc2)ncc1Cl,,0
CCCOc1cc(OCCCCCCO)cc(Oc2cc3c(cc2NS(=O)(=O)c2cn(C)cn2)n(C)c(=O)n3C)c1,,0
CCCOc1ccc(C(=O)N2CC3(CC(c4cccc(NC(=O)C5CCC(=O)N5)c4)=NO3)CC2C(=O)NC2(C(N)=O)CC2)cc1,,0
CCCOc1ccc(C2C(=O)N(C3CCC(C)CC3)CC(=O)N2Cc2cccc(OC)c2)cc1OC,,0
CCCS(=O)(=O)Nc1cc(Cl)cc(-c2[nH]c(C3CC3)nc2-c2ccnc(NC[C@H](C)NC(=O)OC)n2)c1F,,0
CCCS(=O)(=O)Nc1ccc(F)c(C(=O)c2c[nH]c3ncc(-c4ccc(CNC(=O)CCCCNc5ccc6c(c5)C(=O)N(C5CCC(=O)N(C)C5=O)C6=O)cc4)cc23)c1F,,0
CCCS(=O)(=O)Nc1ccc(F)c(C(=O)c2c[nH]c3ncc(-c4ccc(S(=O)(=O)N5CCOCC5)cc4)cc23)c1F,,0
CCCS(=O)(=O)Nc1ccc(F)c(C(=O)c2ccc3[nH]c4ncc(-c5ccc(C(=O)NCC(O)CO)nc5)cc4c3c2)c1F,,0
CCCS(=O)(=O)c1cc(C2CC[C@@H](c3cc(OC)c(OC)c(OC)c3)O2)cc(OC)c1OCCSc1ncc[nH]1,,0
CCCSc1nc(Sc2nc3ccccc3s2)c2ncc(=O)n(Cc3ccccc3)c2n1,,0
CCCSc1nnc(COc2ccccc2C2=NOC(c3ccc(Cl)cc3Cl)C2)n1NC(=O)CCl,,0
CCC[C@@H]1CCCN1Cc1sc(NC(=O)c2cnc(N3CCC(C(=O)O)CC3)cn2)nc1-c1ccc(OC)c(C(F)(F)F)c1,,0
CCC[C@@H]1N(C(=O)c2cnccc2C(F)(F)F)CCC[C@]1(Oc1csc(C(F)(F)F)c1)C(=O)N1CCN(c2ccccc2OCCC(C)(C)C(=O)O)CC1,,0
CCC[C@H]1CCCCCCCCC[C@H](OS(=O)(=O)O)[C@H](OS(=O)(=O)O)[C@@H](OS(=O)(=O)O)CCCCCCCCCCCCCC(=O)N2CCCC2C(=O)O1,,0
CCC[C@H]1N(C(=O)c2cnccc2C(F)(F)F)CCC[C@@]1(Oc1ccc(C(F)(F)F)cc1)C(=O)N1CCC(Oc2cccc(Cl)n2)CC1,,0
CCC[C@H]1N(C(=O)c2cnccc2C(F)(F)F)CCC[C@@]1(Oc1csc(C(F)(F)F)c1)C(=O)N1CCN(c2ccccc2OC(C)(C)C(=O)O)CC1,,0
CCC[n+]1cccc(NC(=O)c2ccc(NC(=O)c3ccc(C(=O)Nc4ccc(C(=O)Nc5ccc[n+](CCC)c5)cc4)c(Cl)c3)cc2)c1,,0
CCCc1c(Cc2ccc(-c3ccccc3-c3nc(=O)o[nH]3)cc2)c(=O)n([C@H]2CC[C@@H](Oc3ccon3)CC2)c2ncnn12,,0
CCCc1cc(C)[nH]c(=O)c1CNC(=O)c1c(C)n([C@H](C)C2CCN(S(=O)(=O)CC)CC2)c2ccccc12,,0
CCCc1cc(Cn2c(CC)nc3c(C)cc(C)nc32)cc(CCC)c1OC(C(=O)O)c1cc(Br)c(OC)c(OC)c1Br,,0
CCCc1nc(C(=O)NCCCN2CCN(c3cccc(Cl)c3C)CC2)c(C)n1-c1ccc(F)cc1,,0
CCCc1nc(C(=O)NCCCN2CCN(c3cccc(Cl)c3Cl)CC2)cn1-c1ccc(Cl)cc1,,0
CCCc1nn(C)c2c(=O)[nH]c(-c3cc(NC4CCN(c5ncc(C(O)=NO)cn5)CC4)ccc3OCC)nc12,,0
CCCc1nn(C)c2c(=O)[nH]c(-c3cc(S(=O)(=O)NC4CCN(c5ncc(C(O)=NO)cn5)CC4)ccc3OCC)nc12,,0
CCCc1nn(C)c2c(=O)n(CC(=O)N[C@H]3CC(C(=O)OCC)N(C(=O)OC(C)(C)C)C3)c(CC)nc12,,0
CCCn1c(=O)[nH]c2[nH]c(-c3ccc(S(=O)(=O)N4CCN(c5ccc(F)cc5)CC4)cc3)nc2c1=O,,0
CCCn1c(=O)c2[nH]c(-c3cc(C)n(CC(=O)Nc4cccc5ccccc45)n3)nc2n(CCC)c1=O,,0
CCCn1c(=O)c2[nH]c(-c3ccc(OCC(=O)Nc4ccc(C(=O)NC)cc4)cc3)nc2n(CCC)c1=O,,0
CCCn1c(=O)c2[nH]c(-c3ccc(OCC(=O)O)cc3)nc2n(CCc2ccc(N=[N+]=[N-])c(I)c2)c1=O,,0
CCCn1c(=O)c2[nH]c(C3CCCCC3)nc2n(CCCNC(=O)c2ccc(S(=O)(=O)F)cc2)c1=O,,0
CCCn1c(C)cc(OCc2cc(F)c(Oc3ccc(Cl)c(C(F)(F)F)c3)c(F)c2)nc1=O,,0
CCCn1cc(S(=O)(=O)c2cc(C)ccc2C)c(=O)c2cc(F)c(N3CCCCCC3)cc21,,0
CCCn1cnc2c(ncn2[C@@H]2O[C@H](COC(c3ccccc3)(c3ccccc3)c3ccccc3)[C@@H](O)[C@H]2O)c1=O,,0
CCN(/C=C1/C(=O)O[C@H](COC)[C@]2(C)C3=C(C(=O)C(=O)C12)[C@@H]1CC[C@H](O)[C@@]1(C)C[C@H]3OC(C)=O)CC,,0
CCN(C(=O)CCn1c2cc(C(=O)NC3CC3)ccc2nc1[C@H]1CC[C@H](CC)CC1)C1CCCCC1,,0
CCN(C(=O)c1cn(-c2cc(OC)cc(OC)c2)c2cc(OCCCCCCC[N+]34CCN(CC3)CC4)ccc2c1=O)c1cc(F)cc(F)c1,,0
CCN(C(=O)c1cn(-c2ccc(OCc3ccc(C[N+]45CCN(CC4)CC5)cc3)cc2)c2cc(OC)ccc2c1=O)c1cc(F)cc(F)c1,,0
CCN(C(C)=O)c1c(I)cc(I)c(OCCOC(C)C(=O)O)c1I,,0
CCN(CC)C(=NC(=N)Nc1ccc(Br)cc1)NCCCCCCNC(=NC(=N)Nc1ccc(Br)cc1)N(CC)CC,,0
CCN(CC)C(=O)C1CC(CC(=O)NCC23C[C@H]4C[C@@H](C2)C[C@@H](C3)C4)C(=O)N2CCc3c([nH]c4ccc(OC)cc34)[C@]12C,,0
CCN(CC)C(=O)C1CC(CC(=O)NCCCn2ccnc2)C(=O)N2CCc3c([nH]c4ccc(OC)cc34)[C@]12C,,0
CCN(CC)C(=O)C1CC(CC(=O)NCc2cccc(C(F)(F)F)c2)C(=O)N2CCc3c([nH]c4cc(CCC(=O)N(C)C)ccc34)[C@]12C,,0
CCN(CC)C(=O)C1CC(CC(=O)NCc2ccco2)C(=O)N2CCc3c([nH]c4cc(CCC(=O)N(C)C)ccc34)[C@]12C,,0
CCN(CC)C(=O)C1CCN(S(=O)(=O)c2ccc3c(c2)CCCN3C(C)=O)CC1,,0
CCN(CC)C(=O)c1cc(COc2cc(C(F)(F)F)nc3c(C(F)(F)F)cccc23)on1,,0
CCN(CC)C(=S)Sc1nc(Nc2cccc(C)c2)nc(SC(=S)N(CC)CC)n1,,0
CCN(CC)CC(=O)Nc1ccc(-c2cccc3c(=O)cc(N4CCOCC4)oc23)c2sc3ccccc3c12,,0
CCN(CC)CCC(=O)Nc1cccc(-c2cc(-c3ccc(F)cc3O)nc(NC(=O)c3ccco3)c2C#N)c1,,0
CCN(CC)CCCCCOc1ccc2c(=O)c3ccc(OCCCCCN(CC)CC)c(F)c3oc2c1F,,0
CCN(CC)CCN(C)Cc1c(-c2ccc(OC)cc2)nc2n(Cc3ccccc3F)c(C)c(-c3ccc4c(c3)OCO4)c(=O)n12,,0
CCN(CC)CCN(CCCc1ccc(-c2ccc(C(F)(F)F)cc2)cc1)C(=O)Cn1c(CCc2cccc(F)c2F)nc(=O)c2c1CCC2,,0
CCN(CC)CCN(Cc1ccc(-c2ccc(C#N)cc2)cc1)C(=O)Cn1c(CCc2cccc(F)c2F)nc(=O)c2ccccc21,,0
CCN(CC)CCN(Cc1ccc(-c2ccc(C(F)(F)F)cc2)cc1)C(=O)Cn1c(CCc2cc(F)c(F)c(F)c2)nc(=O)c2ccccc21,,0
CCN(CC)CCN(Cc1ccc(-c2ccc(C(F)(F)F)cc2)cc1)C(=O)Cn1c(CCc2ccc(F)c(C#N)c2)nc(=O)c2ccccc21,,0
CCN(CC)CCN(Cc1ccc(-c2ccc(C(F)(F)F)cc2)cc1)C(=O)Cn1c(CCc2cccc(F)c2F)nc(=O)c2cc(C)ccc21,,0
CCN(CC)CCN(Cc1ccc(-c2ccc(C(F)(F)F)cc2)cc1)C(=O)Cn1c(CCc2cccc(F)c2F)nc(=O)c2cc(F)ccc21,,0
CCN(CC)CCN(Cc1ccc(-c2ccc(C(F)(F)F)cc2)cc1)C(=O)Cn1c(SCc2ccc(F)c(F)c2F)nc(=O)c2c1CCC2,,0
CCN(CC)CCN(Cc1ccc(-c2ccc(C(F)(F)F)cc2)cc1)C(=O)Cn1c(SCc2ccc(F)cc2)nc(=O)c2ccccc21,,0
CCN(CC)CCN(Cc1ccc(-c2ccc(C(F)(F)F)cc2)cc1)C(=O)Cn1cc(Cc2cnn(C)c2)c(=O)nc1SCc1ccc(F)cc1,,0
CCN(CC)CCN(Cc1ccc(-c2ccc(C(F)(F)F)cc2)cc1)C(=O)Cn1cc(OC)c(=O)nc1SCc1ccc(F)cc1,,0
CCN(CC)CCN(Cc1ccc(-c2ccc(C(F)(F)F)cc2)nc1)C(=O)Cn1c(SCc2ccc(F)cc2)nc(=O)c2sccc21,,0
CCN(CC)CCNC(=O)c1[nH]c2ccc(N(Cc3ccc(Br)cc3)S(=O)(=O)c3ccc(Br)cc3)cc2c1C,,0
CCN(CC)CCOc1cc2c(cc1Br)-c1cc(Br)c(OCCN(CC)CC)cc1C2=NO,,0
CCN(CC)CCOc1ccc(C)c(NC(=O)Nc2cc(OC)c(OC)c(-c3ccc(C(C)=NO)c(OC)c3)c2)c1,,0
CCN(CC)CCS(=O)(=O)c1ccc(Nc2ncc(Cl)c(Nc3ccccc3S(=O)(=O)C(C)C)n2)c(OC)c1,,0
CCN(CC)Cc1cc(C(=O)N2CCC(N3CC(CC#N)(n4cc(-c5ncnc6[nH]ccc56)cn4)C3)CC2)nc(C(F)(F)F)n1,,0
CCN(CC)c1ccc(CS[C@H]2CC(=O)C=C3CC[C@@H]4[C@H](CC[C@]5(C)C(=O)CC[C@@H]45)[C@]32C)cc1,,0
CCN(CC)c1nc2c(s1)c1c(O)c3c(O)c(C)c4c(c32)C(=O)C(C)(O/C=C/C(OC)C(C)C(OC(C)=O)C(C)C(O)C(C)C(O)C(C)=CC=CC(C)C(=O)N1)O4,,0
CCN(CC)c1ncnc2c1ncn2[C@@H]1O[C@@H](COP(=O)(O)OP(=O)(O)C(Br)(Br)P(=O)(O)O)[C@H](O)[C@@H]1O,,0
CCN(CC)c1ncnc2c1ncn2[C@@H]1O[C@H](COP(=O)(O)OP(=O)(O)C(Br)(Br)P(=O)(O)O)[C@@H](O)[C@@H]1O,,0
CCN(CC)c1ncnc2c1ncn2[C@@H]1O[C@H](COP(=O)(O)OP(=O)(O)OC(Br)(Br)P(=O)(O)O)[C@@H](O)[C@H]1O,,0
CCN(CC)c1nn2c(=N)n(CC(=O)c3cc(OCCCO)c(OC)c(C(C)(C)C)c3)nc2c(C)c1C,,0
CCN(CCCN1CCC2(CC1)OCc1ccc(F)cc12)C(=O)C(c1ccc(F)c(F)c1)N1CCN(S(C)(=O)=O)CC1=O,,0
CCN(CCNC(=O)c1ccc2cncc(I)c2n1)CCOc1cccnc1F,,0
CCN(Cc1cccc(S(=O)(=O)O)c1)c1ccc(C(=C2C=CC(=[N+](CC)Cc3cccc(S(=O)(=O)O)c3)C=C2)c2ccc(O)cc2S(=O)(=O)[O-])cc1,,0
CCN(c1cc(-c2ccc(CN3CCCN(C)CC3)cc2)cc(C(=O)NCc2c(C)cc(C)[nH]c2=O)c1C)C1CCOCC1,,0
CCN(c1cc(-c2ccc(CN3CCCN(C)CC3)cc2)cc(C(=O)NCc2c(C)cc(C)[nH]c2=O)c1C)[C@H]1CC[C@H](N(C)C)CC1,,0
CCN(c1cc(-c2ccc(N3CCN(C4CCN(C)CC4)CC3)nc2)cc(C(=O)NCc2c(C(C)C)cc(C)[nH]c2=O)c1C)C1CCOCC1,,0
CCN1/C(=C/C=C/c2sc3ccc(OCc4no[n+]([O-])c4C(N)=O)cc3[n+]2CC)Sc2ccc(OCc3no[n+]([O-])c3C(N)=O)cc21,,0
CCN1C(=O)c2cccc3c(-n4cc(CN5CCCNCCN(Cc6cn(-c7ccc8c9c(cccc79)C(=O)N(CC)C8=O)nn6)CCCNCC5)nn4)ccc(c23)C1=O,,0
CCN1CC(C)(C)Oc2nc(N3CC4CCC(C3)O4)nc(-c3ccc(NC(=O)Nc4ccc(C(=O)N5CCC(N(C)C)CC5)cc4)cc3)c2C1=O,,0
CCN1CC(C)(C)Oc2nc(N3CC4CCC(C3)O4)nc(-c3ccc(NC(=O)Nc4ccc(N5CCN(S(C)(=O)=O)CC5)cc4)c(F)c3)c2C1=O,,0
CCN1CC(C)(C)Oc2nc(N3CCOC[C@@H]3C)nc(-c3ccc(NC(=O)Nc4ccc(N5CCOCC5)cc4)c(F)c3)c2C1=O,,0
CCN1CCN(C2C(=O)c3ccccc3C(=O)C2=NS(=O)(=O)c2ccc(Br)cc2)CC1,,0
CCN1CCN(CC2SC(c3ccc(C(=O)O)cc3)N(c3ccc(Nc4nc(Oc5cc(=O)n(C)c6ccccc56)nc(N(C)C)n4)cc3)C2=O)CC1,,0
CCN1CCN(CC2SC(c3ccc(F)cc3)N(c3ccc(Nc4nc(Oc5cc(=O)n(C)c6ccccc56)nc(N(C)C)n4)cc3)C2=O)CC1,,0
CCN1CCN(Cc2ccc(NC(=O)c3ccc(C)c(NC(=O)c4cc(-c5ccc(Br)cc5)[nH]n4)c3)cc2C(F)(F)F)CC1,,0
CCN1CCN(c2cc3c(cc2F)c(=O)c(-c2nn4c(-c5cn(C6CC6)c6cc(N7CCN(CC)CC7)c(F)cc6c5=O)nnc4s2)cn3C2CC2)CC1,,0
CCN1CCN(c2cc3c(cc2F)c(=O)c(-c2nnc4sc(-c5cn(C6CC6)c6cc(N7CCN(C)CC7)c(F)cc6c5=O)nn24)cn3C2CC2)CC1,,0
CCN1CCN(c2cc3c(cc2F)c(=O)c(-c2nnc4sc(-c5cn(CC)c6cc(N7CCN(C)CC7)c(F)cc6c5=O)nn24)cn3C2CC2)CC1,,0
CCN1CCN(c2cc3c(cc2F)c(=O)c(-c2nnc4sc(-c5cn6c7c(c(N8CCN(C)CC8)c(F)cc7c5=O)OCC6C)nn24)cn3C2CC2)CC1,,0
CCN1CCN(c2ncc(-c3cccc([C@H](C)Nc4cc(-c5ccc6ncsc6c5)nc(C)n4)c3)cn2)CC1,,0
CCN1C[C@@]2(COC)[C@H]3[C@@H](OC)[C@@H]4C1[C@]3([C@@H](OC)C[C@H]2OC(C)=O)[C@@H]1C[C@]2(OC(C)=O)[C@@H](OC)C[C@@]4(OC(C)=O)[C@H]1[C@H]2OC(=O)c1ccccc1,,0
CCN1C[C@]2(COC(=O)c3ccccc3-n3c(O)cc(C)c3O)CC[C@H](OC)[C@@]34[C@@H]5C[C@H]6[C@H](OC)[C@@H]5[C@](O)(C[C@@H]6OC)[C@](O)([C@@H](OC)[C@H]23)[C@@H]14,,0
CCN1C[C@]2(COC)CC[C@H](OC)[C@]34C1[C@H]([C@H](OC)[C@H]23)[C@@]1(OC(C)=O)C[C@H](OC)[C@@]2(O)C[C@@H]4[C@@H]1C2C(=O)c1ccc(OC)cc1,,0
CCNC(=O)C1O[C@@H](n2cnc3c(N)nc(NCCc4ccc(CCC(=O)Nc5ccc(O)c([N+](=O)[O-])c5)cc4)nc32)[C@H](O)[C@@H]1O,,0
CCNC(=O)C1O[C@@H](n2cnc3c(NCC(c4ccccc4)c4ccccc4)nc(NCCc4ccc(NC(=O)CCCC[C@H]5CCSS5)cc4)nc32)[C@H](O)[C@@H]1O,,0
CCNC(=O)Nc1ccc(CCN2c3nc(N4C[C@@H]5C[C@H]4CO5)cc(=O)n3C[C@@]2(C)C(F)(F)F)cc1,,0
CCNC(=O)[C@@]1(O)[C@H](O)[C@]2(CC)C=CCN3CC[C@@]4(c5cc([C@@]6(C(=O)OC)C[C@@H]7CN(CCc8c6[nH]c6ccccc86)C[C@](O)(CC)C7)c(OC)cc5N(C)[C@@H]14)[C@@H]32,,0
CCNC(=O)c1cc2c(c(-c3cccc(-c4cccc(C(=O)N(C)C)c4)c3)n1)[C@@H](CCO)N([S+]([O-])C(C)(C)C)C2,,0
CCNC1CN(c2nc(Nc3nc(SC)cc(-c4cc(OC)c(OC)c(OC)c4)n3)nc(N3CCOC(NCC)C3)n2)CCO1,,0
CCNC1COC(OC2C(OC)OC(C)C(NOC3CC(O)C(SC(=O)c4c(C)c(C)c(OC5OC(C)C(O)C(OC)C5O)c(OC)c4OC)C(C)O3)C2O)CC1OC,,0
CCO/C=C/C(=O)O[C@H]1C=CC(=O)[C@]2(C)[C@H]3CC[C@]4(C)C([C@H](C)[C@H]5CC(C)=C(C)C(=O)O5)=C[C@H](OC(C)=O)[C@@]4(O)[C@@H]3C[C@H]3O[C@]132,,0
CCOC(=O)/C=C/[C@H](CC1CCNC1=O)NC(=O)C(Cc1ccc(F)c(F)c1)n1ccc2cc(-c3ccccc3F)[nH]c2c1=O,,0
CCOC(=O)/C=C/[C@H](CC1CCNC1=O)NC(=O)C(Cc1ccc(F)c(F)c1)n1cccc(NC(=O)c2cc(C)on2)c1=O,,0
CCOC(=O)C(C(C)=O)C(c1cccc([N+](=O)[O-])c1)c1c(O)c2ccccc2oc1=O,11.0,1
CCOC(=O)C(C)(C)N[P@](=O)(OC[C@H]1O[C@@H](n2ccc(=O)[nH]c2=O)[C@](Cl)(Br)[C@@H]1O)Oc1ccccc1,,0
CCOC(=O)C(C)NC(=O)C(Cn1cnc2c(N)ncnc21)OCP(=O)(NC(C)C(=O)OCC)NC(C)C(=O)OCC,,0
CCOC(=O)C(C)NP(=O)(OC[C@@]1(C)O[C@@H](n2ccc3c(-c4cccs4)ncnc32)[C@H](O)[C@@H]1O)Oc1ccccc1,,0
CCOC(=O)C(C)NP(=O)(OC[C@@]1(N=[N+]=[N-])O[C@@H](n2cnc3c(N)ncnc32)[C@H](O)[C@@H]1O)Oc1cccc2ccccc12,,0
CCOC(=O)C(C)NP(=O)(OC[C@H]1O[C@@H](n2ccc(N)nc2=O)[C@](C)(O)[C@@H]1O)Oc1ccccc1C(=O)OC,,0
CCOC(=O)C(C)NP(=O)(OC[C@H]1O[C@@H](n2ccc3c(-c4ccsc4)ncnc32)[C@H](O)[C@@H]1O)Oc1ccccc1,,0
CCOC(=O)C(CCC(=O)N1CCC2(CC1)CCN(c1ccc(C(N)=NO)cc1)C2=O)NS(=O)(=O)c1c(C)noc1C,,0
CCOC(=O)C(CCCCNC(C)=O)NP(=O)(OC[C@H]1O[C@@H](c2cnc3c(N)ncnn23)[C@](C)(F)[C@@H]1O)Oc1ccccc1,,0
CCOC(=O)C(CCCCn1cnc2c1N=CNCC2O)(Cc1ccccc1C(F)(F)F)C(=O)OCC,,0
CCOC(=O)C(CCc1ncnc2c1ncn2Cc1ccccc1)(CCc1ncnc2c1ncn2Cc1ccccc1)C(=O)OCC,,0
CCOC(=O)C(CS)NC(=O)Cc1c(C)n(C(=O)c2ccc(Cl)cc2)c2ccc(OC)cc12,,0
CCOC(=O)C1=C(C)N=C(C)C(C(=O)OCC)C1c1cc(Br)cc(Br)c1OCC#CCN1CCN(c2ccc(F)cc2)CC1,,0
CCOC(=O)C1=C(C)N=C(C)C(C(=O)OCC)C1c1ccc(OCC(=O)N/N=C/c2ccc(N(C)C)cc2)cc1,,0
CCOC(=O)C1=C(C)N=C(C)C(C(=O)OCC)C1c1cccc(OC)c1OCc1cn(CC(=O)Nc2nc3cc(F)ccc3s2)nn1,,0
CCOC(=O)C1=C(C)N=C(C)C(C(=O)OCCCN2C(=O)c3ccccc3S2(=O)=O)C1c1cccc(Cl)c1Cl,,0
CCOC(=O)C1=C(C)Oc2nc(C)n(Cc3cn([C@@H]4O[C@H](COC(C)=O)[C@@H](OC(C)=O)[C@H](OC(C)=O)[C@H]4OC(C)=O)nn3)c(=O)c2C1c1ccc(Br)cc1,,0
CCOC(=O)C1C(CN2CCSCC2)=NC(c2c(F)cc(F)cc2F)=NC1c1ccc(F)cc1Cl,,0
CCOC(=O)C1C2=CC3[C@@H]4CC(=O)O[C@@H](c5ccoc5)[C@]4(C)CC[C@@H]3[C@@](C)(C2=O)C(C(O)C(=O)OC)C1(C)C,,0
CCOC(=O)C1CC1c1ccc(OC)c(-c2c[nH]c([C@H](CCCCCC(=O)CC)NC(=O)C3CC34CCN(CC)CC4)n2)c1,,0
CCOC(=O)C1CCCN(C(=O)C2CCN(c3nnc(-n4cccc4)s3)CC2)C1,,0
CCOC(=O)C1CCN(c2ncnc3c2c(-c2ccccc2)cn3-c2ccc(Cl)cc2)CC1,,0
CCOC(=O)CCCSc1nc2cc(N3C(=O)C4=C(CCCC4)C3=O)c(Cl)cc2s1,,0
CCOC(=O)CCN(C(=O)c1ccc2c(c1)nc1n2CCN(C(=O)OCC(C)C)C1Cc1ccc(C(=N)NC(=O)OCC(C)C)cc1)c1ccccn1,,0
CCOC(=O)COc1ccc([C@H]2CC[C@]3(CC2)OOC2(O3)C3CC4CC(C3)CC2C4)cc1,,0
CCOC(=O)CSc1nc2c(sc(=S)n2Cc2ccco2)c(=O)n1-c1ccc(F)cc1,,0
CCOC(=O)CSc1nc2ccc(NC(=O)CSc3nnnn3Cc3ccccc3)cc2s1,,0
CCOC(=O)Cc1cc(Br)c(OCCCc2ccc(OC)cc2)c(Br)c1,,0
CCOC(=O)Cn1c2ccccc2[n+]2c(C(=O)OCC)c3c(cc12)-c1cccc2cccc-3c12,,0
CCOC(=O)N1CCN(CC(=O)Nc2nc3cc4nc(NC(=O)CN5CCN(C(=O)OCC)CC5)sc4cc3s2)CC1,,0
CCOC(=O)N1CCN(S(=O)(=O)N2CCCC(C(=O)NCc3ccc(OC)cc3OC)C2)CC1,,0
CCOC(=O)N1CCN(S(=O)(=O)c2ccc(C(=O)N(CCCN(C)C)c3nc4c(F)cc(F)cc4s3)cc2)CC1,,0
CCOC(=O)NC1C(=O)[C@]2(C)[C@@H]([C@H](C)CCC(=O)OC)CC[C@H]2[C@@H]2[C@H](OC(C)=O)C[C@@H]3C[C@H](OC(C)=O)CC[C@]3(C)[C@@H]12,,0
CCOC(=O)O[C@@H]1C=C[C@]2(O[C@H](C(CC)C(=O)C(C)[C@@H](O)[C@H](C)[C@@H]3O[C@@H](C(CC)C(=O)O)CC[C@@H]3C)[C@@H](C)C[C@H]2C)O[C@@]12CC[C@@](C)([C@H]1CC[C@](O)(CC)[C@H](C)O1)O2,,0
CCOC(=O)[C@]12CCCC=C1N(CCC1=CCCCC1)C(=O)C(CC(=O)N1CCCCC1)C2,,0
CCOC(=O)[C@]12CCCC=C1N(Cc1ccc(Cl)cc1Cl)C(=O)C(CC(=O)N1CCN(C(=O)c3ccco3)CC1)C2,,0
CCOC(=O)[C@]12CO[C@H](C(C)(C)C)N1C(=O)C(C(CC13CC4CC(C)(CC(C)(C4)C1)C3)=NC(C)CCCN(CC)CC)C2=O,,0
CCOC(=O)c1[nH]c2ccc(Br)cc2c1C=NNC(=O)c1cc[n+]([O-])cc1,,0
CCOC(=O)c1c(C(=O)Nc2nnc(S(N)(=O)=O)s2)nn(-c2cccc(NN=C(C(=O)c3ccccc3)C(=O)c3ccccc3)c2)c1-c1ccccc1,,0
CCOC(=O)c1c(C(=O)Nc2nnc(S(N)(=O)=O)s2)nn(-c2cccc(NN=C(C(C)=O)C(=O)OC(C)(C)C)c2)c1-c1ccccc1,,0
CCOC(=O)c1c(C)[nH]c2ccc(OCc3c(C(=O)OCC)c4cc(OS(=O)(=O)O)ccc4n3C(=O)OC(C)(C)C)cc12,,0
CCOC(=O)c1c(C)nc(N2CCN(S(=O)(=O)c3ccc(N)c(F)c3)CC2)nc1-c1ccc(OC)cc1,,0
CCOC(=O)c1c(C)nn(-c2ccccc2)c1OCCCOc1nc(C)cc(C)c1C#N,,0
CCOC(=O)c1c(NC(=O)c2sc(Nc3ccc(OC)cc3)nc2N(C)C)sc(C(=O)OC)c1C,,0
CCOC(=O)c1cc(-c2ccccc2)n(CC(=O)N2c3ccccc3Sc3ccccc32)n1,,0
CCOC(=O)c1cc(C(=O)/C=C/c2cc(OC)c(OC)c(OC)c2)n2cc(C)ccc12,,0
CCOC(=O)c1cc(CN(CCCl)CCCl)nn1[C@@H]1O[C@H](COC(C)=O)[C@@H](OC(C)=O)[C@H](OC(C)=O)[C@H]1OC(C)=O,,0
CCOC(=O)c1cc(Sc2cccc(C(F)(F)F)c2)nn2c(-c3cccs3)nnc12,,0
CCOC(=O)c1cc2cc(Nc3ncnc4cc(OC)c(OCCCN5CCN(C)CC5)cc34)ccc2s1,,0
CCOC(=O)c1ccc(N2CCc3c(sc(NC(=O)c4cc(S(=O)(=O)N5CCOCC5)c(Cl)cc4Cl)c3C#N)C2)cc1,,0
CCOC(=O)c1ccc2c(C(=O)NCc3ccc(F)c(F)c3)c(C(C)C)n(Cc3cccnc3)c2c1,,0
CCOC(=O)c1ccccc1NC(=O)Cn1c(=O)n(CCCC(=O)NCc2ccc3c(c2)OCO3)c(=O)c2ccccc21,,0
CCOC(=O)c1cnc(N2CCN(Cc3ccc(Br)cc3)CC2)nc1Oc1c(C)cc(-c2ccc(C#N)cc2)cc1C,,0
CCOC(=O)c1cnn(-c2ccc(-n3cc(-c4cccc(S(N)(=O)=O)c4)nn3)cc2)c1C(F)(F)F,,0
CCOC(=O)c1csc(SC2=C(C(=O)O)N3C(=O)C(=NC(=O)C(NOCCF)c4csc(N)n4)[C@H]3CC2)n1,,0
CCOC(=O)c1nc2cc(C(F)(F)F)ccc2nc1Oc1ccc(C(=O)OC)cc1,,0
CCOC(=O)c1scc(-c2ccc(C)cc2)c1S(=O)(=O)N1CCN(c2ccccc2F)CC1,,0
CCOC(OCC)c1cn([C@@H]2O[C@H](CO[Si](C)(C)C(C)(C)C)[C@@]3(OS(=O)(=O)CC3=N)[C@H]2O[Si](C)(C)C(C)(C)C)nn1,,0
CCOCCCN(C(=O)CCC(=O)Nc1cc(C)on1)C(C(=O)NC(C)(C)CC)c1cccc(OC)c1OC,,0
CCOCCCn1c(SCC(=O)Nc2ccc(C(C)C)cc2)nc2c(sc3ccccc32)c1=O,,0
CCOCCOc1cc2c(ccn2C(=O)NC)cc1Oc1ccnc(NC(=O)c2ccc(C3CN(C(C)C)C3)cc2)c1,,0
CCOCCOc1cc2c(ccn2C(=O)NC)cc1Oc1ccnc(NC(=O)c2ccc(CN3CCC[C@@H]3CO)cc2)c1,,0
CCON=C(C(=O)NC1C(=O)N2C(C(=O)[O-])=C(/C=C/C[n+]3ccc(-c4c[nH]c(C(=O)NC#N)c4C)cc3)CS[C@H]12)c1csc(N)n1,,0
CCON=C(C(=O)NC1C(=O)N2C(C(=O)[O-])=C(/C=C/C[n+]3ccc4[nH]c(C(=O)NC#N)cc4c3)CS[C@H]12)c1csc(N)n1,,0
CCON=C(C(=O)NC1C(=O)N2C(C(=O)[O-])=C(/C=C/C[n+]3ccc4sc(C(=O)NC#N)nc4c3)CS[C@H]12)c1csc(N)n1,,0
CCON=C(C(=O)NC1C(=O)N2C(C(=O)[O-])=C(/C=C/C[n+]3cccc4cc(C(=O)NC#N)ccc43)CS[C@H]12)c1csc(N)n1,,0
CCOP(=O)(F)/C=C/c1cc(OC)c(O)c(-c2cc(C=NNC(=O)c3ccncc3)cc(OC)c2O)c1,,0
CCOP(=O)(OC/C=C\[C@@]1(C)O[C@@H]2O[C@@]3(C)CC[C@H]4[C@H](C)CC[C@@H]1[C@@]24OO3)OC/C=C/[C@@]1(C)O[C@@H]2O[C@@]3(C)CC[C@H]4[C@H](C)CC[C@@H]1[C@@]24OO3,,0
CCOP(=O)(OCC)[C@@H]1CC(C(=O)Nc2cc3c4c(cccc4c2)C(=O)N(CCN(C)C)C3=O)ON1C,,0
CCOP(=O)(OCC)[C@@H]1C[C@@H](CN2C(=O)c3cccc4cc(NC(C)=O)cc(c34)C2=O)ON1C,,0
CCOP(=S)(Nn1c(O)cs/c1=N/[C@@H]1O[C@H](COC(C)=O)[C@@H](OC(C)=O)[C@H](OC(C)=O)[C@H]1OC(C)=O)OCC,,0
CCOS(=O)(=O)/C=C/c1ccc(O[C@H]2CNC[C@H]2Oc2ccc(/C=C/S(=O)(=O)OCC)cc2)cc1,,0
CCO[C@H]1CN(c2cccc(-c3cccc(Cl)c3OCc3cc(C)c4c(c3)CCN(C3CCOCC3)C4)n2)CCC1C(=O)O,,0
CCO[C@]12C[C@H](OC(=O)N1)[C@@H](C)[C@@H]1O[C@@]1(C)[C@@H](OC(=O)C(C)N(C)C(=O)C(C)C)CC(=O)N(C)c1cc(cc(OC)c1Cl)C/C(C)=C/C=C/[C@H]2OC,,0
CCOc1cc(/C=N/Nc2nc(O)c(CC(=O)O)s2)ccc1OCc1ccc(Cl)cc1Cl,,0
CCOc1cc(C(=O)NCCCN2CCN(c3cccc(Cl)c3)CC2)ccc1-c1nc2cc(Cl)c(F)cc2[nH]1,,0
CCOc1cc(C(C)(C)C)ccc1C1=N[C@@H](c2ccc(Cl)cc2)[C@@H](c2ccc(Cl)cc2)N1C(=O)N1CCN(CC#Cc2cccc3c2CN(C2CCC(=O)NC2=O)C3=O)CC1,,0
CCOc1cc(N2CCN(CCS(C)(=O)=O)CC2)c(C)cc1Nc1nccc(-c2c(-c3cccc(C(=O)Nc4c(F)cccc4F)c3)nc3ccccn23)n1,,0
CCOc1cc([C@H](CS(C)(=O)=O)N2C(=O)c3cccc(NC(=O)OCCOCCOCCOC)c3C2=O)ccc1OC,,0
CCOc1cc2[nH]c(=O)n(CCCCC(=O)N3CCN(c4cccc(Cl)c4)CC3)c(=O)c2cc1OCC,,0
CCOc1cc2cc(-c3c(C)nc(NCC(F)(F)F)nc3N[C@@H]3C[C@H](CO)[C@@H](O)[C@H]3O)oc2c(C)n1,,0
CCOc1cc2nc(CCC(C)(C)C(=O)NCCOCCOCCNc3cccc4c3C(=O)N(C3CCC(=O)NC3=O)C4=O)n(C)c2cc1NC(=O)c1cccc(C(F)(F)F)n1,,0
CCOc1ccc(-c2cc(C#N)ccc2COCc2cncn2Cc2ccc(C#N)cc2)cc1,,0
CCOc1ccc(-c2nc(N)c(C(=O)c3cc(OC)c(OC)c(OC)c3)s2)cc1,,0
CCOc1ccc(-n2c(CSc3nnc(-c4ccccc4)n3-c3ccccc3)n[nH]c2=S)cc1,,0
CCOc1ccc(-n2c(SCC(=O)Nc3ccc(OC)cc3OC)nc3c(c2=O)SCC3)cc1,,0
CCOc1ccc(C(=O)C2C(=O)C(=O)N(CCN(C)C)C2c2cc(OC)ccc2OC)cc1Cl,,0
CCOc1ccc(C(=O)OC[C@H]2O[C@@H]3[C@H](Oc4nc(=N)ccn43)[C@@H]2OC(=O)c2ccc(OCC)cc2)cc1,,0
CCOc1ccc(CC(=O)O)cc1-c1ccc(F)c2c1CN(C(=O)CC(C)c1ccc(F)cc1)CC2,,0
CCOc1ccc(CCNC(=O)c2cc(=O)[nH]c3ccc(S(=O)(=O)N4CCCCC4)cc23)cc1OCC,,0
CCOc1ccc(CCNC(=O)c2cc(=O)[nH]c3ccc(S(=O)(=O)N4CCCCC4C)cc23)cc1OCC,,0
CCOc1ccc(CNC(=O)Cn2nc(C)c3nn(-c4ccc(Cl)cc4)c(C)c3c2=O)cc1OC,,0
CCOc1ccc(Cc2cc([C@]34OC[C@](COC(C)=O)(O3)[C@@H](OC(C)=O)[C@H](OC(C)=O)[C@H]4OC(C)=O)ccc2Cl)cc1,,0
CCOc1ccc(NC(=O)CN(C)C(=O)c2cn(-c3ccc(C)cc3)nc2-c2cccc(OC)c2)cc1OCC,,0
CCOc1ccc(NC(=O)Cn2c(=O)n(Cc3ccc4c(c3)OCO4)c(=O)c3ccc(C(=O)NC4CCCCC4)cc32)cc1,,0
CCOc1ccc(Nc2nc(Nc3nc4cc(Cl)c(Cl)cc4[nH]3)nc3c2CCCC3)cc1CN(CC)CC,,0
CCOc1ccc(OCC)c(NC(=O)CN(c2ccc(OC)cc2)S(=O)(=O)c2c(C)noc2C)c1,,0
CCOc1ccc2c(c1)Oc1cc(O)ccc1C21c2ccccc2C(=O)N1/N=C/c1ccc(Cl)cc1,,0
CCOc1ccc2cc(C3CC(c4ccco4)=NN3S(C)(=O)=O)c(Cl)nc2c1,,0
CCOc1ccc2nc(NC(=O)C(=O)C3C(=O)C(CC4C(=O)c5ccccc5C4=O)C(=O)CC3(C)C)sc2c1,,0
CCOc1ccc2nc(NC(=O)COc3cc(/C=C\c4cc(OC)c(OC)c(OC)c4)ccc3OC)sc2c1,,0
CCOc1cccc(-n2cc(C(=O)N3CCN(c4cc(C(=O)O)c5ccccc5c4)C[C@@H]3CNS(C)(=O)=O)nc2-c2ccc(C)cc2)c1,,0
CCOc1cccc(-n2cc(C(=O)N3CCN(c4cc(C(=O)O)c5ccccc5c4)C[C@H]3CNS(C)(=O)=O)nc2-c2ccc(C)cc2F)c1,,0
CCOc1ccccc1-c1noc(CSc2nnc(-c3ccccc3)n2-c2ccc(F)cc2)n1,,0
CCOc1ccccc1C(=O)Oc1c(S(=O)(=O)c2ccc(C)cc2)c(C)nn1-c1ccccc1,,0
CCOc1ccccc1N1CCN(C(=O)c2c(-c3c(F)cccc3Cl)noc2C)CC1,,0
CCOc1ccccc1N1CCN(CC(O)CSc2nnc(-c3ccc(Br)cc3)c3ccccc23)CC1,,0
CCOc1ccccc1N1CCN(CCCCn2ncc(N3CCN(CC4COc5ccccc5O4)CC3)c(Cl)c2=O)CC1,,0
CCOc1ccccc1NC(=O)CNC(=O)c1nn(-c2ccc(OC)c(OC)c2)c(=O)c2ccccc12,,0
CCOc1ccccc1NC(=O)CSc1nc2cc(OC)c(OC)cc2c2nc(CCn3c(C)nc4ccccc43)nn12,,0
CCOc1ccccc1Nc1sc(C(=O)c2ccccc2)c(N)c1C(=O)Nc1ccc(F)cc1,,0
CCOc1ccccc1[C@H](C)CC1(O)C(C)=C[C@@H](OC(C)=O)[C@@]2(C)C1CC[C@]1(C)C2[C@H](OC(C)=O)[C@H](OC(C)=O)[C@@]2([C@@H](C)OC(C)=O)COCC=CC12,,0
CCOc1nc2c(OCc3c(C)ccc(N(C)C(=O)C=NC(=O)CCc4ccc(C(=O)NC)cc4)c3C)cccc2n1C,,0
CCS(=O)(=O)NCc1nnc(Cn2c(SCc3ccc(F)cc3)nc(=O)c3c2CCC3)n1Cc1ccc(-c2ccc(C(F)(F)F)cc2)cc1,,0
CC[C@@H](C)C1C(=O)OC(C(C)C)C(=O)N(C)C([C@H](C)CC)C(=O)OC(C(C)C)C(=O)N(C)C(CC2CCCCC2)C(=O)OC(C(C)C)C(=O)N1C,,0
CC[C@@H](C)Oc1cc2c(cc1OC)CC(=O)N(c1ccc(C(C)N(C)C3CCNCC3)cc1)C2c1ccc(Cl)cc1,,0
CC[C@@H](C)[C@H]1O[C@]2(CC[C@@H]1C)C[C@@H]1C[C@@H](C/C=C(\C)[C@@H](O[C@H]3C[C@H](OC)[C@@H](O[C@H]4C[C@H](OC)[C@@H](O)[C@H](C)O4)[C@H](C)O3)[C@@H](C)/C=C/C=C3\CO[C@@H]4[C@H](O)C(C)=CC(C(=O)O1)[C@]34O)O2,,0
CC[C@@H](C)n1ncn(-c2ccc(N3CCN(c4ccc(OC[C@@H]5CO[C@](Cn6cncn6)(c6ccc(Cl)cc6Cl)O5)cc4)CC3)cc2)c1=O,,0
CC[C@@H](c1sc2c(c1C)CN(Cc1c(C)cc(C)[nH]c1=O)CC2)C1CCN(Cc2ccnc(OC)c2)CC1,,0
CC[C@@H]1C[C@H](N(Cc2cc(C(F)(F)F)cc(C(F)(F)F)c2)c2ncc(N3CCOCC3)cn2)C[C@H](CC)N1C(=O)OC1CCC(C(=O)O)CC1,,0
CC[C@@H]1OC(=O)C(C)[C@H](O[C@@H]2C[C@](C)(OC)[C@H](O)[C@H](C)O2)[C@H](C)[C@H](O[C@@H]2O[C@@H](C)C[C@@H](N(C)C)[C@@H]2O)[C@](C)(O)CC(C)C(=O)C(C)[C@H](O)[C@]1(C)O,,0
CC[C@@](C)(OC(C)=O)C(=O)O[C@H]1[C@H](O)C[C@@H]2[C@@](C)([C@@H]3C[C@H]4C=CO[C@H]4O3)[C@H](C)C[C@H](OC(C)=O)[C@@]2(COC(C)=O)[C@@]12CO2,,0
CC[C@@]1(CC2C[C@@]3(C(=O)OC)c4[nH]c5ccccc5c4CCN3C2=S)COC2(CCCCC2)O1,,0
CC[C@@]1(O)C(=O)OCc2c1cc1n(c2=O)Cc2c-1nc1ccccc1c2/C=N/c1ccccc1N[C@@H]1c2cc3c(cc2[C@@H](c2cc(OC)c(O)c(OC)c2)C2C(=O)OC[C@@H]21)OCO3,,0
CC[C@@]1(O)C[C@H](OC2CC(N(C)C)C(OC3CC(O)C(OC4CCC(=O)C(C)O4)C(C)O3)C(C)O2)c2c(cc3c(c2O)C(=O)c2c(O)cccc2C3=O)C1C(=O)OC,,0
CC[C@@]1(O)C[C@H](O[C@@H]2O[C@@H](C)[C@H](OC(C)=O)[C@@H](OC(C)=O)[C@H]2OC(C)=O)C2=C(C(=O)c3c(c(O)c4c(O)cccc4c3O)C2=O)C1C(=O)OC,,0
CC[C@@]1(OC(=O)CCCCNC(=S)NC(=O)c2ccc(F)cc2)C(=O)OCc2c1cc1n(c2=O)Cc2cc3ccccc3nc2-1,,0
CC[C@@]1(OC(=O)CNC(=S)NC(=O)c2ccc(I)cc2)C(=O)OCc2c1cc1n(c2=O)Cc2cc3ccccc3nc2-1,,0
CC[C@@]1(OC(=O)NCCO[C@@H]2O[C@H](CO)[C@@H](O)[C@H](O)[C@H]2O)C(=O)OCc2c1cc1n(c2=O)Cc2cc3ccccc3nc2-1,,0
CC[C@@]1([C@@H]2O[C@@H]([C@H]3O[C@@](O)(COC(=O)NCCc4ccccc4)[C@H](C)C[C@@H]3C)C[C@@H]2C)CC[C@H]([C@]2(C)CC[C@]3(C[C@H](O)[C@@H](C)[C@@H]([C@@H](C)[C@@H](OC)C(C)C(=O)O)O3)O2)O1,,0
CC[C@@]1([C@@H]2O[C@@H]([C@H]3O[C@@](O)(COC(=O)Nc4ccc(Cl)cc4)[C@H](C)C[C@@H]3C)C[C@@H]2C)CC[C@H]([C@]2(C)CC[C@]3(C[C@H](O)[C@@H](C)[C@@H]([C@@H](C)[C@@H](OC)C(C)C(=O)O)O3)O2)O1,,0
CC[C@@]12CC(C(=O)OC)=C3N=C4C(=CC(=O)C(OC)=C4OC)[C@@]34CCN([C@H](c3ccc5c(c3)[C@@]36CCN7C[C@H]8O[C@H]8[C@@](CC)(CC[C@@H]3N5C)[C@H]76)[C@H]3O[C@H]31)[C@H]42,,0
CC[C@H](C)C(C(=O)NC1CCc2cccc3c2N(C1=O)C(C(=O)NC(CC(=O)O)C(=O)CSCc1ccc(F)cc1)C3)N(C)C(C)=O,,0
CC[C@H](C)[C@@H]1NC(=O)c2csc(n2)[C@@H](C(C)C)NC(=O)C2N=C(O[C@@H]2C)[C@H]([C@@H](C)CC)NC(=O)c2csc(n2)[C@@H](C(C)C)NC(=O)C2COC1=N2,,0
CC[C@H](C)[C@H]1O[C@]2(CC[C@@H]1C)C[C@@H]1C[C@@H](C/C=C(\C)[C@@H](O[C@H]3C[C@H](OC)[C@@H](O[C@H]4C[C@H](OC)[C@@H](O)[C@H](C)O4)[C@H](C)O3)[C@@H](C)/C=C/C=C3\CO[C@@H]4[C@H](O)C(C)=CC(C(=O)O1)[C@]34O)O2,,0
CC[C@H](OC)[C@@H](C)[C@H]1O[C@@H]1[C@H](OC(C)=O)[C@H](C)/C=C/C=C(\C)[C@H]1OC(=O)C[C@H](O)CC[C@@](C)(O)[C@@H](OC(C)=O)/C=C/[C@@H]1C,,0
CC[C@H]1C2=Cc3[nH]c4c(c3C)C(=O)C=C4c3[nH]c(c(C)c3CCC(=O)OC)C=c3[nH]c(c(C(C)OCc4cccc(I)c4)c3C)=CC(=N2)[C@@H]1C,,0
CC[C@H]1C=CCC[C@@]2(C[C@@H]3CC[C@@H]4C(C(=O)OCCCCCCCCCCCCCCC(=O)O)[C@]5(CCC[C@@H](C)O5)N=C(N2)N34)O1,,0
CC[C@H]1CCC[C@H](OC(=O)C[n+]2cccc(C(N)=O)c2)C(C)C(=O)C2=CC3[C@@H](C=C[C@@H]4C[C@@H](O[C@@H]5O[C@@H](C)[C@H](OC)[C@@H](OC)[C@H]5OC)C[C@@H]34)[C@@H]2CC(=O)O1,,0
CC[C@H]1CCC[C@H](OC(=O)C[n+]2ccccc2)C(C)C(=O)C2=CC3[C@@H](C=C[C@@H]4C[C@@H](O[C@@H]5O[C@@H](C)[C@H](OC)[C@@H](OC)[C@H]5OC)C[C@@H]34)[C@@H]2CC(=O)O1,,0
CC[C@H]1CCC[C@H](O[C@H]2CC[C@H]([N+](C)(C)C)[C@@H](C)O2)C(C)C(=O)C2=CC3[C@@H](C=C[C@@H]4C[C@@H](O[C@@H]5O[C@@H](C)[C@H](OC)[C@@H](OC)[C@H]5OC)C[C@@H]34)[C@@H]2CC(=O)O1,,0
CC[C@H]1CN2CCc3cc(OC)c(OC)cc3[C@@H]2C[C@@H]1C[C@@H]1c2cc(OC)c(OC)cc2CCN1C(=O)/C=C(/C)C(=O)O,,0
CC[C@H]1CN2CCc3cc(OC)c(OC)cc3[C@@H]2C[C@@H]1C[C@@H]1c2cc(OC)c(OC)cc2CCN1C(=O)C(C)[C@@H](OC)[C@@H]1CCCN1,,0
CC[C@H]1CN2CCc3cc(OC)c(OC)cc3[C@@H]2C[C@@H]1C[C@@H]1c2cc(OC)c(OC)cc2CCN1C(=S)SCC(=O)c1ccc(Cl)cc1,,0
CC[C@H]1OC(=O)/C(C)=C/[C@H](C)[C@@H](O[C@@H]2O[C@H](C)C[C@H](N(C)C)[C@H]2O)[C@@](C)(OC)CC(C)C(=O)C(C)[C@H]2N(C(C)C)C(=O)O[C@]12C,,0
CC[C@H]1OC(=O)/C(C)=C/[C@H](C)[C@@H](O[C@@H]2O[C@H](C)C[C@H](N(C)C)[C@H]2O)[C@@](C)(OC)CC(C)C(=O)C(C)[C@H]2N(CCc3ccc(F)cc3)C(=O)O[C@]12C,,0
CC[C@H]1OC(=O)/C(C)=C/[C@H](C)[C@@H](O[C@@H]2O[C@H](C)C[C@H](N(C)C)[C@H]2O)[C@@](C)(OC)CC(C)C(=O)C(C)[C@H]2N(N)C(=O)O[C@]12C,,0
CC[C@H]1OC(=O)/C(C)=C/[C@H](C)[C@@H](O[C@@H]2O[C@H](C)C[C@H](N(C)C)[C@H]2O)[C@@](C)(OC)CC(C)C(=O)C(C)[C@H]2N(NCC=Cc3ccc(N)cc3)C(=O)O[C@]12C,,0
CC[C@H]1OC(=O)C(C)C(=O)C(C)[C@@H](OC2O[C@H](C)C[C@H](N(C)C)[C@H]2O)[C@@](C)(OCC#Cc2ccc(-c3nnn(C)n3)s2)C[C@@H](C)/C(=N\OC)[C@H](C)[C@H]2NC(=O)O[C@@]21C,,0
CC[C@H]1OC(=O)C(C)C(=O)C(C)[C@@H](O[C@@H]2O[C@H](C)C[C@H](N(C)C)[C@H]2O)[C@@](C)(OC)CC(C)C(=O)C(C)[C@H]2N(CCCSc3nc(C)cc(C)n3)C(=O)O[C@]12C,,0
CC[C@H]1OC(=O)C(C)C(=O)C(C)[C@@H](O[C@@H]2O[C@H](C)C[C@H](N(C)C)[C@H]2O)[C@@](C)(OCC#Cc2cccnc2)C[C@@H](C)C2=NCCN3C(=O)O[C@@]1(C)[C@H]3[C@H]2C,,0
CC[C@H]1OC(=O)C(C)C(=O)C(C)[C@@H](O[C@@H]2O[C@H](C)C[C@H](N(C)C)[C@H]2O)[C@@]2(C)CC(C)C(=O)C(C)[C@@H](OC/C(=N\OCc3ccc(-n4cccn4)nc3)CO2)[C@]1(C)O,,0
CC[C@H]1OC(=O)C(C)C(=O)C(C)[C@@H](O[C@@H]2O[C@H](C)C[C@H](N(C)C)[C@H]2O)[C@@]2(C)C[C@@H](C)/C(=N\C(C)=O)[C@H](C)[C@@H](OC/C(=N\OCc3ccc(-n4cccn4)nc3)CO2)[C@]1(C)O,,0
CC[C@H]1OC(=O)C(C)C(=O)C(C)[C@@H](O[C@@H]2O[C@H](C)C[C@H](N(C)C)[C@H]2O)[C@](C)(OC(=O)NC/C=C/c2ccc(-c3ncccn3)cc2)CC(C)C(=O)C(C)[C@H]2NC(=O)O[C@@]21C,,0
CC[C@H]1OC(=O)C(C)C(=O)C(C)[C@@H](O[C@@H]2O[C@H](C)C[C@H](N(C)C)[C@H]2O)[C@](C)(OC)CC(C)C(=O)C(C)[C@@H](OC(=O)NCCNC(=O)/C=C/c2ccc(F)cc2)[C@]1(C)O,,0
CC[C@H]1OC(=O)C(C)C(=O)C(C)[C@@H](O[C@@H]2O[C@H](C)C[C@H](N(C)C)[C@H]2O)[C@](C)(OC)CC(C)C(=O)C(C)[C@H]2C(NC(=O)CCc3ccc4ccccc4c3)C(=O)O[C@@]21C,,0
CC[C@H]1OC(=O)C(C)C(=O)C(C)[C@@H](O[C@@H]2O[C@H](C)C[C@H](N(C)C)[C@H]2O)[C@](C)(OC)CC(C)C(=O)C(C)[C@H]2C(NC(=O)CCc3ccncc3)C(=O)O[C@@]21C,,0
CC[C@H]1OC(=O)C(C)C(=O)C(C)[C@@H](O[C@@H]2O[C@H](C)C[C@H](N(C)C)[C@H]2O)[C@](C)(OC)CC(C)C(=O)C(C)[C@H]2N(CNC(=O)NCc3ccc4nccnc4c3)C(=O)O[C@]12C,,0
CC[C@H]1OC(=O)C(C)C(=O)C(C)[C@@H](O[C@@H]2O[C@H](C)C[C@H](N(C)C)[C@H]2O)[C@](C)(OC)C[C@@H](C)/C(=N\OCC#Cc2ccc3[nH]ccc3c2)[C@H](C)[C@H]2OC(=O)O[C@@]21C,,0
CC[C@H]1OC(=O)C(C)C(=O)C(C)[C@@H](O[C@@H]2O[C@H](C)C[C@H](N(C)C)[C@H]2O)[C@](C)(OC/C=C/c2ccc3cccnc3c2)CC(C)C(=O)C(C)[C@H]2NC(=O)O[C@@]21C,,0
CC[C@H]1OC(=O)C(C)C(=O)C(C)[C@@H](O[C@@H]2O[C@H](C)C[C@H](N(C)C)[C@H]2O)[C@](C)(OC/C=C/c2cccc3cnccc23)CC(C)C(=O)C(C)[C@H]2NC(=O)O[C@@]21C,,0
CC[C@H]1OC(=O)C(C)C(=O)C(C)[C@@H](O[C@@H]2O[C@H](C)C[C@H](N(C)C)[C@H]2O)[C@](C)(OC/C=C/c2cnc3ccccc3c2)C[C@@H](C)NC(=O)C(C)[C@@H]2OC(=O)O[C@]12C,,0
CC[C@H]1OC(=O)C(C)C(=O)C(C)[C@@H](O[C@@H]2O[C@H](C)C[C@H](N(C)C)[C@H]2O)[C@](C)(OCC(O)CNCCCCc2ccccc2)C[C@@H](C)NC(=O)C(C)[C@@H](O)[C@]1(C)O,,0
CC[C@H]1OC(=O)C(C)C(=O)C(C)[C@@H](O[C@@H]2O[C@H](C)C[C@H](N(C)C)[C@H]2O)[C@](C)(OCC(O)CNCCCCc2ccccn2)C[C@@H](C)NC(=O)C(C)[C@@H](O)[C@]1(C)O,,0
CC[C@H]1OC(=O)C(C)C(=O)C(C)[C@@H](O[C@@H]2O[C@H](C)C[C@H](N(C)C)[C@H]2O)[C@](C)(OCC(O)CNCCCCc2cccnc2)C[C@@H](C)NC(=O)C(C)[C@@H](O)[C@]1(C)O,,0
CC[C@H]1OC(=O)C(C)C(=O)C(C)[C@@H](O[C@@H]2O[C@H](C)C[C@H]([N+](C)(C)[O-])[C@H]2O)[C@](C)(OCC2CO2)C[C@@H](C)NC(=O)C(C)[C@@H](O)[C@]1(C)O,,0
CC[C@H]1OC(=O)C(C)[C@@H](O)[C@H](C)[C@@H](O)[C@](C)(O)C[C@@H](C)CN(CCCNCc2cnc3ccccc3c2)[C@H](C)[C@@H](O)[C@]1(C)O,,0
CC[C@H]1OC(=O)C(C)[C@@H](O)[C@H](C)[C@@H](OCc2cn(CCN=C(N)NC(=O)NC)nn2)[C@](C)(O)C[C@@H](C)[C@@H]2OC(C)(C)O[C@H]([C@H]2C)C1(C)C,,0
CC[C@H]1OC(=O)C(C)[C@@H](O)[C@H](C)[C@@H](O[C@@H]2O[C@H](C)C[C@H](N(C)C)[C@H]2O)[C@](C)(O)C[C@@H](C)CN(CCCNC(=S)NCCc2ccccc2)[C@H](C)[C@@H](O)[C@]1(C)O,,0
CC[C@H]1OC(=O)C(C)[C@@H](O)[C@H](C)[C@@H](O[C@@H]2O[C@H](C)C[C@H](N(C)C)[C@H]2O)[C@](C)(O)C[C@@H](C)CN(CCCNCc2cccnc2)[C@H](C)[C@@H](O)[C@]1(C)O,,0
CC[C@H]1OC(=O)C(C)[C@@H](O)[C@H](C)[C@@H](O[C@@H]2O[C@H](C)C[C@H](N(C)C)[C@H]2O)[C@](C)(OC)C[C@@H](C)/C(=N\OC/C=C/c2cnc3ccccc3c2)[C@H](C)[C@H]2OC(=O)O[C@@]21C,,0
CC[C@H]1OC(=O)C(C)[C@@H](O)[C@H](C)[C@@H](O[C@@H]2O[C@H](C)C[C@H](N(C)C)[C@H]2O)[C@](C)(OC)C[C@@H](C)CN2/C(=N\Cc3ccccc3)O[C@H]([C@H]2C)[C@]1(C)O,,0
CC[C@H]1OC(=O)C(C)[C@@H](O)[C@H](C)[C@@H](O[C@@H]2O[C@H](C)C[C@H](N(C)C)[C@H]2OC(=O)Nc2cccc(OC)c2)[C@](C)(O)C[C@@H](C)CN(C)[C@H](C)[C@H]2OC(=O)O[C@@]21C,,0
CC[C@H]1OC(=O)C(C)[C@@H](OC(=O)Cc2ccccc2)[C@H](C)[C@@H](O[C@@H]2O[C@H](C)C[C@H](N(C)C)[C@H]2O)[C@@](C)(OC)CC(C)C(=O)C(C)[C@@H](O)[C@]1(C)O,,0
CC[C@H]1OC(=O)C(C)[C@@H](OC(=O)Cc2ccccn2)[C@H](C)[C@@H](O[C@@H]2O[C@H](C)C[C@H](N(C)C)[C@H]2O)[C@](C)(OC)C[C@@H](C)/C(=N\OCC#Cc2cccnc2)[C@H](C)[C@H]2OC(=O)O[C@@]21C,,0
CC[C@H]1OC(=O)C(C)[C@@H](OC(=O)Cc2cccnc2)[C@H](C)[C@@H](OC2O[C@H](C)C[C@H](N(C)C)[C@H]2O)[C@@](C)(OC)C[C@@H](C)C(=NO)[C@H](C)[C@H]2OC(=O)O[C@@]21C,,0
CC[C@H]1OC(=O)C(C)[C@@H](OC(=O)N2CC(C)(C)C[C@@H]2c2ccccc2Cl)[C@H](C)[C@@H](O[C@@H]2O[C@H](C)C[C@H](N(C)C)[C@H]2O)[C@](C)(OC)CC(C)C(=O)C(C)[C@H]2NC(=O)O[C@@]21C,,0
CC[C@H]1OC(=O)C(C)[C@@H](OC(=O)N2CCCC2)[C@H](C)[C@@H](O[C@@H]2O[C@H](C)C[C@H](N(C)C)[C@H]2O)[C@](C)(OC)CC(C)C(=O)C(C)[C@H]2NC(=O)O[C@@]21C,,0
CC[C@H]1OC(=O)C(C)[C@@H](OC(=O)NCc2ccco2)[C@H](C)[C@@H](O[C@@H]2O[C@H](C)C[C@H](N(C)C)[C@H]2O)[C@](C)(OC)C[C@@H](C)/C(=N/OCc2ccccc2Cl)[C@H](C)[C@@H](O)[C@]1(C)O,,0
CC[C@H]1OC(=O)C(C)[C@@H](OC/C=C/c2cncnc2)[C@H](C)[C@@H](O[C@@H]2O[C@H](C)C[C@H](N(C)C)[C@H]2O)[C@](C)(OC)C[C@@H](C)/C(=N\OCc2ccccc2)[C@H](C)[C@H]2OC(=O)O[C@@]21C,,0
CC[C@H]1OC(=O)C(C)[C@@H](OC2CC(C)(O)C(O)C(C)O2)[C@H](C)[C@@H](OC2OC(C)CC(N(C)C)C2O)[C@](C)(OC)CC(C)C(=O)C(C)[C@@H](O)[C@]1(C)O,,0
CC[C@H]1OC(=O)C(C)[C@@H](OCCCc2cncnc2)[C@H](C)[C@@H](O[C@@H]2O[C@H](C)C[C@H](N(C)C)[C@H]2O)[C@](C)(OC)C[C@@H](C)/C(=N\OCc2ccccc2Cl)[C@H](C)[C@H]2OC(=O)O[C@@]21C,,0
CC[C@H]1OC(=O)C(C)[C@@H](OCc2cn(CCO)nn2)[C@H](C)[C@@H](O[C@@H]2O[C@H](C)C[C@H](N(C)C)[C@H]2O)[C@@]2(C)CC(C)=C(O2)[C@H](C)[C@@H](OC(=O)C(C)C)[C@]1(C)OC(=O)C(C)C,,0
CC[C@H]1OC(=O)C(C)[C@@H](O[C@H]2C[C@@](C)(OC)[C@@H](O)[C@H](C)O2)[C@H](C)[C@@H](O[C@@H]2O[C@H](C)C[C@H](N(C)C(C)C)[C@H]2O)[C@](C)(O)C[C@@H](C)[C@H](OCC(N)=O)[C@H](C)[C@@H](O)[C@]1(C)O,,0
CC[C@H]1OC(=O)C(C)[C@@H](O[C@H]2C[C@@](C)(OC)[C@@H](O)[C@H](C)O2)[C@H](C)[C@@H](O[C@@H]2O[C@H](C)C[C@H](N(C)C)[C@H]2O)[C@](C)(O)C[C@@H](C)N(C)C[C@H](C)[C@@H](O)[C@]1(C)O,,0
CC[C@H]1OC(=O)C(C)[C@@H](O[C@H]2C[C@@](C)(OC)[C@@H](O)[C@H](C)O2)[C@H](C)[C@@H](O[C@@H]2O[C@H](C)C[C@H](N(C)C)[C@H]2O)[C@](C)(OC)CC(C)C(=O)N[C@H](C)[C@@H](O)[C@]1(C)O,,0
CC[C@H]1OC(=O)C(C)[C@@H](O[C@H]2C[C@@](C)(OC)[C@@H](O)[C@H](C)O2)[C@H](C)[C@@H](O[C@@H]2O[C@H](C)C[C@H](N(C)CCO)[C@H]2O)[C@](C)(O)C[C@@H](C)[C@H](O)[C@H](C)[C@@H](O)[C@]1(C)O,,0
CC[C@H]1OC(=O)C(C)[C@@H](O[C@H]2C[C@@](C)(OC)[C@@H](O)[C@H](C)O2)[C@H](C)[C@@H](O[C@@H]2O[C@H](C)C[C@H]3[C@H]2O/C(=N\C(C)(C)C)N3C)[C@](C)(OC)CC(C)C(=O)N[C@H](C)[C@@H](O)[C@]1(C)O,,0
CC[C@H]1OC(=O)C(C)[C@@H](O[C@H]2C[C@@](C)(OC)[C@@H](O)[C@H](C)O2)[C@H](C)[C@@H](O[C@@H]2O[C@H](C)C[C@H]3[C@H]2OC(=O)N3C)[C@](C)(O)C[C@@H](C)CN(C)[C@H](C)[C@@H]2OC(=O)O[C@]12C,,0
CC[C@H]1OC(=O)C(C)[C@@]2(O)O[C@@](C)(C[C@@H](C)/C(=N\OCOCCOC)[C@H](C)[C@@H](O)[C@]1(C)O)[C@H](O[C@@H]1O[C@H](C)C[C@H](N(C)C)[C@H]1O)[C@H]2C,,0
CC[C@H]1OC(=O)C(C)[C@H]2OC3(CCN(C(=O)c4ccc[nH]4)CC3)O[C@](C)(C[C@@H](C)CN[C@H](C)[C@@H](O)[C@]1(C)O)[C@H](O[C@@H]1O[C@H](C)C[C@H](N(C)C)[C@H]1O)[C@H]2C,,0
CC[C@H]1OC(=O)CC(=O)C(C)[C@@H](O[C@@H]2O[C@@H](C)[C@@H](O)[C@@H](N(C)C)[C@H]2O)[C@H]2C[C@@H](O)[C@](C)(C2)C(=O)C=CC(C)=CC1CO[C@@H]1O[C@@H](C)[C@@H](O)[C@@H](OC)[C@@H]1OC,,0
CC[C@H]1OC(=O)C[C@@H](O)[C@H](C)[C@@H](O[C@@H]2O[C@H](C)[C@@H](O)[C@H](N(C)C)[C@H]2O)[C@@H](CC=O)CC(C)C(=O)C=CC(C)=CC1CO[C@@H]1O[C@H](C)[C@@H](O)[C@@H](OC)[C@H]1OC,,0
CC[C@H]1OC(=O)C[C@@H](O)[C@H](C)[C@@H](O[C@@H]2O[C@H](C)[C@@H](O)[C@H](N(C)C)[C@H]2O)[C@@H](CCN2CCCCC2)CC(C)C(=O)C=CC(C)=CC1CN1CCCCC1,,0
CC[C@H]1OC(=O)[C@@](C)(F)C(=O)C(C)[C@@H](O[C@@H]2O[C@H](C)C[C@H](N(C)C)[C@H]2O)[C@@](C)(OCC#Cc2ccc(-c3nnn(C)n3)s2)C[C@@H](C)C2=NCCN3C(=O)O[C@@]1(C)[C@H]3[C@H]2C,,0
CC[C@H]1OC(=O)[C@@](C)(F)C(=O)C(C)[C@@H](O[C@@H]2O[C@H](C)C[C@H](N(C)C)[C@H]2O)[C@](C)(OC)CC(C)C(=O)C(C)[C@H]2N(CCCCn3cc(-c4ccsc4)nn3)C(=O)O[C@]12C,,0
CC[C@H]1OC(=O)[C@@](C)(F)C(=O)C(C)[C@@H](O[C@@H]2O[C@H](C)C[C@H](N(C)C)[C@H]2O)[C@](C)(OC)C[C@@H](C)/C(=N\OCC#Cc2cncc(NC(C)=O)c2)[C@H](C)[C@H]2OC(=O)O[C@@]21C,,0
CC[C@H]1OC(=O)[C@@](C)(F)C(=O)C(C)[C@@H](O[C@@H]2O[C@H](C)C[C@H](N(C)C)[C@H]2O)[C@](C)(OC/C=C/c2cncc(C(=O)O)c2)C[C@@H](C)/C(=N\OC)[C@H](C)[C@H]2OC(=O)O[C@@]21C,,0
CC[C@H]1OC(=O)[C@@](C)(F)C(=O)C(C)[C@@H](O[C@@H]2O[C@H](C)C[C@H](N(C)C)[C@H]2O)[C@](C)(OCC#Cc2cc(-c3cccnn3)no2)CC(C)C(=O)C(C)[C@H]2NC(=O)O[C@@]21C,,0
CC[C@H]1O[C@@H]2O[C@H](/C=C/C=C/C=C/c3oc(=O)cc(OC/C=C(\C)C(=O)OC)c3C)[C@H](O)[C@]2(C)[C@@]1(C)O,,0
CC[C@]1(O)C[C@@H]2CN(CCc3c([nH]c4ccccc34)[C@@](C(=O)OC)(c3cc4c(cc3OC)N(C)C3C45CCN4CC=C[C@](CC)(C45)[C@@H](O)[C@]3(O)C(=O)OC)C2)C1,,0
CC[C@]1(O)C[C@@H]2CN(CCc3c([nH]c4ccccc34)[C@@](C(=O)OC)(c3cc4c(cc3OC)N(C)C3C45CCN4CC=C[C@](CC)(C45)[C@@H](OC(=O)C4CCCN4)[C@]3(O)C(=O)OC)C2)C1,,0
CC[C@]1(O)C[C@@H]2CN(CCc3c([nH]c4ccccc34)[C@@](C(=O)OC)(c3cc4c(cc3OC)N(C)C3C45CCN4CC=C[C@](CC)(C45)[C@@H](OC(=O)CN)[C@]3(O)C(=O)OC)C2)C1,,0
CC[C@]1(O)C[C@@H]2CN(CCc3c([nH]c4ccccc34)[C@@](C(=O)OC)(c3cc4c(cc3OC)N(C)[C@H]3[C@]5(O)C(=O)N(C)CCC5[C@@H]5CCCN6CC[C@]43C56)C2)C1,,0
CC[C@]1(O)C[C@@H]2C[C@](C(=O)OC)(c3cc4c(cc3OC)N(C)[C@H]3[C@@](O)(C(N)=O)[C@H](O)[C@]5(CC)C=CCN6CC[C@]43[C@@H]65)c3[nH]c4ccccc4c3CC[N+]([O-])(C2)C1,,0
CC[C@]1(O)C[C@H]2CN(CCc3c([nH]c4ccccc34)[C@@](C(=O)OC)(c3cc4c(cc3OC)N(C)[C@H]3[C@@](O)(C(=O)NCCN)[C@H](O)[C@]5(CC)C=CCN6CC[C@]43[C@@H]65)C2)C1,,0
CC[C@]1(O)C[C@H]2CN(CCc3c([nH]c4ccccc34)[C@@](C(=O)OC)(c3cc4c(cc3OC)N(C)[C@H]3[C@@](O)(C(=O)NCCO)[C@H](O)[C@]5(CC)C=CCN6CC[C@]43[C@@H]65)C2)C1,,0
CC[C@]1(O)C[C@H]2CN(CCc3c([nH]c4ccccc34)[C@@](C(=O)OC)(c3cc4c(cc3OC)N(C)[C@H]3[C@@](O)(C(=O)OC)[C@H](O)[C@]5(CC)C=CCN6CC[C@]43[C@@H]65)C2)C1,,0
CC[C@]12C=CCN3CC[C@@]4(c5cc([C@@]6(C(=O)OC)C[C@@H]7C=C(C)CN(C7)c7c6[nH]c6ccccc76)c(OC)cc5N(C)[C@H]4[C@@](O)(C(=O)OC)[C@@H]1OC(C)=O)[C@@H]32,,0
CC[C@]12C=CCN3CC[C@]4(C(=Nc5cc(O)c([C@@H]6C[C@]78c9ccccc9N[C@@]79CC[C@]7(C=CCN6[C@@H]78)CC9C(=O)OC)cc54)C(C(=O)OC)C1)[C@@H]32,,0
CC[C@]12CN3CCc4c([nH]c5ccccc45)[C@@](C(=O)OC)(c4cc5c(cc4OC)N(C=O)[C@H]4[C@@](O)(C(=O)OC)[C@H](OC(C)=O)[C@]6(CC)C=CCN7CC[C@]54[C@@H]76)C[C@@H](C3)[C@H]1O2,,0
CC[C@]12c3[nH]c4cc(-c5ccco5)ccc4c3CCN1C(=O)C(CC(=O)NCc1ccc(OC)c(OC)c1)CC2C(=O)N1CCN(C(=O)C2CC2)CC1,,0
CC[C@]12c3[nH]c4cc(CCC(=O)N(C)C)ccc4c3CCN1C(=O)C(CC(=O)NC/C=C(\C)CCC=C(C)C)CC2C(=O)N1CCN(C(=O)C2CC2)CC1,,0
CC[C@]12c3[nH]c4ccc(OC)cc4c3CCN1C(=O)C(CC(=O)NC/C=C(\C)CCC=C(C)C)CC2C(=O)N1CCN(C(=O)c2ccco2)CC1,,0
CC[C@]12c3[nH]c4ccc(OC)cc4c3CCN1C(=O)C(CC(=O)NCCC1=CCCCC1)CC2C(=O)N1CCN(C(=O)c2ccco2)CC1,,0
CC[C@]12c3[nH]c4ccc(OC)cc4c3CCN1C(=O)C(CC(=O)NCc1cccc(C(F)(F)F)c1)CC2C(=O)N1CCN(C(=O)c2ccco2)CC1,,0
CC[C@]12c3[nH]c4ccccc4c3CCN1C(=O)C(CC(=O)NCCC1=CCCCC1)CC2C(=O)N1CCN(C(=O)c2ccco2)CC1,,0
CC[N+](CC)(CC)CC[N+](CC)(CC)CCCCC(=O)O[C@H]1C[C@H](n2cc(C)c(=O)[nH]c2=O)O[C@@H]1COP(=O)([O-])[O-],,0
CCc1c(C)c2[nH]c1cc1nc(cc3[nH]c4c(c5nc(c2C=O)[C@@H](C)[C@@H]5CCC(=O)NC(CC(=O)OC(C)(C)C)C(=O)OC(C)(C)C)CCc4c3C)C(=O)C1(C)CC,,0
CCc1c(C2CC2)nc([C@@H](C)N(CCS(=O)(=O)CC)C(=O)Cc2ccc(F)c(C(F)(F)F)c2)n1-c1ccc(C#N)cc1,,0
CCc1c(CCCC(=O)O)cccc1-c1nsc(-c2ccc(OC(C)C)c(C(F)(F)F)c2)n1,,0
CCc1c(CCN(C)CC(=O)O)cccc1-c1nsc(-c2ccc(OC(C)C)c(C(F)(F)F)c2)n1,,0
CCc1c2[n+](cc3c(OCc4ccc(Cl)nc4)c(OC)ccc13)CCc1cc(OC)c(OC)cc1-2,,0
CCc1c2c(nc3ccc(O)cc13)-c1cc3c(c(=O)n1C2)COC(=O)[C@@]3(CC)OC(=O)CNC(=O)CNc1cc(-n2nc(C(F)(F)F)c3c2CC(C)(C)CC3=O)ccc1C(N)=O,,0
CCc1c2c(nc3ccccc13)-c1cc3c(c(=O)n1C2)COC(=O)[C@@]3(CC)OC(=O)CCCC[C@@H]1SC[C@@H]2NC(=O)N[C@@H]21,,0
CCc1c2nc(c(-c3ccc(OC)c(C[N+](C)(C)C)c3)c3ccc([nH]3)c(CC)c3ccc([nH]3)c(-c3ccc(OC)c(C[N+](C)(C)C)c3)c3nc1C=C3)C=C2,,0
CCc1cc(-c2noc(-c3cc(C)nc(OC4CCCC4)c3)n2)cc(C)c1OC[C@@H](O)CNC(=O)CO,,0
CCc1cc(-c2noc(-c3cc(OC)nc(C4CCCCC4)c3)n2)cc(C)c1OC[C@@H](O)CNC(=O)CO,,0
CCc1cc(Nc2cc(=O)n(CCCCN3CCN(c4c(F)cc5c(=O)c(C(=O)O)cn(C6CC6)c5c4F)CC3C)c(=O)[nH]2)ccc1C,,0
CCc1cc2c(=O)n(CC(OC(C)=O)c3ccc(OC)cc3)c(=O)n(Cc3ccc(-c4ccccc4-c4nc(=O)o[nH]4)cc3F)c2s1,,0
CCc1cc2c(c(OCCF)c(C(=O)NC3CCN(C(=O)CO)CC3)n2C)c(=O)n1CC(=O)c1ccccc1,,0
CCc1ccc(-c2cn(CCNC(=O)O[C@@H]3C(C)C(=O)C(C)C[C@@](C)(OC)[C@H](O[C@H]4O[C@@H](C)C[C@@H](N(C)C)[C@@H]4O)C(C)C(=O)C(C)C(=O)O[C@H](CC)[C@@]3(C)O)nn2)cc1,,0
CCc1ccc(-n2nc(C)c3c(C(=O)N4CCN(c5cccc(Cl)c5)CC4)cc(C)nc32)cc1,,0
CCc1ccc(Cc2ccc(CC)c(NC(=O)C(=O)Cc3nc4ccccc4nc3C)c2CC)c(CC)c1NC(=O)C(=O)Cc1nc2ccccc2nc1C,,0
CCc1ccc([C@@H]2C[C@H]3C(CN2S(=O)(=O)c2ccc(C)cc2)C(=O)C[C@@H](c2ccccc2)N3S(=O)(=O)c2ccc(C)cc2)cc1,,0
CCc1ccc2c(c1)c(-c1ccc[nH]c1=O)c(C(=O)NS(=O)(=O)C1CC1)n2Cc1cc(S(C)(=O)=O)c(Cl)cc1F,,0
CCc1cccc(NC(=O)Cn2c(=O)n(CCC(=O)NCc3ccccc3Cl)c(=O)c3sccc32)c1,,0
CCc1ccccc1/N=C1\S/C(=C\c2ccc(OCC(=O)O)c(OC)c2)C(=O)N1c1ccccc1CC,,0
CCc1ccccc1NC(=O)Cn1c(=O)n(Cc2ccc3c(c2)OCO3)c(=O)c2ccc(C(=O)NC3CCCCC3)cc21,,0
CCc1cnc(N2CCC(n3ncc4c(C)c(-c5ccc(S(C)(=O)=O)cc5)ccc43)CC2)nc1,,0
CCc1n[nH]c(Nc2cc(C(=O)N3CCC(c4ccc(C#N)cc4)CC3)ccc2C)n1,,0
CCc1nc(N)nc(N)c1-c1ccc(Cl)c(/N=N/N(CCOC(C)=O)Cc2cc(OC)cc(OC)c2)c1,,0
CCc1nc(N)nc(N)c1-c1ccc2c(c1)N(CCOCC(F)(F)F)C(=O)C(C)(c1cc(F)cc(F)c1)O2,,0
CCc1nc2c(OCc3cc(Cl)cc(Cl)c3)cccn2c1N(C)C(=O)c1cccc(OC)c1,,0
CCc1nc2ccc(NC(=O)N(C)C(C)C)cc2c(=O)n1Cc1ccc(-c2ccccc2S(=O)(=O)NC(=O)OCCC2CC2)cc1F,,0
CCc1ncnc(-c2ccc(C(=O)N3CCN(CCN(C)C)CC3)c(F)c2)c1C#Cc1ccc(N)nc1,,0
CCc1nn2c(-c3ccc4ccccc4c3)c(-c3cc(OC)c(OC)c(OC)c3)nc2s1,,0
CCc1onc(-c2ccc(CC(=O)O)cc2Cl)c1C(=O)NCCOc1ccc(Cl)cc1Cl,,0
CCc1sc(CN(CCCNc2cc(=O)c3ccccc3[nH]2)Cc2sc(CC)c(Br)c2-c2ccsc2)c(-c2ccsc2)c1Br,,0
CCn1c(=O)/c(=C2\Sc3cccc(F)c3N2C)s/c1=C\c1scc[n+]1Cc1ccc(CNC(=O)CCCC[C@@H]2SC[C@@H]3NC(=O)N[C@@H]32)cc1,,0
CCn1c(C(=O)N(C2CC2)C2CC2)cc2c3c(ncn3C)c(Nc3nc(C)c(C(=O)N4CCS(=O)(=O)CC4)s3)nc21,,0
CCn1c(C(=O)NCCCO)ccc1C(CC)(CC)c1ccc(OCS(=O)(=O)c2ccccc2)c(C)c1,,0
CCn1c(CCCOc2ccc(Cl)cc2Cl)nnc1SCC(=O)Nc1cccc(F)c1,,0
CCn1c(CNc2ccc(C(=N)N)cc2F)nc2cc(C(=O)N(CCC(=O)O)c3ccc(F)c(F)c3)ccc21,,0
CCn1c(SCC(=O)Nc2oc(-c3ccccc3)c(-c3ccccc3)c2C#N)nnc1-c1cc(OC)cc(OC)c1,,0
CCn1c2ccccc2c2cc(NC(=O)c3cccnc3N3CCN(c4ccccc4)CC3)ccc21,,0
CCn1cc(-c2n[nH]c(SCc3nnc(-c4cc(OC)c(OC)c(OC)c4)o3)n2)c(=O)c2cc(F)c(N3CCN(C)CC3)cc21,,0
CCn1cc(C(=O)O)c(=O)c2cc(F)c(-n3cc(CO[C@H]4O[C@@H](C)[C@H](OC(C)=O)[C@@H](OC(C)=O)[C@H]4OC(C)=O)nn3)c(F)c21,,0
CCn1cc(C(=O)O)c(=O)c2cc(F)c(N3CCN(C(=O)CCC(=O)O[C@H]4O[C@@H]5O[C@@]6(C)CC[C@H]7[C@H](C)CC[C@@H]([C@H]4C)[C@@]57OO6)CC3)cc21,,0
CCn1cc(C(=O)O)c(=O)c2cc(F)c(N3CCN(C(=O)CNC(=O)c4cn(CC)c5cc6c(cc5c4=O)OCO6)CC3)cc21,,0
CCn1cc(C(=O)O)c(=O)c2cnc(N3CCN(C(=S)Nc4cc(OC)ccc4OC)CC3)nc21,,0
CCn1ccc(Nc2ncc3c(n2)-c2c(nn(C)c2-c2ccc(-c4cnn(CCN5CCN(CCO)CC5)c4)cc2)CC3)n1,,0
CCn1nc(C)cc1C(=O)Nc1nc2cc(C(N)=O)ccc2n1CCCCn1c(NC(=O)c2cc(C)nn2CC)nc2cc(C(N)=O)ccc21,,0
CCn1nnc2c(N3CCOCC3)nc(-c3ccc(NC(=O)Nc4ccc(C(=O)NCCN5CCN(C)CC5)cc4)cc3)nc21,,0
CN(C(=O)CCOCCOCCNc1cccc2c1C(=O)N(C1CCC(=O)NC1=O)C2=O)[C@H]1CC[C@@]2(C)[C@@H](CC[C@@H]3[C@@H]2CC[C@]2(C)[C@@H](c4ccc5ccncc5c4)CC[C@@H]32)C1,,0
CN(C(=O)CN(CC(=O)NC[C@H]1CCCN1)c1cc(Cl)ccc1Oc1ccc(Cl)cc1)C1Cc2ccccc2C1,,0
CN(C(=O)CO)c1c(I)c(C(=O)NCC(O)CO)c(I)c(C(=O)NCC(O)CO)c1I,,0
CN(C(=O)Cc1ccc(Cl)c(Cl)c1)[C@H](CN1CCCC1)c1cccc(NC(=S)Nc2ccc(-c3c4ccc(=O)cc-4oc4cc(O)ccc34)c(C(=O)O)c2)c1,,0
CN(C(=O)c1ccc(NC(=O)Cc2cccc(NC(=O)C3CCCN(C(=O)C4CC4)C3)c2)cc1)C1CC1,,0
CN(C(CO)C(=O)N(Cc1ccc(C2CCCCC2)cc1)c1ccc(C(=O)O)c(O)c1)S(=O)(=O)c1c(F)c(F)c(F)c(F)c1F,,0
CN(C)C(=O)C1(N2CCCCC2)CCN(CCC2(c3ccc(Cl)c(Cl)c3)CN(C(=O)c3ccccc3)CCO2)CC1,,0
CN(C)C(=O)CCc1ccc2c3c([nH]c2c1)[C@]1(CCc2ccccc2)C(C(=O)N2CCCCC2)CC(CC(=O)NCCC2=CCCCC2)C(=O)N1CC3,,0
CN(C)C(=O)CCc1ccc2c3c([nH]c2c1)[C@]1(CCc2ccccc2)C(C(=O)N2CCCCC2)CC(CC(=O)NCCc2ccccn2)C(=O)N1CC3,,0
CN(C)C(=O)CO[C@H]1/C=C/CCN(C)C(=O)C[C@](O)(C(=O)NS(=O)(=O)N(C)C)c2ccc3c(c2)N(C[C@@H]2CC[C@H]21)C[C@@]1(CCCc2cc(Cl)ccc21)CO3,,0
CN(C)C(=O)COc1ccc2ncc(F)c(CCC34CCC(NCc5ccc6c(n5)NC(=O)CO6)(CC3)CO4)c2n1,,0
CN(C)C(=O)NCCCN(C)C1=Nc2ccccc2C(CC(=O)NCc2ccc(F)cc2)N1c1ccc(-c2ccccc2)cc1,,0
CN(C)C(=O)c1cc2ccc(Nc3nccc(-c4cc(C(C)(C)C#N)ccn4)n3)cc2[nH]1,,0
CN(C)C(=O)c1cc2cnc(Nc3ccc(C(=O)N4CC5CCC(C4)N5C)cn3)nc2n1C1CCCC1,,0
CN(C)C(=O)c1cc2cnc(Nc3ccc(C(=O)NCCCCCN=C=S)cc3O)nc2n1C1CCCC1,,0
CN(C)C(=O)c1ccc(N(Cc2ccccn2)C(=O)c2cc(Cl)c(O)cc2O)cc1,,0
CN(C)C(=O)n1cc(/C(=N/OC(=O)C[N+](C)(C)C)c2ccn3c2CS[C@@H]3c2cccnc2)c2ccc(-c3ccc(F)cc3)cc21,,0
CN(C)C(=O)n1cc(C(=O)c2ccn3c2CS[C@@H]3c2ccc[n+](COC(=O)c3ccccc3)c2)c2ccc(-c3ccc(F)cc3)cc21,,0
CN(C)C1(Cc2ccccc2)CCN(c2cc(C(F)(F)F)ccc2CNC(=O)Nc2ccc3c(c2)OCC3)CC1,,0
CN(C)CC#Cc1ccc(OCCCc2sc(N3CCc4cccc(C(=O)Nc5nc6ccccc6s5)c4C3)nc2C(=O)O)cc1F,,0
CN(C)CC(=O)N1CC2CC1CN2c1c(C(=O)C2CC2)cnc2ccc(-c3cc(F)c(O)c(Cl)c3)cc12,,0
CN(C)CC(C)(C)COc1ccnc2ccc(C#CCNC(=O)c3cccn(Cc4ccc(F)c(F)c4)c3=O)cc12,,0
CN(C)CCCN(C)C(=O)CN1C(=O)C(CC(=O)NCc2cccc3ccccc23)S[C@@H]1c1ccc(Cl)cc1Cl,,0
CN(C)CCCN(C)c1ccc([N+](=O)[O-])cc1S(=O)(=O)N(C)/N=C/c1cnn2ccc(C#N)cc12,,0
CN(C)CCCNC(=O)CC1CC(C(=O)N2CCCCC2)[C@@]2(C)c3[nH]c4cc(CCC(=O)N(C)C)ccc4c3CCN2C1=O,,0
CN(C)CCCNC(=O)CC1CC(C(=O)N2CCOCC2)[C@@]2(CCC3CCCC3)c3[nH]c4cc(-c5ccco5)ccc4c3CCN2C1=O,,0
CN(C)CCCNC(=O)c1cc(NC(=O)c2cc(NC(=O)c3cc(N=C(N)c4cc5ccccc5cn4)cn3C)cn2C)cn1C,,0
CN(C)CCCNc1ccc(S(=O)(=O)NC(=O)c2nc(N3CCc4cccc(C(=O)Nc5nc6ccccc6s5)c4C3)sc2CCCc2ccccc2)cc1[N+](=O)[O-],,0
CN(C)CCOc1ccc(CC(C[C@H](O)[C@H](Cc2ccccc2)NC(=O)OC(C)(C)C)C(=O)NC2c3ccccc3C[C@H]2O)cc1,9.0,1
CN(C)CCOc1ccc(CCn2cc(CNCc3cn(CCc4ccc(OCCN(C)C)c(Br)c4)nn3)nn2)cc1Br,,0
CN(C)CCn1cc(-c2ccc(F)c(C(F)(F)F)c2)nc1C1CCN(c2ncnc(N)c2-c2ccc(F)cc2)CC1,,0
CN(C)S(=O)(=O)NC[C@H]1O[C@@H](n2c(SCC(=O)NCCc3ccc(Cl)c(Cl)c3)nc3c(N)ncnc32)[C@H](O)[C@@H]1O,,0
CN(C)S(=O)(=O)n1cc(CC(=NC(=O)c2ccccc2Cl)C(=O)NCCCn2ccnc2)c2ccccc21,,0
CN(C)c1ccc(/C=C/c2cc(I)cc(/C=C/c3ccc(N(C)C)cc3)c2)cc1,,0
CN(C)c1ccc(/N=C/c2nc(-c3ccccc3)oc2OC(=O)c2cccc(Br)c2)cc1,,0
CN(C)c1cccc(NC(=O)NC2N=C(c3ccccc3)c3ccccc3N(CC(=O)N(C)c3ccccc3)C2=O)c1,,0
CN(C)c1cccc2c(S(=O)(=O)NCCCCC(NC(=O)c3ccc(N(C)Cc4cnc5nc(N)nc(N)c5n4)cc3)C(=O)O)cccc12,,0
CN(C)c1cccc2c(S(=O)(=O)Oc3ccc4cc(O[C@@H]5OC[C@@H](O)[C@H](O)[C@H]5O)ccc4c3)cccc12,,0
CN(C)c1ccnc2ccc(-c3cnc(Cl)c(NS(=O)(=O)c4ccc(F)cc4)c3)cc12,,0
CN(C)c1ncc(-c2ccccc2C2CCCN(C(=O)c3ccc(OC(F)(F)F)cc3)C2)cn1,,0
CN(CC(O)CO)C(=O)c1c(I)c(C(N)=O)c(I)c(C(=O)NCC(O)CO)c1I,,0
CN(CCCCCl)P(=O)(OCC1=CC(=O)c2ccccc2C1=O)OC[C@H]1O[C@@H](n2cc(F)c(=O)[nH]c2=O)C[C@@H]1O,,0
CN(CCCN(C)CCN1C(=O)c2cccc3c2c(cc2occc23)C1=O)CCN1C(=O)c2cccc3c2c(cc2occc23)C1=O,,0
CN(CCCN(Cc1ccc(Cl)cc1)c1ccc(Br)cn1)C(=S)NCCCc1c[nH]cn1,,0
CN(CCCN1C(=O)c2cccc([N+](=O)[O-])c2C1=O)CCCN1C(=O)c2cccc([N+](=O)[O-])c2C1=O,,0
CN(CCCN1c2ccccc2CCc2ccccc21)CCOCCOCCN(C)CCCN1c2ccccc2CCc2ccccc21,,0
CN(CCCNC(=O)c1nn(-c2ccc(Cl)cc2Cl)c2c1ccc1ccccc12)CCCNC(=O)c1nn(-c2ccc(Cl)cc2Cl)c2c1ccc1ccccc12,,0
CN(CCCn1c2c(c3ccccc3c1=O)C(=O)c1ccccc1-2)CCCn1c2c(c3ccccc3c1=O)C(=O)c1ccccc1-2,,0
CN(CCN(C)CC(O)c1cc(C(F)(F)F)nc2c(C(F)(F)F)cccc12)CC(O)c1cc(C(F)(F)F)nc2c(C(F)(F)F)cccc12,,0
CN(CCN1CC2CN(CCc3ccc(F)c(F)c3)CC(C1)O2)S(=O)(=O)c1ccc(C#N)cc1,,0
CN(CCN1CC2CN(CCc3ccc(F)cc3F)CC(C1)O2)S(=O)(=O)c1ccc(C#N)cc1,,0
CN(CCN1CCCC1)Cc1nnc(Cn2c(SCc3ccc(F)cc3)nc(=O)c3c2CCC3)n1Cc1ccc(-c2ccc(C(F)(F)F)cc2)cc1,,0
CN(CCN1CCCCC1)Cc1nnc(Cn2c(SCc3ccc(F)cc3)nc(=O)c3c2CCC3)n1Cc1ccc(-c2ccc(C(F)(F)F)cc2)cc1,,0
CN(CCNC(=O)c1cn(C)c2c1ccc1cc(Cl)ccc12)CCNC(=O)c1cn(C)c2c1ccc1cc(Cl)ccc12,,0
CN(CCOC(=O)CCCCC(=O)OCCN(C)CCn1nc2c3c(cccc31)C(=O)c1c(Cl)cccc1-2)CCn1nc2c3c(cccc31)C(=O)c1c(Cl)cccc1-2,,0
CN(C[C@@H](CCN1CCC(c2cc(Br)ccc2[S+](C)[O-])CC1)c1ccc(Cl)c(Cl)c1)C(=O)c1cc(C#N)cc2ccccc12,,0
CN(Cc1ccc(-c2ccc(Cl)cc2)cc1)C(=O)Cn1cc(Cc2cnc(N3CCOCC3)nc2)c(=O)nc1SCc1ccc(F)cc1,,0
CN(Cc1ccc(Oc2ccc(F)cc2)cc1)C(=O)C1C(C(=O)O)C(C(=O)O)C1C(=O)N(C)Cc1ccc(Oc2ccc(F)cc2)cc1,,0
CN(c1ccc(Cl)cc1)c1cc[n+](Cc2cc(C[n+]3ccc(N(C)c4ccc(Cl)cc4)cc3)cc(C[n+]3ccc(N(C)c4ccc(Cl)cc4)cc3)c2)cc1,,0
CN1C(=O)CN(C(=O)c2ccc(N3CC(F)(F)C3)c(OCC3CC3)n2)[C@@H]1C(C)(C)C,,0
CN1C(=O)[C@@]2(CO)SS[C@@]1(Cc1cn([C@]34C[C@@]56SS[C@](CO)(C(=O)N5[C@H]3Nc3ccccc34)N(C)C6=O)c3ccccc13)C(=O)N2C,,0
CN1C(=O)[C@]2(Cc3cn([C@]45C[C@@]67SSS[C@@](CO)(C(=O)N6[C@H]4Nc4ccccc45)N(C)C7=O)c4ccccc34)SS[C@@]1(CO)C(=O)N2C,,0
CN1C(NC[C@H]2CN(c3ccc(N4CCN(C(=O)/C=C/c5ccc(-c6ccc(Cl)cc6)o5)CC4)c(F)c3)C(=O)O2)=NS(=O)(=O)c2ccccc21,,0
CN1C2CCC1C(C(=O)Nc1ccc(NC(=O)C3C4CCC(C[C@@H]3c3ccc(Cl)cc3)N4C)cc1)[C@@H](c1ccc(Cl)cc1)C2,,0
CN1CC(Nc2ccc(S(=O)(=O)NC(=O)c3ccc(N4CCN(CC5=C(c6ccc(Cl)cc6)CC(C)(C)CC5)CC4)cc3Oc3cnc4[nH]ccc4c3)cc2[N+](=O)[O-])CC1=O,,0
CN1CCC(C(=O)N2C/C(=C\c3ccc(Cl)cc3)C(=O)[C@@]3(C2)[C@H](c2ccc(Cl)cc2)CN(C)[C@]32C(=O)Nc3ccccc32)[C@@]12C(=O)Nc1ccccc12,,0
CN1CCC(CN2CCN(c3ncc4ncnc(Nc5cc(C(=O)Nc6cc(C(C)(C)C)on6)ccc5F)c4n3)CC2)CC1,,0
CN1CCC(NC(=O)c2ccc3c(C4CCCC4)c(-c4nccs4)n(C)c3c2)(C(=O)Nc2ccc(C=CC(=O)O)cc2)CC1,,0
CN1CCCC1c1ccc[n+](CCCc2ccc(-c3ccc(CCC[n+]4cccc(C5CCCN5C)c4)cc3)cc2)c1,,0
CN1CCC[C@H]1COc1nc2c(c(N3CCN(C(=O)/C=C/CF)[C@@H](CC#N)C3)n1)CCN(c1cccc3cccc(Cl)c13)C2,,0
CN1CCC[C@H]1c1ccc[n+](CCCC#Cc2cc(C#CCCC[n+]3cccc([C@@H]4CCCN4C)c3)cc(C#CCCC[n+]3cccc([C@@H]4CCCN4C)c3)c2)c1,,0
CN1CCN(CCCCn2c3ccc(-c4nc5cc(N6CCN(C)CC6)ccc5[nH]4)cc3c3cc(-c4nc5cc(N6CCN(C)CC6)ccc5[nH]4)ccc32)CC1,,0
CN1CCN(CCCCn2c3ccc(-c4nc5cc(N6CCN(CCO)CC6)ccc5[nH]4)cc3c3cc(-c4nc5cc(N6CCN(CCO)CC6)ccc5[nH]4)ccc32)CC1,,0
CN1CCN(CCCN(C(=O)Nc2ccc(F)c(Cl)c2)C2CCc3ccc(S(C)(=O)=O)cc3C2)CC1,,0
CN1CCN(CCCN2N=C3/C(=C/c4ccc([S+](C)[O-])cc4)CSCC3C2c2ccc([S+](C)[O-])cc2)CC1,,0
CN1CCN(CCCOc2ccc(N3C(=O)/C(=C/c4ccc(Oc5ccc(S(C)(=O)=O)cc5)cc4)SC3=S)cc2)CC1,,0
CN1CCN(CCc2cn(S(=O)(=O)c3ccccc3Br)c3ccc(Br)cc23)CC1,,0
CN1CCN(Cc2ccc(-c3cc4c(-c5cccc(-n6ncc7cc(C8CC8)ccc7c6=O)c5CO)ncnc4[nH]3)cc2)CC1,,0
CN1CCN(Cn2nc(CN3C(=O)CSc4ccccc43)n(/N=C/c3ccccc3)c2=S)CC1,,0
CN1CCN(S(=O)(=O)c2ccc(C3=CC4C(=Nc5ccc(OCc6cccc(F)c6)c(Cl)c5)N=CNC4S3)cc2)CC1,,0
CN1CCN(c2cc3c(nc2F)c(=O)c(-c2nnc4sc(-c5cn(C6CC6)c6cc(N7CCNCC7)c(F)cc6c5=O)nn24)cn3C2CC2)CC1,,0
CN1CCN(c2ccc(/C=C/c3cnc(/C=C/c4ccc(N5CCN(C)CC5)cc4)cn3)cc2)CC1,,0
CN1CCN(c2ccc(CNc3cc(-c4cccc(-n5ccc6cc(C7CC7)cc(F)c6c5=O)c4CO)cn(C)c3=O)cc2)CC1,,0
CN1CCN(c2ccc(Nc3ncc4nc(Nc5ccc(F)cc5)n([C@H]5CCN(S(=O)(=O)C6CC6)C5)c4n3)cc2)CC1,,0
CN1CCN(c2ccc3c(c2)CN(C(=O)O[C@@H]2CC4C(=O)N[C@]5(C(=O)NS(=O)(=O)C6CC6)C[C@H]5/C=C\CCCCCC(NC(=O)OC(C)(C)C)C(=O)N4C2)C3)CC1,,0
CN1CCOc2cc(Br)c(Sc3nc4c(N)ncnc4n3CCC3CCN(C=O)CC3)cc21,,0
CN1CCc2cc(N(C(=O)c3cc(-c4cc5c(cc4C(=O)N4Cc6ccccc6C[C@H]4CN4CCOCC4)OCO5)n4c3COCC4)c3ccc(O)cc3)ccc21,,0
CN1[C@H](CC(=O)NCc2ccccc2)[C@]2(O)CC[C@]13[C@H]1Cc4ccc(O)c5c4[C@]3(CCN1CC1CC1)[C@H]2O5,,0
CN1c2cccc(n2)N(C)c2cccc(n2)N(C)c2cccc(n2)N(C)c2cccc(n2)N(C)c2cccc(n2)N(C)c2cccc(n2)N(C)c2cccc(n2)N(C)c2cccc1n2,,0
CN1c2cccnc2N(C)c2nc(CNCCCNCC3=NC4C(C=C3)N(C)c3ncccc3N4C)ccc21,,0
CN=C(CCNC(=O)c1cc(NC(=O)c2cc(NC(=O)c3cc(NC(=O)/C=C/c4ccc(N(CCCl)CCCl)cc4)cn3C)cn2C)cn1C)NC,,0
CNC(=O)C(C)Cn1cnc2ccc(-c3cnc(C(F)(F)F)c(NS(=O)(=O)c4ccc(F)cc4Cl)c3)cc2c1=O,,0
CNC(=O)Cn1nc2c(c1C(C)C)C(c1ccc(Cl)cc1C)N(c1cccc(Cl)c1F)C2=O,,0
CNC(=O)OC[C@H]1O[C@@H](n2cnc3c(NC(=O)Nc4ccc(OC)cc4)ncnc32)[C@H](O[Si](C)(C)C(C)(C)C)[C@@H]1O[Si](C)(C)C(C)(C)C,,0
CNC(=O)OC[C@H]1O[C@@H](n2cnc3c(NC(=O)Nc4ccc([N+](=O)[O-])cc4)ncnc32)[C@H](O[Si](C)(C)C(C)(C)C)[C@@H]1O[Si](C)(C)C(C)(C)C,,0
CNC(=O)[C@@]12C[C@@H]1[C@@H](n1cnc3c(NCc4cccc(Cl)c4)nc(C#CCCCCc4cn(CCCCCCNC5SCC6NC(=O)NC65)nn4)nc31)[C@H](O)[C@@H]2O,,0
CNC(=O)[C@]12C[C@H]1[C@@H](n1cnc3c(NCc4cccc(Cl)c4)nc(C#CCCCCC(=O)NCCN)nc31)[C@@H](O)[C@H]2O,,0
CNC(=O)c1cc(Cl)cc(C)c1NC(=O)c1cc(COC(=O)CCCCl)nn1-c1ncccc1Cl,,0
CNC(=O)c1ccc(-c2ccc(N3C(=O)N(c4cc(OC)ncn4)C4(CCN(Cc5ncccc5C)CC4)C3=O)cc2)cc1,,0
CNC(=O)c1ccc(-c2ccccc2NS(C)(=O)=O)cc1O[C@@H]1CCN(C(=O)c2ccc(Br)s2)C1,,0
CNC(=O)c1ccc(/C=C/C(=O)NCc2cn(-c3ccc(Cl)c(COc4cccc5c(OCc6ccccn6)cc(C)nc45)c3Cl)nn2)cc1,,0
CNC(=O)c1ccc(C(OCCCCCCn2cc(C)c(=O)[nH]c2=O)(c2ccccc2)c2ccccc2)cc1,,0
CNC(=O)c1ccc(CCC(=O)N=CC(=O)N(C)c2ccc(C(=O)NC)c(COc3cccc4ccc(C)nc34)c2C(=O)NC)cn1,,0
CNC(=O)c1ccc(CCC(=O)N=CC(=O)N(C)c2ccc(Cl)c(COc3cccc4c(N5CCOCC5)cc(C)nc34)c2Cl)cn1,,0
CNC(=O)c1ccc(CCC(=O)N=CC(=O)N(C)c2ccc(Cl)c(COc3cccc4c(OC)cc(C)nc34)c2Cl)cc1,,0
CNC(=O)c1ccc(CCC(=O)N=CC(=O)N(C)c2ccc(Cl)c(COc3cccc4ccc(C)nc34)c2Cl)cn1,,0
CNC(=O)c1ccc(CCC(=O)N=CC(=O)N(C)c2ccc(Cl)c(COc3cccc4ncc(C)nc34)c2Cl)cc1,,0
CNC(=O)c1ccc(Nc2nnc(-c3ccc(C)c(S(=O)(=O)N4CCOCC4)c3)c3ccccc23)cc1,,0
CNC(=O)c1cn(C[C@H](F)CCc2ccc(NC(=O)Cc3cc(C(F)(F)F)cc(C)n3)nn2)nn1,,0
CNC(CCN(C)CCc1cc(OC)c(Br)cc1Br)C(=O)N(C)CCCN(C)CCc1cc(OC)c(Br)cc1Br,,0
CNCC(=O)OCc1c(F)cccc1N(C)C(=O)OC(C)[n+]1cnn(C[C@](O)(c2cc(F)ccc2F)C(C)c2nc(-c3ccc(C#N)cc3)cs2)c1,,0
CNCC(=O)OCc1ccc(Cl)cc1N(C)C(=O)OC(C)[n+]1cnn(C[C@](O)(c2cc(F)ccc2F)C(C)c2nc(-c3ccc(C#N)cc3)cs2)c1,,0
CNCCCC1N[C@H](CNC(=O)c2ccc3ccccc3c2)CCN(CC(c2ccccc2)c2ccccc2)C1=O,,0
CN[C@H]1[C@@H](O[C@@H]2/C3=C/C#C[C@H]4O[C@@]4([C@@H]4COC(=O)O4)C#CC3=C[C@H]2OC(=O)c2c(C)ccc3c(C)cc(OC)cc23)O[C@H](C)[C@H](O)[C@@H]1O,,0
CNc1c(-c2ccccc2)c(-c2ccc(CN3CC(c4n[nH]c(-c5ccccn5)n4)C3)cc2)nc2ncc(Br)n12,,0
CNc1ncnc(-c2cccnc2Oc2ccc(F)c(C(=O)Nc3cc(C(C)C)ccc3N(C)CCCN(C)C)c2)n1,,0
CNc1ncnc(N)c1N(C=O)C/C=C(\C)CC[C@]1(C)[C@@H](C)CC[C@@]2(C)C(COC(=O)c3ccc[nH]3)=CCC[C@@H]12,,0
CO/C=C(/C(=O)OC)c1ccccc1CO/N=C(\OC)c1cc(C(F)(F)F)cc(C(F)(F)F)c1,,0
CO/C=C(/C(=O)OC)c1ccccc1COc1cccc(C2=NN(C(C)=O)C(c3cc(OC)c(OC)c(OC)c3)C2)c1,,0
CO/N=C(\Br)CCC/C=C(\c1cc(C)c(OC)c(/C(Br)=N/OC)c1)c1cc(C)c2oc(=O)n(C)c2c1,,0
CO/N=C(\CN1CCN(c2cc3c(cc2F)c(=O)c(C(=O)O)cn3C2CC2)CC1)c1ccc(Cl)cc1,,0
CO/N=C1\C(=O)N(CN2CCC[C@H]3CN(c4c(F)cc5c(=O)c(C(=O)O)cn(C6CC6)c5c4OC)C[C@H]32)c2ccc(F)cc21,,0
CO/N=C1\CC(C)(C)Cc2c(-c3ccn(C(=O)Nc4ccc(Cl)cc4)n3)sc(SC)c21,,0
COC(=O)/C(=C\c1ccccc1)C[N+]1(C)CCN(c2ccc(C=CC(=O)CC(=O)/C=C/c3ccc(N4CC[N+](C)(C/C(=C/c5ccccc5)C(=O)OC)CC4)cc3)cc2)CC1,,0
COC(=O)/C(C)=C/COc1cc(=O)oc(/C=C/C=C/C=C/[C@H]2O[C@H]3O[C@H](C)[C@](C)(O)[C@@]3(C)[C@H]2O)c1C,,0
COC(=O)/C=C/c1ccc(OC(=O)[C@@]2(C)CC[C@]3(C)CC[C@]4(C)C(=C3C2)CC(=O)C2[C@@]3(C)CC[C@H](OC(=O)C(N)CCSC)C(C)(C)[C@@H]3CC[C@]24C)c(OC)c1,,0
COC(=O)/C=C/c1ccc(OC(=O)[C@@]2(C)CC[C@]3(C)CC[C@]4(C)C(=C3C2)CC(=O)C2[C@@]3(C)CC[C@H](OC(=O)C(N)CCSC)C(C)(C)[C@@H]3CC[C@]24C)cc1,,0
COC(=O)/C=C/c1ccc(OC(=O)[C@@]2(C)CC[C@]3(C)CC[C@]4(C)C(=C3C2)CC(=O)C2[C@@]3(C)CC[C@H](OC(=O)C(N)CC[Se]C)C(C)(C)[C@@H]3CC[C@]24C)cc1,,0
COC(=O)C(C)(C)N1CCN(Cc2nnc(Cn3c(SCc4ccc(F)cc4)nc(=O)c4c3CCC4)n2Cc2ccc(-c3ccc(C(F)(F)F)cc3)cc2)CC1,,0
COC(=O)C(C)=C1C(=O)C(=O)[C@]2(C)C3C1[C@]14OC(=O)C5=C1C[C@H]1[C@](O)(COC(=O)/C=C(\C)COC(=O)CCC(=O)OC5)[C@H]5C[C@H]5[C@]1(C)[C@@H]4C[C@]3(OO)[C@H]1C[C@H]12,,0
COC(=O)C(C)CC(=O)C[C@@H](C)[C@H]1CC(=O)[C@@]2(C)C3=C([C@@H](O)C[C@]12C)[C@@]1(C)CCC(=O)C(C)(C)[C@@H]1C[C@@H]3O,,0
COC(=O)C(C)NP(=O)(OCC1CCC(n2cnc3c(N)ncnc32)O1)Oc1cccc(I)c1,,0
COC(=O)C(C)NP(=O)(OC[C@@H]1C=C[C@H](n2cc(C)c(=O)[nH]c2=O)O1)Oc1cccc(C(F)(F)F)c1,,0
COC(=O)C(C)Oc1ccc(Oc2nc3c(c(SC)nn3-c3ccccc3)c(=O)n2C(=O)Nc2cccc(C)c2)cc1,,0
COC(=O)C(CCCN=C(N)N)NC(=O)CCNC(=O)c1cccc(-c2c3cc(N)ccc3c3ccc(N)cc3[n+]2C)c1,,0
COC(=O)C(CCOCCNC1CC(OC2CC(O)(C(=O)CO)C=C3C(=O)c4c(c(O)c5c(OC)cccc5c4O)C(=O)C32)OC(C)C1O)OC(C)=O,,0
COC(=O)C(NC1CCC(c2c[nH]c3ccccc23)CC1)C1CCN(C(=O)/C=C/c2cc(F)c(F)c(F)c2)CC1,,0
COC(=O)C(Nc1cc(CS(=O)(=O)/C=C/c2c(OC)cc(OC)cc2OC)ccc1OC)c1ccc(Br)cc1,,0
COC(=O)C(OC(C)=O)[C@H]1[C@]2(C)C[C@]3(O)[C@@](OC(C)=O)([C@H]4O[C@@]5(C)O[C@@]6(CC[C@@]7(C)[C@H](c8ccoc8)OC(=O)C[C@@]7(O)[C@@]46O5)[C@]13C)[C@H]2OC(C)=O,,0
COC(=O)C(OC(C)=O)[C@H]1[C@]2(C)C[C@]3(O)[C@H]([C@H]2OC(C)=O)[C@H]2O[C@@]4(C)O[C@@]5(CC[C@@]6(C)[C@H](c7ccoc7)OC(=O)C[C@@]6(O)[C@@]25O4)[C@]13C,,0
COC(=O)C1=C(C)N=C(C)C(C(=O)OC)C1c1cccc(NC(=O)NCCNC2CCN(c3ccccc3OC(F)(F)F)CC2)c1,,0
COC(=O)C1=C(C)N=C(C)N(CCC[C@H](C)CN2CCC(C(=O)OC)(c3ccccc3)CC2)C1c1ccc(F)c(F)c1,,0
COC(=O)C1=C(c2ccc(O)c(Br)c2)C(=O)[C@](c2ccc(O)c(Br)c2)(c2cc(Br)c(O)c(Br)c2)C1=O,,0
COC(=O)C1=CC2(CC1)CCN(C(=O)c1ccc(NC(=O)c3ccccc3F)cc1)c1ccccc1C2,,0
COC(=O)C1=CO[C@@H](O[C@@H]2O[C@H](CO)[C@@H](O)[C@H](O)[C@H]2O)[C@H]2[C@@H]1[C@H](OC(=O)c1cc(OC)c(O)c(OC)c1)C[C@]2(C)OC(C)=O,,0
COC(=O)C1=CO[C@@H](O[C@@H]2O[C@H](COC(=O)c3cc(OC)c(OC)c(OC)c3)[C@@H](OC(C)=O)[C@H](OC(C)=O)[C@H]2OC(C)=O)[C@@H]2[C@@H](C)[C@@H](OC(C)=O)C[C@H]12,,0
COC(=O)C1=CO[C@@H](O[C@@H]2O[C@H](COC(C)=O)[C@@H](O)[C@H](O)[C@H]2O)[C@H]2[C@@H]1C=C[C@@]21C=C([C@H](O)c2ccc(O)c(OC)c2)C(=O)O1,,0
COC(=O)C1=C[C@H](NC(=O)[C@]23CCC(C)(C)C[C@H]2C2=CC[C@@H]4[C@@]5(C)CC[C@H](O)C(C)(C)[C@@H]5CC[C@@]4(C)[C@]2(C)C[C@H]3O)[C@@H](NC(C)=O)[C@H]([C@H](O)[C@H](O)CO)O1,,0
COC(=O)C1O[C@@H](O[C@H]2[C@@H](O)C[C@]3(C)[C@H]4CC=C5[C@@H]6CC(C)(C)CC[C@]6(C(=O)O)CC[C@@]5(C)[C@]4(C)CC[C@H]3C2(C)C)[C@H](O)[C@@H](O[C@@H]2O[C@H](CO)[C@H](O)[C@H](O)[C@H]2O)[C@@H]1O,,0
COC(=O)C1[C@@H](O)[C@@]2(O)c3c(OC)cc(O[C@@H]4O[C@@H](CCO)CO[C@H]4OC)cc3O[C@@]2(c2ccc(OC)cc2)[C@@H]1c1ccccc1,,0
COC(=O)C1[C@H]2C[C@@H]3c4[nH]c5cc(OC)ccc5c4CCN3C[C@H]2C[C@@H](OC(=O)C=Cc2ccc(O)c(OC)c2)[C@@H]1OC,,0
COC(=O)CCC(=O)OC1(C)C(=O)C2=CN(Cc3ccc4c(c3)OCO4)C(c3ccc(OC)cc3)=CC2=C(Br)C1=O,,0
COC(=O)CCC1NC(=O)c2cc(Oc3cccc(N(C)C)c3)c(NC(=O)COCc3ccc(Cl)cc3)cc2NC1=O,,0
COC(=O)CCC1NC(=O)c2cc(Oc3cccc(N(C)C)c3)c(NC(=O)COCc3cccc(Br)c3)cc2NC1=O,,0
COC(=O)CCC=C1C=C2CC(=O)C(C)(OC(=O)c3cccs3)C(=O)C2=CN1c1ccccc1,,0
COC(=O)CCCCCC/C=C(/C=O)CC1C(=O)[C@@]23[C@H]4OC5O[C@@]2(O)[C@@H](O)[C@@H]2C(C)(C)CCC[C@]52[C@@H]3[C@@H](OC(C)=O)C[C@@H]14,,0
COC(=O)CCCCCN1/C(=C/C=C2\CCCC(/C=C/C3=[N+](CCCCCC(=O)[O-])c4ccccc4C3(C)C)=C2Cl)C(C)(C)c2ccccc21,,0
COC(=O)CCCCS(C)(=O)=NC(=O)c1cnc(N)c(C#Cc2cccc(NC(=O)c3cccc(OC)c3)c2)c1,,0
COC(=O)CCNC(=O)C1O[P@@](=O)(OCOC(=O)c2scnc2C(C)(C)C)OCC1(C)C,,0
COC(=O)CCNC(=O)c1cc2cc(NC(=O)c3cc(NC(=O)CCCOc4cc5c(cc4OC)C(=O)N4c6ccccc6CC4C=N5)cn3C)ccc2s1,,0
COC(=O)CC[C@@H](C)[C@H]1CC[C@H]2[C@@H]3[C@H](OC(C)=O)C[C@@H]4C[C@H](NCCNc5ccnc6cc(Cl)ccc56)CC[C@]4(C)[C@H]3C[C@H](OC(C)=O)[C@]12C,,0
COC(=O)CC[C@@H](C)[C@H]1CC[C@H]2[C@@H]3[C@H](OC(C)=O)C[C@@H]4C[C@H](OC(C)=O)CC[C@]4(C)[C@H]3C(n3nnc4ccccc43)C(=O)[C@]12C,,0
COC(=O)C[N+](C)(C)Cc1nccn1-c1ccc(N2CCCC(NS(=O)(=O)c3ccc4cc(Cl)ccc4c3)C2=O)c(F)c1,,0
COC(=O)NC(C(=O)N1CCCC1c1nc(-c2ccc3c4c(c(=O)oc3c2)-c2ccc(-c3c[nH]c([C@@H]5CCCN5C(=O)C(NC(=O)OC)C(C)C)n3)cc2OC4)c[nH]1)C(C)C,,0
COC(=O)NC(C(=O)N1CCCC1c1nc(-c2ccc3c4c2cnn4-c2ccc(-c4c[nH]c([C@@H]5CCCN5C(=O)C(NC(=O)OC)C(C)C)n4)cc2O3)c[nH]1)C(C)C,,0
COC(=O)NC(C(=O)N1CCC[C@H]1c1nc(-c2cc(F)c(N3CCC(C)(c4c[nH]c([C@@H]5CCCN5C(=O)C(NC(=O)OC)C(C)C)n4)CC3)c(F)c2)c[nH]1)C(C)C,,0
COC(=O)NC(C(=O)N1CCC[C@H]1c1nc(-c2ccc([C@H]3CC[C@H](c4c[nH]c([C@@H]5CCCN5C(=O)C(NC(=O)OC)C5CC5)n4)CC3)cc2)c[nH]1)C1CC1,,0
COC(=O)NC(C(=O)N1CCC[C@H]1c1nc(-c2ccc3c(c2)COc2cc4c(ccc5[nH]c([C@@H]6CC[C@H](C)N6C(=O)C(NC(=O)OC)C(C)C)nc54)cc2-3)c[nH]1)C(C)C,,0
COC(=O)NC(C(=O)N1CCC[C@H]1c1nc(-c2ccc3c(c2)Oc2ccc(-c4c[nH]c([C@@H]5CCCN5C(=O)C(NC(=O)OC)C(C)C)n4)c4occ-3c24)c[nH]1)C(C)C,,0
COC(=O)NC(C(=O)N1CCC[C@H]1c1nc(C#CC#Cc2ccc(-c3c[nH]c([C@@H]4CCCN4C(=O)C(NC(=O)OC)C(C)C)n3)cc2N2CCN(C)CC2)c[nH]1)c1ccccc1,,0
COC(=O)NC(C)C(=O)N1CCN(n2c([C@H](C)N(C(=O)Nc3ccc(F)cc3)c3ccc(OC)cc3OC)nc3cc(F)ccc3c2=O)CC1,,0
COC(=O)NC1(C(=O)N2CCC[C@H]2c2nc(-c3ccc(-c4ccc(-c5c[nH]c([C@@H]6CCCN6C(=O)C6(NC(=O)OC)CC6)n5)cc4)cc3)c[nH]2)CC1,,0
COC(=O)NCc1cccc(CC(=O)Nc2ccc(CCCCc3nnc(NC(=O)Cc4cccc(CNC(=O)OC)c4)s3)nn2)c1,,0
COC(=O)N[C@@H](C)CNc1nccc(-c2[nH]c(C3CC3)nc2-c2cc(F)cc(NS(=O)(=O)c3c(F)cccc3F)c2Cl)n1,,0
COC(=O)N[C@@]1(C(=O)N2CCC[C@@H]2c2nc(-c3ccc(C#CC#Cc4cnc([C@H]5CCCN5C(=O)[C@]5(NC(=O)OC)CCOC5)[nH]4)cc3)c[nH]2)CCOC1,,0
COC(=O)Nc1ccc(S(=O)(=O)C(C)C)c([C@H]2CCCN2C(=O)C(Nc2ccc3c(N)nccc3c2)c2ccc(Cl)c(OC)c2)c1,,0
COC(=O)O[C@@]12CO[C@@H]1C[C@H](O)[C@@]1(C)C(=O)C(OC(C)=O)=C3C(C)[C@@H](OC(=O)C(O)C(NC(=O)c4ccccc4)c4ccccc4)C[C@@](O)([C@@H](OC(=O)c4ccccc4)C12)C3(C)C,,0
COC(=O)[C@@]1(C)CC[C@]2(C)CC[C@]3(C)C(=C2C1)CC(=O)C1[C@@]2(C)CC[C@H](OC(=O)CCC(=O)CCOCCOc4no[n+]([O-])c4S(=O)(=O)c4ccccc4)C(C)(C)[C@@H]2CC[C@]13C,,0
COC(=O)[C@@]1(OC(=O)/C=C/c2ccc(O)c(O)c2)C[C@@H](O)[C@@H](OC(=O)/C=C/c2ccc(O)c(O)c2)[C@H](OC(=O)/C=C/c2ccc(O)c(O)c2)C1,,0
COC(=O)[C@]1(C)CCC[C@]2(C)c3ccc(C(C)C)c(NC(=O)Cn4cc(-c5ccc(OC(F)(F)F)cc5)nn4)c3CC[C@@H]12,,0
COC(=O)[C@]1(O)C[C@@H](OC(=O)C=Cc2ccc(O)c(O)c2)[C@@H](OC(=O)C=Cc2ccc(O)c(O)c2)[C@H](OC(=O)C=Cc2ccc(O)c(O)c2)C1,,0
COC(=O)[C@]12CCC(C)(C)C[C@H]1C1C(=O)C=C3[C@@]4(C)C(O[C@@H]5CO[C@H]6[C@@H]5OC[C@@H]6O[N+](=O)[O-])C(C#N)=C(OC(C)=O)C(C)(C)[C@@H]4CC[C@@]3(C)[C@]1(C)CC2,,0
COC(=O)[C@]12OC[C@@]34[C@@H](CC5=C(C)C(O[C@@H]6O[C@H](CO)[C@@H](O)[C@H](O)[C@H]6O)C(=O)C[C@]5(C)[C@H]3[C@@H](O)[C@@H]1O)OC(=O)C(OC(=O)/C=C(\C)C(C)(C)O)[C@@H]24,,0
COC(=O)[C@]12OC[C@@]34[C@H](C[C@H]5C(C)C(=O)C(O[C@@H]6O[C@H](CO)[C@@H](O)[C@H](O)[C@H]6O)=C[C@]5(C)[C@H]3[C@@H](O)[C@@H]1O)OC(=O)C(OC(=O)/C=C(\C)C(C)C)[C@@H]24,,0
COC(=O)c1c(-c2cc(OC)c(OC)c(OC)c2)c2ccnc(NCCO)c2c(=O)n1Cc1ccnc(C)c1,,0
COC(=O)c1c(C(=O)N2CCN(CCO)CC2)cc2cc(OC)c(OC)cc2c1-c1cc(Br)c(OC)c(OC)c1,,0
COC(=O)c1c(C)[nH]c2c(OC(=O)N3CCN(C)CC3)cc3c(c12)[C@H](CBr)CN3C(=O)/C=C/c1ccc(OC)cn1,,0
COC(=O)c1c2c(nc3ccccc13)-c1cc(OC)c(OC)c(OCc3ccccc3F)c1C2=O,,0
COC(=O)c1cc(-c2c(C(=O)OC)cc(OC)c3c2OCO3)c2c(c1OC)OCO2,,0
COC(=O)c1cc(-c2ccc(NC(=O)c3cc(NC(=O)CCCOc4cc5c(cc4OC)C(=O)N4CCCC4C=N5)cn3C)cc2)cn1C,,0
COC(=O)c1cc(C(=O)c2cc(NC(=O)CCn3c4ccccc4c4c5c(c6c7ccccc7[nH]c6c43)C(=O)NC5)cn2C)cn1C,,0
COC(=O)c1cc(CSc2nnc(-c3ccc(C)cc3)c(-c3ccc(C)cc3)n2)oc1C,,0
COC(=O)c1cc(NC(=O)c2cc(C(=O)c3cc(NC(=O)Cn4cc(C5=C(c6c[nH]c7ccccc67)C(=O)NC5=O)c5ccccc54)cn3C)cn2C)cn1C,,0
COC(=O)c1cc2cc(OC)c(OC)cc2c(-c2ccnc(-n3nc(-c4cccnc4)c4ccccc4c3=O)c2)c1C(=O)OC,,0
COC(=O)c1ccc(-c2c(N)ncnc2N2CCC(c3nc(-c4ccc(F)c(C(F)(F)F)c4)cn3CCN3CCC3)CC2)cc1,,0
COC(=O)c1ccc(-n2c(C)cc(C(=O)CSc3ccc(N(C)C(C)=O)cc3)c2C)cc1,,0
COC(=O)c1ccc2c(c1)c1c(n2CCCOc2nc(C)cc(C(F)(F)F)n2)CCCC1,,0
COC(=O)c1cccc(N2CCN(CCCNC(=O)/C(=C/C=C/c3cc4cc(Cl)c(Cl)cc4[nH]3)OC)CC2)c1,,0
COC(=O)c1cccc2c(C(C)=O)cn(CC(=O)N3C(C(=O)NCc4cccc(Cl)c4F)C[C@H]4C[C@H]43)c12,,0
COC(=O)c1scc(-c2ccc(C)cc2)c1S(=O)(=O)N1CCN(c2ccccc2F)CC1,,0
COC(C)(C)/C=C/C[C@@H](C)[C@H]1CC[C@@]2(C)[C@@H]3[C@@H](O[C@H]4O[C@@H](CO)[C@H](O)[C@H](O)[C@@H]4O)C=C4[C@@H](CC[C@H](O)C4(C)C)[C@]3(C)CC[C@]12C,,0
COC(C)(C)[C@@H](O)[C@H]1C[C@H](C)[C@@]2(CC[C@]3(C)[C@@H]2CC[C@@H]2[C@@]4(C)CC[C@@H](OC(C)=O)C(C)(C)[C@@H]4C[C@@H](OC4OC(COC(C)=O)C(O)C(O)C4O)[C@]23C)O1,,0
COC/C=C/C=C/C(C)=C/[C@@H]1Cc2nc(cs2)CCCCC(=O)O[C@@H](C)C=C(C)C=CCC(=O)O1,,0
COC1(c2cc(F)cc(OCCCN3CCc4c(c5cc(F)ccc5n4Cc4ccc(S(C)(=O)=O)cc4)C3)c2)CCOCC1,,0
COC1/C=C(C)/C=C/C(C)/C=C/C(=O)OC(/C(C)=C/C=C(\C)CNC(=O)C(CO)NC=O)C(C)/C=C/C=C/C(OC)CC/C=C(C)/C=C/C1,,0
COC1/C=C/OC2(C)Oc3c(C)c(O)c4c(O)c(cc(OCC(=O)Nc5ccccc5)c4c3C2=O)NC(=O)C(C)=CC=CC(C)C(O)C(C)C(O)C(C)C(OC(C)=O)C1C,,0
COC1/C=C\OC2(C)Oc3c(C)c(O)c4c(O)c(c(C=NN5CCN(N)CC5)c(O)c4c3C2=O)NC(=O)C(C)=CC=CC(C)C(O)C(C)C(O)C(C)C(OC(C)=O)C1C,,0
COC12OOC3(C=C1C(=O)C(C)(C)C(=O)C2(C)C)CCN(C(=O)CCC(=O)NCC[C@H]1O[C@@H]2O[C@@]4(C)CC[C@H]5[C@H](C)CC[C@@H]([C@H]1C)[C@@]25OO4)CC3,,0
COC1=C(Br)C[C@@]2(OC=C1Br)ON=C(C(=O)NCCCOc1c(Br)cc(CCN(C)C(=O)C(C)(C)C)cc1Br)[C@H]2O,,0
COC1=C(Br)[C@H](O)[C@@]2(C=C1Br)CC(C(=O)NCCCOc1c(Br)cc(CCNS(=O)(=O)O)cc1Br)=NO2,,0
COC1=C(C)C(=O)C2=C(C1=O)[C@@H]1[C@@H]3CC4=C(C(=O)C(OC)=C(C)C4=O)[C@H](CNC(=O)/C=C/c4ccc(C(C)(C)C)cc4)N3[C@@H](C#N)[C@H](C2)N1C,,0
COC1=C(C)C(=O)C=C(C)C1(O)C(=O)Oc1c(C)c(C)c(C(=O)Oc2cc(C)c(C(=O)Oc3cc(OC)c(C(=O)O)c(C)c3C)c(O)c2C)c(O)c1Cl,,0
COC1=CC2[C@@H]3Cc4ccc(OC)c(OCCCCCCCCCCOc5c(OC)ccc6c5[C@@]57CCN(C)[C@@H](C6)C5=CC(OC)C(=O)C7)c4[C@]2(CCN3C)CC1=O,,0
COC1C(O[C@@H]2c3c(cc4c(c3O)C(=O)c3c(O)cccc3C4=O)C(=O)[C@@](C)(O)[C@H]2OC)OC(C)C(OC(C)=O)C1OC(C)=O,,0
COC1CCN(c2cnc(C(=O)Nc3csc(-c4nncn4[C@@H](C)C(F)(F)F)n3)cc2-n2cnc(C3CC3)c2)CC1,,0
COC1CN(C(=O)c2ccc(-c3ccc4nc(C(C(=O)NCCS(N)(=O)=O)S(=O)(=O)CCC(F)(F)F)sc4c3)cc2)C1,,0
COC1CN(CCO[C@H]2/C=C/CCN(C)C(=O)C[C@](O)(C(=O)NS(=O)(=O)N(C)C)c3ccc4c(c3)N(C[C@@H]3CC[C@H]32)C[C@@]2(CCCc3cc(Cl)ccc32)CO4)C1,,0
COC1COCCC1N[C@@H]1C[C@H]2CN(C(=O)OCCNC(C)=O)C[C@@]2(C(=O)N2CCc3ncc(C(F)(F)F)cc3C2)C1,,0
COCC(=O)C(C)C[C@H](C)/C=C\C=C\C=C(/C)[C@H](C[C@@H]1CC[C@@H](C)[C@](O)(C(=O)C(=O)N2CCCCC2C(=O)OC(C)c2ccccc2)O1)OC,,0
COCC(=O)NC1(C(=O)N[C@H](C)c2ncc(-c3cc(Cl)cc(Cl)c3OCC(F)F)cc2F)COC1,,0
COCC(=O)NCC#Cc1ccc2ncnc(Nc3ccc(OC4CCN(C(=O)C5CCC5)CC4)c(C)c3)c2c1,,0
COCC(=O)Nc1cc(-c2ccnc(N3CCn4c(cc5c4CC(C)(C)C5)C3=O)c2CO)cn(C)c1=O,,0
COCC(=O)O[C@H]1CC[C@@]2(C)C(=CC[C@]3(O)[C@@H]2C[C@@H](OC(=O)/C=C(\C)C(C)C)[C@@]2(C)[C@]3(O)CC[C@@]2(OC(=O)COC)C(C)=O)C1,,0
COCCC(=O)N1CCSC(c2nc(-c3ccc(C(=O)Nc4cc(C(F)(F)F)ccn4)cc3)c3c(N)nccn23)C1,,0
COCCC(C(=O)Nc1ccc2cc(C(=O)O)[nH]c2c1)n1cc(OC)c(-c2cc(Cl)ccc2C#N)cc1=O,,0
COCCC1(Cn2ncc(-c3ccc(N4CCc5cccc(C(=O)Nc6nc7ccccc7s6)c5C4)nc3C(=O)NS(C)(=O)=O)c2C)CCCCCC1,,0
COCCCC1(Cn2ncc(-c3ccc(N4CCc5cccc(C(=O)Nc6nc7ccccc7s6)c5C4)nc3C(=O)O)c2C)CCCCC1,,0
COCCCc1cc(CN(C(=O)C2CNCC[C@@H]2c2ccc(N3CC[C@@H](Oc4c(Cl)cc(C)cc4Cl)C3)nc2)C2CC2)c(Cl)cn1,,0
COCCCc1cc(CN(C(=O)C2CNCC[C@@H]2c2ccc(OCCOc3c(Cl)cc(C)cc3Cl)cc2)C2CC2)cc(OCCOC)c1,,0
COCCCc1cc(CN(C(=O)C2CNCC[C@@H]2c2ccc(OCc3cc(-c4c(F)ccc(F)c4Cl)no3)cc2)C2CC2)c(Cl)cn1,,0
COCCCn1ccc(Nc2ncc3c(n2)-c2c(nn(C)c2Cc2cccc(-c4cnn(C)c4)c2)CC3)n1,,0
COCCN(C)C(=O)C(C)Oc1cc(F)ccc1Nc1ncnc2cc(N=S(C)(C)=O)cc(C)c12,,0
COCCN(C)CCn1c(-c2cc3c(cc2C(=O)N2Cc4ccccc4C[C@H]2C)OCO3)cc(C(=O)N(c2ccc(O)cc2)c2cnn(C)c2)c1C,,0
COCCN(CCOC)C(=O)OC(C)OC(=O)c1ccc(NC(=O)C2N[C@@H](CC(C)(C)C)[C@](C#N)(c3ccc(Cl)cc3F)[C@H]2c2cccc(Cl)c2F)c(OC)c1,,0
COCCN1C(=O)/C(=C/c2ccc(OCc3ccc(C(=O)O)cc3)c(OC)c2)S/C1=N\c1ccccc1,,0
COCCN1CCC(N(CC2(O)CCN(c3ccc(C(F)(F)F)cc3)CC2)C(=O)Cn2c(SCc3cccc(F)c3F)cc(=O)c3ccccc32)CC1,,0
COCCN1CCC(N(CC23CC(c4ccc(C(F)(F)F)cc4)(C2)C3)C(=O)Cn2c(SCc3cccc(F)c3F)cc(=O)c3ccccc32)CC1,,0
COCCN1CCC(Nc2cnc3ccc(C#CCNC(=O)c4cccn([C@@H](CO)c5ccc(F)c(F)c5)c4=O)cc3n2)CC1,,0
COCCN1CCN(c2ccc(-c3nc4c(N5CCN(Cc6cc(C)on6)CC5)c(Br)cnc4[nH]3)cc2)CC1,,0
COCCN1CCN(c2ccc3ncnc(Nc4cc(C(=O)Nc5ccc(OC)c(C(F)(F)F)c5)ccc4C)c3n2)CC1,,0
COCCNC(=O)c1ccc(Cn2c(SCC(=O)NCC3CCCO3)nc3ccc(Br)cc3c2=O)cc1,,0
COCCNC(=O)c1ccc(Nc2ncc(C(F)(F)F)c(Oc3cccc4c3C(=O)N(C)C4)n2)c(OC)c1,,0
COCCNCCC(=O)Nc1sc2c(c1-c1nc3cc(-c4cncc(OC)c4)ccc3s1)CCNC2,,0
COCCNCCC(=O)Nc1sc2c(c1-c1nc3cc(C(F)(F)F)ccc3s1)CCN(C(C)C)C2,,0
COCCNCCC(=O)Nc1sc2c(c1-c1nc3ccc(-c4cccc(C(F)(F)F)c4)cc3s1)CCNC2,,0
COCCNc1cc(NC(=O)N2CCCc3cc(CN(CCN(C)C)S(C)(=O)=O)c(C=O)nc32)ncc1C#N,,0
COCCOC(=O)C1(NP(=O)(OC[C@H]2O[C@@H](c3cnc4c(N)ncnn34)[C@](C)(F)[C@@H]2O)Oc2ccccc2)CCC1,,0
COCCOC(=O)N(C)C[C@@H]1OCCCC[C@H](C)Oc2ccc(NC(=O)Nc3ccccc3)cc2C(=O)N([C@@H](C)CO)C[C@H]1C,,0
COCCOC(=O)c1c(C)oc2cc(OC)c(OCc3oc4cc(OC)c(OS(=O)(=O)O)cc4c3C(=O)OCCOC)cc12,,0
COCCOC1CCN(C(=O)c2cc(NC(=O)c3cc(NC(=O)c4ccc(/C=C/c5ccc(OC)cc5)cc4)cn3C)cn2C)CC1,,0
COCCOCC1(COCCOC)/C(F)=C/C[C@H](C)[C@@H](C)S(=O)(=O)NC(=O)c2ccc3c(c2)N(C[C@@H]2CCN21)C[C@@]1(CCCc2cc(Cl)ccc21)CO3,,0
COCCOc1ccc(N2CCN(CCn3cnc4c3nc(N)n3nc(-c5cccc(F)c5)nc43)CC2)cc1,,0
COCCOc1ccccc1N1CCN(C(=O)[C@]2(Oc3ccc(C(F)(F)F)cc3)CCCN(C(=O)c3cnccc3C(F)(F)F)[C@@H]2CCO)CC1,,0
COCCS(=O)(=O)N1CCN(c2ccc(OC[C@@H]3CO[C@@](Cn4ccnc4)(c4ccc(Cl)cc4Cl)O3)cc2)CC1,,0
COCCc1ccc(Cl)c(CN(C(=O)C2CNCC[C@@H]2c2ccc(N3CC[C@H](Oc4c(Cl)cc(C)cc4Cl)C3)nc2)C2CC2)c1,,0
COCCc1ccc(Cl)c(CN(C(=O)C2CNCC[C@@H]2c2ccc(OCc3cc(-c4c(F)ccc(F)c4Cl)no3)nc2)C2CC2)c1,,0
COCCc1sc[n+](CCCCc2ccc3ccc(CCCC[n+]4csc(CCOC)c4C)cc3c2)c1C,,0
COCCn1/c(=N/C(=O)c2ccc(S(=O)(=O)N3CCOCC3)cc2)sc2cc(S(N)(=O)=O)ccc21,,0
COCOc1cc(OC)c(OC)cc1-c1c(-c2ccc(OC)c(OC)c2)c(C(=O)OC)n(CCc2ccc(OC)c(OC)c2)c1C(=O)OC,,0
COC[C@H](C)NC(=O)c1cn2ncnc(Nc3cc(NC(=O)c4cccc(N5CCOCC5)c4)ccc3C)c2c1C,,0
COC[C@H]1N(c2cccc(-c3cccc(C)c3OCc3cc(C)c4c(c3F)CCN(C3CCOCC3)C4)n2)C[C@@H]2C[C@@]21C(=O)O,,0
COC[C@]12CN(C)[C@H]3[C@@H]4[C@H](OC)[C@H]1[C@@]3([C@@H](OC)C[C@H]2O)[C@]1(O)C[C@@]2(O)[C@H](OC(=O)c3ccccc3)[C@@H]1[C@]4(OC(=O)c1ccccc1)[C@@H](O)[C@@H]2OC,,0
COCc1cc(COc2c(C)cccc2-c2cccc(N3C[C@@H]4C[C@]4(C(=O)O)[C@H]3COC)n2)cc2c1CN(C1CCOCC1)CC2,,0
COCc1nc(Nc2ccc(C(F)(F)F)nc2)c2ccc(-c3ncccc3C(F)(F)F)cc2n1,,0
CON(C)C(=O)C(=O)N(C)c1ccc(CNC(=O)NC23CC4CC(CC(C4)C2)C3)cc1,,0
CON=C(C(=O)NC1C(=O)N2C(C(=O)O)=C(COC(=O)c3cn(CCF)c4c(F)c(N5CCN(C)CC5)c(F)cc4c3=O)CSC12)c1csc(N)n1,,0
CONC(=O)C(NC(=O)C[C@@H]1O[C@@H]1[C@H](Cc1ccccc1)NC(=O)C(CC(N)=O)NC(=O)c1ccc2ccccc2n1)C(C)C,8.0,1
CO[C@@H](C)[C@H]1C[C@H](C)[C@H]([C@@H](C)/C=C/[C@@H]2CC[C@@H](C)[C@H](/C(=C/[C@H]3CCC[C@@H](C)[C@@H]3C(C)C(=O)c3c(O)coc3O)CO)O2)O1,,0
CO[C@@H](CC[C@H](C)[C@H]1O[C@@]23CC(OC(=O)C[C@H]([C@@H](C)O)OC(=O)C[C@](O)(O2)[C@H](C)CC3(C)C)[C@@H]1C)c1cccc(O)c1,,0
CO[C@@H]1/C=C\C=C(/C)C(=O)Nc2cc(O)c(NCC#CC[C@@H]3C[C@H]4[C@@H]5CCc6cc(O)ccc6[C@H]5CC[C@]4(C)[C@H]3O)c(c2O)C=C(C)C[C@@H](OC)[C@@H](O)[C@H](C)/C=C(\C)[C@H]1OC(N)=O,,0
CO[C@@H]1C=C2C3CC(C)(C)CC[C@]3(CO)[C@H](O)C[C@@]2(C)[C@]2(C)CCC3[C@](C)(CCC(O[C@@H]4O[C@H](C)[C@H](O)[C@H](O[C@@H]5O[C@H](CO)[C@@H](O)[C@H](O)[C@H]5O)[C@H]4O)[C@@]3(C)CO)C12,,0
CO[C@@H]1C=C2C3CC(C)(C)CC[C@]3(CO)[C@H](O)C[C@@]2(C)[C@]2(C)CC[C@H]3[C@](C)(CO)[C@@H](O[C@@H]4O[C@H](C)[C@H](O)[C@H](O[C@@H]5O[C@H](CO)[C@@H](O)[C@H](O)[C@H]5O)[C@H]4O)CC[C@]3(C)[C@@H]12,,0
CO[C@@H]1C=C2[C@@H]3CC(C)(C)CC[C@]3(CO)[C@@H](O)C[C@@]2(C)[C@]2(C)CC[C@H]3C(C)(C)[C@@H](O[C@@H]4O[C@H](C)[C@H](O)[C@H](O[C@@H]5O[C@H](CO)[C@@H](O)[C@H](O)[C@H]5O)[C@H]4O)CC[C@]3(C)[C@@H]12,,0
CO[C@@H]1C=C2[C@@H]3CC(C)(C)CC[C@]3(CO)[C@H](O)C[C@@]2(C)[C@]2(C)CC[C@H]3[C@](C)(CO)[C@@H](O[C@@H]4O[C@H](C)[C@H](O)[C@H](O[C@@H]5O[C@H](COC(C)=O)[C@@H](O)[C@H](O)[C@H]5O)[C@H]4O)CC[C@]3(C)[C@@H]12,,0
CO[C@@H]1C[C@@H](C[C@H]2CC[C@H](C)[C@H]([C@@H](C)CO)O2)OC2(O[C@](C)([C@H]3CC[C@@](C)([C@@H]4O[C@@H]([C@H]5O[C@](COC(=O)C(C)C)(OC)[C@H](C)C[C@@H]5C)C[C@@H]4C)O3)C[C@H]2C)[C@@H]1C,,0
CO[C@@H]1C[C@H](O[C@@H]2C(C)C(=O)O[C@@H](C)[C@@H](C)[C@@H](OC(C)=O)C(C)C(=O)[C@@]3(CO3)C[C@@H](C)[C@@H](O[C@@H]3O[C@@H](C)C[C@@H](N(C)C)[C@@H]3OC(C)=O)[C@@H]2C)O[C@H](C)[C@@H]1OC(C)=O,,0
CO[C@@H]1O[C@H](CO)[C@H](O)[C@H](OC(=O)c2ccc(C)cc2)[C@@H]1OP(=O)(O)OCc1ccc(C)cc1,,0
CO[C@@H]1[C@@H](O)[C@@H](O)[C@H](Oc2ccc3cc(NC(=O)CCCCCCC(=O)Nc4cc5ccc(O[C@H]6OC(C)(C)[C@@H](OC)[C@H](O)[C@@H]6O)cc5oc4=O)c(=O)oc3c2C)OC1(C)C,,0
CO[C@@H]1[C@@H](OC(=O)c2ccc(C)[nH]2)[C@@H](O)[C@H](Oc2ccc3c(OCCN4CCC[C@H]4CO)cc(=O)oc3c2C)OC1(C)C,,0
CO[C@@H]1[C@@H](OC)[C@H](C)O[C@@H](O[C@@H]2C[C@H]3C=C[C@@H]4C(=CC5C(=O)C(C)[C@@H](O[C@H]6CC[C@H](N(C)C)[C@@H](C)O6)CCC[C@H](C)OC(=O)C[C@H]54)[C@@H]3C2)[C@@H]1OC,,0
CO[C@@H]1[C@@H](O[C@@H]2O[C@H](CO)[C@@H](O)[C@H](O)[C@H]2O)[C@H](C)O[C@@H](O[C@H]2CC[C@@]3(C)[C@H](CC[C@@H]4[C@@H]3CC[C@]3(C)C(=C5COC(=O)C5)C=C[C@]43O)C2)[C@@H]1OC(C)=O,,0
CO[C@@H]1[C@H](O)[C@@H](C)O[C@@H](OCC2=CC=CCC(=O)[C@@](C)(O)C[C@H](C)[C@H](O[C@@H]3O[C@H](C)C[C@](O)([C@H](C)O)[C@H]3O)[C@@H](C)/C=C/C(=O)O[C@@H]2C)[C@@H]1OC,,0
CO[C@@]1(C(=O)Nc2ccc3[nH]nc(-c4ccc(F)cc4)c3c2)CCN(CC(=O)N2CCC(c3ccc(-c4ncccn4)cc3)CC2)C1,,0
CO[C@H]1/C=C\C=C(/C)C(=O)Nc2cc(O)c(NCCN(C)C)c(c2O)C=C(C)C[C@H](OC)[C@H](O)[C@@H](C)/C=C(\C)[C@@H]1OC(O)=NO,,0
CO[C@H]1C=CC=C(C)C(=O)Nc2cc(O)c(NCCN(C)C)c(c2O)C=C(C)C[C@H](OC)[C@H](N)[C@@H](C)/C=C(\C)[C@@H]1OC(N)=O,,0
CO[C@H]1CN(c2cccc(-c3cccc(C)c3OCc3ccc4c(c3C)CCN(C3CCOCC3)CC4)n2)CCC1C(=O)O,,0
CO[C@H]1CN(c2nc(-c3cc(C)ccc3OCc3ccc4c(c3C)CCN(C[C@@H]3CCOC3)C4)cs2)CCC1C(=O)O,,0
CO[C@H]1C[C@H](O[C@@H]2[C@H](C)O[C@@H](O[C@H]3[C@@H](OC)C[C@H](O[C@@H]4CC5=CCC6C(=O)[C@@](C)(C7=CC(=O)O[C@@H]7C)CC[C@@H]6[C@@]5(C)C[C@H]4O)O[C@@H]3C)C[C@@H]2OC)O[C@H](C)[C@H]1O,,0
CO[C@H]1C[C@H](O[C@H]2CC[C@]3(C=O)[C@H]4CC[C@]5(C)[C@@H](C6=CC(=O)OC6)CC[C@]5(O)[C@@H]4CC[C@]3(O)C2)O[C@H](C)[C@H]1O[C@@H]1O[C@H](CO)[C@@H](O)[C@H](O)[C@H]1O,,0
CO[C@H]1[C@@H](C)[C@@H]([C@H](C)C2O[C@@]3(CC[C@@](C)([C@H]4CC[C@@](C)([C@@H]5O[C@@H]([C@H]6O[C@](C)(O)[C@H](C)C[C@@H]6C)C[C@@H]5C)O4)O3)C[C@H](O)[C@@H]2C)O[C@@](O)(C(C)C(=O)O)[C@H]1C,,0
CO[C@H]1[C@@H](OC(=O)c2ccc(Cl)cc2)[C@@H](C)O[C@@H](O[C@H]2CC[C@]3(C=O)[C@H]4CC[C@]5(C)[C@@H](C6=CC(=O)OC6)CC[C@]5(O)[C@@H]4CC[C@]3(O)C2)[C@@H]1OC,,0
CO[C@H]1[C@H](O[C@H]2[C@H](OCC[C@@H](CC[C@@H](C)[C@H]3[C@@H](O)[C@@H](O)[C@@H]4[C@]3(C)CC[C@@H]3[C@@]5(C)CC[C@H](O)[C@H](O)[C@@H]5[C@@H](OS(=O)(=O)O)C[C@]34O)C(C)C)OC[C@@H](O)[C@@H]2O)OC[C@@H](O)[C@@H]1O,,0
CO[C@H]1[C@H](O[C@H]2[C@H](O[C@@H](CC[C@@H](C)[C@H]3C[C@@H](O)[C@H]4[C@@H]5C[C@H](O)[C@H]6[C@@H](O)[C@@H](O)CC[C@]6(C)[C@H]5CC[C@@]43C)C(C)C)O[C@H](CO)[C@@H]2O)OC[C@@H](OC)[C@@H]1O,,0
COc1c(-c2ccc3c(c2)CC/C3=N\NS(C)(=O)=O)cc(-n2ccc(=O)[nH]c2=O)cc1C(C)(C)C,,0
COc1c(-c2ccc3c(c2)CC=C3C(C)(C)NS(C)(=O)=O)cc(-n2ccc(=O)[nH]c2=O)cc1C(C)(C)C,,0
COc1c(Br)cc([C@H](O)C2=C(c3cc(Br)c(O)c(Br)c3)C(=Cc3ccc(O)c(Br)c3)OC2=O)cc1Br,,0
COc1c(C(=O)N(C)c2ccc(NS(C)(=O)=O)cc2)cc(N2CCC(=O)NC2=O)cc1C(C)(C)C,,0
COc1c(C)c2c(c(O)c1CCOP(=O)(O)CP(=O)(O)OC[C@H]1O[C@@H](n3cnc4c([N+](=O)[O-])cccc43)[C@H](O)[C@@H]1O)C(=O)OC2,,0
COc1c(C2CCN(CCCCNC(=O)c3ccc(-c4ccc(C#N)cc4)nc3)CC2)ccc2c1CCCC2,,0
COc1c(Cl)c2c(c(OC)c1OC)-c1c(c(Cl)c3c(c1OC)OCO3)C[C@H](C)[C@H](C)C2,,0
COc1c(N2CCN(C(=S)NCc3ccccc3)C(C)C2)c(F)cc2c(=O)c(C(=O)O)cn(C3CC3)c12,,0
COc1c(N2CCN(C(=S)Nc3ccccc3F)C(C)C2)c(F)cc2c(=O)c(C(=O)O)cn(C3CC3)c12,,0
COc1c(N2CCN(C[C@H](O)Cn3cc([N+](=O)[O-])nc3C)C(C)C2)c(F)cc2c(=O)c(C(=O)O)cn(C3CC3)c12,,0
COc1c(N2C[C@@H]3CCCN(Cc4cn(CCN5C(=O)C(=O)c6cc(Br)ccc65)nn4)[C@@H]3C2)c(F)cc2c(=O)c(C(=O)O)cn(C3CC3)c12,,0
COc1c(N2C[C@@H]3CCCN(Cn4c(O)c(N=O)c5cc(F)ccc54)[C@@H]3C2)c(F)cc2c(=O)c(C(=O)O)cn(C3CC3)c12,,0
COc1c(N2C[C@H]3CCCN(C(=O)Cn4cc(CN5C(=O)C(=O)c6cc(F)ccc65)nn4)[C@H]3C2)c(F)cc2c(=O)c(C(=O)O)cn(C3CC3)c12,,0
COc1c(OC)c(OC)c2ccccc2c1CCNCCCCNCCc1c(OC)c(OC)c(OC)c2ccccc12,,0
COc1c(OC2CCN(C)CC2)ccc2cc(NC(=O)CCC/C=C/CCCC(=O)Nc3cc4ccc(OC5CCN(C)CC5)c(OC)c4oc3=O)c(=O)oc12,,0
COc1c(OCC2CC2)ncnc1N1CCC(Oc2ccc([C@H](C)NC(=O)c3sc(NC(C)=O)nc3C)cc2)C1,,0
COc1c(OCCCCN2CC[C@H](N(C)C)C2)cc2oc3cc(OCCCCN4CC[C@H](N(C)C)C4)c(CC=C(C)C)c(O)c3c(=O)c2c1C=CC(C)C,,0
COc1c(OS(=O)(=O)c2ccc(Br)cc2)cc2oc3cc(OS(=O)(=O)c4ccc(Br)cc4)c(CC=C(C)C)c(O)c3c(=O)c2c1C=CC(C)C,,0
COc1c2occc2c(OC)c2c(=O)cc(CN3CCC(CCCC4CCN(Cc5cc(=O)c6c(OC)c7ccoc7c(OC)c6o5)CC4)CC3)oc12,,0
COc1cc(-c2nc(CN3CCN(Cc4cc5c6ccccc6n(C)c5c(-c5cc(OC)c(OC)c(OC)c5)n4)CC3)cc3c4ccccc4n(C)c23)cc(OC)c1OC,,0
COc1cc(-c2nnc(SCc3ccc(F)cc3F)o2)ccc1OCc1ccc(F)cc1F,,0
COc1cc(-c2nnnn2S(=O)(=O)c2ccc(OC(F)(F)F)cc2)ccc1OCC(O)(Cn1cncn1)c1ccc(F)cc1F,,0
COc1cc(-n2c(=O)[nH]c(O)c(C=Nc3ccc(Oc4ccnc5cc(OCCCN6CCCCC6)c(OC)cc45)c(F)c3)c2=O)c(OC)cc1Cl,,0
COc1cc(-n2cnc3cc(-c4ccc(Cl)cc4)sc3c2=O)ccc1OCCN1CCC(c2cccc(NC(C)=O)c2)CC1,,0
COc1cc(/C(=C2\O[C@@H]([C@H](O)CO)[C@H]3OC(C)(C)O[C@@H]23)c2ccc3c(c2)OCO3)cc(OC)c1OC,,0
COc1cc(/C=C/C(=O)/C=C/c2ccc(F)cc2F)ccc1OCc1cn([C@H]2C[C@H](n3cc(C)c(=O)[nH]c3=O)O[C@@H]2CO)nn1,,0
COc1cc(/C=C/C(=O)CC(=O)/C=C/c2ccc(OC(=O)CCNc3nnc(C)s3)c(OC)c2)ccc1OC(=O)CCNc1nnc(C)s1,,0
COc1cc(/C=C/C(=O)N[C@@H]2[C@@H](O)[C@H](O)[C@@H](CO)O[C@H]2NC(=S)Nc2ccc(S(N)(=O)=O)cc2)cc(OC)c1OC,,0
COc1cc(/C=C/C(=O)N[C@H]2[C@H](O[C@H]3CC[C@@]4(C)C(=CC[C@H]5[C@@H]6C[C@@H]7O[C@]8(CC[C@@H](C)CO8)[C@@H](C)[C@@H]7[C@@]6(C)CC[C@@H]54)C3)O[C@H](CO)[C@@H](O)[C@@H]2O)cc(OC)c1OC,,0
COc1cc(/C=C/C(=O)OC[C@H]2O[C@]3(COC(C)(C)O[C@H]4[C@H](O[C@@H]5COC(C)(C)O[C@H]5[C@@H]4O)O3)[C@@H](O)[C@@H]2O)ccc1OC(C)=O,,0
COc1cc(/C=C/C(=O)OC[C@H]2O[C@]3(COC(C)(C)O[C@H]4[C@H](O[C@@H]5COC(C)(C)O[C@H]5[C@@H]4O)O3)[C@@H](OC(=O)/C=C/c3ccc(OC(C)=O)c(OC)c3)[C@@H]2O)ccc1OC(C)=O,,0
COc1cc(/C=C/C(=O)O[C@@H]2C[C@H](O)[C@H](O)[C@@H]3[C@@H]2CC[C@@]2(O)C(=O)O[C@H](c4ccoc4)C[C@@]32C)ccc1O[C@@H]1O[C@H](CO)[C@@H](O)[C@H](O)[C@H]1O,,0
COc1cc(/C=C2/C(=O)N(C(=O)OCC(C)C)C(Cc3cc(OC)c(OC)c(C)c3OC)C(=O)N2Cc2ccccc2)c(OC)c(C)c1OC,,0
COc1cc(/C=C2/C(=O)N(C(=O)c3ccc(Cl)cc3)N=C2C)cc(OC)c1OC,,0
COc1cc(/C=C2\CC/C(=C\c3ccc(OCC=C(C)C)c(OC)c3)C2=O)ccc1OCC=C(C)C,,0
COc1cc(/C=C2\CC/C(=C\c3ccc(OCCCn4ccnc4)c(OC)c3)C2=O)ccc1OCCCn1ccnc1,,0
COc1cc(/C=C2\SC(=O)N(CCCOCCNc3cccc4c3C(=O)N(C3CCC(=O)NC3=O)C4=O)C2=O)ccc1Oc1ccc(C#N)cc1C(F)(F)F,,0
COc1cc(/C=N/NC(=O)CC2CSC(N3N=C(c4ccccc4)CC3c3c(F)cccc3F)=N2)cc(OC)c1OC,,0
COc1cc(/C=N\NC(N)=S)ccc1OCc1cn(CC(=O)c2ccc(Br)cc2)nn1,,0
COc1cc(C#Cc2c(-c3cncn3C)n(C)c3ccc(-c4ccc5cc[nH]c5c4)cc23)cc(OC)c1,,0
COc1cc(C#Cc2ccc(C#CCO[C@@H]3O[C@H](CO)[C@@H](O)[C@H](O)[C@H]3O)cc2N(C)C)c(OC)cc1C#Cc1ccc(C#CCO[C@@H]2O[C@H](CO)[C@@H](O)[C@H](O)[C@H]2O)cc1N(C)C,,0
COc1cc(C(=Cc2ccc(O)cc2)C(=O)N[C@@H]2c3cc4c(cc3[C@@H](c3cc(OC)c(OC)c(OC)c3)C3C(=O)OC[C@@H]32)OCO4)cc(OC)c1OC,,0
COc1cc(C(=O)CC(CCC(=O)Nc2ccc(Cl)cc2Cl)=NNC(=O)C(=O)NN)ccc1O,,0
COc1cc(C(=O)N2CCC(CCN3CCC(C(=O)c4nc5ccccc5[nH]4)CC3)(c3ccc(Cl)c(Cl)c3)C2)cc(OC)c1OC,,0
COc1cc(C(=O)N2CCC(CCN3CCC(C(=O)c4nc5ccccc5n4CCCC(=O)O)CC3)(c3ccc(Cl)c(Cl)c3)C2)cc(OC)c1OC,,0
COc1cc(C(=O)N2CCN(C(=O)c3cc(OC)c(OC)c(OC)c3)C(COC(=O)c3ccccc3Cl)C2)cc(OC)c1OC,,0
COc1cc(C(=O)N2CCO[C@@](CCN3CCC4(CC3)c3ccccc3C[S@+]4[O-])(c3ccc(Cl)c(Cl)c3)C2)cc(OC)c1OC,,0
COc1cc(C(=O)N2CC[C@](CCN3CCC(C(=O)N4CCN(C)CC4)(c4cccnc4)CC3)(c3ccc(Cl)c(Cl)c3)C2)cc(OC)c1OC,,0
COc1cc(C(=O)NCCN(C)C)ccc1Nc1ncc2c(n1)-c1c(nn(C)c1-c1ccc(-c3cnn(C)c3)cc1)CC2,,0
COc1cc(C(=O)NCc2nnc(SCC(=O)Nc3nc4ccc(C)cc4s3)o2)cc(OC)c1OC,,0
COc1cc(C(=O)NS(=O)(=O)c2ccccc2C)ccc1Cc1cn(C)c2ccc(C(=O)NC[C@H](C)CC(F)(F)F)cc12,,0
COc1cc(C(=O)N[C@H]2CCN(C)C2)c(Cl)cc1Nc1ncc(C(F)(F)F)c(Oc2ccc(C)c3c2C(=O)CC3)n1,,0
COc1cc(C(=O)OCC(COC(=O)c2cc(Br)c(O)c(OC)c2)OC(=O)c2cc(Br)c(O)c(OC)c2)cc(Br)c1O,,0
COc1cc(C(=O)OCc2cc(OC)c3c(c2-c2c(COC(=O)c4cc(OC)c(OC)c(OC)c4)cc(OC)c4c2OCO4)OCO3)cc(OC)c1OC,,0
COc1cc(C(=O)Oc2c(Sc3ccccc3)c(C)nn2-c2ccccc2)cc(OC)c1OC,,0
COc1cc(C(=S)N2CCCC2)ccc1OC(=O)c1ccc(Cl)cc1[N+](=O)[O-],,0
COc1cc(C(C(=O)NCC2CCCO2)N(C(=O)Cn2nnc3ccccc32)c2ccc(OC)c(OC)c2)ccc1O,,0
COc1cc(C(C)C(=O)NCc2ccc(C(F)(F)F)nc2-c2cccc(C)c2)ccc1CNS(C)(=O)=O,,0
COc1cc(C(CCN2CCCCC2)c2c(OC)cc(OC)c3c2OC(=O)CC3c2ccc(N(C)C)cc2)cc(OC)c1OC,,0
COc1cc(C(F)(F)F)ccc1-c1nccc2cc(S(=O)(=O)Nc3nc(Cl)cs3)ccc12,,0
COc1cc(C(N)=O)ccc1NC(=O)C1NC(CC(C)(C)C)C2(C(=O)Nc3cc(Cl)ncc32)C1c1cccc(Cl)c1F,,0
COc1cc(C2/C(=C/c3ccccc3)C(=O)c3cc(OC)c(OC)c(OC)c32)cc(OC)c1OC,,0
COc1cc(C2C(Cl)C(=O)N2n2cnc3ccccc3c2=O)cc(OC)c1OC,,0
COc1cc(C2CC(=NOC(=O)c3cc(OC)c(OC)c(OC)c3)CC(c3ccc(O)c(OC)c3)N2C)ccc1O,,0
COc1cc(C2[C@H](c3ccc(O)cc3)C(c3cc(OC)cc(=O)o3)[C@H]2c2ccc(O[C@@H]3O[C@H](CO)[C@@H](O)[C@H](O)[C@H]3O)cc2)oc(=O)c1,,0
COc1cc(C=C2CN(C(=O)CCC(=O)NCCCNCCCCNCCCN)CC(=Cc3ccc(O)c(OC)c3)C2=O)ccc1O,,0
COc1cc(C=CC(=O)NCCCCCCNc2c(O)cc3c(O)c2C=C(C)C[C@H](OC)[C@H](O)[C@@H](C)/C=C(\C)[C@H](OC(N)=O)[C@@H](OC)C=CC=C(C)C(=O)N3)ccc1O,,0
COc1cc(C=CC(=O)NCCc2c[nH]c3ccc(O)c(-c4c(O)ccc5[nH]cc(CCNC(=O)C=Cc6ccc(O)cc6)c45)c23)ccc1O,,0
COc1cc(C=CC(=O)OCC(=O)[C@]2(O)C=C3C(=O)c4c(c(O)c5c(OC)cccc5c4O)C(=O)C3[C@@H](O[C@H]3C[C@H](N)[C@H](O)[C@H](C)O3)C2)ccc1O,,0
COc1cc(C=CC(=O)OC[C@H]2O[C@H](O[C@]3(CO)O[C@H](CO)[C@@H](O)[C@@H]3OC(=O)C=Cc3ccc(O)c(OC)c3)[C@H](O)[C@@H](O)[C@@H]2O)ccc1O,,0
COc1cc(C=CC(=O)O[C@H]2[C@H](Oc3c(O)cc4oc(-c5ccc(O)c(O)c5)cc(=O)c4c3O)O[C@H](CO)[C@@H](O)[C@@H]2O)cc(OC)c1O,,0
COc1cc(CN2CCN(c3cc4c(cc3F)c(=O)c(C(=O)O)cn4C3CC3)CC2)cc(OC)c1OC,,0
COc1cc(CNC(=S)NC(CCc2ccc(C)c(C)c2)COC(=O)C(C)(C)C)cc(I)c1O,,0
COc1cc(CO/N=C2\CN(c3nc4c(cc3F)c(=O)c(C(=O)O)cn4C3CC3)CC2CN)c([N+](=O)[O-])cc1OC,,0
COc1cc(C[C@@H]2CO[C@@H](c3cc(OC)c(O)c(OC)c3)[C@@H]2CO[C@@H]2O[C@@H](C)[C@H](O)[C@@H](O)[C@H]2O)cc(OC)c1O,,0
COc1cc(C[C@H]2c3cc(OC)c(OC)cc3CCN2C)c(Oc2cc3c(cc2OC)-c2c(OC)c(OC)cc4c2[C@H](C3)N(C)CC4)cc1OC,,0
COc1cc(Cc2cnc(/N=C3\C(=O)N(CN4CCN(c5c(F)cc6c(=O)c(C(=O)O)cn(C7CC7)c6c5F)CC4C)c4ccc(Cl)cc43)nc2N)cc(OC)c1OC,,0
COc1cc(F)c(F)c(Nc2ccc(I)cc2F)c1NS(=O)(=O)C1(CC(O)CO)CC1,,0
COc1cc(F)ccc1-c1nc(Nc2ccc3c(N4CCN(C)CC4)c(C(C)=O)c(=O)oc3c2)ncc1F,,0
COc1cc(N(C)CCN(C)C)c(NC(=O)C(Cl)=C(Cl)Cl)cc1Nc1nccc(-c2cn(C)c3ccccc23)n1,,0
COc1cc(N2C(=O)N(c3ccc(-c4ccc(C(=O)O)s4)cc3)C(=O)C23CCN(Cc2ncccc2C)CC3)ncn1,,0
COc1cc(N2CCC(N3CCN(C)CC3)CC2)ccc1Nc1cc(N2CCCC(C(=O)NCc3ccc(OC(F)(F)F)cc3)C2)ccn1,,0
COc1cc(N2CCC(N3CCN(C)CC3)CC2)ccc1Nc1ncc(Cl)c(Nc2ccccc2S(=O)(=O)N(C)C)n1,,0
COc1cc(N2CCC(N3CCN(CCF)CC3)CC2)c(C)cc1Nc1nccc(-c2c(-c3cccc(C(=O)Nc4c(F)cccc4F)c3)nc3ccccn23)n1,,0
COc1cc(N2CCCCC2)ccc1Nc1nc2c(c(Nc3ccccc3S(=O)(=O)NC(C)C)n1)CCN2,,0
COc1cc(N2CCC[C@@H](O)C2)ccc1Nc1nccc(-c2c(-c3cccc(C(=O)Nc4c(F)cccc4F)c3)nc3ccccn23)n1,,0
COc1cc(N2CCN(C(C)=O)CC2)ccc1Nc1nc(Nc2ccc(N3CCN(C(C)=O)CC3)cc2)ncc1Cl,,0
COc1cc(N2CCN(C(C)=O)CC2)ccc1Nc1ncc(C(F)(F)F)c(Nc2ccc(N3CCN(C)CC3)cc2OC)n1,,0
COc1cc(N2CCN(CCO)CC2)ccc1Nc1ncc(Cl)c(Nc2ccc(N3CCN(C(C)=O)CC3)cc2OC)n1,,0
COc1cc(N2CCOCC2)ccc1Nc1nc2c(c(Nc3ccccc3S(=O)(=O)NC(C)C)n1)C(C)(C)CN2,,0
COc1cc(N2CCOCC2)ccc1Nc1nc2c(c(Nc3ccccc3S(=O)(=O)NCC(C)C)n1)CCN2,,0
COc1cc(N2CCOCC2)ccc1Nc1nc2c(c(Nc3ccccc3S(=O)(=O)NCC3CC3)n1)C1(CC1)CN2,,0
COc1cc(N=C(N)c2ccccn2)ccc1-c1ccc(-c2ccc(N=C(N)c3ccccn3)cc2OC)o1,,0
COc1cc(NC(=O)c2csc(Nc3ncc(Cl)c(Nc4ccccc4S(=O)(=O)C(C)C)n3)n2)cc(OC)c1OC,,0
COc1cc(NC(=O)c2csc([C@@H](NC(=O)c3cc(OC)c(OC)c(OC)c3)C(C)C)n2)cc(OC)c1,,0
COc1cc(NC(=O)n2cc(-c3ccc(O)cc3)n(-c3cc(OC)c(OC)c(OC)c3)c2=O)cc(OC)c1OC,,0
COc1cc(NCCCCCCN2CCN(CCO)CC2)c2nccc(C)c2c1Oc1cccc(C(F)(F)F)c1,,0
COc1cc(NS(=O)(=O)c2ccc(N=CC(C#N)c3nc4cc(Cl)ccc4o3)cc2)nc(OC)n1,,0
COc1cc(NS(C)(=O)=O)ccc1Nc1c2ccc(I)cc2nc2c(OCC(O)CO)cccc12,,0
COc1cc(Nc2nc(NCCNc3cnc4cc(Cl)ccc4c3)nc(N3CCOCC3)n2)cc(OC)c1,,0
COc1cc(O)c(C(=O)/C=C/c2ccc(OCc3cn(-c4ccc(F)c(Cl)c4)nn3)c(OCc3cn(-c4ccc(F)c(Cl)c4)nn3)c2)c(OC)c1,,0
COc1cc(O)c(Cc2c(CCc3ccc(O)c(OC)c3)cc(O)cc2OC)c(CCc2ccc(O)c(OC)c2)c1,,0
COc1cc(O)c(Cc2c(O)cc(OC)cc2CCc2ccc(O)c(OC)c2)c(CCc2ccc(O)c(OC)c2)c1,,0
COc1cc(O)c2c(c1)OC(c1ccc3c(c1)O[C@@H](c1ccc(O)c(OC)c1)[C@H](CO)O3)C(=O)C2O,,0
COc1cc(OC)c(OC)cc1/C=C/C(=O)/C=C/c1cn(Cc2ccc(F)cc2)c2ccccc12,,0
COc1cc(OC)c(OC)cc1/C=C/C(=O)N[C@@H]1[C@@H](O)[C@H](O)[C@@H](CO)O[C@H]1NC(=S)Nc1ccc(S(N)(=O)=O)cc1,,0
COc1cc(OC)c2c(-c3ccc(Br)cc3)c(C(=O)C(=O)N3CCCCC3)[nH]c2c1,,0
COc1cc(OC)c2c(=O)c(OCCOC(=O)/C=C/c3cc(OC)c(OC)c(OC)c3)c(-c3ccc(OC)c(OC)c3)oc2c1,,0
COc1cc(OC)c2c(N3CCOC[C@H]3C)nc(-c3cc(C)c(OCCCCCC(O)=NO)c(C)c3)nc2c1,,0
COc1cc(OC)c2c(N3CCSCC3)nc(-c3cc(C)c(OCCCCCC(O)=NO)c(C)c3)nc2c1,,0
COc1cc(OC)cc(-c2nc3ccccc3c(=O)n2OC(=O)c2ccc(C)c(C)c2)c1,,0
COc1cc(OC)cc(C2=Cc3ccc(OC)cc3C(CC(C)=O)N2c2ccc(C#CCCO)cc2)c1,,0
COc1cc(OC)cc(N(CC2CN(Cc3ccccc3)CCN2Cc2ccccc2)c2ccc3ncc(-c4cnn(C)c4)nc3c2)c1,,0
COc1cc(OC)nc(NC(=O)NS(=O)(=O)Oc2ccccc2OCCI)n1,,0
COc1cc(OC)nc(NC(=O)NS(=O)(=O)c2c(S(=O)(=O)c3ccccc3)nc3ccccn23)n1,,0
COc1cc([C@@H]2CC(=O)c3c(O)cc(O[C@@H]4O[C@H](CO)[C@@H](O)[C@H](O)[C@H]4O[C@@H]4OC[C@](O)(CO[C@@H]5OC[C@](O)(CO)[C@H]5O)[C@H]4O)cc3O2)ccc1O,,0
COc1cc([C@@H]2c3cc4c(cc3C=C(C=O)C2C(=O)OCCCCCCBr)OCO4)cc(OC)c1OC,,0
COc1cc([C@@H]2c3cc4c(cc3C=C(C=O)C2C(=O)OCCCCCCn2cnc3cncnc32)OCO4)cc(OC)c1OC,,0
COc1cc([C@@H]2c3cc4c(cc3C[C@H]3COC(=O)C32)OCO4)cc(OC)c1OC(=O)C(CCSC)NC(=O)Cn1cc(F)c(=O)[nH]c1=O,,0
COc1cc([C@@H]2c3cc4c(cc3C[C@H]3COC(=O)C32)OCO4)cc(OC)c1OC(=O)CCC(=O)N1CCN(C(=O)Cn2cc(F)c(=O)[nH]c2=O)CC1,,0
COc1cc([C@@H]2c3cc4c(cc3C[C@H]3COC(=O)C32)OCO4)cc(OC)c1OCC(=O)Nc1ccccc1F,,0
COc1cc([C@@H]2c3cc4c(cc3[C@@H](C3CC(c5ccncc5)=CN3)[C@H]3COC(=O)C23)OCO4)cc(OC)c1O,,0
COc1cc([C@@H]2c3cc4c(cc3[C@@H](CCN(C)CCN3CCOCC3)C3COC(=O)C32)OCO4)cc(OC)c1O,,0
COc1cc([C@@H]2c3cc4c(cc3[C@@H](NC(=O)C(C(C)C)n3c(O)c5c(c3O)C3CCC5O3)[C@H]3COC(=O)C23)OCO4)cc(OC)c1O,,0
COc1cc([C@@H]2c3cc4c(cc3[C@@H](NC(=O)C(C)(C)OC(=O)C3=CC(C)(C)N(O)C3(C)C)[C@H]3COC(=O)C23)OCO4)cc(OC)c1OC,,0
COc1cc([C@@H]2c3cc4c(cc3[C@@H](NC(=O)C(OC(=O)C3=CC(C)(C)N(O)C3(C)C)c3ccco3)[C@H]3COC(=O)C23)OCO4)cc(OC)c1OC,,0
COc1cc([C@@H]2c3cc4c(cc3[C@@H](NC(=O)CCCn3c(O)c5c(c3O)C3CCC5O3)[C@H]3COC(=O)C23)OCO4)cc(OC)c1O,,0
COc1cc([C@@H]2c3cc4c(cc3[C@@H](NC(=O)c3ccc(NS(=O)(=O)c5cccc6nsnc56)cc3)[C@H]3COC(=O)C23)OCO4)cc(OC)c1OC,,0
COc1cc([C@@H]2c3cc4c(cc3[C@@H](NC(=S)NC(=O)c3ccccc3I)[C@H]3COC(=O)C23)OCO4)cc(OC)c1O,,0
COc1cc([C@@H]2c3cc4c(cc3[C@@H](NC(CCSC)C(=O)OCCCn3cc(F)c(=O)[nH]c3=O)[C@H]3COC(=O)C23)OCO4)cc(OC)c1O,,0
COc1cc([C@@H]2c3cc4c(cc3[C@@H](NS(=O)(=O)c3sc(NC(C)=O)nc3C)[C@H]3COC(=O)C23)OCO4)cc(OC)c1OC,,0
COc1cc([C@@H]2c3cc4c(cc3[C@@H](Nc3ccc(C(=O)O)cc3)[C@H]3COC(=O)C23)OCO4)cc(OC)c1O,,0
COc1cc([C@@H]2c3cc4c(cc3[C@@H](OCCC(=N)NS(C)(=O)=O)[C@H]3COC(=O)C23)OCO4)cc(OC)c1OC,,0
COc1cc([C@@H]2c3cc4c(cc3[C@@H](n3cc(CNc5cc(=O)oc6ccccc56)nn3)[C@H]3COC(=O)C23)OCO4)cc(OC)c1O,,0
COc1cc([C@@H]2c3cc4c(cc3[C@@H](n3cc(COc5cc(=O)oc6ccc(C)cc56)nn3)[C@H]3COC(=O)C23)OCO4)cc(OC)c1O,,0
COc1cc([C@@H]2c3cc4c(cc3[C@@H](n3cc(COc5ccc(C(=O)/C=C/c6ccccc6F)cc5)nn3)[C@H]3COC(=O)C23)OCO4)cc(OC)c1OC,,0
COc1cc([C@@H]2c3cc4c(cc3[C@H](O)[C@@H](CO)C2C(=O)OC/C=C/c2ccccc2)OCO4)cc(OC)c1OC,,0
COc1cc([C@@H]2c3cc4c(cc3[C@H](OC(=O)Cn3c(O)c(C5=Nc6ccccc6C5=O)c5ccccc53)[C@H]3COC(=O)C23)OCO4)cc(OC)c1OC,,0
COc1cc([C@@H]2c3cc4c(cc3[C@](O)([C@](C)(O)C(C)C)[C@H]3COC(=O)C23)OCO4)cc(OC)c1OC,,0
COc1cc([C@H]2C(C(=O)OCC3CCN(C)CC3)[C@H](c3ccc(O)c(OC)c3)C2C(=O)OCC2CCN(C)CC2)ccc1O,,0
COc1cc([C@H]2C(C(=O)O[C@@H]3C[C@@H]4[C@@H](CN(C)C[C@@H]4C)[C@@H]3C)[C@H](c3ccc(O)c(OC)c3)C2C(=O)O[C@@H]2C[C@@H]3[C@@H](CN(C)C[C@@H]3C)[C@@H]2C)ccc1O,,0
COc1cc([N+](=O)[O-])c(OC)c2c(Nc3ccc(S(=O)(=O)O)c4cc(S(=O)(=O)O)cc(S(=O)(=O)O)c34)cc(C)nc12,,0
COc1cc2c(=O)c3c(NCCCN(C)CCCN4C(=O)c5cccc6cc([N+](=O)[O-])cc(c56)C4=O)ccc4c(=O)n(CCN(C)C)c(=O)n(c2cc1OC)c43,,0
COc1cc2c(C(=O)c3ccccc3)c3c4c(cc(OC)c(OC)c4c2cc1OC)CCN3C,,0
COc1cc2c(Nc3ccc(C)c(Br)c3)ncnc2cc1OCCNC(=O)Cn1cnc([N+](=O)[O-])n1,,0
COc1cc2c(Nc3ccc(Cl)c(Cl)c3)ncnc2cc1OCC1CN(C/C=C/Br)CCO1,,0
COc1cc2c(Nc3ccc(Cl)c(Cl)c3)ncnc2cc1OCc1nc(CN2CCN(C)CC2)no1,,0
COc1cc2c(O[C@@H]3OC[C@@H](OC)[C@H](OC)[C@H]3OCCCCCCN3CCOCC3)c3c(c(-c4ccc5c(c4)OCO5)c2cc1OC)C(=O)OC3,,0
COc1cc2c(Oc3ccc(NC(=O)C4(C(=O)Nc5ccc(F)cc5)CC4)cc3F)ccnc2cc1OCCCCCC(O)=NO,,0
COc1cc2c(Oc3ccc(NC(=O)NN4C(=O)CSC4c4c(F)cccc4F)cc3)ccnc2cc1OCCCN1CC(C)CC(C)C1,,0
COc1cc2c(Oc3ccc(NC(=O)NN=Cc4ccc[nH]4)cc3F)ccnc2cc1OCCCN1CCCCC1,,0
COc1cc2c(Oc3ccc(NC(=O)c4c(C)n(-c5ccc(F)c(Cl)c5)c(=O)n4C)cc3F)ccnc2cc1OCCCN1CCN(C)CC1,,0
COc1cc2c(Oc3ccc(NC(=O)c4c(C)n(-c5ccc(F)c(F)c5)c(=O)n4C)cc3F)ccnc2cc1OCCCN1CCN(C)CC1,,0
COc1cc2c(Oc3ccc(NC(=O)c4c(C)n(-c5ccc(F)cc5)c(=O)n4C)cc3F)ccnc2cc1OCCCN1CCC(C)CC1,,0
COc1cc2c(Oc3ccc(NC(=O)c4c(C)n(-c5cccc(C(F)(F)F)c5)c(=O)n4C)cc3F)ccnc2cc1OCCCN1CCN(C)CC1,,0
COc1cc2c(Oc3ccc(NC(=O)c4c(Cl)c5ccccc5n(-c5ccccc5OC)c4=O)cc3F)ccnc2cc1OCCCN1CCN(C)CC1,,0
COc1cc2c(Oc3ccc(NC(=O)c4cc(-c5ccc(C(F)(F)F)cc5)ccn4)cc3F)ccnc2cc1OCCCN1CCN(C)CC1,,0
COc1cc2c(Oc3ccc(NC(=O)c4cc5cccnc5n(-c5ccc(Br)cc5F)c4=O)cc3F)ccnc2cc1OCCCN1CCC(C)CC1,,0
COc1cc2c(Oc3ccc(NC(=O)c4cc5cccnc5n(-c5ccccc5)c4=O)cc3F)ccnc2cc1OCCCN1CCCCC1,,0
COc1cc2c(Oc3ccc(NC(=O)c4cn(-c5ccc(Cl)cc5)cn4)cc3F)ccnc2cc1OCCCN1CCN(C)CC1,,0
COc1cc2c(Oc3ccc(NC(=O)c4cn(-c5ccccc5OC(F)(F)F)cn4)cc3F)ccnc2cc1OCCCN1CCC(C)CC1,,0
COc1cc2c(Oc3ccc(NC(=O)c4nc5ccccc5n(-c5ccc(F)cc5)c4=O)cc3F)ccnc2cc1OCCCN1CCCCC1,,0
COc1cc2c(Oc3ccc(NC(=O)c4nn(-c5ccc(OC(F)F)cc5)c(=O)n4C)cc3F)ccnc2cc1OCCCN1CCN(C)CC1,,0
COc1cc2c(Oc3ccc(NC(=O)c4nn(-c5cccc(F)c5)c(=O)c5ccccc45)cc3F)ccnc2cc1OCCCN1CCCC1,,0
COc1cc2c(Oc3ccc(NC(=O)c4nn(-c5ccccc5C(F)(F)F)c(=O)cc4C)cc3F)ccnc2cc1OCCCN1CCN(C)CC1,,0
COc1cc2c(Oc3ccc(NC(=O)c4nnn(-c5ccc(C)cc5)c4C(F)(F)F)cc3F)ccnc2cc1OCCCN1CCC(C)CC1,,0
COc1cc2c(Oc3ccc(NS(=O)(=O)c4cc(-c5ccsc5)ccc4F)cc3F)ccnc2cc1OCCCN1CCN(C)CC1,,0
COc1cc2c(c(OC)c1O)-c1c(cc(OC)c(OC)c1OC)C[C@H](C)[C@H](C)[C@H]2O,,0
COc1cc2c(c(Oc3ccc(C[C@H]4c5cc(OC)c(OC)c(OC)c5CC[N@@+]4(C)[O-])cc3)c1OC)C[C@H]1c3c(c(OC)c(OC)c(OC)c3-2)CCN1C,,0
COc1cc2c(c3c1OCO3)-c1c(cc(OC)c3c1OCO3)CN(CCCCCCNC(=O)c1cccs1)C2,,0
COc1cc2c(cc1C[C@H]1[C@@H]3C[C@H]4c5c(c6ccccc6n5C)C[C@@H]([C@@H]3CO[C@]1(C)OC(C)=O)N4C)c1c(n2C)[C@H]2C[C@H]3C(C(C)=O)=COC[C@H]3[C@H](C1)N2C,,0
COc1cc2c(cc1Nc1ncc(Cl)c(Nc3ccccc3S(=O)(=O)C(C)C)n1)CCc1nn(C(=O)CO)c(C)c1-2,,0
COc1cc2c(cc1O)CCC(C)(CC(=O)NCCOCCOCCNc1c3c(nc4cc(Cl)ccc14)CCCC3)O2,,0
COc1cc2c(cc1O)[C@H](Cc1ccc(OC)c(Oc3ccc(C[C@H]4c5cc(OC)c(OC)cc5CCN4C)cc3)c1)N(C)CC2,,0
COc1cc2c(cc1OC(C)C)[C@H](c1ccc(Cl)cc1)N(c1ccc(N(C)C[C@H]3CC[C@H](N4CNC(=O)C4)CC3)cc1)C(=O)C2,,0
COc1cc2c(cc1OC)C(=O)N(C1CCCN(CCCOc3ccc(C(F)(F)F)cc3)C1)CC2,,0
COc1cc2c(cc1OC)C(c1ccnc(-n3nc(-c4cccnc4)c4ccccc4c3=O)c1)=N[C@H](CO)C2,,0
COc1cc2c(cc1OC)C1=NN(C(=O)Nc3c(C)cccc3C)C(c3ccccc3Cl)C1C2,,0
COc1cc2c(cc1OC)CN(C(=O)C13CC4CC(C1)CC(c1ccc(OCC(=O)Nc5cccc(C(=O)NCc6ccco6)c5)cc1)(C4)C3)CC2,,0
COc1cc2c(cc1OC)CN(CCc1ccc(NC(=O)/C=C/c3ccc(Oc4ccc(-c5ccccn5)cc4Br)nc3)cc1)CC2,,0
COc1cc2c(cc1OC)CN(c1cc[n+](Cc3cccc(C[n+]4ccc(N5CCc6cc(OC)c(OC)cc6C5)cc4)c3)cc1)CC2,,0
COc1cc2c(cc1OC)[C@@H](OC(=O)Cc1cccc3ccccc13)[C@H]1COC(=O)C1[C@@H]2c1cc(OC)c(OC)c(OC)c1,,0
COc1cc2c(cc1OC)[C@@H]1[C@@H]3Cc4cc(OC)c(OC)cc4[C@H](CNC(=O)/C=C/c4cc5ccccc5nc4Cl)N3[C@@H](C#N)[C@H](C2)N1C,,0
COc1cc2c(cc1OC)[C@@H]1[C@@H]3Cc4cc(OC)c(OC)cc4[C@H](CNC(=O)/C=C/c4ccc(Cl)cc4)N3[C@@H](C#N)[C@H](C2)N1C,,0
COc1cc2c(cc1OCCC(=O)Nc1cc(C(=O)Nc3cc(C(=O)NCCC(=N)N)n(C)c3)n(C)c1)N=CC1CCCN1C2=O,,0
COc1cc2c(cc1Oc1ccc(OC)c3c1CC1c4c(cc(OC)c(OC)c4-3)CCN1C)CC1c3c(cc(OC)c(OC)c3-2)CCN1C,,0
COc1cc2c(ccc3c4ccc(OC)c(OC)c4c[n+](C)c23)c(-c2cccnc2)c1OC,,0
COc1cc2c3c(n(CCCN=C4NCCS4)c(=O)c2cc1OC)-c1cc2c(cc1C3=O)OCO2,,0
COc1cc2cc(C(=O)N3CC(CBr)c4c3cc([N+](=O)[O-])c3cc(S(=O)(=O)NCCOP(=O)(O)O)ccc43)[nH]c2c(OC)c1OC,,0
COc1cc2cc(C(=O)N3CC(CCl)c4c3cc([N+](=O)[O-])c3cc(S(=O)(=O)NCCOP(=O)(O)O)ccc43)[nH]c2c(OC)c1OC,,0
COc1cc2cc(C(=O)N3CC(COS(=O)(=O)Cc4ccccc4)c4c3cc([N+](=O)[O-])c3cc(C(=O)NCCOP(=O)(O)O)ccc43)[nH]c2c(OC)c1OC,,0
COc1cc2cc(C(=O)N3CCC[C@H]3C#N)c3cc(OC)c(OC)cc3c2cc1OC,,0
COc1cc2cc(C(=O)N3CCN(CCO)CC3)c(CO)c(-c3cc(OC)c(OC)c(OC)c3)c2cc1OC,,0
COc1cc2cc(c1Cl)N(C)C(=O)CC(OC(=O)C(C)N(C)C(=O)CC[C@H](C)SSC)C1(C)OC1C(C)C1CC(O)(NC(=O)O1)C(OC)/C=C/C=C(\C)C2,,0
COc1cc2cc(c1Cl)N1CC(=O)C(C)(O)C(=O)N(C)C(C)C(=O)O[C@@H](CC1=O)[C@]1(C)O[C@H]1[C@H](C)[C@@H]1C[C@@](O)(NC(=O)O1)[C@H](OC)/C=C/C=C(\C)C2OC,,0
COc1cc2cc(c1Cl)N1CCC(C)(O)C(=O)NC(C)C(=O)O[C@@H](CC1=O)[C@]1(C)O[C@H]1[C@H](C)[C@@H]1C[C@@](O)(NC(=O)O1)[C@H](OC)/C=C/C=C(\C)C2OC,,0
COc1cc2cc3c4c(cc(OC)c(OC)c4c2cc1OC)CCN3C(=O)CCC(=O)NCCCN(C)C,,0
COc1cc2ccc(=O)oc2cc1O[C@@H]1O[C@H](COC(=O)CCc2cc(OC)c(O[C@@H]3O[C@H](CO)[C@@H](O)[C@H](O)[C@H]3O)c(OC)c2)[C@@H](O)[C@H](O)[C@H]1O,,0
COc1cc2ccn3c(c(-c4ccc(OC)c(OS(=O)(=O)O)c4)c4c5cc(OC)c(OS(=O)(=O)O)cc5oc(=O)c43)c2cc1OC,,0
COc1cc2nc(/C=C/c3ccccc3Cl)n(-c3ccc(Br)cc3)c(=O)c2cc1OC,,0
COc1cc2nc(N(C)CCSSCCN(C)C(=O)c3ccc(CCl)o3)nc(N)c2cc1OC,,0
COc1cc2nc(SCCC(=O)Nc3cc(OC)c(OC)c(OC)c3)n(-c3ccc(F)cc3)c(=O)c2cc1OC,,0
COc1cc2ncc3c(c2cc1OCc1ccc(F)cc1)n(-c1c(F)cc(C#N)cc1F)c(=O)n3C,,0
COc1cc2ncnc(Nc3ccc(-c4nc5ccccc5s4)c(Cl)c3)c2cc1OCCCN1CCN(C)CC1,,0
COc1ccc(-c2c(C(C)=O)c(-c3ccccc3)n(C3OC(COC(C)=O)C(OC(C)=O)C(OC(C)=O)C3OC(C)=O)c(=S)c2C#N)cc1,,0
COc1ccc(-c2c(C3CCCC3)c3ccc(C(=O)N[C@@]4(C(=O)Nc5ccc(C=CC(=O)O)cc5)CCN(C)C4)cc3n2C)cn1,,0
COc1ccc(-c2cc(C(=O)N3CCN(C4CCN(C(=O)C5CCN(C(C)=O)CC5)CC4)CC3)cc(-c3ccc(OC)cc3)n2)cc1,,0
COc1ccc(-c2cc(C(=O)N3CCN(c4ccccc4)CC3)c3ccccc3n2)cc1OC,,0
COc1ccc(-c2cc(C(F)(F)F)nc(S(=O)(=O)CCCC(=O)Nc3cccc(O)c3)n2)cc1OC,,0
COc1ccc(-c2ccc(OCc3nn(-c4ccc(C(F)(F)F)cc4)c(=O)n3-c3ccccc3F)cc2)nc1NS(=O)(=O)c1ccccc1,,0
COc1ccc(-c2cccc(C(=O)N(C)C)c2)cc1S(=O)(=O)Nc1cccc(NCCNC(=O)c2ccccc2)c1,,0
COc1ccc(-c2nc(CNCCCCNCc3cc4c5ccccc5n(C)c4c(-c4ccc(OC)cc4)n3)cc3c4ccccc4n(C)c23)cc1,,0
COc1ccc(-c2nc(Cn3c(SCc4ccc(C)cc4)nc4cccnc43)c(C)o2)cc1OC,,0
COc1ccc(-c2nc(Cn3c(SCc4ccc(C)cc4)nc4ccncc43)c(C)o2)cc1OC,,0
COc1ccc(-c2nc3n(Cc4ccccc4F)c(C)c(-c4cccc(OC)c4)c(=O)n3c2CN(C)CCc2ccccn2)cc1,,0
COc1ccc(-c2nnc(-c3ccc(F)cc3)o2)cc1OCCCOc1cc2c(cc1OC)C(=O)N1CCCC1C=N2,,0
COc1ccc(-c2oc3c(OC)c(OC)cc(OCCCC(=O)NCc4ccccn4)c3c(=O)c2O)cc1,,0
COc1ccc(-c2oc3c4c(cc(OC)c3c(=O)c2CC=C(C)C)OC(C)(C)C=C4)c(OC)c1,,0
COc1ccc(-c2oc3cc(O[C@@H]4O[C@H](CO[C@@H]5O[C@@H](C)[C@H](O)[C@@H](O)[C@H]5O)[C@@H](O)[C@H](O)[C@H]4O)cc(O)c3c(=O)c2Cl)cc1O,,0
COc1ccc(-n2c(C)nc3ccc(OCCCCC(=O)N[C@@H]4c5cc6c(cc5[C@@H](c5cc(OC)c(OC)c(OC)c5)C5C(=O)OC[C@@H]54)OCO6)cc3c2=O)cc1,,0
COc1ccc(-n2c3c(cc(-c4nc(-c5ccc(C)cc5)cs4)c2=O)C(=O)CC(C)(C)C3)cc1,,0
COc1ccc(-n2c3cssc-3c(NC(=O)N(C)CCOC(=O)CCCCCCC(=O)c3c(O)cc(C)oc3=O)c2=O)c(OC)c1,,0
COc1ccc(-n2cc(CCCC(=O)NCCN3CCN(c4cccc(Cl)c4Cl)CC3)nn2)cc1,,0
COc1ccc(-n2nc(C(=O)c3cccs3)cc(-c3nc4ccccc4[nH]3)c2=N)cc1,,0
COc1ccc(-n2nnnc2C(c2ccnc3ccccc23)N2CCN(C/C=C/c3ccccc3)CC2)cc1,,0
COc1ccc(/C(=C(\c2ccc(/C=C/C(=O)O)cc2)c2ccc3nccn3c2)C2CCC2)c(Cl)c1,,0
COc1ccc(/C=C/C(=O)NCCCCCCNc2c(O)cc3c(O)c2C=C(C)C[C@H](OC)[C@H](O)[C@@H](C)/C=C(\C)[C@H](OC(N)=O)[C@@H](OC)C=CC=C(C)C(=O)N3)c(OC)c1OC,,0
COc1ccc(/C=C/C(=O)NC[C@H]2c3cc(OC)c(OC)cc3C[C@H]3[C@H]4c5cc(OC)c(OC)cc5C[C@@H]([C@H](C#N)N23)N4C)c(OC)c1,,0
COc1ccc(/C=C/C(=O)Nc2ccc(-n3cnn(C[C@@](O)(Cn4cncn4)c4ccc(F)cc4F)c3=O)cc2)cc1,,0
COc1ccc(/C=C/C(=O)OC[C@H]2O[C@H](O[C@H]3O[C@H](COC(=O)/C=C/c4ccc(OC)c(OC)c4)[C@@H](O)[C@H](O)[C@H]3O)[C@H](O)[C@@H](O)[C@@H]2O)cc1OC,,0
COc1ccc(/C=C/C(=O)c2ccc(NC(=O)CN3CCN(c4cc5c(cc4F)c(=O)c(C(=O)O)cn5C4CC4)CC3)cc2)cc1OC,,0
COc1ccc(/C=C/C(=O)c2ccc(NC(=O)CSc3nnc(-c4cc(OC)c(OC)c(OC)c4)o3)cc2)cc1,,0
COc1ccc(/C=C/c2cc(/C=C/c3ccc(OC)c(OC)c3)nc(OCCCCSC(=N)N)n2)cc1OC,,0
COc1ccc(/C=C/c2cc(OC)cc(OC)c2/C=C/C(=O)C=Cc2ccc(O)c(OC)c2)cc1,,0
COc1ccc(/C=C2\CC(C(=O)Nc3ccc(N4CCN(C)CC4)cc3)C/C(=C\c3ccc(OC)cc3)C2=O)cc1,,0
COc1ccc(/C=C2\OC(=O)C(c3ccccc3Cl)=C2c2ccc(S(C)(=O)=O)cc2)cc1,,0
COc1ccc(/C=N/NC(=O)c2ccc(F)cc2)cc1CN1CCc2cc(OC)c(OC)cc2C1C,,0
COc1ccc(/C=N/NC(=O)c2cn3c4c(c(N5CCN(C)CC5)c(F)cc4c2=O)OCC3C)cc1,,0
COc1ccc(/C=N/c2[nH]c3nnc(C)n3c(=O)c2S(=O)(=O)NN2C(=O)C(CN3CCOCC3)SC2c2ccc(OC)cc2)cc1,,0
COc1ccc(/C=N/n2c(C(F)(F)F)nn(CN3CCN(Cn4nc(C(F)(F)F)n(/N=C/c5ccc(OC)cc5)c4=S)CC3)c2=S)cc1,,0
COc1ccc(C#Cc2c(-c3ccc(OC)cc3)oc3ccc(-c4ccc5c(c4)OCO5)cc23)cc1,,0
COc1ccc(C(=O)/C(Cc2cc(OC)c(OC)c(OC)c2)=C(\C(=O)O)c2ccc3nsnc3c2)cc1Cl,,0
COc1ccc(C(=O)/C=C/c2c(OCc3cn(-c4ccc(F)cc4)nn3)ccc3ccccc23)cc1,,0
COc1ccc(C(=O)/C=C/c2ccc(OCc3cn([C@H]4C[C@H](n5cc(C)c(=O)[nH]c5=O)O[C@@H]4CO)nn3)c(OC)c2)cc1,,0
COc1ccc(C(=O)/C=C/c2cn(-c3ccccc3)nc2-c2ccc(Br)cc2)c(OC)c1,,0
COc1ccc(C(=O)Nc2cccc(O[C@@H]3OC(C(=O)O)[C@@H](O)[C@H](O)[C@H]3O)c2NC(=O)c2ccc(N3CCCN(C)CC3)cc2)cc1,,0
COc1ccc(C(=O)O)cc1NS(=O)(=O)c1ccc(-c2ccc(S(=O)(=O)Nc3cc(C(=O)O)ccc3OC)cc2)cc1,,0
COc1ccc(C(=O)O/N=C/c2c(C(F)(F)F)nn(C)c2SCc2ccccc2Cl)cc1,,0
COc1ccc(C(=O)OCCN(C(C)C)C(C)C)cc1NC(=O)Nc1cc(-c2cn[nH]c2)ccc1OC(F)(F)F,,0
COc1ccc(C(=O)OCCN(C(C)C)C(C)C)cc1NC(=O)Nc1cc(-c2cncnc2)ccc1OC(F)(F)F,,0
COc1ccc(C(=O)O[C@H]2[C@H](O[C@H]3[C@H](OC(C)=O)[C@@H](O[C@H]4C[C@H]5C[C@@H](O)CC[C@]5(C)[C@@]4(O)C(C)C(=O)OCC(C)C)OC[C@H]3O)OC[C@@H](O)[C@@H]2O)cc1,,0
COc1ccc(C(=O)Oc2c(Sc3ccc(Cl)cc3)c(C)nn2C(C)(C)C)cc1OC,,0
COc1ccc(C(=O)c2cn(CC(=O)Nc3cc(OC)cc(OC)c3)c3ccc(OC)cc3c2=O)cc1,,0
COc1ccc(C(C(=O)O[C@H]2CC[C@@H](N(C)[C@H]3CC[C@@H](OC(=O)C#Cc4cc(OC)c(OC)c(OC)c4)CC3)CC2)c2ccc(OC)cc2)cc1,,0
COc1ccc(C(OCC2OC(n3ccc(NC(=O)c4ccccc4)nc3=O)CC2OP2(=S)SCCS2)(c2ccccc2)c2ccc(OC)cc2)cc1,,0
COc1ccc(C(OCC2OC3(COC(c4ccccc4)(c4ccc(OC)cc4)c4ccc(OC)cc4)C(Oc4nc(=O)ccn43)C2O)(c2ccccc2)c2ccc(OC)cc2)cc1,,0
COc1ccc(C(OCCN2C[C@](O)(c3ccc(OC)cc3)C[C@@H]2CC(=O)O)(c2ccc(OC)cc2)c2ccc(OC)cc2)cc1,,0
COc1ccc(C(OCCc2c(C)nc(OC)nc2OC)(c2ccccc2)c2ccccc2)cc1,,0
COc1ccc(C(c2nnnn2CS(=O)(=O)c2ccc(C)cc2)N2CCN(c3ncccn3)CC2)cc1,,0
COc1ccc(C23Oc4cc(OC)cc(OC)c4C2(O)C(O)C(C(=O)NOCCOCCOCCNC(C)=O)C3c2ccccc2)cc1,,0
COc1ccc(C2=N/C(=C\c3cc(Br)cc(Br)c3OC(C)=O)C(=O)NN2c2ncc(-c3ccc(Br)cc3)s2)cc1OC,,0
COc1ccc(C2=NN(C(=O)c3ccc(OC)c(F)c3)C(O)(c3ccc(Cl)cc3Cl)C2)cc1,,0
COc1ccc(C2=NN(C(=O)c3cncc(Br)c3)C(c3ccc(Cl)cc3)C2)cc1,,0
COc1ccc(C2=Nn3c(nnc3-c3ccccc3Cl)SC2)cc1OC1CCCC1,,0
COc1ccc(C2=Nn3c(nnc3-c3ccccc3F)SC2)cc1OC1CCOC1,,0
COc1ccc(C2CC(c3cccc(Oc4cc(O/N=[N+](\[O-])N5CCOCC5)c([N+](=O)[O-])cc4[N+](=O)[O-])c3)=NN2C(C)=O)cc1,,0
COc1ccc(C2CCN(CC[C@H](CN(C)C(=O)c3cc(C#N)cc4ccccc34)c3ccc(Cl)c(Cl)c3)CC2)c([S@+](C)[O-])c1,,0
COc1ccc(C2OOC(C)(C)C(CCC(C)CCn3cc(-c4ccc(-c5cn(CCC(C)CCC6OC(c7ccc(OC)cc7)OOC6(C)C)nn5)cc4)nn3)O2)cc1,,0
COc1ccc(C2c3[nH]c4ccccc4c3CC3C(=O)N(CCc4ccc(OC)c(OC)c4)CC(=O)N32)cc1,,0
COc1ccc(CC2=NC(=O)CCC[C@@H]([C@H](C)[C@H]3O[C@@H]3c3ccccc3)OC(=O)C(CC(C)C)OC(=O)C(CCN=[N+]=[N-])CNC2=O)cc1Cl,,0
COc1ccc(CCNC(=O)C2CCN(S(=O)(=O)c3ccc(-n4cnnn4)cc3)CC2)cc1OC,,0
COc1ccc(CCNC(=O)c2ccc3c(c2)c(C)c(C)n3Cc2ccc(F)cc2)c(OC)c1OC,,0
COc1ccc(CCO[C@@H]2O[C@H](CO)[C@@H](OC(=O)C=Cc3ccc(O)c(OC)c3)[C@H](O[C@@H]3O[C@@H](C)[C@H](O)[C@@H](O)[C@H]3O[C@@H]3OC[C@@H](O)[C@@H](O)[C@@H]3O)[C@H]2O)cc1O,,0
COc1ccc(CCn2c(C(=O)N(C)C)c(-c3cc(OC)c(OC)c(OC)c3)c(-c3cc(OC)c(OC)c(OC)c3)c2C(=O)N(C)C)cc1,,0
COc1ccc(CN2CCC[C@]3(N[C@H](c4ccc(C)cc4)c4c3c(O)n(Cc3ccccc3)c4O)C2=O)cc1,,0
COc1ccc(CN2CCN(CCCOc3ccc(C(=O)N=C(N)N)cc3NC(=O)c3sccc3C)CC2)c(OC)c1OC,,0
COc1ccc(CNC(=O)C2CCN(S(=O)(=O)N3CCC4(CC3)OCCO4)CC2)c(OC)c1,,0
COc1ccc(CNC(=O)Cc2nc3c4ccccc4nc(SCC(=O)Nc4ccc(N(C)C)cc4)n3c2O)cc1,,0
COc1ccc(CNC(=O)O[C@H]2CN(C(=O)OC(C)C)N(C(=O)OC(C)C)[C@@H]3CN(S(=O)(=O)c4ccc(C)cc4)C[C@]23O)cc1OC,,0
COc1ccc(CNS(=O)(=O)N2CCN(/C(C=N)=C(\OCC3(C)CC3)C(=O)Nc3cccc(Cl)c3)CC2)cc1N,,0
COc1ccc(COc2ccc(CN3CCC(C(=O)Nc4ccc5c(c4)CCc4nnc(C)n4-5)CC3)cc2OC)cc1,,0
COc1ccc(COc2ccc(Cn3cnc4cc(C5=CC6(O)CCCN5C6)cnc43)cc2OC)cn1,,0
COc1ccc(Cc2ccc(OC)c(C3SC4C(=NOC4c4ccc(F)cc4)N3c3ccccc3C)c2)cc1C1SC2C(=NOC2c2ccc(F)cc2)N1c1ccccc1C,,0
COc1ccc(Cc2nc(-c3cc(Br)c(OCCCCN(C)C)c(Br)c3)c[nH]c2=O)cc1Br,,0
COc1ccc(Cl)c(Nc2ncnc3cc(OCCCN4CCN(C(C)=O)CC4)cc(OC(C)C)c23)n1,,0
COc1ccc(Cl)cc1S(=O)(=O)N1CCN(C(=O)c2cc(-c3ccc(Br)cc3)[nH]n2)CC1,,0
COc1ccc(Cn2cc(CCNc3ncnc4c3ncn4C3OC(C(=O)NC4CC4)[C@@H](O)[C@H]3O)c3ccccc32)cc1,,0
COc1ccc(Cn2ncc(NC(=O)c3cc(NC(=O)c4cc(-n5cnc(C)c5)cc(C(F)(F)F)c4)ccc3C)c2N)cc1,,0
COc1ccc(N(C(=O)c2snc(C(N)=O)c2N)C(C(=O)NC2CCCC2)c2cc(OC)ccc2OC)c(OC)c1,,0
COc1ccc(N(C)c2cnc(SCc3c(F)cc(OCCCN(CCS(=O)(=O)O)CCS(=O)(=O)O)cc3F)n2-c2ccc(F)cc2)cc1OC,,0
COc1ccc(N(C)c2cnc(SCc3c(F)cc(OCCC[N+]45CCN(CC4)CC5)cc3F)n2-c2ccc(F)cc2)cc1OC,,0
COc1ccc(N2CC(C(=O)Nc3ccc(S(=O)(=O)Nc4nccs4)cc3)CC2=O)c(OC)c1,,0
COc1ccc(N2CCC3(CCN(CCCSc4nnc(-c5ccccc5)n4C)CC3)CC2)cc1,,0
COc1ccc(N2CCN(C(=O)CSc3nnc4c(C)cc5c(C)cc(C)cc5n34)CC2)cc1,,0
COc1ccc(N2CCN(CCn3c(=O)n(C)c4c3nc(N)n3nc(-c5ccco5)nc43)CC2)c(F)c1,,0
COc1ccc(N2CCN(c3cc(C(=O)Nc4cc(OC)c(OC)c(OC)c4)ncn3)CC2)cc1OC,,0
COc1ccc(NC(=O)CCCCCCCSc2nnc(Cc3nn(C)c(=O)c4ccccc34)n2C)c(OC)c1,,0
COc1ccc(NC(=O)Cn2c(=O)n(Cc3ccc(C(=O)NCc4ccccc4Cl)cc3)c(=O)c3ccccc32)cc1OC,,0
COc1ccc(NC(=O)Cn2cc(COc3cc(O)c4c(=O)c5cc(Br)ccc5oc4c3)nn2)cc1OC,,0
COc1ccc(NC(=O)NC2C(=O)N(CC(=O)N(c3ccccc3)C(C)C)c3ccccc3N(c3ccccc3)C2=O)cc1,,0
COc1ccc(NC(=O)OC[C@]2(O)C=C3C(=O)c4c(c(O)c5ccccc5c4O)C(=O)C3[C@@H](OC3CC(N)C(O)C(C)O3)C2)cc1,,0
COc1ccc(NC(=O)c2cccc(N3C(=O)c4ccc(C(=O)Nc5ccc(OC)c(O)c5)cc4C3=O)c2)cc1O,,0
COc1ccc(NC(=O)c2ccccc2[Se][Se]c2ccccc2C(=O)Nc2ccc(OC)cc2)cc1,,0
COc1ccc(NS(=O)(=O)c2cccc(C(=O)NNC(=O)CN3C(=O)NC(C)(C)C3=O)c2)cc1,,0
COc1ccc(Nc2ccc(CCNC[C@H](O)c3ccc(O)c4[nH]c(=O)ccc34)cc2)cc1-c1ccc(CN)cc1,,0
COc1ccc(Nc2nc(NCCNCCO[C@H]3O[C@@H]4O[C@@]5(C)CC[C@H]6[C@H](C)CC[C@@H]([C@H]3C)[C@@]46OO5)nc(NCCN(C(C)C)C(C)C)n2)cc1,,0
COc1ccc(Nc2ncc(C(=O)N3CCN(c4cccc(Cl)c4)CC3)c3ccccc23)cc1,,0
COc1ccc(Nc2nnc(CCSCCc3nnc(Nc4ccc(OC)cc4)[se]3)[se]2)cc1,,0
COc1ccc(O)c(C(=O)c2cc(C(=O)NCCc3ccccc3)c(=O)n(CCc3ccccc3)c2)c1,,0
COc1ccc(OC)c(/C=C/C(=O)Nc2ccc(N3CCN(CC(O)(Cn4cncn4)c4ccc(F)cc4F)CC3)c(F)c2)c1,,0
COc1ccc(OC)c(CCNC(=O)c2ccc(CS(=O)(=O)c3ccc(Br)cc3)o2)c1,,0
COc1ccc(OC)c(CNC(=O)c2cc(=O)[nH]c3ccc(S(=O)(=O)N4CCCCC4C)cc23)c1,,0
COc1ccc(OC)c(NC(=O)Cn2cnc3sc(C)c(S(=O)(=O)N4CCN(c5ccccc5OC)CC4)c3c2=O)c1,,0
COc1ccc(OC)c2c1c(OC)cc1c(=O)cc(-c3ccc(-c4cn(CCOc5cccc6c5C(=O)N(C5CCC(=O)NC5=O)C6=O)nn4)cc3)oc12,,0
COc1ccc(OC)c2sc(N(CCCN(C)C)C(=O)c3ccc(S(=O)(=O)N4CCc5ccccc5C4)cc3)nc12,,0
COc1ccc(OCC2c3cc(OC)c(OC)cc3CCN2C(=O)c2ccc(C)cc2)cc1,,0
COc1ccc(OCC2c3cc4c(cc3CCN2C(=O)c2cccc(Br)c2)OCO4)cc1,,0
COc1ccc(Oc2ccc(-n3cc(O)n([C@@H](CC4CCN(C(=O)C(C)C)CC4)c4nc5ccc(F)cc5n4C)c3=O)cc2)cc1,,0
COc1ccc(Oc2ccc(/C=C3\SC(=O)N(c4cccc(OCCCCCN5CCN(C)CC5)c4)C3=O)cc2)cc1,,0
COc1ccc(S(=O)(=O)N(C)C[C@H]2OCCCC[C@H](C)Oc3ccc(N(C)C)cc3C(=O)N([C@H](C)CO)C[C@@H]2C)cc1,,0
COc1ccc(S(=O)(=O)N2C(=O)C(c3ccccc3OC)(N3CCN(c4cccnc4)CC3)c3cc(Cl)ccc32)c(OC)c1,,0
COc1ccc(S(=O)(=O)N2C(=O)[C@@](c3nccnc3OC)(N3C[C@H](O)CC3C(=O)N(C)C)c3cc(Cl)ccc32)c(OC)c1,,0
COc1ccc(S(=O)(=O)N2CCCOC2CNC(=O)C(=O)NCCCn2ccnc2)cc1OC,,0
COc1ccc(S(=O)(=O)N2Cc3cc(-c4ccc(C#N)o4)ccc3N(Cc3cncn3C)C[C@H]2Cc2ccc(OS(=O)(=O)C(F)(F)F)cc2)cc1,,0
COc1ccc(S(=O)(=O)N2Cc3cc(-c4ccncc4)ccc3N(Cc3cncn3C)C[C@H]2Cc2ccc(O)cc2)cc1,,0
COc1ccc(S(=O)(=O)N2Cc3cc(C#N)ccc3N(Cc3cncn3C)C[C@H]2Cc2ccc(OCc3ccccc3)cc2)cc1,,0
COc1ccc(S(=O)(=O)NCCc2nnc3ccc(SCC(=O)Nc4cc(C)cc(C)c4)nn23)cc1,,0
COc1ccc(S(=O)(=O)NCCc2nnc3ccc(SCC(=O)Nc4nc(C)cs4)nn23)cc1,,0
COc1ccc(S(=O)(=O)Nc2ccc3c(c2)C(=O)N([C@@H](C)CO)C[C@H](C)[C@@H](CN(C)Cc2ccc(C(F)(F)F)cc2)OCCCC[C@@H](C)O3)cc1,,0
COc1ccc(S(=O)(=O)Nc2ccc3c(c2)C(=O)N([C@H](C)CO)C[C@@H](C)[C@H](CN(C)C(=O)Nc2ccc(C(F)(F)F)cc2)OCCCC[C@H](C)O3)cc1,,0
COc1ccc(S(=O)(=O)Nc2ccc3c(c2)C(=O)N([C@H](C)CO)C[C@H](C)[C@@H](CN(C)C(=O)Nc2ccc(C(F)(F)F)cc2)OCCCC[C@H](C)O3)cc1,,0
COc1ccc(S(=O)(=O)Nc2ccc3c(c2)C(=O)N([C@H](C)CO)C[C@H](C)[C@H](CN(C)Cc2ccc(C(F)(F)F)cc2)OCCCC[C@@H](C)O3)cc1,,0
COc1ccc(S(=O)(=O)Nc2ccc3c(c2)CC(=O)N([C@H](C)CO)C[C@@H](C)[C@H](CN(C)Cc2ccc4c(c2)OCO4)O3)cc1,,0
COc1ccc(S(=O)(=O)c2ccc(CN3CCCc4cc5c(cc43)nc(C)n5C)cc2)cc1,,0
COc1ccc([C@@H](O)[C@@H](C)Oc2ccc([C@H]3O[C@H](c4ccc(O[C@H](C)[C@H](O)c5ccc6c(c5)OCO6)c(OC)c4)[C@H](C)[C@H]3C)cc2OC)cc1OC,,0
COc1ccc([C@@H]2CC(=O)c3c(O)cc(OCc4cn(CC(=O)c5ccc(F)cc5)nn4)cc3O2)cc1O,,0
COc1ccc([C@@H]2CC(=O)c3c(O)cc(OCc4cn(CC(=O)c5ccccc5Cl)nn4)cc3O2)cc1O,,0
COc1ccc2[nH]c(C(=O)N3CC(=O)N(Cc4cccc(C(=O)NC5CC5)c4)[C@@H](Cc4ccccc4)C3)cc2c1,,0
COc1ccc2[nH]c(C(=O)OCCCOC(=O)c3[nH]c4ccc(OC)cc4c3CCNC(C)=O)c(CCNC(C)=O)c2c1,,0
COc1ccc2[nH]c(C)c(CC(=O)NC(CCCCCC(C)=O)C(=O)NCCc3c(-c4ccccc4)[nH]c4ccccc34)c2c1,,0
COc1ccc2c(OCCC3NC(=O)N(C)CCCC/C=C\[C@@H]4C[C@@]4(C(=O)NS(=O)(=O)C4(C)CC4)NC3=O)cc(-n3ccc(C(F)(F)F)n3)nc2c1Cl,,0
COc1ccc2c(O[C@@H]3CC4C(=O)N[C@]5(C(=O)NS(=O)(=O)C6(C)CC6)C[C@H]5/C=C\CCCCN(C)C(=O)C4C3)cc(-c3nc(C(C)C)cs3)nc2c1C,,0
COc1ccc2c(O[C@@H]3CC4C(=O)N[C@]5(C(=O)NS(=O)(=O)C6CC6)C[C@H]5/C=C\CCCCCC(=O)N4C3)cc(-c3nc(C(C)C)cs3)nc2c1C,,0
COc1ccc2c(O[C@@H]3CC4C(=O)N[C@]5(C(=O)NS(=O)(=O)C6CC6)C[C@H]5/C=C\CCCCCC(NC(=O)C5(OC)CCC5)C(=O)N4C3)cc(-c3nc(C4CC4)cs3)nc2c1C,,0
COc1ccc2c(O[C@@H]3CC4C(=O)N[C@]5(C(=O)NS(=O)(=O)C6CC6)C[C@H]5/C=C\CCCCCC(NC(=O)N5CCCCC5)C(=O)N4C3)cc(-c3nc(C(C)C)cs3)nc2c1C,,0
COc1ccc2c(O[C@@H]3CC4C(=O)N[C@]5(C(=O)NS(=O)(=O)C6CC6)C[C@H]5/C=C\CCCCCC(O)C(=O)N4C3)cc(-c3nc(C(C)C)cs3)nc2c1C,,0
COc1ccc2c(O[C@@H]3CC4C(=O)N[C@]5(C(=O)NS(=O)(=O)C6CC6)C[C@H]5/C=C\CCCCCCS(=O)(=O)N4C3)cc(-c3nc(C(C)C)cs3)nc2c1C,,0
COc1ccc2c(O[C@@H]3CC4C(=O)N[C@]5(C(=O)NS(=O)(=O)C6CC6)C[C@H]5/C=C\CCCCCS(=O)(=O)N4C3)cc(-c3nc(C(C)C)cs3)nc2c1C,,0
COc1ccc2c(O[C@@H]3CC4C(=O)N[C@]5(C(=O)NS(=O)(=O)C6CC6)C[C@H]5CCCCCCCCS(=O)(=O)N4C3)cc(-c3nc(C(C)C)cs3)nc2c1C,,0
COc1ccc2c(O[C@@H]3CC4C(=O)N[C@]5(C(=O)O)CC5/C=C\CCCCCC(NC(=O)OC5CCCC5)C(=O)N4C3)cc(-c3csc(NC(=O)C(C)C)n3)nc2c1C,,0
COc1ccc2c(O[C@H]3CC4C(=O)N(C)CCCC/C=C/[C@@H]5C[C@@]5(C(=O)NS(=O)(=O)C5(C)CC5)NC(=O)N4C3)cc(-n3cc(C(C)C)nn3)nc2c1Cl,,0
COc1ccc2c(c1)C(C)=C1Cn3c-2c(C2CCCCC2)c2ccc(cc23)C(=O)NS(=O)(=O)N(C)CCCCN(C)C1=O,,0
COc1ccc2c(c1)C1CC1(C(=O)N1C3CNCC1C3)Cn1c-2c(C2CCCCC2)c2ccc(C(=O)NS(=O)(=O)N(C)C)cc21,,0
COc1ccc2c(c1)C1CC1(C(=O)N1CCN(C(=O)N(C)C)CC1)Cn1c-2c(C2CCCCC2)c2ccc(C(=O)NS(=O)(=O)N(C)C)cc21,,0
COc1ccc2c(c1)CC1CN(CCCCNC(=O)c3ccc(NC(=O)c4cc(Cl)cc(Cl)c4)cc3)CCN1C2,,0
COc1ccc2c(c1)[C@@H]1C[C@]1(C(=O)N1CC34CCC3(CN(C(=O)N3CCCC3)C4)C1)Cn1c-2c(C2CCCCC2)c2ccc(C(=O)NS(=O)(=O)N(C)C)cc21,,0
COc1ccc2c(c1)[C@@H]1C[C@]1(C(=O)N1CC34COCC3(CN(C(C)=O)C4)C1)Cn1c-2c(C2CCCCC2)c2ccc(C(=O)NS(=O)(=O)C(C)C)cc21,,0
COc1ccc2c(c1)c(=O)c1c(NCCCN(C)CCCN3C(=O)c4cccc5cc([N+](=O)[O-])cc(c45)C3=O)ccc3c(=O)n(CCN(C)C)c(=O)n2c31,,0
COc1ccc2c(c1)c(=O)c1c(NCCCN3CCN(CCCN4C(=O)c5cccc6cc([N+](=O)[O-])cc(c56)C4=O)CC3)ccc3ncn2c31,,0
COc1ccc2c(c1)c(CC(=O)NC(CO[N+](=O)[O-])(CO[N+](=O)[O-])CO[N+](=O)[O-])c(C)n2C(=O)c1ccc(Cl)cc1,,0
COc1ccc2c(c1)c(CC(=O)Oc1cccc3ccccc13)c(C)n2C(=O)c1ccc(Cl)cc1,,0
COc1ccc2c(c1)c1c(c(=O)n(CCc3ccccc3)c(=O)n1Cc1cccc(Cl)c1)n2C,,0
COc1ccc2c(c1)c1c(n2C(=O)c2ccc(S(=O)(=O)/N=C/N(C)C)cc2)CCN(CCCOc2cc(F)cc(C3(OC)CCOCC3)c2)C1,,0
COc1ccc2c(c1)c1c(n2CCCCCCCCCn2c3c(c4cc(OC)ccc42)CN(C)CC3)CCN(C)C1,,0
COc1ccc2c(c1)c1c3c(ccc1n2C)CCN(CCN1CCC(C2CCN(CCN4CCc5ccc6c(c5C4)c4cc(OC)ccc4n6C)CC2)CC1)C3,,0
COc1ccc2c(c1)c1c3c[n+](C)ccc3ccc1n2CCN1CCC(C2CCN(CCn3c4ccc(OC)cc4c4c5c[n+](C)ccc5ccc43)CC2)CC1,,0
COc1ccc2c(c1)c1c3cc[n+](CCN4CCC(C5CCN(CC[n+]6ccc7c(ccc8c7c7cc(OC)ccc7n8C)c6)CC5)CC4)cc3ccc1n2C,,0
COc1ccc2c(c1Br)CCC/C(=C\c1cc(OC)c(OC)c(OC)c1)C2=O,,0
COc1ccc2c(c[n+]3c4c2cc(Cc2ccc(F)cc2)c2c5c(cc(c24)CC3)OCO5)c1OC,,0
COc1ccc2c3c1O[C@H]1C[C@@H](O)CC[C@@]31CCN(CCCCCCCCCCCC[N+]1=Cc3ccc(OC)c4c3[C@@]3(C=C[C@H](O)C[C@@H]3O4)CC1)C2,,0
COc1ccc2c3c1O[C@H]1[C@@]4(OC)CC[C@@]5(C[C@@H]4C(NC(C(=O)O)c4ccccc4)c4ccccc4)[C@@H](C2)N(CC2CC2)CC[C@]315,,0
COc1ccc2c3c1O[C@H]1[C@H](N(C)C(=O)/C=C/c4ccoc4)CC[C@@]4(O)[C@@H](C2)N(S(=O)(=O)c2cccc(F)c2)CC[C@]314,,0
COc1ccc2c3c1O[C@H]1[C@H](N(C)C(=O)/C=C/c4ccoc4)CC[C@@]4(O)[C@@H](C2)N(S(=O)(=O)c2ccccc2N(C)C)CC[C@]314,,0
COc1ccc2cc3[n+](cc2c1OCCN(CCSc1nc2ccccc2[nH]1)Cc1ccc(F)cc1F)CCc1cc2c(cc1-3)OCO2,,0
COc1ccc2cc3[n+](cc2c1OCc1ccc(Br)cc1)CCc1cc2c(cc1-3)OCO2,,0
COc1ccc2cc3[n+](cc2c1OCc1ccccc1Br)CCc1cc2c(cc1-3)OCO2,,0
COc1ccc2nc(NCCCN3CCN(CCCNc4nc5ccc(OC)nc5n5cccc45)CC3)c3cccn3c2n1,,0
COc1ccc2nc3cc(Cl)ccc3c(NCCCN3CCN(CCCNc4ccc5nnn6c7ccccc7c(=O)c4c56)CC3)c2c1,,0
COc1ccc2nc3cc(Cl)ccc3c(NCCN3CCN(CCCN4c5ccccc5Sc5ccccc54)CC3)c2c1,,0
COc1ccc2ncc(F)c(CCN3CCC(NCc4cc(Br)c5c(c4)OCCO5)CC3)c2n1,,0
COc1ccc2nccc(-n3cc4c(n3)CCC(NC(=O)c3cc(F)c(Cl)cc3Cl)C4)c2c1,,0
COc1ccc2nccc([C@@H](O)CC[C@@H]3CCN(C4CC(c5ccc(C(F)(F)F)cc5F)C4)CC3C(=O)O)c2c1,,0
COc1ccc2nccc([C@@H](O)CC[C@@H]3CCN(C4CC(c5ccc(F)c(C#N)c5)C4)CC3C(=O)O)c2c1,,0
COc1ccc2nccc([C@@H](O)CC[C@@H]3CCN(C4CC(c5ccc(F)cc5F)C4)CC3C(=O)O)c2c1,,0
COc1ccc2nccc([C@@H](O)CN3CCC(NCc4nc5c(cc4Cl)SCC(=O)N5)C(F)C3)c2c1,,0
COc1cccc(-c2cc(C(=O)Nc3cc4ccc(O[C@@H]5CCC[C@@H](O)[C@H]5O)c(C)c4oc3=O)ccc2OC)c1,,0
COc1cccc(-c2cc(C(=O)Nc3cc4ccc(O[C@H]5CC[C@@H](N(C6CCOC6)C6CCOC6)CC5)c(C)c4oc3=O)ccc2OC)c1,,0
COc1cccc(-c2nc3cc4c(cc3cc2CN(C(=O)c2csc(C)n2)C2CC2)CCC4)c1OC,,0
COc1cccc(C(=N)Nc2cc(C(=O)Nc3cc(C(=O)Nc4ccc(C(=O)NCCCN(C)C)n4C)n(C(C)C)c3)n(C)c2)c1,,0
COc1cccc(C(=O)N(Cc2cc(-c3cn4c(n3)CCC4)ccc2OC(C)C)CC2CC2)c1,,0
COc1cccc(C(=O)OCC(=O)NCCNC(=O)COC(=O)c2cccc(OC)c2OC)c1OC,,0
COc1cccc(C(c2cc3c(cc2O)OCO3)N2CCN(C(c3cc4c(cc3O)OCO4)c3cccc(OC)c3O)CC2)c1O,,0
COc1cccc(C2C(C(=O)Nc3cc(=O)n(C)c(=O)n3C)=C(C)N=C(C)C2C(=O)Nc2cc(=O)n(C)c(=O)n2C)c1O,,0
COc1cccc(CCc2nc3c(N4CCC(Cc5ccccc5)CC4)cccc3n2CC2CNCCO2)c1,,0
COc1cccc(CN(C(=O)C2=C(c3ccc(CCN(C)Cc4c(Cl)ccc(Cl)c4Cl)cc3)CC3CNCC2N3)C2CC2)c1C,,0
COc1cccc(Cn2c(SCc3ccc(C(=O)N4CCCCC4)cc3)nc3ccncc32)c1,,0
COc1cccc(F)c1C1=NCc2cnc(Nc3ccc(C(=O)O)cc3)nc2-c2ccc(Cl)cc21,,0
COc1cccc(F)c1CN1C[C@H](NC(=O)c2ccc3[nH]nc(-c4ccnc(C)c4)c3c2)CCC1C(=O)N1CCN(C(=O)OC2CCCC2)CC1,,0
COc1cccc(N2CCN(C(=O)C(NS(=O)(=O)c3ccc4c(c3)CCC(=O)N4)c3ccccc3)CC2)c1,,0
COc1cccc(N2CCN(CC(O)COc3ccc(F)cc3C(=O)CCc3ccc(F)cc3)CC2)c1,,0
COc1cccc(N2CCN(c3c(C)n(Cc4c(F)cccc4C(F)(F)F)c(=O)n(C[C@H](NCCCC(=O)O)c4ccccc4)c3=O)CC2)c1F,,0
COc1cccc(NC(=O)N(C)C[C@H]2Oc3cc(-c4ccccc4F)ccc3S(=O)(=O)N([C@H](C)CO)C[C@H]2C)c1,,0
COc1cccc(Nc2c(C(N)=O)ccc3c(C)cc(S(=O)(=O)c4cccc(C(=O)Nc5ccc(C#CCCCNC[C@@H](O)c6ccc(O)c7[nH]c(=O)ccc67)cc5)c4)cc23)c1,,0
COc1cccc(Nc2c(C(N)=O)cnc3c(C)cc(S(=O)(=O)c4cccc(C(=O)Nc5ccc(C#CCCCNC[C@H](O)c6ccc(O)c7[nH]c(=O)ccc67)cc5)c4)cc23)c1,,0
COc1cccc(OC)c1-c1cc(C(=O)NC2(C(=O)O)C3CC4CC(C3)CC2C4)nn1-c1ccc(C(=O)N(C)CCCN(C)C)cc1C(C)C,,0
COc1cccc(OC)c1/C=C/C(=O)Nc1ccc(N2CCN(CC(O)(Cn3cncn3)c3ccc(F)cc3F)CC2)c(C(F)(F)F)c1,,0
COc1cccc(OC)c1CNC(=O)Cc1cc(C2NC(=O)N=C(C)C2C(=O)Nc2ccc3[nH]ncc3c2)ccc1F,,0
COc1cccc(OCC#Cc2cn([C@H](C)C[C@@H]3CC[C@H](C(C)C(=O)N4CCN(CC5CCCO5)CC4)O3)nn2)c1OC,,0
COc1cccc(S(=O)(=O)Nc2ccc3c(c2)[C@@H]2C[C@@H](CC(=O)NCc4cccc(F)c4)O[C@H](CO)[C@@H]2O3)c1,,0
COc1cccc2c(O)c3c(c(O)c12)C(=O)C1=C(C[C@@](O)(/C(C)=N/NC(=O)c2ccc(Cl)c(Cl)c2)C[C@@H]1OC1CC(N)C(O)C(C)O1)C3=O,,0
COc1cccc2c(O)c3c(c(O)c12)C(=O)C1=C(C[C@@](O)(/C(C)=N/NC(=O)c2ccc(Cl)c(Cl)c2)C[C@@H]1O[C@H]1C[C@H](N)[C@H](O)[C@H](C)O1)C3=O,,0
COc1cccc2c(O)c3c(c(O)c12)C(=O)C1=C(C[C@@](O)(/C(C)=N/NC(=O)c2ccc(Cl)cc2)C[C@@H]1O[C@H]1C[C@H](N)[C@H](O)[C@H](C)O1)C3=O,,0
COc1cccc2c(O)c3c(c(O)c12)C(=O)C1=C(C[C@@](O)(/C(C)=N/NC(=O)c2ccccc2)C[C@@H]1OC1CC(N)C(O)C(C)O1)C3=O,,0
COc1cccc2c(O)c3c(c(O)c12)C(=O)C1=C(C[C@@](O)(/C(C)=N/NC(=O)c2ccccc2)C[C@@H]1O[C@H]1C[C@H](N)[C@H](O)[C@H](C)O1)C3=O,,0
COc1cccc2c(O)c3c(c(O)c12)C(=O)C1=C(C[C@@](O)(/C(CO)=N/NC(=O)CC(=O)O[C@@H]2C[C@H](C)CC[C@H]2C(C)C)C[C@@H]1O[C@H]1C[C@H](N)[C@H](O)[C@H](C)O1)C3=O,,0
COc1cccc2c(O)c3c(c(O)c12)C(=O)C1=C(C[C@@](O)(/C(CO)=N/NC(=O)c2ccc(Cl)c(Cl)c2)C[C@@H]1O[C@H]1C[C@H](N)[C@H](O)[C@H](C)O1)C3=O,,0
COc1cccc2c(O)c3c(c(O)c12)C(=O)C1=C(C[C@@](O)(C(=O)CO)C[C@@H]1O[C@H]1C[C@H](N=C(N)CCCS)[C@H](O)[C@H](C)O1)C3=O,,0
COc1cccc2c(O)c3c(c(O)c12)C(=O)C1=C(C[C@@](O)(C(=O)CO)C[C@@H]1O[C@H]1C[C@H](NCc2ccccc2)[C@H](O)[C@H](C)O1)C3=O,,0
COc1cccc2c(O)c3c(c(O)c12)C(=O)C1=C(C[C@@](O)(C(=O)CO)C[C@H]1OC1CC(NCCCCC(OC(C)=O)OC(C)=O)C(O)C(C)O1)C3=O,,0
COc1cccc2c(O)c3c(c(O)c12)C(=O)C1=C(C[C@@](O)(C(=O)COC(=O)CNC(C)=O)C[C@@H]1OC1CC(NC(=O)C(F)(F)F)C(O)C(C)O1)C3=O,,0
COc1cccc2c(O)c3c(c(O)c12)C(=O)C1=C(C[C@@](O)(C(=O)COC(=O)c2ccc(-c4cssc4=S)cc2)C[C@@H]1O[C@H]1C[C@H](N)[C@H](O)[C@H](C)O1)C3=O,,0
COc1cccc2c(O)c3c(c(O)c12)C(=O)C1=C(C[C@](O)(C(=O)CO)C[C@@H]1OC1CC(NC(=O)c2ccc(S(=O)(=O)F)cc2)C(O)C(C)O1)C3=O,,0
COc1cccc2c1CCCC2CCCN1CCN(C2CCN(CCCCCCNS(=O)(=O)c3cccc4c(N(C)C)cccc34)CC2)CC1,,0
COc1cccc2c1c(NS(=O)(=O)c1ccc(Cl)s1)nn2Cc1cccc(CNC(=O)C2COC2)c1,,0
COc1cccc2c1ncc1c(=O)n(-c3cccc(Cl)c3)c(=O)n(C3CCC(NS(C)(=O)=O)CC3)c12,,0
COc1ccccc1-c1ccc2c(c1)O[C@@H](CN(C)C(=O)c1ccncc1)[C@H](C)CN([C@@H](C)CO)S2(=O)=O,,0
COc1ccccc1-c1nccc(COc2ccccc2CC(Oc2ncnc3sc(-c4ccc(F)cc4)c(-c4ccc(OCCN(C)C)c(Cl)c4C)c23)C(=O)O)n1,,0
COc1ccccc1-n1c(-c2cc(-c3ccccc3)c(N3CCOCC3)s2)nc2ccccc2c1=O,,0
COc1ccccc1C(=O)OC[C@]1(C)CC[C@H]2C(=CC(C)C(=O)[C@@]3(O)C[C@H](C)[C@H](OC(=O)c4ccccc4OC)[C@@H]3[C@H]1O)C2(C)C,,0
COc1ccccc1CNC(=O)CCCCn1c(=O)c2ccccc2n(CC(=O)Nc2cccc(Cl)c2)c1=O,,0
COc1ccccc1CNC(=O)c1ccc(-c2nc(C[S+]([O-])c3ccc(C)cc3)c(C)o2)cc1,,0
COc1ccccc1COCCCOc1ccc(N2C(=O)CNCC2C(=O)N(C)Cc2ccccc2Cl)cc1,,0
COc1ccccc1COc1ccc2cc(/C=C3\SC(=S)N(C(Cc4c[nH]c5ccccc45)C(=O)O)C3=O)ccc2c1,,0
COc1ccccc1Cc1cc(-c2ccc(C)cc2)nnc1NN=CC(OC(C)=O)C(OC(C)=O)C(COC(C)=O)OC(C)=O,,0
COc1ccccc1Cn1c(=S)[nH]c2cc(C(=O)N3CCN(c4ccccc4OC)CC3)ccc2c1=O,,0
COc1ccccc1N(C(=O)Nc1ccc(F)cc1)C(C)c1nc2ccccc2c(=O)n1N1CCN(C)CC1,,0
COc1ccccc1N1CCN(C2CC3CC(N4CCN(c5ccccc5OC)CC4)CC3C2)CC1,,0
COc1ccccc1N1CCN(C2CC3CC(NC4CC5CC(N6CCN(c7ccccc7OC)CC6)CC5C4)CC3C2)CC1,,0
COc1ccccc1N1CCN(c2ncnc3c2c(-c2ccccc2)cn3-c2cccc(C)c2)CC1,,0
COc1ccccc1NS(=O)(=O)c1cccc(C(=O)N/N=C/c2c(C)nn(-c3ccccc3)c2N2CCCC2)c1,,0
COc1cn(C(C(=O)Nc2ccc3[nH]c(C(=O)O)nc3c2)C(C)C)c(=O)cc1-c1cc(Cl)ccc1C#N,,0
COc1cnc(O[C@@H]2CC(C(=O)N[C@]3(C(=O)NS(=O)(=O)C4CC4)C[C@H]3C3CC3)N(C(=O)C(NC(=O)O[C@@H]3C[C@@H]4C[C@@H]4C3)C(C)(C)C)C2)c2cc(Cl)ccc12,,0
COc1cnc(O[C@@H]2CC(C(=O)N[C@]3(C(=O)NS(=O)(=O)C4CC4)C[C@H]3C3CC3)N(C(=O)C(NC(=O)O[C@H](C)C(F)(F)F)C3CCCC3)C2)c2cc(Cl)ccc12,,0
COc1nc(Cn2c(=O)c3c(nc(N4CCNC(=O)C4)n3CCC=C(C)C)n(C)c2=O)nc2ccccc12,,0
COc1nc(N)nc2c1ncn2[C@@H]1O[C@H](COP(=O)(NC(C)C(=O)OC2CCCCO2)NC(C)C(=O)OC2CCCCO2)[C@@H](O)[C@@]1(C)O,,0
COc1nc(N)nc2c1ncn2[C@@H]1O[C@H](COP(=O)(NC(C)C(=O)OCC(C)(C)C)NC(C)C(=O)OC(C)(C)C)[C@@H](O)[C@@]1(C)O,,0
COc1nc(N)nc2c1ncn2[C@@H]1O[C@H](COP(=O)(NC(C)C(=O)OCC(C)(C)C)NC(C)C(=O)OC2CCCCC2)[C@@H](O)[C@@]1(C)O,,0
COc1nc(N)nc2c1ncn2[C@@H]1O[C@H](COP(=O)(NC(C)C(=O)OCC(C)(C)C)NC(C)C(=O)OCC(C)(C)C)[C@@H](O)[C@@]1(C)O,,0
COc1nc(NC(=O)C2(NC(=O)c3ccc4c(C5CCCC5)c(-c5ccc(Cl)cn5)n(C)c4c3)CCC2)cnc1C=CC(=O)O,,0
COc1nc2ccc(Br)cc2c2c1C(C)(OCC(O)CN1CCN(C(c3ccccc3)c3ccccc3)CC1)c1ccccc1-2,,0
COc1nc2ccc(Br)cc2cc1C(c1ccco1)C(O)(CCN(C)C)c1cccc(C#N)c1,,0
COc1nc2ccc(C(O)(c3ccnc(C(F)(F)F)c3)c3cnnn3C)cc2c(Cl)c1CN1CCC(C(F)(F)F)CC1,,0
COc1ncc(-c2cc(C(=O)Nc3ccc(OC(F)(F)Cl)cc3)cnc2N2CC[C@@H](O)C2)cc1C#N,,0
COc1ncc(-c2cc3c(N4CCOCC4)ncnc3s2)cc1NS(=O)(=O)c1ccc(F)cc1F,,0
COc1ncc(-c2ccc3c(Nc4cc(C(=O)O)cc(C5CCCC5)c4)c(S(=O)(=O)NC4CC4)cnc3c2)c(OC)n1,,0
COc1ncc(-c2ccc3nc(NC(=O)NCCN4CCCCC4)nn3c2)cc1NS(=O)(=O)c1ccc(F)cc1,,0
COc1ncc(-c2ccc3nccc(-c4ccc(CN(C)CCO)cc4)c3c2)cc1NS(=O)(=O)c1ccc(F)cc1,,0
COc1ncc(-c2ccc3nccc(-c4ccc(CN5CCN(C(C)C)CC5)cc4)c3c2)cc1NS(=O)(=O)c1ccc(F)cc1F,,0
COc1ncc(-c2ccc3ncn(CC(C)C(=O)NC(C)C)c(=O)c3c2)cc1NS(=O)(=O)c1ccc(F)cc1Cl,,0
COc1ncc(C(C)C)cc1-c1cnc(N2CC(F)C2)nc1CN1C(=O)O[C@H](c2cc(C(F)(F)F)cc(C(F)(F)F)c2)[C@@H]1C,,0
COc1ncc(C(F)(F)F)cc1NC(=O)OCc1cn(-c2ccc(O[C@]3(C(=O)O)C[C@H](O)[C@@H](NC(C)=O)[C@H]([C@H](O)[C@H](O)CO)O3)c(C(F)F)c2)nn1,,0
COc1ncc2cc(C(=O)Nc3cc(C(=O)NC(CCCN)c4ccccc4)ccc3Cl)c(=O)[nH]c2n1,,0
COc1ncccc1-c1nnc(SCCCN2CC[C@]3(C[C@@H]3c3ccc(C(F)(F)F)cc3)C2)n1C,,0
COc1ncnc2c1ncn2[C@@H]1O[C@H](COC(=O)c2ccc(C)cc2)[C@@H](OC(=O)c2ccc(C)cc2)[C@@H]1OC(=O)c1ccc(C)cc1,,0
CS(=O)(=O)CC(=O)NCCn1ccc2ncnc(Nc3ccc(Oc4cccc(Cl)c4)c(Cl)c3)c21,,0
CS(=O)(=O)Cc1cccc(Nc2nccc(Oc3ccc(NC(=O)C4(C(=O)Nc5ccc(F)cc5)CC4)cc3F)n2)c1,,0
CS(=O)(=O)Cc1cnc(NC(=O)C(CC2CCCC2)c2ccc(S(C)(=O)=O)c(Cl)c2)cn1,,0
CS(=O)(=O)N1CCC(C(=O)N2CC[C@@](c3ccc(C(F)(C(F)(F)F)C(F)(F)F)cc3)(S(=O)(=O)c3ccc(F)cc3)C2)C1,,0
CS(=O)(=O)N1CCN(Cc2cc3nc(-c4ccc(NC(=O)NC5CC5)cc4)nc(N4CC5CCC(C4)O5)c3s2)CC1,,0
CS(=O)(=O)NC(=O)C1CCCN(C(=O)c2cc(Sc3cnc(Nc4cccc(Br)n4)s3)ccc2O)C1,,0
CS(=O)(=O)NCc1cc(F)cc(-c2cncc3[nH]c(-c4[nH]nc5ccc(-c6cncc(NC(=O)C7CC7)c6)nc45)cc23)c1,,0
CS(=O)(=O)NCc1cc(F)cc(-c2nccc3[nH]c(-c4[nH]nc5ccc(-c6cncc(NC(=O)Cc7ccccc7)c6)nc45)cc23)c1,,0
CS(=O)(=O)NCc1cccc2c1S(=O)(=O)N=C2C1C(=O)N(Cc2ccc(F)c(Cl)c2)C2(CC2)C1=O,,0
CS(=O)(=O)Nc1cccc(-c2cc(NC(=O)c3ccc(O[C@H]4CCNC4)c(-c4ccc(F)c(F)c4)c3)ccc2O[C@H]2CCNC2)c1,,0
CS(=O)(=O)c1ccc(-c2nc(SCCOC(=O)C=Cc3ccc(O)c(O)c3)nn2-c2ccccc2)cc1,,0
CS(=O)(=O)c1ccc(C(CC2CCCC2)C(=O)Nc2cnc(CCC3(O)CCOCC3)cn2)cc1Cl,,0
CS(=O)(=O)c1ccnc(N2C(=O)CCC2C(=O)N(c2cc(F)cc(F)c2)[C@@]2(C(=O)NC3CC(F)(F)C3)CCc3ccccc32)c1,,0
CSCCC(C(=O)O)N1CSC(=S)N(CCCCCCN2CN(C(CCSC)C(=O)O)CSC2=S)C1,,0
CSCCC(NP(=O)(OC[C@H]1O[C@@H](n2ccc(=O)[nH]c2=O)[C@@](C)(F)[C@@H]1O)Oc1ccccc1)C(=O)OC(C)C,,0
CSCCOP(=O)(NCCc1c[nH]c2ccccc12)OC[C@H]1O[C@@H](n2cnc3c(=O)[nH]c(N)nc32)[C@](C)(O)[C@@H]1O,,0
CSc1c2sc(C3=C(C(=O)O)N4C(=O)C([C@@H](C)O)[C@H]4[C@H]3C)cn2c[n+]1Cc1cccc(C[N+]23CC[N+](C)(CC2)CC3)c1,,0
CSc1ccc(C(F)(F)F)cc1C(=O)NCCC1CCN(S(=O)(=O)NC(=O)NC2CCCCC2)CC1,,0
CSc1ccc(C=C2C(C)=C(CC(=O)OCCOCCOc3no[n+]([O-])c3S(=O)(=O)c3ccccc3)c3cc(F)ccc32)cc1,,0
CSc1nc(NC2OC(COC(C)=O)C(OC(C)=O)C(OC(C)=O)C2OC(C)=O)c(N=C(C)C(C)=O)c(=O)n1C,,0
C[C@@H](C[C@H]1CO[C@H](/C=C/C=C/C=C/c2ccc(C(F)(F)F)cc2)OC1)[C@](O)(Cn1cncn1)c1ccc(F)cc1F,,0
C[C@@H](O)C#Cc1ccc2c(c1)O[C@@H](CN(C)Cc1ccc(-c3cccc(Cl)c3)cc1)[C@@H](C)CN([C@@H](C)CO)S2(=O)=O,,0
C[C@@H](O)C1C(=O)N2C(C(=O)O)=C(CN3c4cccc5cc(CC[N+]67CC[N+](CC(=O)Nc8ccccc8)(CC6)CC7)cc(c45)S3(=O)=O)[C@H](C)[C@H]12,,0
C[C@@H](O)C1C(=O)N2C(C(=O)O)=C(c3ccc4c(c3)-c3ccc(C[N+]56CC[N+](C)(CC5)CC6)cc3C4=O)[C@H](C)[C@H]12,,0
C[C@@H](O)C1C(=O)N2C(C(=O)O)=C(c3ccc4c(c3)-c3ccc(C[N+]56CC[N+](CC(=O)Nc7ccc(CO)cc7)(CC5)CC6)cc3C4=O)[C@H](C)[C@H]12,,0
C[C@@H](S[C@H]1CO[C@H](/C=C/C(=O)c2ccc(F)cc2)OC1)[C@](O)(Cn1cncn1)c1ccc(F)cc1F,,0
C[C@@H]1CC/C=C\[C@@H]2C[C@@]2(C(=O)NS(=O)(=O)C2(C)CC2)NC(=O)C2C[C@@H](Oc3ccc(-c4nccs4)cn3)CN2C(=O)C(NC(=O)OC(C)(C)C(F)(F)F)[C@H](C)C1,,0
C[C@@H]1CCCCO[C@@H](CN(C)C(=O)C2CCCCC2)[C@@H](C)CN([C@H](C)CO)C(=O)c2cc(NC(=O)NC3CCCCC3)ccc2O1,,0
C[C@@H]1CCCCO[C@@H](CN(C)Cc2ccc(Cl)c(Cl)c2)[C@H](C)CN([C@H](C)CO)C(=O)c2cc(NC(=O)Nc3ccc(C(F)(F)F)cc3)ccc2O1,,0
C[C@@H]1CCCCO[C@H](CN(C)Cc2ccc(C(=O)O)cc2)[C@H](C)CN([C@@H](C)CO)C(=O)c2cc(NC(=O)Nc3ccc(C(F)(F)F)cc3)ccc2O1,,0
C[C@@H]1CC[C@@]2(OC1)OC1C[C@H]3[C@@H]4CC=C5C[C@@H](O[C@@H]6O[C@H](CO)[C@@H](O[C@@H]7O[C@@H](CO)[C@H](O)[C@H]7O)[C@H](O)[C@H]6O[C@@H]6O[C@@H](C)[C@H](O)[C@@H](O)[C@H]6O)CC[C@]5(C)[C@H]4CC[C@]3(C)C1[C@@H]2C,,0
C[C@@H]1CC[C@@]2(OC1)O[C@H]1C[C@H]3[C@@H]4CC(=O)[C@@]5(O)C[C@@H](O[C@@H]6O[C@H](CO)[C@@H](O)[C@H](O)[C@H]6O[C@@H]6O[C@@H](C)[C@H](O)[C@@H](O)[C@H]6O)CC[C@]5(C)[C@H]4CC[C@]3(C)[C@H]1[C@@H]2C,,0
C[C@@H]1CC[C@@]2(OC1)O[C@H]1C[C@H]3[C@@H]4CC[C@@H]5C[C@@H](O[C@@H]6O[C@H](CO)[C@@H](O)[C@H](O)[C@H]6O[C@@H]6O[C@H](CO)[C@H](O)[C@H](O)[C@H]6O)CC[C@]5(C)[C@H]4CC[C@]3(C)[C@H]1[C@@H]2C,,0
C[C@@H]1CC[C@]2(OC1)O[C@@H]1[C@@H](O)[C@@H]3[C@H]4CC[C@@H]5C[C@H](O[C@H]6O[C@@H](CO)[C@@H](O)[C@@H](O)[C@@H]6O[C@H]6O[C@@H](CO)[C@H](O)[C@@H](O)[C@@H]6O)CC[C@@]5(C)[C@@H]4CC[C@@]3(C)[C@@H]1[C@H]2C,,0
C[C@@H]1CN(C(=NC2CCCCC2)Nc2ccc(C(=O)NCCc3ccc(Cl)cc3Cl)cc2)CCN1,,0
C[C@@H]1CN(C(=O)CC(N)C(=O)N2Cc3ccccc3C2)CCN1C(c1ccc(F)cc1)c1ccc(F)cc1,,0
C[C@@H]1CN(S(C)(=O)=O)C[C@@H](C)N1c1nc2cc(-c3nc(=O)o[nH]3)nc(-c3cncc(Cl)c3)c2n1C[C@H]1CC[C@H](C)CC1,,0
C[C@@H]1CN([C@@H](C)CO)C(=O)c2cccc(NC(=O)c3cnccn3)c2O[C@@H]1CN(C)Cc1ccc(-c2ccccc2)cc1,,0
C[C@@H]1CN([C@@H](C)CO)S(=O)(=O)c2ccc(C#Cc3ccncc3)cc2O[C@H]1CN(C)C(=O)C1CCOCC1,,0
C[C@@H]1CN([C@H](C)CO)C(=O)CCCn2nncc2CO[C@H]1CN(C)C(=O)Nc1cccc2ccccc12,,0
C[C@@H]1CN([C@H](C)CO)C(=O)Cc2cc(NC(=O)Nc3ccc(F)cc3)ccc2O[C@H]1CN(C)C(=O)Nc1ccc(C(F)(F)F)cc1,,0
C[C@@H]1CN([C@H](C)CO)C(=O)c2cc(NC(=O)Cc3cn(C)c4ccccc34)ccc2O[C@H]1CN(C)C(=O)NC1CCCCC1,,0
C[C@@H]1CN([C@H](C)CO)C(=O)c2cc(NC(=O)Cc3cn(C)c4ccccc34)ccc2O[C@H]1CN(C)C(=O)Nc1ccccc1,,0
C[C@@H]1CN([C@H](C)CO)C(=O)c2cc(NS(=O)(=O)c3cn(C)cn3)ccc2O[C@@H]1CN(C)S(C)(=O)=O,,0
C[C@@H]1CN([C@H](C)CO)C(=O)c2cccc(NC(=O)c3ccc(-c4nccs4)cc3)c2O[C@H]1CN(C)Cc1ccc2c(c1)OCO2,,0
C[C@@H]1C[C@H]2C3=C(C4=C(CC3)CC(=O)CC4)C(c3ccc(-c4ncccn4)cc3)C[C@]2(C)C1C(=O)C1CC1,,0
C[C@@H]1OC(O[C@H]2C[C@](O)([C@@H](C)OC(=O)Nc3ccccc3)C=C3C(=O)c4c(c(O)c5ccccc5c4O)C(=O)C32)C[C@H](N)[C@@H]1O,,0
C[C@@H]1O[C@@H](O[C@H]2[C@H](O[C@H]3CC[C@@]4(C)[C@@H](CC[C@]5(C)[C@@H]4CC=C4[C@@H]6CC(C)(C)CC[C@]6(C(N)=O)CC[C@]45C)[C@]3(C)CO)OC[C@H](O)[C@@H]2O)[C@H](O)[C@H](O)[C@H]1O,,0
C[C@@H]1O[C@@H](O[C@H]2[C@H](Oc3cc(O)c4c(=O)c(Br)c(-c5ccc(O)cc5)oc4c3)O[C@H](CO)[C@@H](O)[C@@H]2O)[C@H](O)[C@H](O)[C@H]1O,,0
C[C@@H]1[C@@]2(CC[C@](C)(O)CO2)O[C@H]2C=C3[C@@H]4[C@@H](O)C[C@H]5Cc6nc7c(nc6C[C@]5(C)[C@H]4C[C@@H](O)[C@]3(C)[C@]21O)C[C@@H]1CC[C@H]2[C@H]3C[C@@H]4O[C@]5(CCC(C)(C)O5)C[C@@H]4[C@@]3(C)[C@H](O)C[C@@H]2[C@@]1(C)C7,,0
C[C@@H]1[C@]2(O[C@H]3C=C4[C@@H]5CC[C@H]6Cc7nc8c(nc7C[C@]6(C)[C@H]5C[C@@H](O)[C@]4(C)[C@]31O)C[C@@H]1CC[C@H]3C4=C[C@@H]5O[C@]6(CCC(C)(C)O6)[C@@H](C)[C@@H]5[C@@]4(C)[C@H](O)C[C@@H]3[C@@]1(C)C8)O[C@](C)(CO)C[C@H]2O,,0
C[C@@]12CC[C@@H]3[C@@](CC[C@H]4[C@@]3(C)CCC[C@@]4(C)C(=O)NCC(=O)OCCCOc3no[n+]([O-])c3S(=O)(=O)c3ccccc3)(CC1=O)C2,,0
C[C@H](C/C=C/C(C)(C)O)[C@H]1CC[C@@]2(C)[C@@H]3[C@@H](O)C=C4[C@@H](CC[C@H](O)[C@]4(C)CO)[C@]3(C)CC[C@]12C,,0
C[C@H](CO)N1C[C@H](C)[C@@H](CN(C)C(=O)NC2CCCCC2)Oc2ccc(NC(=O)C3CCCCC3)cc2C1=O,,0
C[C@H](CO)N1C[C@H](C)[C@@H](CN(C)C(=O)Nc2ccc(C(F)(F)F)cc2)Oc2c(NC(=O)C3CCOCC3)cccc2C1=O,,0
C[C@H](CO)N1C[C@H](C)[C@@H](CN(C)C(=O)Nc2ccc(C(F)(F)F)cc2)Oc2ccc(NC(=O)c3ccncc3)cc2C1=O,,0
C[C@H](CO)N1C[C@H](C)[C@@H](CN(C)Cc2ccc(C(=O)O)cc2)Oc2c(NS(=O)(=O)c3ccc(F)cc3)cccc2C1=O,,0
C[C@H](CO)N1C[C@H](C)[C@@H](CN(C)Cc2ccc(Cl)c(Cl)c2)Oc2c(NS(=O)(=O)c3ccc(F)cc3)cccc2C1=O,,0
C[C@H](CO)N1C[C@H](C)[C@@H](CN(C)S(=O)(=O)c2ccc(F)cc2)Oc2ccc(NC(=O)Nc3ccc4c(c3)OCO4)cc2C1=O,,0
C[C@H](CO)N1C[C@H](C)[C@H](CN(C)C(=O)Nc2cccc3ccccc23)Oc2ccc(NC(=O)Cc3ccccc3)cc2CC1=O,,0
C[C@H](NS(=O)(=O)C1CC1)[C@H](Oc1ccc2c(cnn2-c2ccc(F)cc2)c1)c1ccc(S(C)(=O)=O)cc1,,0
C[C@H](Nc1nc(-c2ccc(C(C)(C)O)nc2)cc2ncn(C)c(=O)c12)c1ccccc1,,0
C[C@H](Nc1nc2c(c(=O)n1N(C)C)CN(C(=O)c1ccc(C#N)cc1F)CC2)c1ccc(C(F)(F)F)cc1,,0
C[C@H](Nc1nccc(N2C(=O)OC(C)(C)[C@@H]2c2ccccc2)n1)c1ccc(Br)cc1,,0
C[C@H]1CC[C@@]2(OC1)O[C@H]1C=C3[C@@H]4CC[C@H]5Cc6nc7c(nc6C[C@]5(C)[C@H]4C[C@@H](O)[C@]3(C)[C@H]1[C@@H]2C)C[C@@H]1CC[C@H]2C3=C[C@@H]4O[C@]5(CC[C@H](C)CO5)[C@@H](C)[C@@H]4[C@@]3(C)C3(C[C@@H]2[C@@]1(C)C7)OCCO3,,0
C[C@H]1CC[C@@]2(OC1)O[C@H]1C[C@H]3[C@@H]4CC[C@@H]5C[C@@H](O[C@@H]6O[C@H](CO)[C@@H](O)[C@H](O)[C@H]6O[C@@H]6O[C@H](CO)[C@@H](O)[C@H](O)[C@H]6O)CC[C@]5(C)[C@H]4CC[C@]3(C)[C@H]1[C@@H]2C,,0
C[C@H]1CC[C@@]2(OC1)O[C@H]1C[C@H]3[C@@H]4CC[C@@H]5C[C@@H](O[C@@H]6O[C@H](CO)[C@H](O)[C@H](O)[C@H]6O[C@@H]6O[C@H](CO)[C@@H](O)[C@H](O)[C@H]6O)CC[C@]5(C)[C@H]4CC[C@]3(C)[C@H]1[C@@H]2C,,0
C[C@H]1CC[C@]2(C(=O)O[C@@H]3O[C@H](CO)[C@@H](O)[C@H](O)[C@H]3O)CC[C@]3(C)C(=CC[C@@H]4[C@@]5(C)CC[C@H](O[C@@H]6OC[C@@H](O)[C@H](O)[C@H]6O)C(C)(C)[C@@H]5CC[C@]43C)[C@@H]2[C@]1(C)O,,0
C[C@H]1CN([C@@H](C)CO)C(=O)Cc2cc(NS(=O)(=O)c3ccc(F)cc3)ccc2O[C@@H]1CN(C)Cc1ccc(C(F)(F)F)cc1,,0
C[C@H]1CN([C@@H](C)CO)C(=O)c2cccc(NC(=O)c3cnccn3)c2O[C@H]1CN(C)Cc1ccc(C(=O)Nc2ccccc2N)cc1,,0
C[C@H]1CO[C@@]2(O[C@H]3C[C@H]4[C@@H]5CC=C6C[C@@H](O[C@@H]7O[C@H](CO)[C@@H](O)[C@H](O)[C@H]7O[C@@H]7O[C@@H](C)[C@H](O)[C@@H](O)[C@H]7O)CC[C@]6(C)[C@H]5C[C@H](O)[C@]4(C)[C@@]3(O)[C@@H]2C)[C@@H](O)C1,,0
C[C@H]1CO[C@@]2(O[C@H]3C[C@H]4[C@@H]5C[C@H](O[C@@H]6O[C@H](C)[C@@H](O)[C@H](O[C@@H]7O[C@H](C)[C@@H](O)[C@H](O)[C@@H]7O)[C@H]6O)[C@H]6C[C@@H](O)CC[C@]6(C)[C@H]5CC[C@]4(C)[C@H]3[C@@H]2C)[C@@H](O)C1,,0
C[C@H]1COc2c(N3C/C(=N/OCc4ccccc4)C(CNC4CC4)C3)c(F)cc3c(=O)c(C(=O)O)cn1c23,,0
C[C@H]1COc2c(N3CCN(C)CC3)c(F)cc3c(=O)c(-c4nn5c(-c6cn(C7CC7)c7cc(N8CCN(C)CC8)c(F)cc7c6=O)nnc5s4)cn1c23,,0
C[C@H]1COc2c(N3CCN(C)CC3)c(F)cc3c(=O)c(-c4nnc(NC(=O)CCCCCCCC(O)=NO)s4)cn1c23,,0
C[C@H]1O[C@@H](O[C@H]2CC[C@@]3(C)[C@@H](CC[C@@H]4[C@@H]3CC[C@]3(C)[C@](O)(C5=CC(=O)OC5)CC[C@]43O)C2)[C@H](O)[C@H](O)[C@@H]1O[C@@H]1O[C@H](CO)[C@@H](O)[C@H](O)[C@H]1O,,0
C[C@H]1O[C@@H](O[C@H]2CC[C@@]3(C)[C@@H](CC[C@]4(C)[C@@H]3C=CC3=C5CC(C)(C)CC[C@]5(CO)C(=O)C[C@]34C)[C@]2(C)CO)[C@H](O)[C@@H](O[C@@H]2O[C@H](CO)[C@@H](O)[C@H](O)[C@H]2O)[C@H]1O,,0
C[C@H]1O[C@@H](O[C@H]2CC[C@@]3(C)[C@H](CC[C@@H]4[C@@H]3CC[C@]3(C)[C@@H](C5=CC(=O)OC5)CC[C@]43O)C2)C[C@@H](O)[C@@H]1O[C@@H]1O[C@H](CO[C@@H]2O[C@H](CO)[C@@H](O)[C@H](O)[C@H]2O)[C@@H](O)[C@H](O)[C@H]1O,,0
C[C@H]1O[C@@H](O[C@H]2[C@@H](O)C[C@H](O[C@H]3[C@@H](O)C[C@H](O[C@H]4CC[C@]5(C)C6CC[C@]7(C)[C@@H](C8=CC(=O)OC8)CC[C@]7(O)C6CC[C@@H]5C4)O[C@@H]3C)O[C@@H]2C)C[C@H](O)[C@H]1O,,0
C[C@H]1[C@@H](CC(COP(=O)(O)Oc2ccccc2)C[C@H]2O[C@@H]3O[C@@]4(C)CC[C@H]5[C@H](C)CC[C@@H]([C@H]2C)[C@@]35OO4)O[C@@H]2O[C@@]3(C)CC[C@H]4[C@H](C)CC[C@@H]1[C@@]24OO3,,0
C[C@H]1[C@@H](CC2(C[C@H]3O[C@@H]4O[C@]5(C)CC[C@H]6[C@H](C)CC[C@@H]([C@H]3C)[C@@]46OO5)COC3(CCS(=O)(=O)CC3)O2)O[C@@H]2O[C@]3(C)CC[C@H]4[C@H](C)CC[C@@H]1[C@@]24OO3,,0
C[C@H]1[C@@H](OCc2ccc(C(=O)N(CCNc3ccnc4cc(Cl)ccc34)CC(=O)NC3CCCCC3)cc2)O[C@@H]2O[C@@]3(C)CC[C@H]4[C@H](C)CC[C@@H]1[C@@]24OO3,,0
C[C@]1(CC(=O)O)C[C@H](c2cccc(Cl)c2)[C@@H](c2ccc(Cl)cc2)N([C@H](CN(c2cccnc2)S(C)(=O)=O)C2CC2)C1=O,,0
C[C@]1(CC(=O)O)C[C@H](c2cccc(Cl)c2)[C@@H](c2ccc(Cl)cc2)N([C@H](CS(=O)(=O)N2CCCCC2)C2CC2)C1=O,,0
C[C@]1(CS(=O)(=O)N2CCC(Oc3ccc(OCc4ccc(C(F)(F)F)o4)cc3)CC2)NC(=O)NC1=O,,0
C[C@]1(CS(=O)(=O)N2CCN(c3ncc(OCc4cc(C(F)(F)F)no4)cn3)CC2)NC(=O)NC1=O,,0
C[C@]12C=CC(=O)C=C1CCC1C2[C@@H](O)C[C@@]2(C)C1CC[C@]2(O)C(=O)COC(=O)CN1CCC(CCCO[N+](=O)[O-])CC1,,0
C[C@]12CCC(=O)C[C@@H]1CC[C@@H]1[C@@H]2CC[C@]2(C)[C@@H](OC(=O)CCC(=O)O[C@H]3C[C@H](n4cc(I)c(=O)[nH]c4=O)O[C@@H]3COP(=O)(O)O)CC[C@@H]12,,0
C[C@]12CC[C@@H]3c4ccc(O)cc4C[C@@H](CCCCCCCCC(CCCC(F)(F)C(F)(F)C(F)(F)C(F)(F)F)C(=O)O)[C@H]3[C@@H]1CCC2=O,,0
C[C@]12CC[C@H](O[C@@H]3O[C@@H](CO)[C@@H](O[C@@H]4O[C@@H](CO)[C@@H](O)[C@H](O)[C@@H]4O)[C@H](O)[C@@H]3O)C[C@@H]1CC[C@@H]1[C@@H]2CC[C@]2(C)C(=O)CC[C@@H]12,,0
C[C@]12C[C@H](CCCC(F)(F)C(F)(F)C(F)(F)C(F)(F)CC[S+]([O-])CCCC(F)(F)C(F)(F)F)[C@@H]3c4ccc(O)cc4CC[C@H]3[C@@H]1CC[C@@H]2O,,0
C[N+](C)(C)CC(=O)NN=C(CC(=O)CC(c1ccccc1)C1COc2ccccc2C1=O)C(=O)Nc1cccc(Cl)c1,,0
C[N+](C)(C)c1ccc(CNC(=O)c2cc3cc(Br)ccc3n2Cc2cccc(C(=N)N)c2)cc1,,0
C[N+](C)(CCCCCC[N+](C)(C)CCCN1C(=O)c2ccc(C(F)(F)F)cc2C1=O)CCCN1C(=O)c2ccccc2C1=O,,0
C[N+]1(CC2=C(C(=O)O)N3C(=O)C(NC(=O)COc4ccccc4)[C@H]3SC2)CCN(c2c(F)cc3c(=O)c(C(=O)[O-])cn(CCF)c3c2F)CC1,,0
C[n+]1c(-c2cccc(C(=O)NCCCCCC(=O)NC(CCCN=C(N)N)C(=O)[O-])c2)c2cc(N)ccc2c2ccc(N)cc21,,0
C[n+]1ccc(SCC2=C(C(=O)[O-])N3C(=O)C(=NC(=O)C(NOC4CCCC4)c4csc(N)n4)[C@H]3CO2)cc1,,0
Cc1[nH]c2ccccc2c1CCNC(=O)c1ccc(NC(=S)NN=Cc2ccc(Cl)cn2)cc1,,0
Cc1[nH]n(-c2ccccc2)c(=O)c1C(c1cn([C@H]2C[C@H](O)[C@@H](CO)O2)c(=O)[nH]c1=O)c1c(C)[nH]n(-c2ccccc2)c1=O,,0
Cc1[nH]nc2c(O)cc3c(c12)C(CCl)CN3C(=O)c1cc(C(=O)Nc2cc(C(=O)Nc3cc(C(=O)NCCC(=N)N)n(C)c3)n(C)c2)n(C)n1,,0
Cc1c(-c2ccc(N3CCc4cccc(C(=O)Nc5nc6ccccc6s5)c4C3)nc2C(=O)O)cnn1Cc1ccccc1OCC1COCCO1,,0
Cc1c(-c2cccc(C(F)(F)F)c2)c(=O)c(C(=O)NCc2ccc(S(C)(=O)=NC#N)cc2)cn1Cc1ccc(C#N)cc1,,0
Cc1c(-c2cccc(OCCCCC(=O)O)c2F)c(=O)n(C[C@H](N)c2ccccc2)c(=O)n1Cc1c(F)cccc1C(F)(F)F,,0
Cc1c(/C=N\NC(=S)N(C)CCN(C)C(=S)N/N=C\c2c(C)n(C)n(-c3ccccc3)c2=O)c(=O)n(-c2ccccc2)n1C,,0
Cc1c(C(=O)N(c2ccc(O)cc2)c2cnc3c(c2)CCN3C)cc(-c2cc3c(cc2C(=O)N2Cc4ccccc4C[C@H]2CN2CCOCC2)OCO3)n1C,,0
Cc1c(C(F)(F)F)nn(-c2cccc(Cl)c2)c1CNC(=O)C(C)c1ccc(CNS(C)(=O)=O)c(F)c1,,0
Cc1c(C)c(S(=O)(=O)N=C(N)NCCCC2N=C(c3ccccc3)c3ccccc3N(CCCCC(=O)O)C2=O)c(C)c2c1OC(C)(C)C2,,0
Cc1c(C)c2ccc(OCCCn3cc(CCO[C@H]4O[C@@H]5O[C@@]6(C)CC[C@H]7[C@H](C)CC[C@@H]([C@H]4C)[C@@]57OO6)nn3)cc2oc1=O,,0
Cc1c(CN2CCC(Nc3ncnc4sc(CC(F)(F)F)cc34)CC2)ccc2c1cc(C#N)n2CCN1CCN(C(=O)C(F)(F)F)CC1,,0
Cc1c(CN2CCC(Nc3ncnc4sc(CC(F)(F)F)cc34)CC2)ccc2c1cc(C#N)n2CCN1CCN(C(=O)CCC2CCCC2)CC1,,0
Cc1c(CN2CCN(c3ccc(N4C[C@H](Cn5cc(-c6cncn6C)nn5)OC4=O)cc3F)CC2)cc(-c2ccc(C(C)C)cc2)n1-c1ccc(F)cc1F,,0
Cc1c(CN2CCN(c3ccc(N4C[C@H](Cn5cc(-c6cncn6C)nn5)OC4=O)cc3F)CC2)cc(-c2ccc(F)cc2F)n1-c1ccc(F)cc1,,0
Cc1c(COc2cc(OCc3cccc(C#N)c3)c(CN3CCC(C(=O)O)C3)cc2Cl)cccc1-c1ccc2c(c1)OCCO2,,0
Cc1c(COc2ccc3nc(CN)c(NCc4cccc(C#N)c4)n3c2)cccc1-c1ccc(F)cc1,,0
Cc1c(N2CCN(Cc3cccc(C#N)c3F)CC2)c(=O)n(C[C@H](N)c2ccccc2)c(=O)n1Cc1c(F)cccc1C(F)(F)F,,0
Cc1c(N2CCN(Cc3nc4ccccc4s3)CC2)c(=O)n(C[C@H](N)c2ccccc2)c(=O)n1Cc1c(F)cccc1C(F)(F)F,,0
Cc1c(NC(=O)C(c2ccc(-c3cncc(Cl)c3)cc2)C2CCCC2)cccc1[C@H](C)CC(=O)O,,0
Cc1c(NC(=O)c2cc(-c3ccc(Cl)s3)nc3ccccc23)c(=O)n(-c2ccccc2)n1C,,0
Cc1c(NS(=O)(=O)c2cc(Br)cc3c2N(C(=O)C2CC2)CC3)c(=O)n(-c2ccccc2)n1C,,0
Cc1c(OCCCS(C)(=O)=O)cn2ncnc(Oc3ccc(NC(=O)C4(C(=O)Nc5ccc(F)cc5)CC4)cc3F)c12,,0
Cc1c2c(=O)[nH]n(CCN3CCN(Cc4ccc5c(c4)OCO5)CC3)c(=O)c2c(C)n1-c1ccccc1,,0
Cc1cc(-c2c[nH]c3ncc(-c4cc(C)c5c(c4)CN([C@@H](C)C4CC4)C5=O)cc23)cc(C)c1C(=O)O,,0
Cc1cc(-c2cc(Cl)ccc2[C@@H](Oc2cc(N3CCC4(CC3)CNC(C(=O)O)C4)nc(N)n2)C(F)(F)F)ccc1Cl,,0
Cc1cc(-c2ccc(S(=O)(=O)[C@@H]3CC(C(=O)NC4(C#N)CC4)N(C(=O)C4(c5ncc(Cl)cc5F)CCN4C(=O)OC(C)(C)C)C3)c(Cl)c2)ccn1,,0
Cc1cc(-n2ccnc2)c2cccc(OCc3c(Cl)ccc(N(C)C(=O)C=NC(=O)CCc4ccc(C(=O)N(C)C)cc4)c3Cl)c2n1,,0
Cc1cc(-n2ccnn2)c2cccc(OCc3c(Cl)ccc(N(C)C(=O)C=NC(=O)CCc4ccc(C(=O)N(C)C)cc4)c3Cl)c2n1,,0
Cc1cc(/C=C/c2cc3c4c(c2)CCCN4CCC3)cc(C)[n+]1CCN1CCN(CCCCC2CCN(CC(=O)N3c4ccccc4NC(=O)c4ccccc43)CC2)CC1,,0
Cc1cc(=O)oc2cc(OC(=O)N[C@@H](Cc3ccccc3)[C@H](O)CN(CC(C)C)S(=O)(=O)c3ccc([N+](=O)[O-])cc3)ccc12,8.99,1
Cc1cc(C#N)cc(C(=O)NC(C)(C)CS(C)(=N)=O)c1NC(=O)c1cc(OCC(F)(F)F)nn1-c1ncccc1Cl,,0
Cc1cc(C#N)cc(C)c1Oc1nc(NC2CCC(NS(=O)(=O)c3cccc(C(F)(F)F)c3)CC2)nc2ccsc12,,0
Cc1cc(C#N)cc(C)c1Oc1nc(NC2CCN(Cc3cn(Cc4ccccc4[N+](=O)[O-])nn3)CC2)nc2ccsc12,,0
Cc1cc(C(=O)CSc2nnc(-c3cccnc3)n2-c2ccccc2F)c(C)n1CC1CCCO1,,0
Cc1cc(C(=O)N2C[C@H](c3ccc(Cl)cc3)[C@@](C)(COc3ccc(Cl)cn3)C2)cnn1,,0
Cc1cc(C(=O)Nc2cccn(C(Cc3ccc(F)c(F)c3)C(=O)N[C@H](/C=C/C(=O)OC(C)C)CC3CCNC3=O)c2=O)no1,,0
Cc1cc(C)[n+](CC(=O)Nc2ccc(S(=O)(=O)/N=c3/sc(S(N)(=O)=O)nn3C)cc2)c(C)c1,,0
Cc1cc(C)c(C)c(S(=O)(=O)N2CCC(C(=O)OCC(=O)NC3CCS(=O)(=O)C3)CC2)c1C,,0
Cc1cc(C)c(CNC(=O)c2c(C)n(C(C)C(=O)N3CCCC3)c3ccccc23)c(=O)[nH]1,,0
Cc1cc(C)c(CNC(=O)c2c(C)n(C(C)c3cnn(C)c3)c3ccccc23)c(=O)[nH]1,,0
Cc1cc(C)c(NC(=O)Cn2c(=O)n(Cc3ccc(C(=O)NCc4ccc5c(c4)OCO5)cc3)c(=O)c3ccccc32)c(C)c1,,0
Cc1cc(C)c(NC(=O)NC2CCN(CCCCCNC(=O)/C=C/c3ccc(Cl)c(Cl)c3)CC2)c(C)c1,,0
Cc1cc(C)c(Nc2nc(NCCCNc3nc(Nc4ccc(C#N)cc4)nc(Nc4c(C)cc(C)cc4C)n3)nc(Nc3ccc(C#N)cc3)n2)c(C)c1,,0
Cc1cc(C)c(S(=O)(=O)NC(=O)CSc2nc(=O)c3ccccc3[nH]2)c(C)c1,,0
Cc1cc(C)c(S(=O)(=O)NC(CNC(=O)C2CN(C(=O)CC3CCN(C(=O)OC(C)(C)C)CC3)CC2C(=O)O)C(=O)OC(C)(C)C)c(C)c1,,0
Cc1cc(C)c(S(=O)(=O)NC(CNC(=O)CO[C@@H]2C[C@@H](CNc3ccccn3)N(C(=O)CC(C)(C)C)C2)C(=O)O)c(C)c1,,0
Cc1cc(C)c2cccc(OCc3c(Cl)ccc(S(=O)(=O)NC(C)(C)C(=O)N4CCN(C(=O)C(N)CCCN(C)C)CC4)c3Cl)c2n1,,0
Cc1cc(C)c2cccc(OCc3c(Cl)ccc(S(=O)(=O)NC4(C(=O)N5CCN(C(=O)C(N)CCCCN=C(N)N)CC5)CCOCC4)c3Cl)c2n1,,0
Cc1cc(C)c2cccc(OCc3c(Cl)ccc(S(=O)(=O)NC4(C(=O)N5CCN(C(=O)CCCCN(C)C)CC5)CCOCC4)c3Cl)c2n1,,0
Cc1cc(C)c2cccc(OCc3c(Cl)ccc(S(=O)(=O)NC4(C(=O)N5CC[N+](C)(CCCCC[N+](C)(C)C)CC5)CCOCC4)c3Cl)c2n1,,0
Cc1cc(C)cc(-c2[nH]c3ccc(C(C)(C)C(=O)N4CC5CCC4CC5)cc3c2[C@H](C)CNCCc2cnc3[nH]cnc3c2)c1,,0
Cc1cc(C)n2c1C=C1C=CC(CCC(=O)Nc3ccc(OCC(=O)NC4C(=O)N5C(C(=O)O)C(C)(C)S[C@H]45)cc3)=[N+]1[B-]2(F)F,,0
Cc1cc(C)n2nc(S(=O)(=O)NC(=O)c3ccc(N4CCN(CC5=C(c6ccc(Cl)cc6)CC(C)(C)CC5)CC4)cc3Oc3cc4cc[nH]c4c(F)c3F)nc2n1,,0
Cc1cc(C)nc(NS(=O)(=O)c2ccc(Nc3c4ccccc4nc4c(C(=O)NNCCO)cccc34)cc2)n1,,0
Cc1cc(C)nc(OCC2CC3CCC2N3C(=O)c2c(C)noc2-c2ccccc2)n1,,0
Cc1cc(C2=NN=C(Nc3ccc(S(=O)(=O)N4CCOCC4)cc3)SC2)c(C)n1CC1CCCO1,,0
Cc1cc(CC2(O)CCN(C(=O)c3ccc(NS(=O)(=O)c4cccc5nccnc45)cc3)CC2)sn1,,0
Cc1cc(Cl)cc(-c2ccnc3cc(Cn4c(O)c5c(c4O)C5)sc23)c1C[C@@H]1CNC[C@@H](C)O1,,0
Cc1cc(Cl)cc(C(=O)NC(C)(C)CS(C)(=N)=O)c1NC(=O)c1cc(C(F)(F)F)nn1-c1ncccc1Cl,,0
Cc1cc(Cl)ccc1N(C)c1ccc(C(=O)c2ccc(C(=O)c3ccccc3)c(C(=O)O)c2)nc1,,0
Cc1cc(N(C)C)c2cccc(OCc3c(Cl)ccc(N(C)C(=O)C=NC(=O)CCc4ccc(C(=O)NCc5ccccn5)cc4)c3Cl)c2n1,,0
Cc1cc(N=S2(=O)CCC2)cc2ncnc(Nc3ccc(F)cc3OC(C)C(=O)N(CC(F)(F)F)CC(F)(F)F)c12,,0
Cc1cc(NC(=O)CSCC(=O)N(c2cccc(Cl)c2)C(C(=O)NC2CCCCC2)c2ccc(O)c(O)c2)no1,,0
Cc1cc(NS(=O)(=O)c2ccc(NC(=O)/C=C/c3ccc(C(=O)NN=Cc4cccc(F)c4O)cc3)cc2)no1,,0
Cc1cc(Nc2ncc(Cl)c(Nc3cn(C)nc3S(=O)(=O)C(C)C)n2)c(OC2CC2)cc1C1CCC(N2CCN(C)CC2)CC1,,0
Cc1cc(Nc2ncc(Cl)c(Nc3cn(C)nc3S(=O)(=O)C(C)C)n2)c(OC2CC2)cc1C1CCCN(C)C1,,0
Cc1cc(Nc2ncc(Cl)c(Nc3cn(C)nc3S(=O)(=O)C(C)C)n2)c(OC2CC2)cc1[C@H]1CC[C@@H](NC(C)C)CC1,,0
Cc1cc(O)c2c(c1)C(=O)c1c(c(O)cc(O)c1-c1c(O[C@@H]3O[C@H](CO)[C@@H](O)[C@H](O)[C@H]3O)cc(O)c3c1C(=O)c1cc(C)cc(O)c1C3=O)C2=O,,0
Cc1cc(O)cc(C)c1CC(N)C(=O)NCCCc1[nH]c(=O)c(CCCNC(=O)C(N)Cc2c(C)cc(O)cc2C)nc1C,,0
Cc1cc(OCCCC(F)(F)P(=O)(O)O)ccc1CCc1cnc2c(N)nc3cc(CCC(=O)O)ccc3c2c1,,0
Cc1cc(OCCCc2c(C(=O)O)[nH]c3c(-c4c(COCCN(C)C)nn(C)c4C)cccc23)cc(C)c1Cl,,0
Cc1cc(OCCCc2c3n(c4c(-c5c(C)nn(C)c5C)c(Cl)ccc24)CCCN(c2cccc4c(C(=O)O)cccc24)C3=O)cc(C)c1Cl,,0
Cc1cc(OCCCc2c3n(c4c(-c5c(C)nn(C)c5C)c(Cl)ccc24)CCCN(c2cccc4c(C(=O)O)cn(C)c24)C3=O)cc(C)c1Cl,,0
Cc1cc(OCCCc2c3n(c4c(-c5c(C)nn(C)c5C)cc(Cl)cc24)CCCN(c2cc(C(=O)O)c4ccn(C)c4c2)C3=O)cc(C)c1Cl,,0
Cc1cc(OCC[C@@H](C)Oc2ccc(C(F)(F)F)cc2-c2ccccn2)ccc1CCC(=O)O,,0
Cc1cc(OCc2ccccn2)c2cccc(OCc3c(Cl)ccc(N(C)C(=O)C=NC(=O)CCc4ccc(/C=C/c5ccncc5)nc4)c3Cl)c2n1,,0
Cc1cc(OCc2cnnn2-c2ccc(-c3ccccc3)cc2)c(C)c2c1CC[C@H]1C(C)C(=O)O[C@@H]21,,0
Cc1cc(S(=O)(=O)NCCCC(=O)O)ccc1NC(=O)c1cc(N(CC2CC2)C2CCCCC2)ncn1,,0
Cc1cc(S(=O)(=O)NCc2ccncc2)cnc1-c1ccc(N(Cc2cccnc2)C(=O)c2ccc(O)cc2O)cc1,,0
Cc1cc(SC2C(=O)CC(CCc3ccc(N)cc3)(C(C)C)OC2=O)c(C(C)(C)C)cc1OS(=O)(=O)N1CCN(C)CC1,9.0,1
Cc1cc(SC2C(=O)C[C@@](CCc3ccc(O)cc3)(C(C)C)OC2=O)c(C(C)(C)C)cc1CO,9.0,1
Cc1cc([C@](C)(O)C#Cc2cc3c(cc2F)C2CC(C2)n2c-3nc(C(N)=O)c2CNC(=O)C2CC2)no1,,0
Cc1cc2c(C(C)C)c(O)c(O)c(C=O)c2cc1-c1cc2c(C=O)c(O)c(O)c(C(C)C)c2cc1C,,0
Cc1cc2c(C(N)=O)nn(CC(=O)N3C(C(=O)Nc4cccc(OC(F)(F)F)c4F)C[C@H]4C[C@H]43)c2cn1,,0
Cc1cc2c(s1)C(=O)[C@]1(O[C@@H](c3ccc(Br)c(Br)c3)C(C(=O)Nc3ccc(N4CCOCC4)cc3)C1C(=O)O)C2=O,,0
Cc1cc2nc(C(C(=O)NCCS(N)(=O)=O)S(=O)(=O)Cc3ccccc3)sc2cc1-c1ccc(C(=O)N2CC(C)(O)C2)cc1,,0
Cc1cc2occ(CN(C)CCN(C)Cc3cn(-c4cccc(C(F)(F)F)c4)c4ccccc34)c(=O)c2cc1C,,0
Cc1cc[n+](CCCC#Cc2cc(C#CCCC[n+]3ccc(C)c(C)c3)c(C#CCCC[n+]3ccc(C)c(C)c3)cc2C#CCCC[n+]2ccc(C)c(C)c2)cc1C,,0
Cc1ccc(-c2c(NS(=O)(=O)NCc3ccccc3)ncnc2OCCOc2ncc(Br)cn2)cc1,,0
Cc1ccc(-c2c(NS(=O)(=O)c3cccc4ccccc34)ncnc2OCCOc2ncc(Br)cn2)cc1,,0
Cc1ccc(-c2cn(-c3nc(N)c4ncn([C@@H]5O[C@H](COS(=O)(=O)NC(=O)c6ccccc6O)[C@@H](O)[C@H]5O)c4n3)nn2)cc1,,0
Cc1ccc(-c2nc(C[S+]([O-])CC(=O)N3CCC4(CC3)OCCO4)c(C)o2)cc1,,0
Cc1ccc(-c2nn(-c3ccccc3)cc2C2CC(c3cccs3)=NN2C(=O)CCC(=O)O)cc1,,0
Cc1ccc(-c2nn(-c3nc(-c4cc5cc(Cl)cc(Cl)c5oc4=O)cs3)cc2C=O)cc1,,0
Cc1ccc(-n2[nH]c(C)c(C(c3ccccc3)c3c(C)[nH]n(-c4ccc(C)cc4C)c3=O)c2=O)c(C)c1,,0
Cc1ccc(-n2nc(C(C)(C)C)cc2NC(=O)Nc2ccc(OCc3ccnc(NC(=O)CN(C)C)c3)c3ccccc23)cc1,,0
Cc1ccc(-n2nc(C(C)(C)C)cc2NC(=O)Nc2ccc(OCc3ccnc(NS(C)(=O)=O)c3)c3ccccc23)cc1,,0
Cc1ccc(-n2nc3c(=O)n(CCCC(=O)NCCCNc4cccc5c4C(=O)N(C4CCC(=O)NC4=O)C5=O)nc(C)c3c2C)cc1,,0
Cc1ccc(/C=C/C(=O)N2Cc3c(cc(I)c(OCc4ccc(C(F)(F)F)cc4)c3I)CC2C(=O)O)cc1,,0
Cc1ccc(C(=O)N(C)Cc2ccco2)c(C2CCN(C(=O)/C=C/c3cccs3)CC2)n1,,0
Cc1ccc(C(=O)N=NC(=NNc2ccc(C(=O)O)cc2)c2ccc(N(CCC#N)CCC#N)cc2C)cc1,,0
Cc1ccc(C(=O)NCCO)cc1-n1cnc(OCc2ccc(F)cc2F)c(Br)c1=O,,0
Cc1ccc(C(=O)Nc2cc(OCCN(C)C)cc(C(F)(F)F)c2)cc1Nc1ncnc2cnc(N3CCOCC3)nc12,,0
Cc1ccc(C(=O)Nc2ccc3c(c2)C(C)(C)C(=O)N3CCN2CCCC2)cc1Nc1ncnc2cnc(N3CCCC3)nc12,,0
Cc1ccc(C(=O)Nc2cccc(C(F)(F)F)c2)cc1Nc1ncnc2c(N)nc(N3CCN(C4CCN(C)CC4)CC3)nc12,,0
Cc1ccc(C(=O)OCn2c(-c3ccc(Cl)cc3)c(C#N)c(Br)c2C(F)(F)F)cc1,,0
Cc1ccc(C(C)(C)C)c(SC2C(=O)CC(CCc3ccccc3)(c3ccc(N)cc3)OC2=O)c1,7.5,1
Cc1ccc(C(c2c[nH]c3ccc(C(=O)NN=Cc4cc(O)ccc4O)cc23)c2c[nH]c3ccc(C(=O)NN=Cc4cc(O)ccc4O)cc23)cc1,,0
Cc1ccc(C(c2c[nH]c3ccc(C(=O)NN=Cc4ccncc4)cc23)c2c[nH]c3ccc(C(=O)NN=Cc4ccncc4)cc23)cc1,,0
Cc1ccc(C)c(NC(=O)C(=O)NCC2CCCN2S(=O)(=O)c2cccs2)c1,,0
Cc1ccc(C2CC(c3ccc(-n4c(-c5ccc(OS(=O)(=O)c6ccc(C)cc6)cc5)nc5ccccc5c4=O)cc3)=NN2)cc1,,0
Cc1ccc(C=Nn2c(C(F)(F)F)nn(CN3CCN(Cn4nc(C(F)(F)F)n(N=Cc5ccc(C)c(C)c5)c4=S)CC3)c2=S)cc1C,,0
Cc1ccc(CCC(COC(=O)C(C)(C)C)NC(=S)NCc2ccc(NS(C)(=O)=O)c(F)c2)cc1C,,0
Cc1ccc(CCC(COC(=O)C(C)(C)C)NC(=S)NCc2ccc(NS(C)(=O)=O)cc2)cc1C,,0
Cc1ccc(CN2C(=O)CC(c3ccc(Cl)cc3)c3c(C)nn(-c4nc(C)cc(C)n4)c32)cc1,,0
Cc1ccc(Cl)cc1NC(=O)Cn1c(=O)n(Cc2ccc(C(=O)NCc3ccc4c(c3)OCO4)cc2)c(=O)c2ccccc21,,0
Cc1ccc(Cn2cc(CCC(=O)Nc3ccc(CCCCc4nnc(NC(=O)Cc5ccccn5)s4)nn3)nn2)cc1,,0
Cc1ccc(Cn2cc(CN3CC(N4CCN(Cc5ccccc5F)CC4)CS3(=O)=O)nn2)cc1,,0
Cc1ccc(N(C(=O)c2ccc(F)cc2F)C(=S)OCCN2C(=O)c3ccccc3C2=O)cc1,,0
Cc1ccc(N(C(=O)c2snc(C(N)=O)c2N)C(C(=O)NCC2CCCO2)c2ccc(C)o2)c(C)c1,,0
Cc1ccc(NC(=O)C2C3C=CC4(O3)C2C(=O)N(CCCN2CCOCC2)C4C(=O)NC2CCCC(C)C2C)cc1Cl,,0
Cc1ccc(NC(=O)CN2C(=O)NC(C)(c3ccc(Cl)cc3)C2=O)cc1S(=O)(=O)N1CCOCC1,,0
Cc1ccc(NC(=O)CSC2=C(C#N)C(c3ccc4c(c3)OCO4)CC(=O)N2)cc1C,,0
Cc1ccc(NC(=O)C[S+]([O-])CC(=O)N(CC(=O)NC2CCCC2)c2ccc3c(c2)OCCO3)cc1,,0
Cc1ccc(NC(=O)Cn2cc(S(=O)(=O)NC(C)C)c(S(=O)(=O)NC(C)C)c2)cc1Cl,,0
Cc1ccc(NC(=O)c2cc(F)cc(N3CCOCC3)c2)cc1Nc1ncnn2cc(C(=O)NCCN(C)C)c(C)c12,,0
Cc1ccc(NC(=O)c2ccc3c(c2)CCC3N2CC[C@@H](N(C)C)C2)cc1Nc1nccc(-c2cccnc2)n1,,0
Cc1ccc(NCCCN2CCN(CCCNc3ccc(C)c4sc5ccccc5c(=O)c34)CC2)c2c(=O)c3ccccc3sc12,,0
Cc1ccc(Nc2nc(NCCCNc3nc(Nc4ccc(C#N)cc4)nc(Nc4ccc(C)cc4Br)n3)nc(Nc3ccc(C#N)cc3)n2)c(Br)c1,,0
Cc1ccc(Nc2nc(NS(=O)(=O)c3cc(C)c(Cl)cc3S)n(C)n2)cc1,,0
Cc1ccc(Nc2nccc(N(C)c3ccc4c(c3)nc(NC(=O)Cc3ccc(Cl)c(Cl)c3)n4C)n2)cc1S(N)(=O)=O,,0
Cc1ccc(OCC2OC(n3cnc4nc(Cl)nc(Cl)c43)CC2Oc2ccc(C)cc2)cc1,,0
Cc1ccc(OS(=O)(=O)C2CC3OC2C(c2ccc(NC(=O)CCCCCCC(=O)O)cc2)=C3c2ccc(O)cc2)cc1,,0
Cc1ccc(Oc2ccc(/C=C3\SC(=O)N(c4cccc(OCCCCCN5CCN(C)CC5)c4)C3=O)cc2)cc1,,0
Cc1ccc(S(=O)(=O)N(C)C[C@@H]2Oc3c(NC(=O)Nc4ccc(F)cc4)cccc3C(=O)N([C@@H](C)CO)C[C@H]2C)cc1,,0
Cc1ccc(S(=O)(=O)N2CCN(C(=O)CCn3nc(C)c(C)c3C)CC2)cc1C,,0
Cc1ccc(S(=O)(=O)N2[C@@H](c3ccc(C(C)(C)C)cc3)C(C(=O)O)=CC[C@H]2c2ccccc2)cc1,,0
Cc1ccc(S(=O)(=O)N[C@H]2COC(=O)C/C=C\[C@@H](C)[C@H](NS(=O)(=O)c3ccc(C)cc3)COC(=O)C/C=C\[C@H]2C)cc1,,0
Cc1ccc(S(=O)(=O)Nc2ccc([Se][Se]c3ccc(NS(=O)(=O)c4ccc(C)cc4)cc3)cc2)cc1,,0
Cc1ccc(S(=O)(=O)Nc2ccc3c(c2)C(=O)N([C@@H](C)CO)C[C@H](C)[C@H](CN(C)Cc2ccc(Cl)c(Cl)c2)O3)cc1,,0
Cc1ccc([N+](=O)[O-])c2c(NCCNC(=O)c3cc(C(=O)NCCNc4ccnc5c(C)ccc([N+](=O)[O-])c45)n(C)n3)ccnc12,,0
Cc1ccc([P+](Cc2nc(C)c(O)c(CO)c2C[P+](c2ccc(C)cc2)(c2ccc(C)cc2)c2ccc(C)cc2)(c2ccc(C)cc2)c2ccc(C)cc2)cc1,,0
Cc1ccc2[nH]c(=O)c(C3=NN(C(=O)CCC(=O)O)C(c4cccs4)C3)c(-c3ccccc3)c2c1,,0
Cc1ccc2[nH]ncc2c1N(CC1CCCCC1)c1ccnc(Nc2ccc(OCC(O)CN3CC=CCC3)cc2)n1,,0
Cc1ccc2c(-c3nnc(SCCCN4CCc5ccc6oc(C(F)(F)C(F)(F)F)nc6c5CC4)n3C)cccc2n1,,0
Cc1ccc2c(=O)cc(CCc3cccc(F)c3F)n(CC(=O)N(Cc3ccc(-c4ccc(C(F)(F)F)cc4)cc3)C3CCN(C(C)C)CC3)c2n1,,0
Cc1ccc2c(c1)C(=O)C(=O)N2CCn1cc(Cn2ccc(=O)n(Cc3cn(CCN4C(=O)C(=O)c5cc(C)ccc54)nn3)c2=O)nn1,,0
Cc1ccc2c(c1)C(=O)N(CCC[N+](C)(C)CCCCCC[N+](C)(C)CCCN1C(=O)c3cccc4cccc(c34)C1=O)C2=O,,0
Cc1ccc2c(c1)c(-c1ccc[nH]c1=O)c(C(=O)NS(=O)(=O)C1CC1)n2Cc1cc(C(N)=O)ccc1F,,0
Cc1ccc2c(c1)c(-c1ccc[nH]c1=O)c(C(=O)NS(=O)(=O)C1CC1)n2Cc1cc([S+]([O-])C(F)(F)F)ccc1Cl,,0
Cc1ccc2ccc(CC(=O)Nc3cncc(C(=O)c4cn(C(CO)CO)c5ncncc45)c3)cc2n1,,0
Cc1ccc2cccc(OCc3c(Cl)ccc(S(=O)(=O)NC(C)(C)C(=O)N4CCN(C(=N)NCCCCCCN)CC4)c3Cl)c2n1,,0
Cc1ccc2nc(-c3ccc(NC(=O)NC[C@H]4O[C@@H](n5cc(C)c(=O)[nH]c5=O)C[C@@H]4O)cc3)sc2c1,,0
Cc1ccc2oc(=O)cc(Cn3cc(Cn4c(C)cc(=O)n(Cc5cn(Cc6cc(=O)oc7ccc(C)cc67)nn5)c4=O)nn3)c2c1,,0
Cc1cccc(-n2c(SCC(=O)Nc3cccc(S(=O)(=O)N=C4CCCCCN4)c3)nc3ccccc3c2=O)c1C,,0
Cc1cccc(Cn2cc(-c3ccc(N4CCc5cccc(C(=O)Nc6nc7ccccc7s6)c5C4)nc3C(=O)O)cn2)c1,,0
Cc1cccc(N2C(=O)C(=O)C(C(=O)c3cccs3)C2c2cccc(Oc3ccccc3)c2)n1,,0
Cc1cccc(NC(=O)CSc2nnc3ccc(C(=O)Nc4cccc(F)c4)cn23)c1,,0
Cc1cccc(NC(=O)Cn2c(=O)n(CCCS(=O)(=O)C3CCCCC3)c(=O)c3ccccc32)c1,,0
Cc1cccc(Nc2nnc(-c3ccc(C)c(S(=O)(=O)N4CCCCC4)c3)c3ccccc23)c1,,0
Cc1cccc(S(=O)(=O)N(C)C[C@@H]2OCc3cnnn3CCCC(=O)N([C@H](C)CO)C[C@@H]2C)c1,,0
Cc1cccc2c1OP(=O)(OC[C@H]1O[C@@H](n3cc(/C=C/Br)c(=O)[nH]c3=O)C[C@@H]1OC(=O)C(N)Cc1ccccc1)OC2,,0
Cc1cccc2nc([C@H](C)Nc3ncnc(N)c3C#Cc3ccc(F)cn3)n(-c3cccc(CN(C)S(C)(=O)=O)c3)c(=O)c12,,0
Cc1cccc2nc3cccc(C(=O)NCCN4CCN(CCNC(=O)c5cccc6nc7cccc(C)c7nc56)CC4)c3nc12,,0
Cc1ccccc1-c1cn(-c2nc(N)c3ncn([C@@H]4O[C@H](COS(=O)(=O)NC(=O)c5ccccc5O)[C@@H](O)[C@H]4O)c3n2)nn1,,0
Cc1ccccc1N1CCN(S(=O)(=O)C[C@]23CCC(C[C@@H]2NC(=O)C(CCS(C)(=O)=O)NC2CCCCC2)C3(C)C)CC1,,0
Cc1ccccc1OS(=O)(=O)C1CC2OC1C(c1ccc(NC(=O)CCCCCCC(=O)O)cc1)=C2c1ccc(O)cc1,,0
Cc1ccccc1S(=O)(=O)N(C)C[C@H]1OCc2cnnn2CCCC(=O)N([C@@H](C)CO)C[C@H]1C,,0
Cc1ccsc1C#Cc1cccc(-c2nn(-c3nc(C(=O)O)cs3)c(CC3CC3)c2Cc2ccc(S(N)(=O)=O)c(F)c2)c1,,0
Cc1cn(-c2ccc(-c3csc(Nc4cc(C(F)(F)F)nn4CC(F)(F)F)n3)cc2F)cn1,,0
Cc1cn(CCN2CCN(c3ccccc3-c3cc(C#N)cc(C(=O)NCCCN4CCCC4)c3)CC2)c2ccccc12,,0
Cc1cn([C@@H]2C=C[C@H](CO)O2)c(=O)n(CCCn2c(=O)c(C)cn([C@@H]3O[C@H](CO[Si](C)(C)C(C)(C)C)[C@@]4(OS(=O)(=O)CC4=N)[C@H]3O[Si](C)(C)C(C)(C)C)c2=O)c1=O,,0
Cc1cn([C@@H]2O[C@H](CO[Si](C)(C)C(C)(C)C)[C@@]3(OS(=O)(=O)CC3=N)[C@H]2O[Si](C)(C)C(C)(C)C)c(=O)n(/C=C\CO)c1=O,,0
Cc1cn([C@@H]2O[C@H](CO[Si](C)(C)C(C)(C)C)[C@@]3(OS(=O)(=O)CC3=N)[C@H]2O[Si](C)(C)C(C)(C)C)c(=O)n(CCC[N+](C)(C)C)c1=O,,0
Cc1cn([C@H]2CCCN(S(=O)(=O)c3ccc(CO)c(Oc4cccc(Cl)c4)c3)C2)c(=O)[nH]c1=O,,0
Cc1cn([C@H]2CCCN([C@H](CC34CC5CC(CC(C5)C3)C4)c3ccc(C(=O)O)c(Oc4cccc(Br)c4)c3)C2)c(=O)[nH]c1=O,,0
Cc1cn([C@H]2C[C@H](N=[N+]=[N-])[C@@H](COC(=O)CCCCC(=O)OCSc3ccccc3CNCCC(N)=O)O2)c(=O)[nH]c1=O,,0
Cc1cn([C@H]2C[C@H](N=[N+]=[N-])[C@@H](COP(=O)(OCCS(=O)(=O)c3ccccc3)Oc3ccc(Cl)cc3)O2)c(=O)[nH]c1=O,,0
Cc1cn([C@H]2C[C@H](NC(=O)NCCNc3ccnc4cc(Cl)ccc34)[C@@H](CO[Si](c3ccccc3)(c3ccccc3)C(C)(C)C)O2)c(=O)[nH]c1=O,,0
Cc1cn([C@H]2C[C@H](n3nncc3COc3ccccc3)[C@@H](CO[Si](C)(C)C(C)(C)C)O2)c(=O)[nH]c1=O,,0
Cc1cnc(C#Cc2cccc(-c3nn(-c4nc(C(=O)O)cs4)c(CCC4CC4)c3Cc3ccc(S(N)(=O)=O)c(F)c3)c2)s1,,0
Cc1cnc(Cl)nc1-c1ccc(N(Cc2ccc(CN3CC(F)(F)C3)cc2)C(=O)c2ccc(O)cc2O)cc1,,0
Cc1cnc2c(C(F)(F)F)cccc2c1-c1cccc(Oc2cc(Cl)cc(S(C)(=O)=O)c2)c1,,0
Cc1nc(-c2cccnc2)sc1C(=O)CC(=O)C(=O)Nc1cccc(NC(=O)C(=O)CC(=O)c2sc(-c3cccnc3)nc2C)n1,,0
Cc1nc(-c2nc(C)c(C(=O)NNC(=O)C[n+]3ccccc3)s2)sc1C(=O)NNC(=O)C[n+]1ccccc1,,0
Cc1nc(C(=O)N2CCCCC2CNC(=O)c2cccc3occc23)c(-c2ccc(F)cc2)s1,,0
Cc1nc(N)sc1CCCN=C(N)NC(=O)CCCCCCCCCCC(=O)N=C(N)NCCCc1sc(N)nc1C,,0
Cc1nc(NC(=O)c2ccccc2)sc1C(=O)/C=C/c1cc2c(cc1Br)OCO2,,0
Cc1nc(N[C@H](C)c2cc(N)cc(C(F)(F)F)c2)c2cc(C3CCS(=O)(=O)CC3)cc(C)c2n1,,0
Cc1nc(N[C@H](C)c2ccc(OC(F)(F)F)cc2)nc(N[C@@H]2C[C@H](CO)[C@@H](O)[C@H]2O)c1-c1nc2c(C3CC3)nccc2s1,,0
Cc1nc(S(C)(=O)=O)ccc1Nc1ncnc(OC2CCN(C(=O)OC(C)C)CC2)c1OC(F)F,,0
Cc1nc2c(-c3ccc(F)cc3)c(C)nn2c(C)c1CCC(=O)N1CCN(c2ccc(F)cc2)CC1,,0
Cc1nc2c(F)cc(-c3nc(Nc4ccc(NC(=O)C5(C(=O)Nc6ccc(F)cc6)CC5)cc4)ncc3F)cc2n1C(C)C,,0
Cc1nc2c(OCc3c(Cl)ccc(N(C)C(=O)C=NC(=O)CCc4ccc(C(=O)N(C)C)cc4)c3Cl)cccn2c1Br,,0
Cc1nc2c(OCc3c(Cl)ccc(N(C)C(=O)CNC(=O)Nc4cccc(Cl)c4)c3Cl)cccn2c1Br,,0
Cc1nc2cc(-c3cccc(F)c3)nn2c(C)c1CCC(=O)N1CCN(c2ccc(F)cc2)CC1,,0
Cc1nc2ccccc2n1C1CC2CCC(C1)N2CCC1(c2ccccc2)CCN(C(=O)c2cccc(S(=O)(=O)N(C)C)c2)CC1,,0
Cc1nc2cnc3ccc(C#CCNC(=O)c4cccn([C@@H](C)c5ccc(F)c(F)c5)c4=O)cc3c2n1[C@H]1CC[C@@H](N(C)C)CC1,,0
Cc1ncc(C#Cc2cc(-c3nn(-c4nc(C(=O)O)cs4)c(CC4CC4)c3Cc3ccc(S(N)(=O)=O)c(F)c3)ccc2F)s1,,0
Cc1ncc(C#Cc2cccc(-c3nn(-c4nc(C(=O)O)cs4)c(CCC4CC4)c3Cc3ccc(S(N)(=O)=O)c(F)c3)c2)s1,,0
Cc1ncc2n1C(=O)N(C1CCN(C(=O)C(O)CS(=O)(=O)c3ccc4cc(Cl)ccc4c3)CC1)C2,,0
Cc1ncnc(Nc2ccc(OCc3cccc(F)c3)c(Cl)c2)c1C#Cc1ccc(CNCCS(C)(=O)=O)o1,,0
Cc1nn(-c2ccc(C(N)=O)c(NC3CCC(O)CC3)c2)c2cccc(-c3cnc4ccccc4c3)c12,,0
Cc1nn(-c2ccccc2)c(C)c1/C=N/NC(=O)CSc1nc2ccccc2c(=O)n1-c1ccc(Br)cc1,,0
Cc1nn(C)c(C)c1N(C(F)F)S(=O)(=O)c1c(Cl)cc(CCCN2CCN(C)CC2)cc1Cl,,0
Cc1nn(C)c(C)c1NS(=O)(=O)c1c(Cl)cc(-c2ccc(OC(F)(F)F)cc2)cc1Cl,,0
Cc1nn(C)c(C)c1NS(=O)(=O)c1c(Cl)cc(-c2ccnc(N3CCC(N(C)C)C3)c2)cc1Cl,,0
Cc1nn(C)c(Cl)c1/C=C/C(=O)/C=C/c1ccc(Oc2ncnc3c(C)cccc23)cc1,,0
Cc1nnc(CC(C[C@H](O)CN2CCN(C(C)(C)c3ncc(-c4ccc(Cl)cc4)o3)CC2C(=O)NCC(F)(F)F)C(=O)N[C@H]2CCOC[C@H]2O)o1,10.61,1
Cc1nnc(SCC2=C(C(=O)O)N3C(=O)C(Nc4cc[n+](COCC(Cl)(Cl)Cl)cc4C(=O)[O-])C3SC2)s1,,0
Cc1nnnn1[C@H]1C[C@@H](n2cnc3c(NCC(c4ccccc4)c4ccccc4)nc(NCCc4cn(C(C)C)cn4)nc32)[C@H](O)[C@@H]1O,,0
Cc1noc(C)c1NC(=O)Nc1ccc2c(c1)C(=O)N([C@H](C)CO)C[C@H](C)[C@@H](CN(C)C(=O)NC1CCCCC1)O2,,0
Cc1noc(C)c1S(=O)(=O)N(C)C[C@@H]1OCCCC[C@@H](C)Oc2ccc(NS(=O)(=O)c3cccs3)cc2C(=O)N([C@@H](C)CO)C[C@@H]1C,,0
Cc1noc(C)c1S(=O)(=O)N(C)C[C@@H]1Oc2ccc(NC(=O)Nc3cccc4ccccc34)cc2CC(=O)N([C@@H](C)CO)C[C@@H]1C,,0
Cc1noc(C)c1S(=O)(=O)Nc1ccc2c(c1)C(=O)N([C@@H](C)CO)C[C@@H](C)[C@H](CN(C)Cc1ccc(C(F)(F)F)cc1)OCCCC[C@@H](C)O2,,0
Cc1noc(C)c1S(=O)(=O)Nc1ccc2c(c1)C(=O)N([C@H](C)CO)C[C@@H](C)[C@@H](CN(C)Cc1ccc(C(F)(F)F)cc1)OCCCC[C@H](C)O2,,0
Cc1noc(C)c1S(=O)(=O)Nc1ccc2c(c1)C(=O)N([C@H](C)CO)C[C@@H](C)[C@H](CN(C)Cc1ccc(C(F)(F)F)cc1)OCCCC[C@@H](C)O2,,0
Cc1noc(C)c1S(=O)(=O)Nc1ccc2c(c1)C(=O)N([C@H](C)CO)C[C@H](C)[C@@H](CN(C)C(=O)CCCN(C)C)OCCCC[C@@H](C)O2,,0
Cc1nocc1C(=O)Nc1nn(Cc2ccc(C(F)(F)F)cc2)c2c(C(F)(F)F)cccc12,,0
Cc1nonc1CC(=O)N1CC[C@](c2ccc(C(OCc3c(F)cccc3F)(C(F)(F)F)C(F)(F)F)cc2)(S(=O)(=O)c2ccc(F)cc2)C1,,0
Cc1oc2c(c1CC(=O)Nc1nc(-c3ccc(OC(F)(F)F)c(Cl)c3)cs1)c(=O)n(C)c(=O)n2C,,0
Cc1sc2ncnc(N3CCC(C(=O)Nc4nc(-c5ccc(F)cc5)cs4)CC3)c2c1C,,0
Clc1ccc(CC[C@@]2(Cn3ccnc3)OC[C@@H](CSc3cccc(Br)c3)O2)cc1,,0
Clc1ccc2c(c1Nc1ccnc(Nc3ccc(N4CCOCC4)cc3)n1)OCO2,,0
Clc1ccc2nc(NCCCN3CCN(CCCNc4nc5ccc(Cl)cc5n5cccc45)CC3)c3cccn3c2c1,,0
Cn1c(-c2cccc(NC(=O)CCC(=O)NCc3ccc4c(c3)OCO4)c2)c(I)c2cc(C(=O)O)c(O)cc21,,0
Cn1c(=O)c2c(nc(CN3CCN(Cc4ccccc4)CC3)n2Cc2cccc(Cl)c2)n(C)c1=O,,0
Cn1c(=O)c2c(nc(NCCNC(=O)c3ccco3)n2Cc2ccc(Cl)cc2Cl)n(C)c1=O,,0
Cn1c(Cc2nn(C)c(=O)c3ccccc23)nnc1SCCCCCCCC(=O)Nc1ccc(O)cc1,,0
Cn1c(Cc2nn(C)c(=O)c3ccccc23)nnc1SCc1cn(CCCCC(=O)Nc2ccc(Cl)cc2Cl)nn1,,0
Cn1c(N2CCCN(CC/C=C3/c4ccccc4COc4ccc(CC(=O)O)cc43)CC2)cc(=O)n(C)c1=O,,0
Cn1c(Nc2c(Cl)ccc(CNC(=O)C(C)(C)F)c2Cl)nc2cc(C(=O)N[C@H]3CC[C@H](C(F)(F)F)CC3)c(N3CCC(C(F)(F)F)CC3)cc21,,0
Cn1cc(-c2c(COc3cccc4ccccc34)cc(=O)n3c2SCC3C(=O)O)c2ccccc21,,0
Cn1cc(-c2ccnc(-n3ncc4cc(C(C)(C)C)cc(F)c4c3=O)c2CO)cc(NC(=O)C2C[C@H]2F)c1=O,,0
Cn1cc(-c2ccnc(N3CCn4c(cc5c4CC(C)(C)C5)C3=O)c2CO)cc(NC(=O)C2CCC2)c1=O,,0
Cn1cc(-c2cnc3nnn(C[C@@H]4CN(c5ncc(-c6ccc(OCCN7CCOCC7)c(F)c6)cn5)CCO4)c3n2)cn1,,0
Cn1cc(NC(=O)c2cc(NC(=O)c3cc(NC(=O)c4cc(N(CCCl)CCCl)cs4)cn3C)cn2C)cc1C(=O)NCCC(=N)N,,0
Cn1cc(NC(=O)c2cc(NC(=O)c3cc(NC(=O)c4cc(NC(=O)c5cc(NC=O)cn5C)cn4C)cn3C)cn2C)cc1C(=O)NCCC(=N)N,,0
Cn1cc(NC(=O)c2cc(NC(=O)c3cc(NC(=O)c4cc(NC=O)cn4C)cn3C)cn2C)cc1C(=O)NCCC(=N)N,,0
Cn1cc(NC(=O)c2cc(NC(=O)c3cc(NC(=O)c4cc5cc(N(CCCl)CCCl)ccc5n4C)cn3C)cn2C)cc1C(=O)NCCC(=N)N,,0
Cn1cc(NC(=O)c2cc(NC(=O)c3cc(NC(=O)c4cc5cc(NC(=O)c6ccc(N(CCCl)CCCl)cc6)ccc5[nH]4)cn3C)cn2C)cc1C(=O)NCCC(=N)N,,0
Cn1cc(NC(=O)c2cc(NC(=O)c3cc(NC(=O)c4nc(NC(=O)c5ccc(N(CCCl)CCCl)cc5)cn4C)cn3C)cn2C)cc1C(=O)NCCC(=N)N,,0
Cn1cc(NC(=O)c2cc(NC(=O)c3csc(NC(=O)c4ccc(N(CCCl)CCCl)cc4)n3)cn2C)cc1C(=O)NCCC(=N)N,,0
Cn1cc([C@@H](NC(=O)c2cc(F)c3cnc(NC4CCOCC4)nc3c2)c2ccc(C#N)c(Cl)c2)cn1,,0
Cn1cc([S+](C)[O-])cc1-c1c2c(=O)n(C)c(=O)n(CC3CC3)c2nn1Cc1c[nH]c2ccc(Cl)cc12,,0
Cn1cc2c(nc(NC(=O)Nc3ccc(CC(=O)OCCCOCCOCCOCCCN)cc3)n3nc(-c4ccco4)nc23)n1,,0
Cn1cccc1C(=O)NCCC[N+](C)(C)CC(=O)Nc1ccc2c(c1)C(=O)c1ccc(NC(=O)C[N+](C)(C)CCCNC(=O)c3cccn3C)cc1C2=O,,0
Cn1cnc(S(=O)(=O)N2CCC(CN(C3Cc4cc(C#N)ccc4N(Cc4cncn4C)C3)S(=O)(=O)c3ccccn3)CC2)c1,,0
Cn1cncc1C(C)(c1ccc(Cl)cc1)c1ccc2c(c1)c(-c1cccc(Cl)c1)cc(=O)n2C,,0
Cn1cncc1CN1CC(N(CC2CCN(C(=O)CC(F)(F)F)CC2)S(=O)(=O)c2ccccn2)Cc2cc(C#N)ccc21,,0
Cn1cncc1CN1CC(N(CC2CCN(C(=O)Nc3ccc(Br)cc3)CC2)S(=O)(=O)c2ccccn2)Cc2cc(C#N)ccc21,,0
Cn1nc(-c2nnc(SCc3ccc(C(F)(F)F)cc3)o2)cc1-c1ccc(C(F)(F)F)cc1,,0
Cn1nc(C2=C(c3cn(CCCn4ccnc4)c4cc(Br)ccc34)C(=O)NC2=O)c2cccnc21,,0
Cn1ncc(-c2ccncc2)c1-c1ccc(OCc2cc(OCCOCCOCCF)c3ccccc3n2)cc1,,0
FC(F)(F)Sc1ccc(-c2cc(CN(c3ncccn3)c3nc4ccccc4s3)on2)cc1,,0
FC(F)(F)c1ccc(C[N+]23CC[C@@]45c6ccccc6N6[C@@H]7OCC=C8C[N+]9(Cc%10ccc(C(F)(F)F)cc%10)CC[C@]%10%11c%12ccccc%12N([C@@H]%12OCC=C(C2)[C@H](C[C@@H]43)[C@@H]%12[C@H]65)[C@H]%10[C@H]7[C@H]8C[C@@H]%119)cc1,,0
FC(F)(F)c1ccc(N2CCN(CCCn3nnnc3C(c3ccccc3)c3ccccc3)CC2)cc1,,0
Fc1cc2[nH]c(SCc3ccc(-c4ccccc4-c4nnnn4C(c4ccccc4)(c4ccccc4)c4ccccc4)cc3)nc2cc1-n1cncn1,,0
N#CC1(NC(=O)C2C[C@@H](S(=O)(=O)c3ccc(OCC(F)(F)F)cc3Cl)CN2C(=O)C2(c3ncc(Br)cc3F)CNC2)CC1,,0
N#CC1(c2ccccc2)CCN(C(=O)Cn2cc(NC(=O)c3cnn4cccnc34)c(-c3cc(Cl)ccc3OC(F)F)n2)CC1,,0
N#CCCN(c1ccc(/C=N/c2nc(-c3ccccc3)cs2)cc1)S(=O)(=O)c1ccccc1,,0
N#CN=C(Nc1ccc2ccc(S(=O)(=O)Nc3ccc(Cl)c(C(=O)O)c3)cc2c1)Nc1ccc2ccc(S(=O)(=O)Nc3ccc(Cl)c(C(=O)O)c3)cc2c1,,0
N#C[C@@H]1CCCN1C(=O)C(N)CC(=O)N1CCN(C(c2ccc(F)cc2)c2ccc(F)cc2)CC1,,0
N#Cc1cc(C(F)(F)F)ccc1N1CCc2ncnc(NCc3ccc(C(F)(F)F)nc3)c2C1,,0
N#Cc1ccc(O[C@H]2C[C@H]3CC[C@@H](C2)N3C(=O)c2cnc(N3CCN(CCCCCCCNc4ccc5c(c4)C(=O)N(C4CCC(=O)NC4=O)C5=O)CC3)nc2)cc1Cl,,0
N#Cc1ccc(O[C@H]2C[C@H]3CC[C@@H](C2)N3C(=O)c2cnc(N3CCN(CCCCNc4ccc5c(c4)C(=O)N(C4CCC(=O)NC4=O)C5=O)CC3)nc2)cc1Cl,,0
N#Cc1ccc2nc(NC3CC3)c(N3CCN(S(=O)(=O)c4cc(C(F)(F)F)ccc4Cl)CC3)nc2c1,,0
N#Cc1ccc2nc(NC3CC3)c(N3CCN(S(=O)(=O)c4ccc(Br)s4)CC3)nc2c1,,0
N#Cc1ccccc1-c1nnc(SCCCN2CCN(CC(O)(Cn3cncn3)c3ccc(F)cc3F)CC2)o1,,0
N#Cc1cccnc1NCCN(CCO)C(=O)c1cc(Cc2n[nH]c(=O)c3ccccc23)cc(F)c1F,,0
N#Cc1nc(NCc2ccc(Cl)cc2)c2ncn(Cc3cccc(C(F)(F)F)c3)c2n1,,0
N=C(CCl)NCCCCNCCCCCNC(=S)Nc1ccc(-c2c3ccc(=O)cc-3oc3cc(O)ccc23)c(C(=O)O)c1,,0
N=C(N)NCCCC(N)C(=O)NCC(=O)NCCCCCCCC(=O)Nc1c2ccccc2nc2ccccc12,,0
N=C(N)c1ccc(CNC(=O)C2Cc3ccc(cc3)NC(=O)CCN3CCCN(CCC(=O)Nc4ccc(cc4)CC(NS(=O)(=O)Cc4ccccc4)C(=O)N2)CC3)cc1,,0
N=C(N)c1ccc(CNC(=O)C2Cc3ccc(cc3)NC(=O)CCN3CCN(CCC(=O)Nc4cccc(c4)CC(NS(=O)(=O)Cc4ccccc4)C(=O)N2)CC3)cc1,,0
N=C(N)c1ccc(CNC(=O)N2CCN(C(=O)O[C@H]3CCC[C@@H](OC(=O)N4CCN(C(=O)NCCC5CCNCC5)CC4)CCC3)CC2)cc1,,0
N=C(N)c1ccc(OCCCCCOc2ccc(C(=N)N)cc2I)c(I)c1,,0
N=C(N)c1ccc2c(c1)nc(CN(C(=O)c1ccc(C(=O)O)cc1)c1ccc(OC3CCNC3)cc1)n2CC(=O)NC1CCCCC1,,0
N=C(N=C(NCCCCCCNC(=NC(=N)Nc1ccc(Cl)cc1)N1CCCCC1)N1CCCCC1)Nc1ccc(Cl)cc1,,0
N=C(c1ccc2[nH]c(-c3ccc(Oc4ccc(-c5nc6cc(C(=N)N7CCCCC7)ccc6[nH]5)cc4)cc3)nc2c1)N1CCCCC1,,0
N=C1N(CCCC[C@H]2CN=C(N)N2CCc2ccc(Cl)c(Cl)c2)C[C@H](Cc2ccc3ccccc3c2)N1CCc1cccc(Br)c1,,0
NC(=NO)c1ccc(C2=C(S(=O)(=O)c3ccc(Nc4ccccc4C(N)=NO)cc3)CC(c3ccccc3)(c3ccccc3)O2)cc1,,0
NC(=O)C(CCCC(=O)O)NC(=O)C(CCCOC=O)NC(=O)CCc1cc(-c2ccc(-c3cccc(Cl)c3)cc2)no1,,0
NC(=O)C1[C@@H]2C=C[C@@H](C2)[C@H]1Nc1c(Br)cnc2[nH]c(-c3ccc(N4CCOCC4)cc3)nc12,,0
NC(=O)COc1c(C2CCN(CCN3CCC(CNC(=O)c4ccc(-c5ccc(C(F)(F)F)cc5)cc4)CC3)CC2)ccc2c1CCCC2,,0
NC(=O)N1CCc2c(c(-c3ccc(Cl)c(C#Cc4ccc(Cl)c(C(=O)NC[C@@H]5CCCN5)c4)c3)nn2CCCN2CCSCC2)C1,,0
NC(=O)c1cccc(C(=O)N2CCC(N(C3CC3)S(=O)(=O)c3cccc(C(F)(F)F)c3)CC2)c1,,0
NC(=O)c1cccc2c(NCc3ccc(F)c(NC(=O)c4ccc(Br)cc4)c3)ncnc12,,0
NC(=O)c1nn(-c2ccc(S(N)(=O)=O)cc2)c2c1CCc1ccc(NC(=O)Nc3ccccc3)cc1-2,,0
NC(=O)c1nn(-c2ccc(S(N)(=O)=O)cc2)c2c1CCc1ccc(NS(=O)(=O)c3ccc(Br)cc3F)cc1-2,,0
NC(=O)n1cc(NC(=O)N2C(C(=O)NCc3cccc(Cl)c3F)C[C@@]3(CO)C[C@@H]23)c2ccccc21,,0
NC(CC(=O)N1CCN(C(c2ccc(F)cc2)c2ccc(F)cc2)CC1)C(=O)N1CCC(C(F)(F)F)C1,,0
NC(Cc1c[nH]c2ccccc12)C(=O)N1CC(C(=O)NCCc2c[nH]cn2)C(C(=O)NCCc2c[nH]c3ccccc23)C1,,0
NC(Cc1cc(I)c(Oc2ccc(OC3O[C@H](CO)[C@@H](O)[C@H](O)[C@H]3O)c(I)c2)c(I)c1)C(=O)O,,0
NC(Cc1cc(I)c(Oc2ccc(OS(=O)(=O)O)c(I)c2)c(I)c1)C(=O)O,,0
NC1(C(=O)NCCCn2cc(-c3ccc(OC(F)(F)F)cc3)c3cc(CN4CCN(Cc5c(Cl)cccc5Cl)CC4)ccc32)CCNCC1,,0
NCC(CN)CCC(=O)NCCCN1C(=O)c2ccc3c4ccc5c6c(ccc(c7ccc(c2c37)C1=O)c64)C(=O)N(CCCNC(=O)CCC(CN)CN)C5=O,,0
NCCC(=O)NC(Cc1ccc(Cl)cc1Cl)C(=O)N1CCN(c2ncccc2CNC(=O)NCc2ccccc2F)CC1,,0
NCCC(=O)NC1C[N+]2(CC3=C(C(=O)[O-])N4C(=O)C(NC(=O)CSc5cc(Cl)ccc5Cl)[C@H]4SC3)CCC1CC2,,0
NCCCCC(N)C(=O)NC(CCCCN)C(=O)Nc1ccc(C#Cc2c(F)c(F)nc(F)c2F)c(C#Cc2c(F)c(F)nc(F)c2F)c1,,0
NCCCCNC(=O)c1nc(NC(=O)c2nc(NC(=O)CCCC(=O)Nc3ccc4oc(C(=O)N5CC(CCl)c6ccc(O)cc65)cc4c3)c[nH]2)c[nH]1,,0
NCCC[n+]1ccc(SCC2=C(C(=O)[O-])N3C(=O)C(NC(=O)CSc4cc(Cl)ccc4Cl)[C@H]3SC2)cc1,,0
NCCC[n+]1ccc(SCC2=C(C(=O)[O-])N3C(=O)C(NC(=O)CSc4cc(Cl)ccc4Cl)[C@H]3SC2)cc1CCC(=O)O,,0
NCc1cc(-c2cc(-c3cccc(C(F)(F)F)c3)ccc2Oc2cc(F)c(S(=O)(=O)Nc3nncs3)cc2Cl)ccn1,,0
NP(=O)(OCCCCCOc1ccc2ncnc(Nc3cccc(Br)c3)c2c1)N(CCCl)CCCl,,0
NS(=O)(=O)CCNC(=O)C(c1nc2cc(-c3ccc(F)nc3)ccc2s1)S(=O)(=O)Cc1ccc(F)cc1,,0
NS(=O)(=O)CCNC(=O)C(c1nc2ccc(-c3ccc4c(c3)CNC4=O)cc2s1)S(=O)(=O)Cc1ccc(OC(F)(F)F)cc1,,0
NS(=O)(=O)c1ccc(-c2nc(SCCCOC(=O)C=Cc3ccc(O)c(O)c3)nn2-c2ccccc2)cc1,,0
NS(=O)(=O)c1ccc(-n2cc(/C=N\Nc3nc(-c4cc5cc(Cl)ccc5oc4=O)cs3)c(-c3ccccc3)n2)cc1,,0
NS(=O)(=O)c1ccc(Cc2c(-c3ccc(F)c(C#CCC4CCCO4)c3)nn(-c3nc(C(=O)O)cs3)c2CC2CC2)cc1F,,0
NS(=O)(=O)c1ccc(Cc2c(-c3cccc(-c4ccccc4)c3)nn(-c3nc(C(=O)O)cs3)c2CC2CC2(F)F)cc1,,0
NS(=O)(=O)c1ccc(NC(=O)c2ccccc2[Se][Se]c2ccccc2C(=O)Nc2ccc(S(N)(=O)=O)cc2)cc1,,0
NS(=O)(=O)c1ccc(NC(=O)c2cccnc2[Se][Se]c2ncccc2C(=O)Oc2ccc(S(N)(=O)=O)cc2)cc1,,0
NS(=O)(=O)c1ccc(Nc2nccc(-c3c(-c4cccc(NC(=O)c5c(F)cccc5F)c4)nn4ccccc34)n2)cc1,,0
NS(=O)(=O)c1nc2ccc(OCCOC(=O)CN(CCN(CC(=O)O)c3ccccc3O)c3ccccc3O)cc2s1,,0
Nc1cc(NC2=NCC(O)CN2)cc(C(=O)NCC(=O)N[C@H](CC(=O)O)c2cc(Cl)cc(I)c2O)c1,,0
Nc1ccc2c(c1)c(-c1ccccc1)[n+](CCCNCCNCCC[n+]1c(-c3ccccc3)c3cc(N)ccc3c3ccc(N)cc31)c1cc(N)ccc21,,0
Nc1cccc(-c2nc3sccn3c2-c2ccnc(NCCCCNS(=O)(=O)c3cccc(F)c3)n2)c1,,0
Nc1cccc(CO[C@@H]2[C@H](O)[C@@H](O)[C@@H](OCc3cccc(N)c3)[C@@H](Cc3ccccc3)S(=O)(=O)[C@@H]2Cc2ccccc2)c1,9.0,1
Nc1ccccc1NC(=O)CCCCCNC(=O)CN1C(=O)C2(OCCO2)c2cc(Br)ccc21,,0
Nc1nc(=O)c2c(CN3CCN(C(c4ccccc4)c4ccccc4)CC3)c(CN3CCN(C(c4ccccc4)c4ccccc4)CC3)[nH]c2[nH]1,,0
Nc1nc(=O)c2nc(CNc3ccc(C(=O)NC(CCC(=O)NCCCCCCC(=O)Nc4cc(-c5cccs5)ccc4N)C(=O)O)cc3)cnc2[nH]1,,0
Nc1nc(C(=NOCCF)C(=O)NC2C(=O)N3C(C(=O)O)=C(Sc4nc5ccc([N+](=O)[O-])cc5s4)CC[C@H]23)cs1,,0
Nc1nc(C(=NOCCF)C(=O)NC2C(=O)N3C(C(=O)O)=C(Sc4nc5cncnc5s4)CC[C@H]23)cs1,,0
Nc1nc(C(=NOCCSc2nnc(-c3cc(=O)c(O)c[nH]3)o2)C(=O)NC2C(=O)N3C(C(=O)O)=C(CSc4cnns4)CS[C@H]23)cs1,,0
Nc1nc(C(=NOCc2cc(=O)c(O)c[nH]2)C(=O)NC2C(=O)N3C(C(=O)[O-])=C(CSc4cc[n+](CCO)cc4)CS[C@H]23)cs1,,0
Nc1nc([C@H]2c3[nH]c(N)nc3C[C@H](CNC(=O)c3cc(Br)c[nH]3)[C@H]2CNC(=O)c2cc(Br)c[nH]2)c[nH]1,,0
Nc1ncc(-c2cc(N3C[C@@H]4C[C@H]3CO4)nc(N3CCC(F)CC3)n2)cc1OC(F)F,,0
Nc1nccc2c1nc(Sc1cc3c(cc1I)OCO3)n2CCCCCCC(O)=NO,,0
Nc1ncccc1-c1nc2ccc(-c3cccc(N4CCC(C(=O)N5CCOCC5)CC4)c3)nc2n1-c1ccc(C2(N)CCC2)cc1,,0
Nc1ncnc(N2CCC(c3nc(-c4ccc(F)c(C(F)(F)F)c4)cn3CCN3CCCC3)CC2)c1-c1ccc(F)cc1,,0
Nc1ncnc2c1c(Sc1ccc3c(c1)OCC3)nn2[C@H]1C[C@H](O)[C@@H](COS(N)(=O)=O)O1,,0
Nc1ncnc2c1c(Sc1ccc3c(c1)OCCO3)nn2[C@H]1C[C@H](O)[C@@H](COS(N)(=O)=O)O1,,0
Nc1ncnc2c1nc(Br)n2[C@@H]1O[C@H](CSSC[C@H]2O[C@@H](n3c(Br)nc4c(N)ncnc43)[C@H](O)[C@@H]2O)[C@@H](O)[C@H]1O,,0
Nc1ncnc2c1nc(SCCCCCNc1ccc([N+](=O)[O-])c(C(F)(F)F)c1)n2[C@H]1C[C@H](O)[C@@H](CO)O1,,0
Nc1ncnc2c1nc(Sc1cc3c(cc1Br)OCO3)n2CCC1CCN(C=O)CC1,,0
Nc1ncnc2c1nc(Sc1cc3c(cc1Br)OCO3)n2CCCc1cn(CCCO)nn1,,0
Nc1ncnc2c1nc(Sc1cc3c(cc1Br)OCO3)n2CCOCCCCC(O)=NO,,0
Nc1ncnc2c1ncn2[C@@H]1O[C@H](COS(=O)(=O)NC(=O)CCCCCCCCCCOc2ccc(C(F)(F)F)cc2)[C@@H](O)[C@H]1O,,0
Nc1ncnc2c1ncn2[C@@H]1O[C@H](COS(=O)(=O)NC(=O)CCCCCCCCCCOc2cccc(F)c2)[C@@H](O)[C@H]1O,,0
Nc1sc(-c2c(F)cccc2F)nc1C(=O)Nc1cnn(C2CC2)c1N1CC[C@@H](N)CC(F)(F)C1,,0
Nc1sc(-c2ccccc2C(=O)NCCCCCCNc2ncnc3c2ncn3[C@@H]2O[C@H](CO)[C@@H](O)[C@H]2O)c(-c2cccc(C(F)(F)F)c2)c1C(=O)c1ccccc1,,0
Nc1sc2c(c1C(=O)c1ccc(Cl)c(Cl)c1)CCN(CCCCCCCCOc1ccc(Nc3ncnc4c3ncn4[C@@H]3O[C@H](CO)[C@@H](O)[C@H]3O)cc1)C2,,0
Nn1c(CS(=O)(=O)Nc2ccc(Cl)cc2)nnc1CS(=O)(=O)C1CNN=C1S(=O)(=O)c1ccc(Cl)cc1,,0
Nn1c(CS(=O)(=O)Nc2ccc(Cl)cc2)nnc1CS(=O)(=O)c1c[nH]nc1S(=O)(=O)c1ccc(Cl)cc1,,0
O=C(/C(=C/C=C/c1ccccc1)c1cccc(C(F)(F)F)c1)N1CCN(c2ncccn2)CC1,,0
O=C(/C(=C\c1ccccc1[N+](=O)[O-])S(=O)(=O)Cc1ccccc1)c1ccc(Br)cc1,,0
O=C(/C=C/C(=O)Nc1cc2c(Nc3cccc(Br)c3)ncnc2cn1)NCCCn1ccnc1,,0
O=C(/C=C/c1ccc(Cl)c(Cl)c1)NCCCCCN1CCC(NC(=O)Nc2ccc([N+](=O)[O-])cc2)CC1,,0
O=C(/C=C/c1ccc(O[C@@H]2O[C@H](CO)[C@@H](O)[C@H](O)[C@H]2O)c(O)c1)CC(=O)/C=C/c1ccc(O[C@@H]2O[C@H](CO)[C@@H](O)[C@H](O)[C@H]2O)c(O)c1,,0
O=C(/C=C/c1cccc(F)c1)Nc1ccc(N2CCN(CC(O)(Cn3cncn3)c3ccc(F)cc3F)CC2)c(C(F)(F)F)c1,,0
O=C(/C=C/c1ccco1)c1ccc(N2CCN(Cc3cc(C(=O)/C=C/c4ccco4)ccc3O)CC2)cc1,,0
O=C(C/C=C/c1ccc(Cl)cc1)N[C@@]12CCC(=O)C3Oc4c(O)ccc5c4[C@@]31CCN(CC1CC1)[C@@H]2C5,,0
O=C(C1=C[C@H](c2ccc3c(c2)OCO3)C[C@H](OCCCCO)O1)N1CCN(Cc2ccc3c(c2)OCO3)CC1,,0
O=C(C1CCCCC1)N1C[C@H](n2cc(-c3ccc(F)cc3)nn2)[C@@H](O)C[C@@H]1c1ccc(Cl)cc1,,0
O=C(C=Cc1ccc(O)cc1)O[C@H]1[C@H](Oc2c(-c3ccc(O)cc3)oc3cc(O[C@@H]4O[C@H](CO)[C@@H](O)[C@H](O)[C@H]4O)cc(O)c3c2=O)O[C@H](CO)[C@@H](O)[C@@H]1O,,0
O=C(CBr)OCCn1c(=O)oc2cc3ncnc(Nc4ccc(NC(=O)N5CCCCC5)cc4)c3cc21,,0
O=C(CBr)OCCn1c(=O)oc2cc3ncnc(Nc4ccc(Oc5cccc(C(F)(F)F)c5)c(Cl)c4)c3cc21,,0
O=C(CC1c2cc(F)cc(F)c2-c2ccccc2N1S(=O)(=O)c1ccc(Cl)c(Cl)c1)NCCc1ccc(C2=NCCN2)cc1,,0
O=C(CC1c2ccccc2N=C(N2CCCCC2)N1c1ccccc1)NCc1ccc(NS(=O)(=O)c2ccc(F)cc2)cc1,,0
O=C(CCC(=O)OCC#CCOc1no[n+]([O-])c1S(=O)(=O)c1ccccc1)Nc1ccn([C@@H]2O[C@H](CO)[C@@H](O)C2(F)F)c(=O)n1,,0
O=C(CCC(=O)OCCCCOc1no[n+]([O-])c1S(=O)(=O)c1ccccc1)Nc1ccn([C@@H]2O[C@H](CO)[C@@H](O)C2(F)F)c(=O)n1,,0
O=C(CCC(=O)OCCOc1no[n+]([O-])c1S(=O)(=O)c1ccccc1)Nc1ccn([C@@H]2O[C@H](CO)[C@@H](O)C2(F)F)c(=O)n1,,0
O=C(CCC(F)(F)C(F)(F)C(F)(F)C(F)(F)C(F)(F)C(F)(F)F)NCCCCNC(=S)N1[C@@H]2CO[C@H]1[C@H](O)[C@@H](O)[C@@H]2O,,0
O=C(CCCCC(=O)OC1(c2ccc(Cl)cc2)CCN(CCCC(=O)c2ccc(F)cc2)CC1)OC1(c2ccc(Cl)cc2)CCN(CCCC(=O)c2ccc(F)cc2)CC1,,0
O=C(CCCCCC(=O)Nc1ccc(S(=O)(=O)O)c2cccc(S(=O)(=O)O)c12)Nc1ccc(S(=O)(=O)O)c2cccc(S(=O)(=O)O)c12,,0
O=C(CCCCCCCCCCC(=O)N1CCN(C(=O)c2cc(Cc3n[nH]c(=O)c4ccccc34)ccc2F)CC1)NCCNc1cccc2c1C(=O)N(C1CCC(=O)NC1=O)C2=O,,0
O=C(CCCCCCCCCCC(=O)N1CCN(C(=O)c2cc(Cc3n[nH]c(=O)c4ccccc34)ccc2F)CC1)NCCNc1cccc2c1CN(C1CCC(=O)NC1=O)C2=O,,0
O=C(CCCn1c(=O)c2sccc2n(Cc2ccc(F)cc2Cl)c1=O)NCc1ccc2c(c1)OCO2,,0
O=C(CCNCCSSCCNCCC(=O)c1sccc1Br)c1sccc1Br,,0
O=C(CCS(=O)(=O)c1ccc2cc(Cl)ccc2c1)N1CCC(N2Cc3cnc(CO)n3C2=O)CC1,,0
O=C(CCc1ccc(F)cc1)OC[C@H]1O[C@@H](Oc2c(-c3ccc(O)c(O)c3)oc3cc(O)cc(O)c3c2=O)[C@H](O)[C@@H](O)[C@H]1O,,0
O=C(CN(CC(=O)N1CCc2ccccc2C1)c1cc(Cl)ccc1Oc1ccc(Cl)cc1)NCCN1CCCC1,,0
O=C(CN1CCCC(NS(=O)(=O)c2ccc3cc(Cl)ccc3c2)C1=O)N1CCC(c2cccnc2)C1,,0
O=C(CN1CCCC1)Nc1ccc(-n2cc(-c3ccc4ccc(-c5cn(-c6ccc(NC(=O)CN7CCCC7)cc6)nn5)cc4c3)nn2)cc1,,0
O=C(CN1CCN(CCO)CC1)Nc1ccc(-c2cccc3c(=O)cc(N4CCOCC4)oc23)c2sc3ccccc3c12,,0
O=C(CNC(=O)c1sc(C2=NO[C@@](c3cc(Cl)c(F)c(Cl)c3)(C(F)(F)F)C2)c2c1CCC2)NCC(F)F,,0
O=C(CN[C@H]1CCN(S(=O)(=O)Cc2ccccc2)C1)N1CCN(Cc2ccc(Cl)cc2Cl)CC1,,0
O=C(CNc1ncnc2ccc(C(F)(F)F)cc12)NC1CN(C2CCC(N3CCSCC3)CC2)C1,,0
O=C(COc1cccc2[nH]cc(S(=O)(=O)c3ccc(F)cc3Cl)c12)NS(=O)(=O)c1cc(Cl)c(Cl)s1,,0
O=C(CS(=O)(=O)c1ccc(Cl)cc1)NN=Cc1cc(C(=O)O)c(Nc2ccc(I)cc2F)c(F)c1F,,0
O=C(CSc1nc(-c2cccs2)cc(C(F)(F)F)n1)Nc1cc(OCC(F)(F)C(F)F)cc([N+](=O)[O-])c1,,0
O=C(CSc1ncnc2scc(-c3ccccc3)c12)N1CCN(c2ccccc2F)CC1,,0
O=C(CSc1nnc(-c2cccc(S(=O)(=O)N3CCCCC3)c2)o1)NCCC1=CCCCC1,,0
O=C(C[C@H]1C[C@H]2CCCN2[C@]12C(=O)Nc1ccccc12)N1C/C(=C\c2cccc([N+](=O)[O-])c2)C(=O)[C@]2(C[C@H]3CCCN3[C@@]23C(=O)Nc2ccccc23)C1,,0
O=C(C[C@H]1O[C@H](CO)[C@H](O)[C@H](O)[C@H]1O)NC(CCCNC(=O)OCC1c2ccccc2-c2ccccc21)C(=O)NC[C@H]1O[C@@H](n2ccc(=O)[nH]c2=O)[C@H](O)[C@@H]1O,,0
O=C(Cc1ccc(NC(=O)Cc2ccc(Nc3ncnc4c3ncn4C3O[C@H](CO)[C@@H](O)[C@H]3O)cc2)cc1)NCCNC(=S)Nc1ccc(S(=O)(=O)O)cc1,,0
O=C(Cc1cccc(-n2ccnc2)c1)Nc1nnc(CCCCc2nnc(NC(=O)Cc3cccc(-n4ccnc4)c3)s2)s1,,0
O=C(Cc1ccccc1)NC1C(=O)N2C(C(=O)O)=C(COC(=O)N3CCN(c4nc(=O)c5cc(C(F)(F)F)cc([N+](=O)[O-])c5s4)CC3)CS[C@H]12,,0
O=C(Cc1ccccc1)Nc1ccc(CCCCc2nnc(NC(=O)Cc3ccc(F)c(CN4CCNCC4)c3)s2)nn1,,0
O=C(Cc1ccccc1)Nc1nnc(CCCCc2nnc(NC(=O)Cc3c(Cl)ccc(O)c3F)s2)s1,,0
O=C(Cc1ccccc1Br)Nc1nnc(CCSCCc2nnc(NC(=O)Cc3ccccc3Br)s2)s1,,0
O=C(Cc1cccs1)Nc1nnc(CCSCCc2nnc(NC(=O)Cc3cccs3)s2)s1,,0
O=C(Cn1c(CCc2cccc(F)c2F)nc(=O)c2ccccc21)N(Cc1ccc(-c2ccc(C(F)(F)F)cc2)cc1)C1CCN(C2=NCCS2)CC1,,0
O=C(Cn1c(Cl)cnc(NCC(F)(F)c2cccc[n+]2[O-])c1=O)NCc1ccccc1OC(F)(F)F,,0
O=C(Cn1c(Cl)cnc(NCC(F)(F)c2ccccn2)c1=O)NCc1ccccc1-n1cnnc1,,0
O=C(N/N=C/c1ccc2c(c1)OCO2)c1cn(C2CC2)c2cc(N/N=C/c3ccc4c(c3)OCO4)c(F)cc2c1=O,,0
O=C(N1CC[C@](c2ccc(C(OCc3c(F)cccc3F)(C(F)(F)F)C(F)(F)F)cc2)(S(=O)(=O)c2ccc(F)cc2)C1)C1(O)CCOCC1,,0
O=C(NC(=[Se])Nc1ccc([Se][Se]c2ccc(NC(=[Se])NC(=O)c3cc4ccccc4s3)cc2)cc1)c1cc2ccccc2s1,,0
O=C(NC(=[Se])Nc1ccc([Se][Se]c2ccc(NC(=[Se])NC(=O)c3cccs3)cc2)cc1)c1cccs1,,0
O=C(NC1CCCCC1)C(c1ccc(C(F)(F)F)cc1)n1c(=O)c(-c2ccco2)nc2ccccc21,,0
O=C(NC1CCCCC1)C(c1ccco1)N(C(=O)Cn1nnc2ccccc21)c1ccc(S(=O)(=O)NCC2CCCO2)cc1,,0
O=C(NCC(NS(=O)(=O)c1cccc(N2CCOCC2=O)c1Cl)C(=O)N1CCC(O)CC1)c1ccc(Cl)s1,,0
O=C(NCCCCCCCCNC(=O)C1[C@H]2C[C@H]3c4[nH]c5ccccc5c4CCN3C[C@@H]2CC[C@@H]1O)C1[C@H]2C[C@H]3c4[nH]c5ccccc5c4CCN3C[C@@H]2CC[C@@H]1O,,0
O=C(NCCCCNC(=O)C(=O)c1c[nH]c2cc(Br)ccc12)C(=O)c1c[nH]c2cc(Br)ccc12,,0
O=C(NCCCCNc1ccnc2cc(Cl)ccc12)C(=O)NC1C(=O)N(C2CCCCC2)[C@@H]1/C=C/c1ccccc1,,0
O=C(NCCCCSSCCCCNC(=O)C(Cc1c[nH]c2ccc(Br)cc12)=NO)C(Cc1c[nH]c2ccc(Br)cc12)=NO,,0
O=C(NCCCN1CCN(CCCNc2ccnc3cc(Cl)ccc23)CC1)c1cc(Cl)cc(Cl)c1,,0
O=C(NCCCNc1nc2ccc(Br)cc2c2[nH]c3ccccc3c12)Nc1ccccc1,,0
O=C(NCCN(CCNC(=O)c1nc[nH]c1C(=O)Nc1ccccc1)CCNC(=O)c1nc[nH]c1C(=O)Nc1ccccc1)c1nc[nH]c1C(=O)Nc1ccccc1,,0
O=C(NCCN1CCCCC1)c1cccc(Oc2ncc(Cl)cc2NS(=O)(=O)c2ccc(Cl)c(Cl)c2)c1,,0
O=C(NCCNC(=O)c1ccc(-c2c(F)cccc2F)cc1)c1ccc(O[C@H]2C3CC4CC2C[C@](C(=O)O)(C4)C3)cc1,,0
O=C(NCCNC(=O)c1ccc2ccccc2c1)c1ccc(O[C@H]2C3CC4CC2C[C@@](C(=O)O)(C4)C3)cc1,,0
O=C(NCCNS(=O)(=O)c1cccc(C(F)(F)F)c1)c1cc(OCC(F)(F)F)ccc1OCC(F)(F)F,,0
O=C(NCCSSCCNC(=O)C(Cc1c[nH]c2cccc(Br)c12)=NO)C(Cc1c[nH]c2cccc(Br)c12)=NO,,0
O=C(NCCSSCCNC(=O)C(Cc1ccc(OS(=O)(=O)O)c(Br)c1)=NO)C(Cc1ccc(O)c(Br)c1)=NO,,0
O=C(NCC[Se][Se]CCNC(=O)C(Cc1ccc(Br)cc1)=NO)C(Cc1ccc(Br)cc1)=NO,,0
O=C(NCC[Se][Se]CCNC(=O)C(Cc1ccc(O)c(F)c1)=NO)C(Cc1ccc(O)c(F)c1)=NO,,0
O=C(NC[C@H]1CN(c2ccc(N3CCC(C(=O)O)CC3)cc2)C(=O)O1)c1ccc(-c2nc(=O)o[nH]2)cc1,,0
O=C(NCc1ccc(Cl)cc1)C(=O)NCC1OCCN1C(=O)c1ccc(Cl)cc1,,0
O=C(NN1CCCCC1)c1cn(-c2ccc(Cl)cc2Cl)c(-c2ccc(C#Cc3ccc(C(F)(F)F)cc3)s2)c1CNS(=O)(=O)N1CCCC1,,0
O=C(NS(=O)(=O)c1ccc(Br)cc1)c1cccc(C(=O)NS(=O)(=O)c2ccc(Br)cc2)n1,,0
O=C(N[C@H]1CCOC[C@H]1O)C(Cc1nnc(-c2ccccc2)o1)C[C@H](O)CN1CCN(Cc2ccc(-c3ccc(Cl)cc3)o2)CC1C(=O)NCC(F)(F)F,11.0,1
O=C(N[C@H]1c2ccccc2OC[C@H]1O)C(Cc1cccnc1)C[C@H](O)CN1CCN(Cc2ccn(-c3cc(Cl)c(Cl)c(Cl)c3)c2)CC1C(=O)NCC(F)(F)F,10.7,1
O=C(Nc1cc(Cl)cc(Cl)c1)C1C2C=CC3(O2)C1C(=O)N(CCCN1CCOCC1)C3C(=O)NC1CCCCC1,,0
O=C(Nc1cc(S(=O)(=O)Nc2ccc(Cl)cc2)ccc1O)c1ccc(S(=O)(=O)N2CCCCCC2)cc1,,0
O=C(Nc1ccc(F)cn1)C(COCCO)Oc1ncnc2c1cnn2-c1c(Cl)cccc1Cl,,0
O=C(Nc1ccc(N2CCN(C(=O)c3ccc(Cl)cc3)CC2)cc1)c1ccc(Br)o1,,0
O=C(Nc1ccc(O[C@H]2CCNC2)c(-c2ccc(-c3nn[nH]n3)cc2)c1)c1ccc(O[C@H]2CCNC2)c(-c2ccc(F)c(F)c2)c1,,0
O=C(Nc1ccc(O[C@H]2CCNC2)c(-c2cccc(-c3nn[nH]n3)c2)c1)c1ccc(O[C@H]2CCNC2)c(-c2ccc(F)c(F)c2)c1,,0
O=C(Nc1cn(CC(=O)N2CCC(C(=O)N3CCNCC3)CC2)nc1-c1cc(Cl)ccc1OC(F)F)c1cnn2cccnc12,,0
O=C(Nc1cn(CC(=O)N2CCC(N3CC[S+]([O-])CC3)CC2)nc1-c1cc(Cl)ccc1OC(F)F)c1cnn2cccnc12,,0
O=C(Nc1nnc(CCCCc2nnc(NC(=O)C(O)(CO)c3ccccc3)s2)s1)C(O)(CO)c1ccccc1,,0
O=C(Nc1nnc(CCCCc2nnc(NC(=O)C3(c4cccs4)CCOCC3)s2)s1)C1(c2cccs2)CCOCC1,,0
O=C(O)/C=C/c1ccc(/C=C2\SC(=NCCCCCCCN=C3NC(=O)/C(=C/c4ccc(/C=C/C(=O)O)cc4)S3)NC2=O)cc1,,0
O=C(O)C(Cc1c[nH]c2ccc(OCCCCC3CCNCC3)cc12)NS(=O)(=O)c1ccc(Br)cc1,,0
O=C(O)C(Cc1ccccc1)N1C(=O)/C(=C/c2ccc(/C=N/n3c(-c4cccc(Cl)c4)n[nH]c3=S)cc2)SC1=S,,0
O=C(O)C1(C(=O)O)C23c4c5c6c7c8c9c%10c%11c%12c%13c%14c(c-5c5c%15c%16c(c%17c%18c2c2c4c7c4c8c7c%10c8c%10c%11c%11c%13c(c%14%15)c%13c%16c%14c%17c%15c%18c%16c2c4c2c7c8c4c(c%162)c%15c2c%14c%13c%11c%10c24)C513)C61C(C(=O)O)(C(=O)O)C9%121,,0
O=C(O)C1CCC(C(=O)N2CCC(c3ccc(C(F)(C(F)(F)F)C(F)(F)F)cc3)(S(=O)(=O)c3cccc(O)c3)C2)CC1,,0
O=C(O)C1CCC(C(=O)N2CC[C@](c3ccc(C(OCC4CC4)(C(F)(F)F)C(F)(F)F)c(F)c3)(S(=O)(=O)c3ccc(F)cc3)C2)CC1,,0
O=C(O)C1CCC(C(=O)N2CC[C@](c3ccc(C(OCC4CCCC4)(C(F)(F)F)C(F)(F)F)cc3)(S(=O)(=O)c3ccc(F)cc3)C2)CC1,,0
O=C(O)C1CCN(C(=O)N2CC[C@](c3ccc(C(OCC4CCCCC4)(C(F)(F)F)C(F)(F)F)cc3)(S(=O)(=O)c3ccc(F)cc3)C2)CC1,,0
O=C(O)C1CSc2c(-c3cn(Cc4ccc([N+](=O)[O-])cc4)nn3)c(Cc3cccc4ccccc34)c(Br)c(=O)n21,,0
O=C(O)C1Cc2cc(I)c(OCCCCl)c(I)c2CN1C(=O)/C=C/c1cccc(Br)c1,,0
O=C(O)CC(NC(=O)C1CCCN(C(=O)CCC2CCNCC2)C1)c1cncc(-c2ccc(Cl)s2)c1,,0
O=C(O)CC/C=C/c1c(Cc2cccnc2)ccc2c1CCC(NS(=O)(=O)c1ccc(Cl)cc1)C2,,0
O=C(O)CC/C=C\C[C@@H]1CO[C@H](c2cccc(COc3ccc(/C(=C\CCCCC(=O)O)c4cccnc4)cc3)c2)O[C@@H]1c1ccccc1O,,0
O=C(O)CCC(NC(=O)c1cc(F)c(N(CCI)CCI)c(F)c1F)C(=O)O,,0
O=C(O)CCCC(=O)NC1C(=O)N2C(C(=O)O)=C(COC(=O)Nc3ccc(N(CCCl)CCCl)cc3)CS[C@H]12,,0
O=C(O)CCCC(NC(=O)Oc1cc(F)c(N(CCI)CCI)c(F)c1)C(=O)O,,0
O=C(O)CCN1CCN(C(=O)Cn2cc(NC(=O)c3cnn4cccnc34)c(-c3cc(Cl)ccc3OC(F)F)n2)CC1,,0
O=C(O)CN1C(=O)N(CCCCN2CCN(c3ccco3)CC2)C2(C1=O)c1ccccc1-c1ccccc12,,0
O=C(O)CN1C(=O)N(CCCN2CCCN3CCCN=C32)C(c2ccccc2)(c2ccccc2)C1=O,,0
O=C(O)COc1cc(CC2CCN(CCc3ccc4occc(=O)c4c3)CC2)ccc1Br,,0
O=C(O)C[C@H](O)CC(O)COc1c(Cl)cc(Cl)cc1C(c1ccc(F)cc1)c1ccc(F)cc1,,0
O=C(O)C[C@H](O)C[C@H](O)/C=C/c1c2c(nn1-c1ccc(F)cc1)C(Cc1cccc3ccccc13)CCC2,,0
O=C(O)Cc1cc(F)c(Oc2ccc(C(=O)NC3CCC3)cc2NS(=O)(=O)c2ccc(OC(F)(F)F)cc2Cl)cc1F,,0
O=C(O)Cc1ccc(NC(=O)c2c(-c3c(Cl)cccc3C(F)(F)F)noc2-c2ccccc2)cc1,,0
O=C(O)c1cc(F)ccc1Cn1nnc(-c2cccc(/C=C/c3ccc4ccc(Cl)cc4n3)c2)n1,,0
O=C(O)c1cc2c(cc1S(=O)(=O)O)C1[C@@H](C3[C@H]2[C@@]2(Cl)C(Cl)=C(Cl)[C@]3(Cl)C2(Cl)Cl)[C@]2(Cl)C(Cl)=C(Cl)[C@@]1(Cl)C2(Cl)Cl,,0
O=C(O)c1cc2ccc1OCc1ccc(cc1)COc1ccc(cc1C(=O)O)Cc1ccc(c(C(=O)O)c1)OCc1ccc(cc1)COc1ccc(cc1C(=O)O)C2,,0
O=C(O)c1ccc(C(=O)/C(=C\c2ccc(Cl)c([N+](=O)[O-])c2)SCc2ccc(F)cc2)cc1,,0
O=C(O)c1ccc(CCCc2c(CCNS(=O)(=O)Cc3c(F)cccc3F)n(C(c3ccccc3)c3ccccc3)c3ccc(Cl)cc23)cc1,,0
O=C(O)c1ccc(CCCc2c(CCNS(=O)(=O)Cc3ccc(Cl)c(Cl)c3)n(C(c3ccccc3)c3ccccc3)c3ccc(Cl)cc23)cc1,,0
O=C(O)c1ccc(N(Cc2ccc(C3CCOCC3)cc2)C(=O)C2CCN2S(=O)(=O)c2c(F)c(F)c(F)c(F)c2F)cc1O,,0
O=C(O)c1cccc(N2C3=CCCC(=O)C3C(c3cccc(C4C5C(=O)CCC=C5N(c5cccc(C(=O)O)c5)C5=CCCC(=O)C54)c3)C3C(=O)CCC=C32)c1,,0
O=C(O)c1cn(C2CC2)c2c(Cl)c(N3CCC(NCC(O)CSc4ncn(Cc5ccc(Cl)cc5Cl)n4)C3)c(F)cc2c1=O,,0
O=C(O)c1cn(C2CC2)c2cc(N3CCN(C(=O)CN4CCN(C(c5ccccc5)c5ccccc5)CC4)CC3)c(F)cc2c1=O,,0
O=C(O)c1cn(C2CC2)c2cc(N3CCN(Cc4ccc(CN5CCN(c6cc7c(cc6F)c(=O)ccn7C6CC6)CC5)cc4)CC3)c(F)cc2c1=O,,0
O=C(O)c1cn(C2CC2)c2cc(N3CCN(Cn4nc(-c5cccc(Cl)c5)n(-c5ccc(Br)cc5)c4=S)CC3)c(F)cc2c1=O,,0
O=C(O)c1cn(C2CC2)c2cc(N3CCN(Cn4nc(-c5cccc(O)c5)n(Cc5ccc(Cl)cc5)c4=S)CC3)c(F)cc2c1=O,,0
O=C(O)c1cn(C2CC2)c2cc(N3CCN(Cn4nc(-c5ccccc5O)n(Cc5ccc(F)cc5)c4=S)CC3)c(F)cc2c1=O,,0
O=C(O)c1cn([C@@H]2C[C@@H]2F)c2cc(N3CCN(Cn4nc(-c5ccncc5)n(-c5ccccc5)c4=S)CC3)c(F)cc2c1=O,,0
O=C(O)c1cn([C@@H]2C[C@@H]2F)c2nc(N3C/C(=N/OCc4ccccc4)C(CNC4CC4)C3)c(F)cc2c1=O,,0
O=C(OC[C@H]1O[C@@H](O)[C@H](O)[C@@H](O)[C@H]1O)c1ccc(-c2c3ccc([nH]3)c(-c3ccncc3)c3nc(c(-c4ccncc4)c4nc(c(-c5ccncc5)c5ccc2[nH]5)C=C4)C=C3)cc1,,0
O=C(OCc1ccccc1)C(NP(=O)(OC[C@H]1O[C@@H](n2ccc(=O)[nH]c2=O)[C@@]2(CCO2)[C@@H]1O)Oc1ccccc1)c1ccccc1,,0
O=C(OCc1cn(-c2cccc(Cl)c2Cl)nn1)c1cn(C2CC2)c2cc(N3CCN(Cc4cn(-c5cccc(Cl)c5Cl)nn4)CC3)c(F)cc2c1=O,,0
O=C(O[C@@H](Cc1c(Cl)c[n+]([O-])cc1Cl)c1ccc(OC(F)F)c(OCC2CC2)c1)c1ccc([N+](=O)[O-])c(OCC2CC2)c1,,0
O=C(O[C@@H]1Cc2c(O)cc(O)cc2O[C@@H]1c1cc(O)c(O)c(O)c1-c1c([C@H]2Oc3cc(O)cc(O)c3C[C@H]2O)cc(O)c(O)c1O)c1cc(O)c(O)c(O)c1,,0
O=C(O[C@H](Cn1ccnc1)c1ccc(Cl)cc1)N1CCN(c2ccc(Cl)cc2)CC1,,0
O=C(Oc1c(Br)cc(Br)cc1C(=O)Oc1ccccc1)C(=O)Oc1c(Br)cc(Br)cc1C(=O)Oc1ccccc1,,0
O=C(Oc1cc(S(=O)(=O)O)cc2cc(S(=O)(=O)O)ccc12)c1ccc(-c2ccc(C(=O)Oc3cc(S(=O)(=O)O)cc4cc(S(=O)(=O)O)ccc34)cc2)cc1,,0
O=C(c1ccc(NS(=O)(=O)c2ccc(F)c3nccnc23)cc1)N1CCC(O)(c2cccc(F)c2F)CC1,,0
O=C(c1ccc[n+](Cc2ccc(C[n+]3cccc(C(=O)N4CCN(c5ccccc5Cl)CC4)c3)cc2)c1)N1CCN(c2ccccc2Cl)CC1,,0
O=C(c1ccccc1)N1CCN(c2cc(-c3ccccc3)nc3cc(-c4cccc(F)c4)nn23)CC1,,0
O=C(c1ccccc1)c1ccc(N2C(=O)/C(=C/c3ccccc3S)N=C2c2ccccc2)c(N2C(=O)/C(=C/c3ccccc3S)N=C2c2ccccc2)c1,,0
O=C(c1ccccc1)c1nnn(C(Cn2ccnc2)c2ccc(Cl)cc2Cl)c1-c1ccccc1,,0
O=C(c1cnn2cc(Br)ccc12)N1CCN(C(=O)c2ccc(Br)cn2)[C@@H](c2ccc(Cl)cc2)C1,,0
O=C(c1nn([C@H]2CCCN(CCC3CCOCC3)C2)c2c1CS(=O)(=O)c1ccccc1-2)N1CCOCC1,,0
O=C1C(CCC(O)c2ccc(F)cc2)[C@@H](c2ccc(OS(=O)(=O)CC3OC(CO)C(O)C(O)C3O)cc2)N1c1ccc(F)cc1,,0
O=C1C(I)=CC(=C(c2cc(I)c(O)c(I)c2)c2ccccc2C(=O)O)C=C1I,,0
O=C1C(Oc2ccccc2)[C@@H](c2ccc(Oc3nc(N4CCOCC4)nc(N4CCOCC4)n3)cc2)N1c1ccc(Nc2nc(N3CCOCC3)nc(N3CCOCC3)n2)cc1,,0
O=C1C(c2ccc(F)cc2)=C(c2ccc(OCCCS(=O)(=O)O)cc2)C(=O)N1CCC(O)(c1ccccc1)c1ccccc1,,0
O=C1C=C(Sc2ccccc2)c2c(c(-c3ccccc3)cn2S(=O)(=O)c2ccccc2)C1=O,,0
O=C1C=c2c(O)c(-c3ccc(O)c(O)c3)c3c(c2=CC1=O)c1c2cc(O)c(O)cc2c(O)c(-c2ccc(O)c(OS(=O)(=O)O)c2)c1n3CCc1ccc(O)cc1,,0
O=C1CC(CCc2ccccc2)(c2ccccc2)OC(=O)C1Sc1ccccc1C1CCCCC1,7.5,1
O=C1CCC(N2C(=O)c3cccc(NCCCNCCCONC(=O)c4ccc(F)c(F)c4Nc4ccc(I)cc4F)c3C2=O)C(=O)N1,,0
O=C1CCCCCCCCCCC(=NOC(=O)COc2ccc(Cl)cc2Cl)CCCO1,,0
O=C1CC[C@H]2C[C@]34CN5CCCC/C=C\CC[C@](O)(C=C(c6nccc7c6[nH]c6c(O)cccc67)[C@@H]3CC5)[C@@H]4N2CC/C1=C/c1ccc(Br)cc1,,0
O=C1CN(CCc2ccc(F)cc2)CCN1[C@H]1CCc2cc(CN3CCC(C(F)(F)F)CC3)ccc2C1,,0
O=C1N[C@@H](c2ccccc2)COC(=O)C(Cc2ccc(F)cc2)CC/C=C/CC1CC(=O)N(CCO)Cc1ccccc1,,0
O=C1OC(c2ccc(O)c(S(=O)(=O)O)c2)(c2ccc(O)c(S(=O)(=O)O)c2)c2c(Br)c(Br)c(Br)c(Br)c21,,0
O=C1OCC/C1=C\[C@H](CC1CCNC1=O)NC(=O)C(Cc1ccc(F)c(F)c1)n1ccc2cc(Br)[nH]c2c1=O,,0
O=C1S/C(=C\c2ccc(Oc3ccc(Cl)cc3)cc2)C(=O)N1c1ccc(OCCCCN2CCN(CC3CC3)CC2)cc1,,0
O=C1c2c(Cl)cccc2-c2nn(CCN3CCN(C/C=C/CN4CCN(CCn5nc6c7c(cccc75)C(=O)c5c(Cl)cccc5-6)CC4)CC3)c3cccc1c23,,0
O=C1c2c(c3c4ccc(O)cc4n(O[C@@H]4O[C@H](CO)[C@@H](O)[C@H](O)[C@H]4O)c3c3[nH]c4cc(O)ccc4c23)C(=O)N1NCc1ccccc1,,0
O=C1c2c(c3c4ccc(O)cc4n(O[C@@H]4O[C@H](CO)[C@@H](O)[C@H](O)[C@H]4O)c3c3[nH]c4cc(O)ccc4c23)C(=O)N1NCc1ccnc(CO)c1,,0
O=C1c2c(c3c4ccc(O)cc4n(O[C@@H]4O[C@H](CO)[C@@H](O)[C@H](O)[C@H]4O)c3c3[nH]c4cc(O)ccc4c23)C(=O)N1NCc1ccoc1,,0
O=C1c2c(c3c4ccccc4n(C4OC(CO)C(O)C(O)C4O)c3c3[nH]c4cc(O)ccc4c23)C(=O)N1NC(CO)CO,,0
O=C1c2cccc3c(N4CCN(CCO)CC4)ccc(c23)C(=O)N1CCCCNc1ccnc2cc(Cl)ccc12,,0
O=C1c2cccc3cc([N+](=O)[O-])cc(c23)C(=O)N1CCCN1CCN(CCCNc2ccc3ncn4c5ccccc5c(=O)c2c34)CC1,,0
O=C1c2cccc3cc([N+](=O)[O-])cc(c23)C(=O)N1CCN1CC2CCC(C1)N2CCN1C(=O)c2cccc3cc([N+](=O)[O-])cc(c23)C1=O,,0
O=C1c2cccc3cccc(c23)C(=O)N1CCCNC1CCCC(CC2CCCC(NCCCN3C(=O)c4cccc5cccc(c45)C3=O)C2)C1,,0
O=C1c2ccccc2C(=O)N1CCCO/N=C/c1cc[n+](CCCCCC[n+]2ccc(/C=N/OCCCN3C(=O)c4ccccc4C3=O)cc2)cc1,,0
O=C1c2ccccc2C(=O)N1CCCO/N=C/c1cc[n+](CCC[n+]2ccc(/C=N/OCCCN3C(=O)c4ccccc4C3=O)cc2)cc1,,0
O=C1c2ccccc2C(=O)N1OCCN1N=C2C(SC3=NC(c4ccccc4)(c4ccccc4)C(=O)N32)C1c1ccc(F)cc1,,0
O=S(=O)(CCNC1CCC1)CC[C@@H]1OCC[C@@]2(S(=O)(=O)c3ccc(Cl)cc3)c3c(F)ccc(F)c3OC[C@@H]12,,0
O=S(=O)(Cc1nnc(CS(=O)(=O)c2c[nH]nc2S(=O)(=O)c2ccccc2)s1)Nc1ccccc1,,0
O=S(=O)(NCC(NS(=O)(=O)c1ccc(I)cc1)C(O)=NO)c1ccc(I)cc1,,0
O=S(=O)(NCCCC(NS(=O)(=O)c1ccc(I)cc1)C(O)=NO)c1ccc(I)cc1,,0
O=S(=O)(NCCCNc1nccc(-c2c(-c3cccc(F)c3)nc3sccn23)n1)c1ccc(O)cc1,,0
O=S(=O)(NC[C@H]1CC[C@H](CNc2nc(NC3CC3)cc(-c3ccccn3)n2)CC1)c1cccc(F)c1,,0
O=S(=O)(N[C@H]1CC[C@@H](N2CCC(c3ccccc3OCC(F)(F)F)CC2)CC1)c1ccc(OC(F)F)cc1,,0
O=S(=O)(Nc1cc(Sc2nc[nH]n2)c(O)c2ccccc12)c1ccc(S(=O)(=O)c2ccccc2)s1,,0
O=S(=O)(Nc1cc2c(cc1OCCCN1CCCCC1)CCNCC2)c1ccc(-c2ccc(Cl)cc2)cc1,,0
O=S(=O)(c1ccc(N=C2NC(c3ccc(O)cc3)(c3ccccc3O)c3ccccc32)cc1)c1ccc(N=C2NC(c3ccc(O)cc3)(c3ccccc3O)c3ccccc32)cc1,,0
O=[N+]([O-])/C(=C/C(O)C(C1=NCCN1Cc1ccc(Cl)nc1)[N+](=O)[O-])C1=NCCN1Cc1ccc(Cl)nc1,,0
O=[N+]([O-])/N=C1\N(CCCCCCCN2CCN(Cc3ccc(Cl)nc3)/C2=N/[N+](=O)[O-])CCN1Cc1ccc(Cl)nc1,,0
O=[N+]([O-])/N=C1\N(Cc2ccc(Cl)nc2)CCN1Cc1ccc(CN2CCN(Cc3ccc(Cl)nc3)/C2=N\[N+](=O)[O-])o1,,0
O=[N+]([O-])/N=C1\N(Cc2ccc(Cl)nc2)CCN1Cc1cccc(CN2CCN(Cc3ccc(Cl)nc3)/C2=N\[N+](=O)[O-])n1,,0
O=[N+]([O-])C1=C2N(Cc3ccc(Cl)nc3)CCN2[C@H](c2ccco2)[C@@](C2=NCCN2Cc2ccc(Cl)nc2)([N+](=O)[O-])[C@H]1c1ccco1,,0
O=[N+]([O-])c1cn2c(n1)OC[C@@H](OCc1cn(-c3ccc(OC(F)(F)F)cc3)nn1)C2,,0
O=[N+]([O-])c1cn2c(n1)OC[C@@H](OCc1cnn(-c3ccc(OC(F)(F)F)cc3)n1)C2,,0
O=c1c(Oc2ccc(OC(F)(F)F)cc2)c(Cl)cnn1C1c2ccccc2-c2ccccc21,,0
O=c1c2cc(I)ccc2nc(Cc2ccccc2Nc2ccccc2)n1N=C1CC(c2cccc(O)c2)NN1,,0
O=c1c2ccc(C(F)(F)F)nc2nc(-c2ccccc2)n1Cc1cc(-c2cccc3ccccc23)no1,,0
O=c1c2ccccc2nc(-c2ccccc2)n1Cc1cn(CCC(F)(F)C(F)(F)C(F)(F)C(F)(F)C(F)(F)C(F)(F)C(F)(F)C(F)(F)F)nn1,,0
O=c1cc(Cn2cc(Cn3c(=O)n(Cc4cn(Cc5cc(=O)oc6c5ccc5ccccc56)nn4)c4ccccc43)nn2)c2ccc3ccccc3c2o1,,0
O=c1ccn(CCCS(=O)(=O)N2CCCC2C(O)(c2cccc(F)c2)c2cccc(F)c2)c(=O)[nH]1,,0
O=c1nc(N2CCOCC2)oc2c(-c3ccsc3)c(OCc3ccncc3)ccc12,,0
O=c1oc2ccccc2cc1-c1nnc(Sc2nc(Oc3cccc4cccnc34)nc(N3CCN(c4ccccc4)CC3)n2)o1,,0
OC(CN1CCN(CCCSc2nnc(-c3cccc(Br)c3)o2)CC1)(Cn1cncn1)c1ccc(F)cc1F,,0
OC(Cn1cncn1)(Cn1nnnc1CCN1CCN(C(c2ccccc2)c2ccccc2)CC1)c1ccc(F)cc1F,,0
OC(Cn1cnnn1)(c1ccc(F)cc1F)C(F)(F)c1ccc(C#Cc2ccc(NCC(F)(F)F)cc2)cn1,,0
OCCNCCn1ccc2ncnc(Nc3ccc(Oc4cccc(C(F)(F)F)c4)c(Cl)c3)c21,,0
OC[C@H](Cc1ccc2c(c1)OCO2)[C@H](CO[C@@H]1O[C@H](CO[C@@H]2O[C@@H](CO)[C@H](O)[C@H]2O)[C@@H](O)[C@H](O)[C@H]1O)Cc1ccc2c(c1)OCO2,,0
OC[C@H]1O[C@@H](Oc2c(O)cc(O)cc2C2C(c3ccc(O)cc3)[C@H](c3ccc(O)cc3)C2c2cc(O)cc(O)c2O[C@@H]2O[C@H](CO)[C@@H](O)[C@H](O)[C@H]2O)[C@H](O)[C@@H](O)[C@@H]1O,,0
OC[C@H]1O[C@@H](Oc2ccc([C@@H]3Oc4c(O)ccc5c4[C@H]3c3cc(O[C@@H]4O[C@H](CO)[C@@H](O)[C@H](O)[C@H]4O)cc(O)c3[C@@H](c3ccc(O)cc3)[C@@H]5O)cc2)[C@H](O)[C@@H](O)[C@@H]1O,,0
OC[C@H]1O[C@@H](SS[C@@H]2O[C@H](CO)[C@H](O)[C@H](n3cc(-c4cccc(F)c4)nn3)[C@H]2O)[C@H](O)[C@@H](n2cc(-c3cccc(F)c3)nn2)[C@H]1O,,0
Oc1cc2ccc1-c1c(ccc(CN3CCN(Cc4ccccc4)CC3)c1O)CCc1ccc(cc1)Oc1cc(cc(CN3CCN(Cc4ccccc4)CC3)c1O)CC2,,0
Oc1ccc(Br)cc1C=NNc1cc(N2CCCC2)nc(N2CCCC2)n1,,0
S=C(NCCCCCNC(=S)NC12CC3CC(CC(C3)C1)C2)NC12CC3CC(CC(C3)C1)C2,,0
[C-]#[N+]C1=C(C)N(c2cccc(C(F)(F)F)c2)C(=O)N(C(=O)N(CC(C)O)CC(C)O)[C@@H]1c1ccc(C#N)cc1S(C)(=O)=O,,0
[C-]#[N+]c1cnc2c(NC3CC3)nc(Nc3cc(C#N)cc(N4CCN(C5COC5)C(C(=O)N5CCOCC5)C4)c3Cl)nn12,,0
[N-]=[N+]=NCC(=O)N(CCCCNC(=O)c1cc(Br)c(Br)[nH]1)CCCNC(=O)c1cc(Br)c(Br)[nH]1,,0
c1cc2c(cc1OCCCCCCCCCCOc1ccc3c(c1)[C@@]14CCCC[C@H]1[C@@H](C3)N(CC1CCC1)CC4)[C@@]13CCCC[C@H]1[C@@H](C2)N(CC1CCC1)CC3,,0
c1ccc(-c2cc3nc(c2)CNCCCN(Cc2ccc(CN4CCCNCc5cc(-c6ccccc6)cc(n5)CNCCC4)cc2)CCCNC3)cc1,,0
c1ccc2c(-n3cc(CN4CCCNCCN(Cc5cn(-c6cccc7ccccc67)nn5)CCCNCC4)nn3)cccc2c1,,0
c1cncc(OC2CCN(Cc3ccc4c(c3)CN(Cc3ccc5c(c3)OCCO5)CCO4)CC2)c1,,0
