smiles,pchembl,label
Brc1ccc(-c2nc(Cn3cc(-c4cccnc4)nn3)oc2-c2ccc(Br)cc2)cc1,,0
Brc1ccc(/C(Cn2cncn2)=N\Nc2nc(-c3ccc(Br)cc3)cs2)cc1,,0
Brc1ccc(C2=NN(c3ncc(Br)cn3)[C@@H](c3ccc(Br)cc3)C2)cc1,,0
Brc1ccc(CCNc2nc(NCCc3ccc(Br)cc3)c3cccnc3n2)cc1,,0
Brc1ccc(N/N=C/c2ccc(-c3ccc(/C=N/Nc4ccc(Br)cc4)cc3)cc2)cc1,,0
Brc1ccc(OCc2nnc(SCC3CCCCC3)o2)cc1,,0
Brc1ccc(SCc2cc(-c3ccccc3)ccn2)cc1,,0
Brc1cccc(C2(CCCC3(c4cccc(Br)n4)OCCO3)OCCO2)n1,,0
Brc1ccccc1-n1cc(Cn2c3ccccc3c3nc4ccccc4nc32)nn1,,0
C#CC(C)(C)NS(=O)(=O)c1cc(-c2nnc(Nc3ccc(C)cc3)c3ccccc23)ccc1C,,0
C#CCCC1(CCOc2cc3c(cc2C(=O)OC)-c2cc(=O)c(C(=O)O)cn2[C@H](C(C)C)C3)N=N1,,0
C#CCCCO/N=C1/C(=O)N(Cc2nc3ccccc3n2CCCOC)c2ccccc21,,0
C#CCCCn1c(Cc2cc(OC)c(OC)c(OC)c2Cl)nc2c(N)nc(F)nc21,,0
C#CCCO[C@H]1O[C@@H]2CO[C@@H](c3ccccc3)O[C@H]2[C@H](OCc2ccccc2)[C@H]1OCc1ccccc1,,0
C#CCCn1c(N[C@@H](C)c2ccc(C(F)(F)F)cc2)nc2c(c1=O)CN(C(=O)c1ccc(C#N)cc1F)CC2,,0
C#CCN(C[C@@H](CC(C)C)NC(=O)OC(C)(C)C)S(=O)(=O)c1ccc(Br)cc1F,,0
C#CCN(Cc1ccc(F)cc1)c1ccc(NC(=O)OCC)c(NC(=O)OCC=C)c1,,0
C#CCNC(=O)C1=C[C@@H](c2ccc(C#C)cc2)C[C@@H](OCCCCO)O1,,0
C#CCSc1cc(Sc2cnnn2-c2ccccc2)c2nnn(Cc3ccccc3Cl)c2c1,,0
C#CCSc1nc(Sc2nncs2)c(C#N)c(-c2cc(OC)c(OC)c(OC)c2)n1,,0
C#CCn1c(S(=O)(=O)Cc2ccccc2Cl)nc(-c2ccccc2)c1-c1ccccc1,,0
C#Cc1cccc(Nc2ncnc3sc(-c4ccc([N+](=O)[O-])cc4)cc23)c1,,0
C(=C/c1cc(-c2ccccc2)c(/C=C/c2ccc(N3CCOCC3)cc2)nn1)\c1ccc(N2CCOCC2)cc1,,0
C(=C/c1ccccc1)\CSc1nnc(-c2ccccn2)n1Cc1ccco1,,0
C(=C/c1ccccc1)\CSc1nnc(-c2cccnc2)n1Cc1ccco1,,0
C(=N/Nc1ccccn1)\c1c(-c2ccccc2)nc2n1ccc1nc(-c3ccccc3)c(/C=N/Nc3ccccn3)n12,,0
C/C(=C/CC[C@H](C)/C=C/C=C(\C)CCCC1=CC(=O)N(CCC(C)C)C1)Cc1oc(O)c(C)c1O,,0
C/C(=C/CP(=O)(NC(C)C(=O)OCc1ccccc1)Oc1cccc2c1CCCC2)Cn1cc(C)c(=O)[nH]c1=O,,0
C/C(=C/C[C@@]12OC(C)(C)[C@@H]3CC(=CC4C(=O)c5c(O)cccc5O[C@]431)C2=O)COC(=O)c1ccccc1,,0
C/C(=C\CC(O)[C@@H](C)[C@H]1CC[C@@]2(C)[C@@H]3CC[C@H]4C(C)(C)[C@H](O)CC[C@@]45C[C@@]35CC[C@]12C)C(=O)O,,0
C/C(=C\CC[C@]1(C)CC[C@@H](C(C)C(=O)O)OO1)CCC12OC1(C)CCCC2(C)C,,0
C/C(=C\CP(=O)(NC(C)C(=O)OCc1ccccc1)Oc1cccc2ccccc12)Cn1cc(C)c(=O)[nH]c1=O,,0
C/C(=C\c1ccc(C(=O)OCCCCc2c[nH]c(=S)[nH]c2=O)cc1)c1ccc2c(c1)CCCC2,,0
C/C(C=O)=C\CCP(=O)(OCOC(=O)C(C)(C)C)OCOC(=O)C(C)(C)C,,0
C/C1=C/C[C@H]2C(=CC(C)C(=O)[C@@]3(O)C[C@H](C)[C@H](O)[C@@H]3[C@H]1OC(=O)/C=C/c1ccccc1)C2(C)C,,0
C/C=C(/C)C(=O)OC1c2cc(OC)c(OC)c(OC)c2-c2c(cc3c(c2OC)OCO3)C[C@H](C)[C@@]1(C)O,,0
C/C=C(/C)C(=O)Oc1c(OC)c(OC)cc2c1-c1c(cc(OC)c(OC)c1OC)CC(C)(O)C(C)C2,,0
C/C=C(\CC[C@](C)(O)[C@H]1[C@@H](O)C[C@H]2[C@@H]3CCc4cc(OS(=O)(=O)O)ccc4[C@H]3CC[C@@]21C)C(C)C,,0
C/C=C/C(=O)N1CCC[C@@H](n2nc(-c3cccc(C(=O)Nc4ccc(C(C)C)cc4)c3)c3c(N)ncnc32)C1,,0
C/C=C/CCC(=O)O[C@H]1C=CC2=CC(=O)C(/C(C=O)=C\OC)C[C@]2(C)[C@H]1C,,0
C1=C(c2ccc(-c3cnc(N4CCOCC4)c4nc(COc5ccc6ccccc6n5)cn34)cn2)CCNC1,,0
C=C(C(=O)O)[C@@H]1CC[C@@]2(C)C[C@@H](OC(=O)C(=C)[C@@H]3CCC(C)=C4CC(=O)C(C)C4C3)C[C@@](C)(O)[C@@H]2C1,,0
C=C(C(=O)OCc1cn(Cc2ccccc2Cl)nn1)[C@@H]1CCC(C)=C2CC(=O)C(C)C2C1,,0
C=C(C)C(=O)N1CCC[C@@H](n2nc(-c3cccc(C(=O)Nc4ccc(C(C)C)cc4)c3)c3c(N)ncnc32)C1,,0
C=C(C)C(=O)Nc1ccccc1Nc1cc(N(C)C(=O)Nc2c(Cl)c(OC)cc(OC)c2Cl)ncn1,,0
C=C(C)C1C(=O)N(c2cc(OC)c(OC)c(OC)c2)[C@H]1c1ccc(OC)c(I)c1,,0
C=C(C)C1CC[C@H]2[C@@H]3CC[C@H]([C@H](C)CCC(=O)N4CCCC4)[C@@]3(C)CC[C@@H]2[C@@]1(C)CCC(=O)N1CCCC1,,0
C=C(C)C=Cc1c(OCc2cn(-c3ccc(C#N)cc3)nn2)c(O)c2ccccc2c1O,,0
C=C(C)CCC[C@]1(C)C2=CCC[C@](C)(C[C@H](OC(C)=O)C3=CC(=O)OC3O)[C@H]2CC[C@H]1C,,0
C=C(C)CC[C@@H]1C[C@@]2(CC=C(C)C)C(=O)[C@]3(CC=C(C)C)C[C@@]1(C)C2(O)C(C(=O)c1ccccc1)C3=O,,0
C=C(C)CNC(=O)C(C)c1ccc(O[C@@H]2CCN(c3ncnc(OCC(C)(C)O)c3Cl)C2)cc1,,0
C=C(C)CSc1nc2c(c(=O)n1CCc1ccccc1)C1(CCCC1)Cc1ccccc1-2,,0
C=C(C)[C@@H]1CC=C2[C@@H](CC[C@]3(C)[C@@H]([C@H](C)CC(=O)CC(C)C(=O)OC)CC[C@@]23C)[C@@]1(C)CCC(=O)OC,,0
C=C(C)[C@@H]1CCC2=C(CC[C@]3(C)[C@@H](C(CCC=C(C)C)C(=O)O)[C@H](O)C[C@@]23C)[C@@]1(C)CCC(=O)OC,,0
C=C(C)[C@@H]1CC[C@H](C)[C@@]2(C[C@@]3(C)C(=C(C)C(=O)C(C(=O)OC)[C@@H]3C)O2)[C@@]1(C)CCC(=O)OC,,0
C=C(C)[C@@H]1CC[C@](C)(O)[C@H](C2C(=O)C(C(=O)C(C)CC)C(=O)C(CC=C(C)C)(CC=C(C)C)C2=O)C1,,0
C=C(C)[C@@H]1CC[C@]2(C(=O)N3CCCCC3)CC[C@]3(C)[C@H](CC[C@@H]4[C@@]5(C)CC[C@H](O)[C@@](C)(CO)[C@@H]5CC[C@]43C)[C@@H]12,,0
C=C(C)[C@@H]1CC[C@]2(C(=O)O)CC[C@]3(C)[C@H](CC[C@@H]4[C@@]5(C)C(C(=O)OC)[C@H](OC(C)=O)C(C)(C)[C@@H]5CC[C@]43C)[C@@H]12,,0
C=C(C)[C@@H]1CC[C@]2(C(=O)O)CC[C@]3(C)[C@H](CC[C@@H]4[C@@]5(C)CCC(=O)C(C)(C)[C@@H]5CC[C@]43C)[C@@H]12,,0
C=C(C)[C@@H]1CC[C@]2(C(=O)O)CC[C@]3(C)[C@H](CC[C@@H]4[C@@]5(C)CC[C@H](OC(=O)/C=C/C)C(C)(C)[C@@H]5CC[C@]43C)[C@@H]12,,0
C=C(C)[C@@H]1CC[C@]2(C(=O)O)CC[C@]3(C)[C@H](CC[C@@H]4[C@@]5(C)CC[C@H](OC(=O)CC(C)C(=O)O)C(C)(C)[C@@H]5CC[C@]43C)[C@@H]12,,0
C=C(C)[C@@H]1CC[C@]2(C(=O)O)CC[C@]3(C)[C@H](CC[C@@H]4[C@@]5(C)CC[C@H](OC(=O)CCC(=O)O)C(C)(C)[C@@H]5CC[C@]43C)[C@@H]12,,0
C=C(C)[C@@H]1CC[C@]2(C(=O)O)CC[C@]3(C)[C@H](CC[C@@H]4[C@@]5(C)CC[C@H](OCOCCOC)C(C)(C)[C@@H]5CC[C@]43C)[C@@H]12,,0
C=C(C)[C@@H]1CC[C@]2(C(=O)OCCO)CC[C@]3(C)[C@H](CC[C@@H]4[C@@]5(C)CCC(=O)[C@@](C)(COC(C)=O)[C@@H]5CC[C@]43C)[C@@H]12,,0
C=C(C)[C@@H]1CC[C@]2(C(=O)[O-])CC[C@]3(C)[C@H](CC[C@@H]4[C@@]5(C)CC[C@H](OC(=O)C[n+]6ccc(N(C)C)cc6)C(C)(C)[C@@H]5CC[C@]43C)[C@@H]12,,0
C=C(C)[C@@H]1CC[C@]2(C(N)=O)CC[C@]3(C)[C@H](CC[C@@H]4[C@@]5(C)Cc6cnoc6C(C)(C)[C@@H]5CC[C@]43C)[C@@H]12,,0
C=C(C)[C@@H]1CC[C@]2(C)C(C(=O)C=C3C4C[C@@](C)(C(=O)OCC)CC[C@]4(C)CC[C@]32C)[C@@]1(C)CCC(=O)O,,0
C=C(C)[C@@H]1CC[C@]2(C)[C@H](CC=C3C4[C@@H](C)[C@H](C)CC[C@]4(C(=O)O)CC[C@]32C)[C@@]1(C)CCC=O,,0
C=C(C)[C@@H]1CC[C@]2(C)[C@H](CC=C3[C@@H]4C[C@@](C)(C(=O)O)CC[C@]4(C)CC[C@]32C)[C@@]1(C)CCC(=O)OC,,0
C=C(C)[C@@H]1CC[C@]2(C)[C@H](CC[C@@H]3[C@H]4[C@H]5OC[C@@]4(CCC5(C)C)CC[C@]32C)[C@@]1(C)CCC(=O)O,,0
C=C(C)[C@@H]1CC[C@]2(C)[C@H](CC[C@@H]3[C@H]4[C@H]5OC[C@@]4(CCC5(C)C)CC[C@]32C)[C@@]1(C)CCC(=O)OCc1ccccc1,,0
C=C(C)[C@@H]1CC[C@]2(COC(=O)CCC(=O)O)CC[C@]3(C)[C@H](CC[C@@H]4[C@@]5(C)CC[C@H](O)C(C)(C)[C@@H]5CC[C@]43C)[C@@H]12,,0
C=C(C)[C@@](O)(CC)CC[C@@H](C)[C@H]1CC[C@H]2[C@@H]3CC=C4CC(=O)CC[C@]4(C)[C@H]3CC[C@]12C(=O)O,,0
C=C(C)[C@@]12C[C@@H](C)[C@@]34OC(Cc5ccccc5)(O[C@@H]1[C@@H]3C=C(COC(=O)Cc1cccc(F)c1)C[C@]1(O)C(=O)C(C)=CC41)O2,,0
C=C(C)[C@H]1CC[C@@](C)(O)[C@@H]1/C=C/C(C)=C/[C@H]1C[C@@]23[C@H](OCCC[C@@H]2/C(=C(/C)C=O)CC[C@]3(C)O)O1,,0
C=C(C)c1cc2c(OC/C=C(\C)CO)c(OC)ccc2c2c(O)c(OC)c(-c3ccc(O)cc3)c(O)c12,,0
C=C(C1C[C@@H]2O[C@]2(C)C(=O)C1OC(=O)/C(C)=C\C)[C@H](CC=C(C)C)OC(=O)/C(C)=C\C,,0
C=C(CC(C=C(C)C)OC(C)=O)[C@@H]1C[C@@H](OC(C)=O)[C@@]2(C)[C@@H]1[C@@H]1[C@H](C)CC[C@@H]12,,0
C=C(CC)C(=O)c1ccc(OCC(=O)N2CCN(c3ccc(OP(=O)(OCC)OCC)cc3)CC2)c(Cl)c1Cl,,0
C=C(CC)C(=O)c1ccc(OCC(=O)N2CCN(c3ccc(OP4(=O)OCCCO4)cc3)CC2)c(Cl)c1Cl,,0
C=C(CCC(C(=O)O)[C@H]1CC[C@@]2(C)C3=C(CC[C@]12C)[C@@]1(C)CC[C@@H](O)C(C)(C)[C@@H]1CC3)C(C)(C)O,,0
C=C(CCC(C(=O)O)[C@H]1CC[C@@]2(C)C3=CC[C@@H](C(=C)C)[C@](C)(CCC(=O)O)C3=CC[C@]12C)C(C)C,,0
C=C(CCC(C(=O)O)[C@H]1[C@H](O)C[C@@]2(C)C3=CC[C@H]4C(C)(C)[C@@H](O)CC[C@]4(C)C3=CC[C@]12C)C(C)C,,0
C=C(CCC(C)C1CC=C2C3C(=O)CC4C(C)C(=O)CCC4(C)C3C(=O)CC21C)C(C)C(=O)O,,0
C=C(CC[C@@H](C)[C@H]1CC=C2C3=C([C@@H](O)[C@H](OC(C)=O)[C@@]21C)[C@@]1(C)C[C@@H](O)[C@H](OC(=O)CCC(=O)OC)C(C)(C)[C@@H]1CC3)C(C)C,,0
C=C(CC[C@@H](C)[C@H]1CC=C2C3C(=O)CC4C(C)C(=O)CC[C@]4(C)C3C(=O)C[C@@]21C)C(C)C(=O)OC,,0
C=C(CC[C@@H](C)[C@H]1CCC2=C3CC[C@H]4C(C)C(=O)CC[C@]4(C)C3C(=O)C[C@@]21C)C(C)C(=O)OC,,0
C=C(CC[C@@H](C)[C@H]1CC[C@@]2(C)[C@@H]3CC[C@H]4[C@](C)(C(=O)O)[C@@H](O)C[C@H](OC(C)=O)[C@@]45C[C@@]35CC[C@]12C)C(C)C,,0
C=C/C(C)=C\C[C@]1(C)[C@H](C)CC[C@@]23C(=C[C@H](OC(=O)CCC)C[C@@H]12)[C@@H](OC(C)=O)O[C@H]3OC(C)=O,,0
C=C/C=C/C/C(I)=C\CC#CC/C=C\C/C(I)=C\CCCC(=O)OC,,0
C=C/C=C\CC1=C(C)[C@@H](OC(=O)C2[C@@H](/C=C(\C)C(=O)OC)C2(C)C)CC1=O,,0
C=C1/C(=C\C=C2/CCC[C@]3(C)[C@@H]([C@H](C)CCCC(C)(C)O)CC[C@@H]23)C[C@@H](O)[C@H](CCc2ccccc2)[C@@H]1O,,0
C=C1/C(=C\C=C2/CCC[C@]3(C)[C@@H]([C@H](C)C[C@@H]4OC(=O)C(=C)[C@H]4CCCC)CC[C@@H]23)C[C@@H](O)[C@H](C)[C@@H]1O,,0
C=C1/C(=C\C=C2/CCC[C@]3(C)[C@@H]([C@H](C)C[C@H]4OC(=O)C(=C)[C@@H]4CCC)CC[C@@H]23)C[C@@H](O)C[C@@H]1O,,0
C=C1C(=O)N(c2cc(OC)c(OC)c(OC)c2)[C@H]1c1ccc(OC)c(OC(C)=O)c1,,0
C=C1C(=O)O[C@@H]2CC(C)=C([C@@H](C)CCCOC(C)=O)[C@@H](OC(=O)C[C@H](C)CC)[C@H]12,,0
C=C1C(=O)O[C@@H]2C[C@@H]3[C@]4(CC[C@]5(C)[C@@H]([C@H](C)CC(=O)C=C(C)C)CC[C@@]35C)C[C@]4(CCC(=O)OC)[C@H]12,,0
C=C1C(=O)O[C@@H]2C[C@@H]3[C@]4(CC[C@]5(C)[C@@H]([C@H](C)CC/C=C(\C)C=O)CC[C@@]35C)C[C@]4(CCC(=O)OC)[C@H]12,,0
C=C1C(=O)O[C@@H]2[C@H]1CC[C@H](C)[C@]13OC(c4ccccc4)O[C@H]1/C(=C/c1ccccc1)C(=O)[C@@]23C,,0
C=C1C(=O)O[C@H]2[C@H]1CC/C(Cn1cc(CCOC(=O)c3ccccc3)nn1)=C\CC[C@@]1(C)O[C@@H]21,,0
C=C1C(=O)[C@@]23C(=O)C4OC[C@]5(C=CCC(C)(C)[C@@H]45)[C@@H]2CC[C@@H]1[C@H]3OC(=O)/C=C/c1ccc2ccccc2c1,,0
C=C1C(=O)[C@@]23[C@H](O)C[C@@H]4C(C)(C)CCC[C@@]4(COC(C)=O)[C@@H]2[C@@H](O)C[C@H]1[C@H]3OC(=O)c1ccc(OC)cc1,,0
C=C1C=C(c2c(O)[nH]c(=S)[nH]c2=O)C=C(C)N1CCCOCCCC,,0
C=C1CCC(COc2c(C#N)c(C(F)(F)F)nn2-c2ccc(S(C)(=O)=O)cn2)CC1,,0
C=C1CC[C@@H]2[C@](C)(COC(=O)CCC(=O)OC)CCC[C@@]2(C)[C@@H]1CCC1=CC(=O)OC1,,0
C=C1CC[C@@H]2[C@](C)(COC(C)=O)[C@H](OC(C)=O)CC[C@@]2(C)[C@@H]1CC(Sc1ccccc1)C1=CCOC1=O,,0
C=C1CC[C@H]2[C@@](C)(CC[C@@H](OC(C)=O)[C@@]2(C)C(=O)OC)[C@@H]1C/C=C1/C(=O)OC[C@H]1OC(C)=O,,0
C=C1CN(S(=O)(=O)c2ccc(C)cc2)CCc2cc(=O)cc([nH]2)CCN(S(=O)(=O)c2ccc(C)cc2)C1,,0
C=C1C[C@@H](CC(=O)O)O[C@H](/C=C/C(C)=C/C[C@@H]2O[C@H](C)[C@H](NC(=O)/C=C\[C@H](C)OC(C)=O)C[C@@H]2C)C1,,0
C=C1[C@@H](CC/C(C)=C/CO)[C@@]2(C)CCC[C@](C)(C(=O)O)[C@@H]2[C@H](OC(=O)c2ccccc2)[C@H]1OC(C)=O,,0
C=C1[C@@H](OC(C)=O)CC[C@@]2(C)C[C@H](OC(C)=O)C3=C(C)C[C@H](OC(=O)CC)[C@@H]([C@@H](OC(C)=O)[C@H]12)C3(C)C,,0
C=C1[C@@H]([C@H](C)CC/C=C(/C)C(=O)O)CC[C@@]2(C)[C@@H]3CC[C@H]4C(C)(C)OC(=O)CC[C@]4(C)C3=C[C@@H]12,,0
C=C1[C@@H]([C@H](C)CC/C=C(/C)C(=O)O)CC[C@]2(C)[C@H]1C[C@H]1[C@@]3(C)CCC(=O)C(C)(C)[C@@H]3C[C@@H]3O[C@@]312,,0
C=C1[C@@H]2CC(=O)C([C@@H](C)OC(C)=O)[C@H]2[C@H](C(C)C)[C@@H](OC(=O)C(C)CC)[C@H]1OC(=O)/C=C(\C)CC,,0
C=C1[C@@H]2[C@H](OC(C)=O)OC=C([C@H](OC(C)=O)[C@@H](C=C(C)C)OC(C)=O)[C@H]2CC/C(C)=C/[C@@H](OC(=O)c2ccccc2)[C@H]1O,,0
C=C=CC(=O)Nc1cc(Nc2nccc(-c3cn(C)c4ccccc34)n2)c(OC)cc1O[C@H]1CCOC1,,0
C=CC(=C)CCC1(C)C(C)CC(=O)C23C(=C[C@H](OC(=O)C(C)C)CC12)[C@@H](OC(C)=O)O[C@H]3OC(C)=O,,0
C=CC(=C)CC[C@]1(C)[C@H]2C[C@H](OC(=O)C(C)CC)C=C3[C@H](OC(C)=O)O[C@H](OC(C)=O)[C@@]32[C@H](O)C[C@@H]1C,,0
C=CC(=O)N1CC[C@H](n2nc3ccncc3c2-c2ccc(Oc3cccc(Cl)c3Cl)cc2)C1,,0
C=CC(=O)Nc1cc(Nc2ncc3c(n2)N(C)C(=O)N(c2cc(NC(=O)C4CCC(C)CC4)ccc2C)C3)ccc1C,,0
C=CC(=O)Nc1cc2c(Nc3ccc(Br)cc3F)ncnc2cc1OCC1=NCCO1,,0
C=CC(=O)Nc1ccc(C(=O)N2CCC[C@@H](Nc3ncc(SCc4ccncc4)s3)C2)cc1,,0
C=CC(=O)Nc1ccc(C(=O)N2CCC[C@@H](Nc3ncc(SCc4ncc(C(C)(C)C)o4)s3)C2)c(C)c1,,0
C=CC(=O)Nc1ccc(C(=O)N2CCC[C@@H](Nc3ncc(SCc4ncc(C(C)(C)C)o4)s3)C2)cc1,,0
C=CC(C)(C)c1c(O)cc(O)c2c1O[C@]13CC4[C@H]([C@@H](OC)C1C2=O)[C@@](CC=C(C)C)(OC4(C)C)C3=O,,0
C=CC(C)(C)c1cc2cc3c(cc2oc1=O)O[C@@H](C(C)(C)OC(=O)OCCc1ccc(CC)cn1)C3,,0
C=CC(OC(=O)C1C(C=C(C)C)C1(C)C)c1ccc(OC(C)=O)c(OC)c1,,0
C=CCC1(CC=C)CCCN1C(=O)C1CCC(=O)N(CCc2ccc(Cl)cc2)C1,,0
C=CCC1(CC=C)CCCN1C(=O)C1CCC(=O)N(CCc2ccccc2)C1,,0
C=CCC1(CC=C)CCCN1C(=O)c1cc(COc2ccc(-n3cncn3)cc2)on1,,0
C=CCCOC(=O)[C@]12CCC(C)(C)C[C@H]1C1=CC[C@@H]3[C@@]4(C)C[C@@H](O)[C@H](O)C(C)(C)[C@@H]4CC[C@@]3(C)[C@]1(C)CC2,,0
C=CCN(C(=O)C1CC(=O)N(C2CCCC2)C1)c1nc(-c2ccc(S(C)(=O)=O)cc2)cs1,,0
C=CCN(C(=O)CSc1nc2[nH]ncc2c(=O)n1-c1ccccc1OC)c1ccccc1,,0
C=CCN(CC=C)S(=O)(=O)c1ccc(C(=O)Nc2nnc(-c3ccc(C)cc3C)o2)cc1,,0
C=CCN(c1cc(F)cc(OC)c1)c1ccc2ncc(-c3cnn(C)c3)nc2c1,,0
C=CCN1C(c2ccc(Br)cc2)=CS/C1=C(\C#N)c1nnc(N2CCOCC2)n1-c1ccccc1,,0
C=CCN1C=C2C(=O)C(C)(OC(=O)c3cccs3)C(=O)C=C2C=C1CCCC(=O)OC,,0
C=CCNC(=O)N(CC=C)C(=O)N(CC=C)C(=O)O[C@H]1CC/C(C)=C/[C@@H]2OC(=O)C(C)=C2CC/C(C)=C/CCC1=C,,0
C=CCOC(=O)C1C(C=O)=Cc2cc3c(cc2[C@H]1c1cc(OC)c(OC)c(OC)c1)OCO3,,0
C=CCOC[C@H](Cc1ccccc1)NC(=O)C[C@@H]1Nc2cc3c(cc2[C@@H]2OC(C)(C)O[C@@H]12)OCO3,,0
C=CCOc1cc(/N=N/c2cc(OC)c(OC)c(OC)c2)ccc1OC,,0
C=CCOc1cc(C2=C(c3cc(OC)c(OC)c(OC)c3)C(=NO)C(O)C2)ccc1OC,,0
C=CCOc1cc(N2C(=O)C3=C(CCCC3)C2OCC=C)c(F)cc1Cl,,0
C=CCOc1cc2occ(-c3cc(OC)c4c(c3OC)OCO4)c(=O)c2cc1OC,,0
C=CCSc1nnc(-c2nnc(SCC=C)n2-c2ccccc2)n1-c1ccccc1,,0
C=CCc1cc(OC)c(O[C@@H](C)[C@@H](OC(C)=O)c2cc(OC)c3c(c2)OCO3)c(OC)c1,,0
C=CCn1c(=O)c(C2C3=C(CC(C)(C)CC3=O)Oc3cc(C)oc(=O)c32)cc2cc(Cl)ccc21,,0
C=CCn1c(=O)c(C2C3=C(CCCC3=O)Oc3c2c(=O)oc2ccccc32)cc2cc(Cl)ccc21,,0
C=CCn1c(=O)c2ccccc2n2c(SCc3nnc(-c4ccccc4Br)o3)nnc12,,0
C=CCn1c(C)nc2ccc(Nc3nc(Nc4ccc5nc(C)n(CC=C)c5c4)c4ccccc4n3)cc21,,0
C=CCn1c(CCNC(=O)c2ccccc2F)nnc1SCC(=O)Nc1nc2ccccc2s1,,0
C=CCn1c(CSCc2ccccc2)nnc1SCC(=O)N1CCN(c2ccccc2)CC1,,0
C=CCn1c(SC(CCO)C(=O)NCc2ccco2)nc2sc3c(c2c1=O)CCC3,,0
C=CCn1c(SCC(=O)NCCCC(=O)OCC)nc2scc(-c3ccco3)c2c1=O,,0
C=CCn1c(SCc2cc(C(=O)OC)c(C)o2)nnc1-c1ccncc1,,0
C=CCn1c(SCc2cccc(C)c2)nnc1-c1csc(-n2nc(C)cc2C(F)(F)F)n1,,0
C=CCn1cc(-c2ccc(Cl)cc2)c(C(c2ccc(Cl)cc2Cl)n2ccnc2)c1,,0
C=COCCOCCOc1ccn2c(C(=O)Nc3cccc4c3c(C3CC3)nn4Cc3cccc(C)n3)cnc2c1,,0
C=CS(=O)(=O)C1=C[C@H](OC)O[C@@H]1COC(c1ccccc1)(c1ccccc1)c1ccccc1,,0
C=C[C@@H]1[C@@H](O)C[C@@H]2[C@]3(CC[C@]4(C)[C@@H]([C@H](C)CCC=C(C)C)CC[C@@]24C)C[C@]13CCC(=O)O,,0
C=C[C@@H]1c2cc(C)ccc2N(S(=O)(=O)c2ccc(C)cc2)[C@H](c2ccc(OC(C)=O)cc2)C1(C#N)C#N,,0
C=C[C@@H]1c2ccccc2N(S(=O)(=O)c2ccc(C)cc2)[C@H](c2ccccc2C(F)(F)F)C1(C#N)C#N,,0
C=C[C@@](C)(O)CC[C@H]1C(=C)CC[C@H]2[C@](C)(COC(=O)CCC(=O)OC)CCC[C@]12C,,0
C=C[C@@]1(C)CC=C2[C@@H](CC[C@@H]3[C@](C)(C(=O)OCc4cn(Cc5ccc(Cl)cc5)nn4)CCC[C@@]23C)C1,,0
C=C[C@@]1(C)CC=C2[C@@H](CC[C@@H]3[C@](C)(C(=O)OCc4cn(Cc5ccc([N+](=O)[O-])cc5)nn4)CCC[C@@]23C)C1,,0
C=C[C@]1(C)C[C@@H](OC(=O)NC(=O)C2CCN(C(=O)CSc3ccccc3)CC2)[C@]2(C)[C@H](C)CC[C@]3(CCC(=O)[C@H]32)[C@@H](C)[C@@H]1O,,0
C=C[C@]1(C)Cc2c(OC(=O)c3ccccc3)ccc(OC(=O)c3ccccc3)c2C[C@@H]1C(=C)C,,0
C=C[C@]12CC[C@H]3[C@@](C)(CCC[C@@]3(C)C(=O)OCC)[C@@H]1CC[C@](C)(CNC(=S)Nc1ccccc1)C2,,0
C=C[S+]([O-])c1sc(Cl)c(N2CCN(c3c(Cl)sc([S+]([O-])C=C)c3[N+](=O)[O-])CC2)c1[N+](=O)[O-],,0
C=c1c(=CCC(C)C)c(OC2(CCC(C)C)C(=O)C(=O)c3ccccc3C2=O)c(O)c2ccccc12,,0
CC#CCOC1O[C@H](CO)[C@@H](OCc2ccccc2)[C@H](OCc2ccccc2)[C@H]1OCc1ccccc1,,0
CC#CCOC[C@H]1OC(OCC#CC)[C@H](OCc2ccccc2)[C@@H](OCc2ccccc2)[C@@H]1OCc1ccccc1,,0
CC#CCn1c(=O)c2c(-c3cncn3C)n(Cc3ccnc4ccc(Cl)cc34)nc2n(CC2CC2)c1=O,,0
CC(/C=C/C1=C(c2cc(C(C)C)cc(C(C)C)c2OCC(F)(F)F)CCC1)=C\C(=O)O,,0
CC(/C=C/[C@@H]1C[C@]2(CO2)CC(C)(C)O1)=C\C[C@H]1OC[C@@H](NC(=O)/C=C\[C@H](C)OC(=O)N(C)C(C)(C)C)CO1,,0
CC(/C=C/[C@@H]1C[C@]2(CO2)CC(C)(C)O1)=C\C[C@H]1OC[C@@H](NC(=O)/C=C\[C@H](C)OC(=O)N2CCCC2)CO1,,0
CC(/C=C/[C@H](O)[C@@H](C)/C=C/C(=O)O)=C\C[C@H]1O[C@@]2(CC[C@H](C)[C@H](/C=C/C(C)=C/C(=O)O)O2)CC[C@@H]1C,,0
CC(=NC(=O)C12CC3CC(CC(C3)C1)C2)C(=O)NNC=C1CCC(Cc2ccccc2)=C1N1CCOCC1,,0
CC(=NNC(=O)c1c(C)nc2ccccn12)c1ccc(O)cc1O,,0
CC(=Nn1c(/N=C/c2ccccc2C)c(C#N)c(-c2ccc([N+](=O)[O-])cc2)c(C#N)c1=O)c1nc2ccccc2[nH]1,,0
CC(=O)C1=C(c2ccc(Cl)c(Cl)c2)N(C(C)=O)n2c(nnc2C2CCCCC2)S1,,0
CC(=O)C1=CCC(c2cccc(Cl)c2)N(S(=O)(=O)c2ccc(C)cc2)C1,,0
CC(=O)C1CC[C@H]2[C@H]3[C@H]([C@H](O[C@@H]4CCCCO4)C[C@]12C)[C@@]1(C)CCC(=O)C[C@@H]1C[C@H]3OC(=O)c1ccccc1,,0
CC(=O)C1CC[C@]2(C(=O)O)CC[C@]3(C)[C@H](CC[C@@H]4[C@@]5(C)CCC(=O)C(C)(C)[C@@H]5CC[C@]43C)[C@@H]12,,0
CC(=O)N1CC2(C1)CN(c1ccc(CN(CC(C)C)S(=O)(=O)Cc3ccccc3)cc1)C2,,0
CC(=O)N1CCC(C(=O)N(C)c2cc(C(=O)NC(C)c3cnccn3)cc(-c3ccc(C)cc3)c2)CC1,,0
CC(=O)N1CCC(C(=O)N2C[C@@H](N(C)C(=O)N(C)c3cc(Cl)cc(Cl)c3)[C@H](c3ccc(F)cc3)C2)CC1,,0
CC(=O)N1CCC(C(=O)N2C[C@H](c3ccc(Cl)cc3)[C@@](C)(COc3ccc(Cl)cn3)C2)CC1,,0
CC(=O)N1CCC(C(=O)c2cccnc2Oc2ccc(C(=O)c3nc4ccccc4n3C)cc2)CC1,,0
CC(=O)N1CCC(c2ccc(Nc3nc(-c4cnn(CC(C)C)c4)cc4cc[nH]c(=O)c34)cc2)CC1,,0
CC(=O)N1CCN(c2ccc(CN(C3CCC3)S(=O)(=O)Cc3cc(Cl)cc(Cl)c3)c(F)c2)CC1,,0
CC(=O)N1CCN(c2ccc(OCc3cc4cnc(C#N)nc4n3CCC3CCCC3)cc2)CC1,,0
CC(=O)N1CCN(c2ccc(OCc3cc4cnc(C#N)nc4n3CCC3CCCCC3)c(F)c2)CC1,,0
CC(=O)N1CCN(c2cccc(-c3cc(-c4ccnn4CC(F)(F)F)c4c(N)ncnn34)c2)C(=O)C1(C)C,,0
CC(=O)N1CCc2cc(C(=O)C(C)OC(=O)/C(=C/c3ccc(F)cc3)c3cccs3)ccc21,,0
CC(=O)N1C[C@@H](C)N(c2cncc(-c3cc(-c4ccnn4C4CCOCC4)c4c(N)ncnn34)c2)[C@@H](C)C1,,0
CC(=O)N1N=C(c2ccc(Nc3cc(=O)oc4ccccc34)cc2)CC1c1ccccc1Br,,0
CC(=O)N1c2ccc(S(=O)(=O)NCC3CCC(C(=O)Nc4cc(C)ccc4C)CC3)cc2CC1C,,0
CC(=O)N1c2ccc(S(=O)(=O)NCC3CCC(C(=O)Nc4cccc(C)c4)CC3)cc2CC1C,,0
CC(=O)NCCc1ccc(S(=O)(=O)Nc2cc(F)ccc2C)s1,,0
CC(=O)NCc1nc2c(-c3c[nH]cn3)cc(N3CCOCC3)nn2c1Cc1cccc(C(F)(F)F)c1C,,0
CC(=O)NCc1noc(-c2ccc(N3CCOCC3)c(F)c2)n1,,0
CC(=O)N[C@@H]1CN(C(=O)c2ccncc2)C[C@H]1c1ccc(C)cc1,,0
CC(=O)Nc1cc(-c2c(-c3ccc(F)cc3)nc(SCc3ccc([S+](C)[O-])cc3)n2CC(C)O)ccn1,,0
CC(=O)Nc1cc(-c2ccc(N(C)C(=O)c3c(Cl)cccc3Cl)c(N3CC4CC4C3)c2)n(C(C)C)n1,,0
CC(=O)Nc1ccc(-c2csc(NC(=O)C3CCN(S(=O)(=O)c4cccs4)CC3)n2)cc1,,0
CC(=O)Nc1ccc(C(=C(CCCOC(C)=O)c2ccccc2)c2ccc(C3CCN(C4CC4)CC3)cc2)cc1,,0
CC(=O)Nc1ccc(NC(=O)C(C)OC(=O)c2ccccc2Sc2ccccc2C#N)cc1,,0
CC(=O)Nc1ccc(NC(=O)CS(=O)(=O)c2cn(CC(=O)N3CCC(C)CC3)c3ccccc23)cc1,,0
CC(=O)Nc1ccc(S(=O)(=O)N2C/C(=C\c3ccc(F)cc3)C(=O)/C(=C/c3ccc(F)cc3)C2)cc1,,0
CC(=O)Nc1ccc(S(=O)(=O)NC(CC(=O)N(C)Cc2ccccc2)C(C)C)cc1,,0
CC(=O)Nc1ccc(S(=O)(=O)NCCSCc2ccco2)cc1,,0
CC(=O)Nc1ccc(Sc2cccn3nc(Nc4ccc(C5CCN(C(=O)OC(C)(C)C)CC5)cc4)nc23)cc1,,0
CC(=O)Nc1ccc(Sc2ncccc2C(=O)Nc2ccc(F)cc2)cn1,,0
CC(=O)Nc1nc(C(=O)N2CCCC(n3ccnc3)C2)cs1,,0
CC(=O)OC(C(=O)O[C@@H]1O[C@@H]2O[C@@]3(C)CC[C@H]4[C@H](C)CC[C@@H]([C@H]1C)[C@@]24OO3)[C@@H](NC(=O)c1ccccc1)c1ccccc1,,0
CC(=O)OC(C)(C)CCC(=O)[C@](C)(O)[C@H]1[C@H](O)C[C@@]2(C)[C@@H]3CC=C4[C@@H](CC(Br)C(=O)C4(C)C)[C@]3(C)C(=O)C[C@]12C,,0
CC(=O)OC1CC[C@]2(C)C3CC[C@@]4(C)C(CCC4[C@H](C)CCCC(C)C)[C@@H]3CC[C@@]2(Br)C1,,0
CC(=O)OC1C[C@H]([C@H](C)CC/C=C(/C)C(=O)O)[C@@]2(C)CC=C3C(=CC[C@H]4C(C)(C)C(=O)CC[C@]34C)[C@]12C,,0
CC(=O)OCC/C1=C(\C)N(C=O)CCCCCCCCCCCCN(C=O)/C(C)=C(/CCOC(C)=O)SS1,,0
CC(=O)OCC1=C(C(=O)OC(c2ccccc2)c2ccccc2)N2C(=O)/C(=C/c3ccccn3)C2SC1,,0
CC(=O)OCC1=C(C)C[C@H]([C@@H](C)[C@H]2CC[C@H]3[C@@H]4C[C@H]5O[C@]56C=CCC(=O)[C@]6(COC(C)=O)[C@H]4CC[C@]23C)OC1=O,,0
CC(=O)OCC[C@]1(C)[C@@H]([C@H](C)/C=C/C(C)C)CC[C@H]1C1=C[C@H](O)[C@H]2C[C@@H](O)CC[C@]2(C)C1=O,,0
CC(=O)OC[C@H]1O[C@@H](Sc2nc(=S)c3c4c(sc3[nH]2)CCCCC4)[C@@H](OC(C)=O)[C@@H]1OC(C)=O,,0
CC(=O)OC[C@]1(C)C=C(C=O)[C@@]2(C)[C@H]1CC[C@]1(C)[C@@H]2C[C@@H](F)[C@]23OC(=O)[C@@]4(CC[C@@H](C)[C@H](C)[C@H]42)CC[C@]31C,,0
CC(=O)OCc1cc2ccccc2nc1C(Br)(Br)Br,,0
CC(=O)OCc1nc(CCC(=O)CSCCCc2ccccc2)sc1CCc1ccccc1,,0
CC(=O)O[C@@H](C/C=C(/C)C(=O)O)[C@@H](C)[C@H]1CC[C@@]2(C)C3=C(C=C4C=CC(=O)OC(C)(C)[C@@H]4CC3)CC[C@]12C,,0
CC(=O)O[C@@H](C/C=C(\C)C(=O)O)[C@@H](C)[C@H]1CC[C@@]2(C)C3=C(CC[C@]12C)[C@@]1(C)CCC(=O)C(C)(C)[C@@H]1C[C@H]3O,,0
CC(=O)O[C@@H](C/C=C(\C)C(=O)O)[C@@H](C)[C@H]1CC[C@@]2(C)C3=CC[C@H]4C(C)(C)C(=O)CC[C@]4(C)C3=CC[C@]12C,,0
CC(=O)O[C@@H]1C(CCCCCCCCCCCCC2=C[C@H](C)OC2=O)C(=O)O[C@H]1C,,0
CC(=O)O[C@@H]1C=C2C(Cl)=C[C@@H]3[C@H](CC[C@@]4(C)[C@H]3CC[C@]4(OC(C)=O)C(C)=O)[C@@]2(C)CC1,,0
CC(=O)O[C@@H]1CC[C@@]2(C)[C@@H](C1)C[C@@H](OC(C)=O)[C@@H]1[C@@H]2C[C@H](OC(C)=O)[C@]2(C)[C@@H]([C@H](C)CCC(=O)O)CC[C@@H]12,,0
CC(=O)O[C@@H]1CC[C@]2(C)C3=CC(=O)C(=C(C)C(=O)CCC(C)=C/C=C/C(C)(C)O)[C@@]3(C)CC[C@H]2[C@@]1(C)C(=O)O,,0
CC(=O)O[C@@H]1CC[C@]2(C)[C@@H]3CC4=C(CO)[C@@H]([C@H](C)CC/C=C(/C)C(=O)O)CC[C@@]4(C)C3=CC[C@H]2C1(C)C,,0
CC(=O)O[C@@H]1CC[C@]2(C)[C@@H]3C[C@H]4C(C=O)=C([C@H](C)CC/C=C(/C)C(=O)O)CC[C@@]4(C)C3=CC[C@H]2C1(C)C,,0
CC(=O)O[C@@H]1C[C@@H]2[C@@]3(C)CC[C@H](O)C(C)(C)[C@@H]3CC[C@@]2(C)[C@]2(C)CC[C@H]([C@]3(C)CC[C@@H](C(C)(C)O)O3)[C@@H]12,,0
CC(=O)O[C@@H]1C[C@](C)(O)[C@@]23C[C@@H](C[C@H](OC(=O)/C=C/c4ccccc4)[C@]2(C)[C@H]1OC(=O)c1ccco1)C(C)(C)O3,,0
CC(=O)O[C@@H]1C[C@]2(C)[C@H]3CC[C@]4(C)[C@@H]([C@H](C)[C@@H]5O[C@H]5[C@@H](C)C(C)C)CC[C@H]4C3=CC[C@H]2[C@H](OS(=O)(=O)O)[C@H]1O,,0
CC(=O)O[C@@H]1[C@@H](OC(=O)c2ccccc2)[C@@H]2[C@](C)(CCC[C@@]2(C)C(=O)O)[C@H](CC/C(C)=C/CO)[C@@]12CO2,,0
CC(=O)O[C@H]1C(CCCCCC/C=C\CCCCCCC2=C[C@H](C)OC2=O)C(=O)O[C@H]1C,,0
CC(=O)O[C@H]1CC(C)(C)C(=C=C/C(C)=C/C=C/C=C/C=C(C)/C=C2/C=C(/C=C/[C@@]34O[C@]3(C)C[C@@H](O)CC4(C)C)C(=O)O2)[C@](C)(O)C1,,0
CC(=O)O[C@H]1CC=C(C)[C@@H]2CC3=C(C)C(=O)O[C@H]3/C=C(/C)CC[C@H](OC(=O)C=C(C)C)[C@@]12C,,0
CC(=O)O[C@H]1CC[C@@H](C)[C@]23OC(C)(C)[C@H](C[C@H](OC(=O)c4ccccc4)[C@]12C)[C@H]3OC/C=C/c1ccccc1,,0
CC(=O)O[C@H]1CC[C@@H](C)[C@]23OC(C)(C)[C@H]([C@H](OC(=O)/C=C/c4ccccc4)[C@H](OC(=O)c4ccccc4)[C@]12C)[C@H]3O,,0
CC(=O)O[C@H]1CC[C@@]2(C)C(=CC[C@H]3[C@@H]4C/C(=C\c5ccc(N(C)C)cc5)[C@H](OC(C)=O)[C@@]4(C)CC[C@@H]32)C1,,0
CC(=O)O[C@H]1CC[C@@]2(C)C(=CC[C@H]3[C@@H]4C[C@@H]5O[C@H](CC[C@@H](C)c6nnc(-c7cccnc7)o6)[C@@H](C)[C@@H]5[C@@]4(C)CC[C@@H]32)C1,,0
CC(=O)O[C@H]1CC[C@@]2(C)[C@@H](CC[C@]3(C)C(=C(C)C=C/C=C(\C)c4ccc(C)c(=O)o4)C(=O)C[C@@H]23)C1(C)C,,0
CC(=O)O[C@H]1CC[C@H]2[C@@H]3CCC4=C[C@@H](C5SCCS5)[C@H](OC(C)=O)C[C@]4(C)[C@H]3CC[C@@]12C,,0
CC(=O)O[C@H]1CC[C@]2(C)[C@H](CC[C@@](C)(O)[C@H]2CC[C@@H]2C(C)=CC[C@H]3[C@H](CC[C@]3(C)O)C2(C)C)OC1(C)C,,0
CC(=O)O[C@H]1C[C@@H](C)[C@@]23C[C@@H](C[C@H](OC(=O)/C=C/c4ccccc4)[C@]2(C)[C@H]1OC(C)=O)C(C)(C)O3,,0
CC(=O)O[C@H]1C[C@@H](C)[C@](C)(C2C[C@H]3CC(C(C)=O)O[C@H]3O2)[C@H]2CCC[C@]3(CO3)[C@]12COC(=O)c1cccnc1,,0
CC(=O)O[C@H]1C[C@@H](OC(=O)c2ccccc2)C(C)(C)[C@@H]2C[C@@H](OC(C)=O)[C@@]3(C)C4=CC[C@@H](C5COC(=O)C5)[C@]4(C)CC[C@@H]3[C@@]12C,,0
CC(=O)O[C@H]1C[C@@]2(C)C(C[C@@H](O)C3[C@@]4(C)CC[C@@H](O)[C@@H](C)C4CC[C@@]32C)/C1=C(\CCC=C(C)C)C(=O)On1nnc2ccccc21,,0
CC(=O)O[C@H]1C[C@H]([C@H](C)CC/C=C(\C)C(=O)O)[C@@]2(C)CC=C3C(=CC[C@H]4C(C)(C)[C@@H](O)CC[C@]34C)[C@]12C,,0
CC(=O)O[C@H]1C[C@H]([C@H](C)CC/C=C(\C)C(=O)O)[C@@]2(C)CC=C3C(=CC[C@H]4C(C)(C)[C@H](O)CC[C@]34C)[C@]12C,,0
CC(=O)O[C@H]1C[C@H]2[C@@H]([C@H](OC(C)=O)C[C@@H]3CC4(CC[C@@]32C)OOC2(CCC(C)CC2)OO4)[C@@H]2CC[C@H]([C@H](C)CCC(N)=O)[C@@]12C,,0
CC(=O)O[C@H]1O[C@H](OC(C)=O)[C@@H](OC(C)=O)/C1=C/CC1(C)C(C)CCC2(C)C1CCCC21CO1,,0
CC(=O)O[C@H]1[C@@H](OC(=O)c2ccco2)C[C@@H](C)[C@]23OC(C)(C)[C@H](C[C@H](OC(=O)c4ccccc4)[C@]12C)[C@H]3OC(=O)c1ccco1,,0
CC(=O)O[C@H]1[C@H](OC(C)=O)[C@]2(C)O[C@]3(COC(=O)C3)C[C@H](OC(=O)c3ccccc3)[C@]2(C)[C@H]2CCC=C(C)[C@]12C,,0
CC(=O)O[C@]12C[C@H](C)[C@H](OC(=O)c3ccc(C)cc3)[C@@H]1/C=C(\C)CC[C@H]1C(=CC(C)C2=O)C1(C)C,,0
CC(=O)O[C@]12C[C@H](C)[C@H](OC(=O)c3ccc4ccccc4c3)[C@@H]1/C=C(/C)CC[C@H]1C(=CC(C)C2=O)C1(C)C,,0
CC(=O)Oc1c(C(C)C)cc(C=O)c2c1[C@H](OC(C)=O)[C@H]1C(C)(C)CCC[C@]21C,,0
CC(=O)Oc1cc(C(=O)OCC(=O)NC23CC4CC(CC(C4)C2)C3)cc(OC(C)=O)c1OC(C)=O,,0
CC(=O)Oc1cc(C)c2c(c1C)C[C@H](C(C)C(=O)OCc1cn(-c3ccc(CC#N)cc3)nn1)CC2,,0
CC(=O)Oc1cc(C)c2c(c1C)C[C@H](C(C)C(=O)OCc1cn(-c3cccnc3Cl)nn1)CC2,,0
CC(=O)Oc1cc([C@H](C)[C@@H]2C[C@@H]3O[C@@H]3[C@H](OC(C)=O)O2)cc2c1[C@@H]1C[C@@H]3O[C@@]34C=CCC(=O)[C@]4(C)[C@H]1CC2,,0
CC(=O)[C@@]12C=C(C(C)C)CC[C@@]1(C)[C@H]([C@@H](CC(C)C)c1c(O)c(C=O)c(O)c(C=O)c1O)C[C@H]2O,,0
CC(=O)c1cc(NS(=O)(=O)c2ccc(Cl)cc2Cl)cc(Cl)c1Oc1cncc(Cl)c1,7.92,1
CC(=O)c1cc2cc(/C=C/C(=O)c3ccco3)c3c(ccc4c(C)cc(=O)oc43)c2oc1=O,,0
CC(=O)c1ccc(COP(=O)(OCc2ccc(C(C)=O)cc2)c2ccc(-c3nc(N)sc3CC(C)C)o2)cc1,,0
CC(=O)c1ccc(N2CCN(C(=O)C3CCCN(S(=O)(=O)c4ccc(Br)s4)C3)CC2)cc1,,0
CC(=O)c1ccc(N2CCN(C(=O)c3cc(-c4ccncc4)nc4ccc(Br)cc34)CC2)cc1,,0
CC(=O)c1ccc(N2CCN(c3ccc4cc(S(=O)(=O)N5CCC(C)CC5)ccc4n3)CC2)cc1,,0
CC(=O)c1ccc(NC(=O)C(CC(C)C)N(C(=O)c2ccccc2)S(=O)(=O)c2ccccc2)cc1,,0
CC(=O)c1ccc(S(=O)(=O)N2CCN(c3nc(-c4cccnc4)nc4ccccc34)CC2)cc1,,0
CC(=O)c1cnc2n(c1=O)[C@@H]1[C@H](O2)O[C@H](CO[Si](C)(C)C(C)(C)C)[C@H]1O[Si](C)(C)C(C)(C)C,,0
CC(=O)c1sc2c(c1OC(=O)c1cccs1)c(=O)n(-c1ccccc1)c(=S)n2-c1ccccc1,,0
CC(C(=O)N(C)C1CCCCC1)S(=O)(=O)Cc1csc(-c2cccs2)n1,,0
CC(C(=O)N1CCCC1)[C@H]1CC[C@@H](C[C@@H](C)n2cc(C#CCOc3ccc(C(F)(F)F)cc3)nn2)O1,,0
CC(C(=O)NC1N=C(c2ccccc2)c2ccccc2N(C)C1=O)[C@@H](O)c1ccc(Cl)c(Cl)c1,,0
CC(C(=O)NCC(F)(F)F)c1ccc(O[C@@H]2CCN(c3ccc(OCC4CC4(F)F)cn3)C2)cc1,,0
CC(C(=O)O)N1CC=C(CC[C@H]2/C(=C/OS(=O)(=O)O)CC[C@H]3[C@]2(C)CC[C@H]2C(C)(C)CCC[C@]32C)C1=O,,0
CC(C)(C#Cc1ccc(NC(=O)CSc2nnnn2-c2ccc(C3CC3)cc2Cl)c(Cl)c1)C(=O)O,,0
CC(C)(C#Cc1ccc(NC(=O)CSc2nnnn2-c2ccc(C3CC3)cc2Cl)c(Cl)c1)CO,,0
CC(C)(C)C(=O)OCOC(=O)C1(C/C=C/c2ccccc2)/C(=C/C=O)O[C@@H]2CC(=O)N21,,0
CC(C)(C)NC(=O)C(c1ccc([N+](=O)[O-])cc1)N(C(=O)Cc1c[nH]c2ccccc12)c1ccc(Br)cc1,,0
CC(C)(C)NC(=O)CSc1nnc(NC(=O)CCc2ccccc2)s1,,0
CC(C)(C)NC(=O)c1ccccc1CC[C@]1(O)CCC2=Cc3c(cnn3-c3ccc(F)cc3)C[C@@]21C,,0
CC(C)(C)OC(=O)N(Cc1cncn1Cc1ccc(C#N)cc1)c1sc(C(=O)O)c(-c2ccc(Cl)cc2)c1C#N,,0
CC(C)(C)OC(=O)N1CCC(O[C@H]2CC[C@H](Oc3ccc(S(C)(=O)=O)c(F)c3)CC2)CC1,,0
CC(C)(C)[C@@H]1C=C(C(N)=O)O[C@H](OCc2ccc(CO)cc2)C1,,0
CC(C)(C)[Si](C)(C)O[C@@H]1COC(=O)/C1=C/C[C@@H]1[C@]2(CC[C@@H]3[C@](C)(CO)[C@H](O)CC[C@]31C)CO2,,0
CC(C)(C)[Si](OCC[C@H]1OC(=O)C(Sc2ccccc2)[C@@H]1CCO)(c1ccccc1)c1ccccc1,,0
CC(C)(C)[Si](OC[C@H]1CCC[C@]12CCC[C@@H]1CCOC(=O)N12)(c1ccccc1)c1ccccc1,,0
CC(C)(C)c1c(SC2C(=O)CC(CCc3ccccc3)(c3ccccc3)OC2=O)sc2ccccc12,,0
CC(C)(C)c1cc(NC(=O)NN2CCOCC2)nn1-c1c(Cl)cc(Cl)cc1Cl,,0
CC(C)(C)c1ccc(-n2c(C(=O)O)c(Oc3cccc(C(F)(F)F)c3)c3cc(O)ccc32)cc1,6.5,1
CC(C)(C)c1ccc(-n2c(C(=O)O)c(Oc3cccc(C(F)(F)F)c3)c3cc(Oc4ccc[nH]4)ccc32)cc1,7.96,1
CC(C)(C)c1ccc(-n2c(C(=O)O)c(Oc3cccc(C(F)(F)F)c3)c3ccccc32)cc1,7.92,1
CC(C)(C)c1ccc(C2C(C(=O)c3ccc4c(c3)OCCO4)C(=O)C(=O)N2c2nc3ccc(Cl)cc3s2)cc1,,0
CC(C)(C)c1ccc(Cn2c(C(=O)NS(=O)(=O)c3cccc(C(F)(F)F)c3)cc3ccccc32)cc1,6.48,1
CC(C)(C)c1ccc(Nc2nc(N[C@@H]3CCOC3)nc3c2CCN(c2ncccc2C(F)(F)F)CC3)cc1,,0
CC(C)(C)c1ccc2c(c1)[C@@H]1O[C@H](COCc3ccccc3)[C@@H](OCc3ccccc3)[C@H](OCc3ccccc3)[C@H]1CS2(=O)=O,,0
CC(C)(C)c1nnc(-c2ccc(N3CCC(Oc4ccccc4C(F)(F)F)CC3)nn2)o1,,0
CC(C)(C)c1nnc(-c2nn(-c3ccc(Cl)cc3Cl)c(-c3ccc(Cl)cc3)c2CC#N)o1,,0
CC(C)(CN1CCCCC1)C(=O)CC(SCCS(=O)(=O)O)c1ccccc1,,0
CC(C)(NC(=O)C(CC1CCCCC1)NC(=O)c1ccno1)C(=O)N1CCC2(C=Cc3ccccc32)CC1,,0
CC(C)(NC(=O)c1ccc(N2CC(F)(F)C2)c(OCC2CC2)n1)c1nnc(C2CC2)o1,,0
CC(C)(O)C#Cc1ccc(NC(=O)CSc2nnnn2-c2ccc(C3CC3)cc2Cl)c(Cl)c1,,0
CC(C)(O)C1CCN(c2nccnc2Oc2ccc(Nc3nc4ccccc4s3)cc2)CC1,,0
CC(C)(O)Cn1cc(-c2ccc(-c3cnc(N)c(Cl)c3N3CCC4(CCNC4=O)CC3)cc2)cn1,,0
CC(C)(O)[C@@H](O)CCC(C(=O)O)[C@H]1CC[C@@]2(C)C3=C(CC[C@]12C)[C@@]1(C)CCC(=O)C(C)(C)[C@@H]1CC3,,0
CC(C)(OCc1cc(F)cc(-c2cc(NC(=O)C3CNC(=O)C3)nn2-c2ccc(F)cc2)c1)C(F)(F)F,,0
CC(C)/C(Cl)=N\OC(NC(=O)P(=O)(c1ccccc1)c1ccccc1)(C(F)(F)F)C(F)(F)F,,0
CC(C)=CC(=O)C[C@@H](C)[C@H]1CC[C@@]2(C)[C@@H]3CC[C@H]4[C@](C)(CO)[C@@H](OS(=O)(=O)O)CC[C@@]45C[C@@]35CC[C@]12C,,0
CC(C)=CC(=O)Nc1cccc(Oc2nc(Nc3cccc(C#N)c3)nc3c2CSCC3)c1,,0
CC(C)=CC(=O)O[C@@H]1CC(C)(C)C[C@H]2C3=CC[C@@H]4[C@@]5(C)CC[C@H](OC(=O)C(C)C)C(C)(C)[C@@H]5CC[C@@]4(C)[C@]3(C)CC[C@@]12C(=O)O,,0
CC(C)=CCC/C(C)=C/Cc1c(O)cc(C=Cc2ccc(O)cc2)cc1O,6.96,1
CC(C)=CCC1(CC=C(C)C)C(=O)C(=O)C(O)c2oc3c4c(cc(O)c3c(=O)c21)OC(C)(C)C=C4,,0
CC(C)=CCC1(CO)CCCN(S(=O)(=O)N2CCCC2)C1,,0
CC(C)=CCC1Cc2c(OCCCNS(=O)(=O)c3ccc(Cl)cc3)cc(=O)n(CCCO)c2CC1(C)C,,0
CC(C)=CCCC(C(=O)O)[C@H]1CC[C@@]2(C)C3=CC[C@H]4C(C)(C)C(=O)CC[C@]4(C)C3=CC[C@]12C,,0
CC(C)=CCC[C@H](C)[C@@H]1C=C[C@]2(C(=O)O)[C@@H](CC(C)=C[C@H]2/C=C(\C)C2CCC(C(=O)O)CC2)C1,,0
CC(C)=CC[C@@]12C[C@H]3[C@@H](C=C(C)C)[C@@](C(=O)c4ccccc4)(C1=O)C(=O)[C@@](CC=C(C)C)(C2=O)C3(C)C,,0
CC(C)=CC[C@H]1C[C@@]23C[C@@H](CC=C(C)C)C(C)(C)[C@@](CC=C(C)C)(C(=O)C(C(=O)c4ccccc4)=C2OC1(C)C)C3=O,,0
CC(C)=CC[C@H]1C[C@]2(C)C(=O)C3=C(O[C@H](C(C)(C)O)C3)[C@@](C(=O)C(C)C)(C2=O)[C@]1(C)CCCC(C)C,,0
CC(C)=CC[C@]12C[C@@H]3[C@H](C=C(C)C)[C@](CC=C(C)C)(C1=O)C(=O)[C@](C(=O)c1ccccc1)(C2=O)C3(C)C,,0
CC(C)=CC[C@]12C[C@H]3C[C@@H]4C(C)(C)[C@@H](C(C)C)C[C@@]4(C1=O)C(=O)[C@](C(=O)c1ccccc1)(C2=O)C3(C)C,,0
CC(C)=CC[C@]12C[C@H]3C[C@@H]4C(C)(C)[C@H](C(C)C)C[C@@]4(C1=O)C(=O)[C@](C(=O)c1ccccc1)(C2=O)C3(C)C,,0
CC(C)=CC[C@]12C[C@H]3C[C@H]4C(C)(C)CC[C@@]4(C1=O)C(=O)[C@](C(=O)c1ccccc1)(C2=O)C3(C)C,,0
CC(C)=C[C@H](C)C[C@H](C)/C=C/C(=O)NC1=C[C@](O)(CCCCC(=O)O)C=C(Cl)C1=O,,0
CC(C)C(=O)CCC(C(=O)O)[C@H]1[C@H](O)C[C@@]2(C)C3=CC[C@H]4C(C)(C)[C@@H](O)CC[C@]4(C)C3=CC[C@]12C,,0
CC(C)C(=O)N1CCC(N(C)c2ncnc3c(-c4ccc(S(C)(=O)=O)cc4F)csc23)CC1,,0
CC(C)C(C(=O)O)N1CC(CC[C@H]2/C(=C/OS(=O)(=O)O)CC[C@H]3[C@]2(C)CC[C@H]2C(C)(C)CCC[C@]32C)=CC1=O,,0
CC(C)C(NC(=O)OCc1ccccc1)C(=O)N1CCCC1C(=O)N[C@@H](C(C)C)C(O)c1nc2ccccc2o1,,0
CC(C)C(NC(=O)c1cccs1)c1nnc(SCC(=O)Nc2nccs2)n1C,,0
CC(C)C/C=C/C1=NN(c2cccc(S(=O)(=O)O)c2)C2(C1)SCC(=O)N2c1nc2ccccc2s1,,0
CC(C)C1=CC2CC3(C=O)C4CC[C@@H](C)C4CC2(CCOC(=O)c2ccc(Cl)nc2)C13C(=O)O,,0
CC(C)C1=CC2CC3(C=O)[C@@H]4CC[C@@H](C)[C@H]4CC2(/C=N/OC2CCCCC2)C13C(=O)O,,0
CC(C)C1=CC2CC3(C=O)[C@@H]4CC[C@@H](C)[C@H]4CC2(CO[C@H]2CN(c4ccc(Cl)s4)[C@H](C)CO2)[C@]13C(=O)O,,0
CC(C)C1C(=O)N(Cc2cn(CC3CCCCC3)nn2)CCS(=O)(=O)N1Cc1ccc(-c2ccc(Cl)nc2)cc1,,0
CC(C)CC(=O)C[C@](C)(O)[C@H]1CC[C@H]2[C@@H]3C[C@H](O)[C@H]4C[C@@H](OS(=O)(=O)O)CC[C@]4(C)C3=CC[C@@]21C,,0
CC(C)CC(=O)c1c(Nc2cc(Cl)cc(Cl)c2)[nH]c2c(Cl)ccc([N+](=O)[O-])c2c1=O,,0
CC(C)CC(=O)c1c(O)c(C=O)c(O)c(C[C@@]2(C)CC[C@H]3C2=C[C@H](C(C)(C)O)CC[C@H]3C)c1O,,0
CC(C)CC(C(N)=O)N(Cc1ccc2c(c1)OCO2)S(=O)(=O)c1ccc(Cl)cc1,,0
CC(C)CC(NC(=O)C1CCCc2ccccc21)C(=O)N[C@@H](CC(C)C)B1O[C@@H]2C[C@@H]3C[C@@H](C3(C)C)[C@]2(C)O1,,0
CC(C)CC(NC(=O)[C@]1(C)CCC[C@]2(C)c3ccc(C(C)C)cc3CC[C@@H]12)C(=O)O,,0
CC(C)CC(NC(=O)c1cnc(N2CC(F)(F)C2)c(OCC2CC2)n1)C(=O)N(C)C,,0
CC(C)CC(c1c(O)c(C=O)c(O)c(C=O)c1O)[C@@]1(C)CC[C@H]2C1=C[C@H](C(C)(C)O)CC[C@H]2C,,0
CC(C)CCC[C@@H](C)[C@H]1CC[C@@H]2[C@]1(C)CC[C@H]1[C@@]23C[C@@H](O)[C@@]2(O)C[C@@H](OS(=O)(=O)O)CC[C@]12CO3,,0
CC(C)CCC[C@@H](C)[C@H]1CC[C@H]2C3C(=O)C=C4C[C@@H](OS(=O)(=O)O)CC[C@]4(C)[C@H]3CC[C@]12C,,0
CC(C)CCC[C@@H](C)[C@H]1CC[C@H]2C3C(=O)C[C@H]4C[C@H](NCCCn5ccnc5)CC[C@]4(C)[C@H]3CC[C@]12C,,0
CC(C)CCC[C@@H](C)[C@H]1CC[C@H]2[C@@H]3C(=NNC(=S)NC4CCCCC4)C=C4CCCC[C@]4(C)[C@H]3CC[C@]12C,,0
CC(C)CCC[C@@H](C)[C@H]1CC[C@H]2[C@@H]3C[C@@H](CI)C4=C(CC[C@H](O)C4)[C@H]3CC[C@]12C,,0
CC(C)CCC[C@@H](COS(=O)(=O)O)[C@H]1CC[C@H]2[C@@H]3CC=C4C[C@H](OS(=O)(=O)O)CC[C@]4(C)[C@H]3CC[C@]12C,,0
CC(C)CCC[C@](C)(O)[C@H]1CC[C@]2(C)[C@@H]1[C@H](O)C[C@@H]1[C@@]3(C)C[C@@H](O)[C@H](O)C(C)(C)[C@@H]3CC[C@]12C,,0
CC(C)CCN1C(=O)C(NC(=O)Nc2cccc(N(C)C)c2)C(=O)N(c2ccccc2F)c2ccccc21,,0
CC(C)CCNC(=O)C(c1ccncc1)N(CC1CCCO1)C(=O)Cn1nnc(-c2ccc(F)cc2)n1,,0
CC(C)CCNC(=O)C1CCC(CNS(=O)(=O)c2cccc3nsnc23)CC1,,0
CC(C)CN(C(=O)COC(=O)CSc1ccc(Br)cc1)C1CCS(=O)(=O)C1,,0
CC(C)CN(C(=O)CSc1nn(-c2ccc(Cl)cc2)c(=S)s1)C1CCS(=O)(=O)C1,,0
CC(C)CN(Cc1ccc(N2CCC(C#N)CC2)cc1)S(=O)(=O)Cc1ccccc1,,0
CC(C)CN(Cc1ccc(N2CCC3(CC2)COC3)cc1)S(=O)(=O)Cc1ccccc1,,0
CC(C)CN(Cc1ccc(N2CCC3(COC3)C2)cc1)S(=O)(=O)Cc1ccccc1,,0
CC(C)CN(Cc1ccc2c(c1)C=CC(C)(C)O2)S(=O)(=O)c1ccc(Oc2c(Cl)cccc2[N+](=O)[O-])cc1,,0
CC(C)CN(NC(=O)c1cc(-c2ccccc2)no1)c1nc(C#N)ncc1Br,,0
CC(C)CNC(=O)CC1(CC(=O)NC2C3CC4CC(C3)CC2C4)CCCC1,,0
CC(C)CNc1nc(NCc2ccc(C3CCCCC3)cc2)nc2c1ncn2CC(=O)OCOC(=O)C(C)(C)C,,0
CC(C)COC(=O)Nc1nc(-c2ccn3c(-c4cccc(NC(=O)NCC(F)(F)F)c4)cnc3c2)ncc1F,,0
CC(C)COc1cc(Nc2ccc(S(=O)(=O)N(C)C)cc2)n2ncc(C(C)C)c2n1,,0
CC(C)C[C@H](O)C[C@@H](C)[C@H]1CC[C@@]2(C)[C@@H]3CC[C@H]4[C@](C)(COS(=O)(=O)O)[C@@H](O)CC[C@@]45C[C@@]35CC[C@]12C,,0
CC(C)Cn1ccnc1/C=C1\CCC/C(=C\c2nccn2CC(C)C)C1=O,,0
CC(C)N(C(=O)C1CC(CC(=O)NCC23C[C@H]4C[C@@H](C2)C[C@@H](C3)C4)C(=O)N2CCc3c([nH]c4ccc(Cl)cc34)[C@]12C)C(C)C,,0
CC(C)N(C(=O)C1CC[C@H]2[C@@H]3C=C(F)C4=CC(C(=O)O)CC[C@]4(C)[C@H]3CC[C@]12C)C(C)C,,0
CC(C)N(CCO)Cc1nc(C(c2ccccc2)c2ccccc2)no1,,0
CC(C)N(Cc1ccc2c(c1)C=CC(C)(C)O2)S(=O)(=O)c1ccc(F)cc1,,0
CC(C)N1C(=O)C(CC(=O)N2CCC(N3Cc4ccccc4NC3=O)CC2)SC1c1ccccc1,,0
CC(C)N1C(=O)C(NC(=O)C(Cc2c(F)cccc2F)NC(=O)OC(C)(C)C)CCc2ccccc21,,0
CC(C)N1C(=O)C(NC(=O)C(Cc2ccccc2F)NC(=O)OC(C)(C)C)CCc2ccccc21,,0
CC(C)N1C(=O)C(NC(=O)C(Cc2ccccc2OC(F)(F)F)NC(=O)OC(C)(C)C)CCc2ccccc21,,0
CC(C)N1CCN(c2ccc(/C(=C(/CCCO)c3ccccc3)c3ccc(OS(C)(=O)=O)cc3)cc2)CC1,,0
CC(C)N1c2cc(Nc3nccc(-c4cccc(NC5CCCCC5)c4)n3)ccc2N(C)C(=O)C1C,,0
CC(C)NC(=O)N1CCCn2cnc(CN3CCCC3=O)c2C1,,0
CC(C)NC(=O)OCc1c(COC(=O)NC(C)C)c(-c2cc[n+](COC(=O)Cc3ccccc3)cc2)n2c1CCC2,,0
CC(C)Nc1ncc2nc(Nc3c(F)cc(F)cc3F)n(C3CCC(C(=O)N4CCOCC4)CC3)c2n1,,0
CC(C)OC(=O)N1CCC(Oc2ncnc3c2CCN3c2ccc([S@@+](C)[O-])c(F)c2)CC1,,0
CC(C)ON(C(CCNC(=O)OCc1ccccc1)C(O)=NO)S(=O)(=O)c1ccc(-c2ccccc2)cc1,,0
CC(C)Oc1ccc(-c2nc(-c3cccc4c3CC[C@H]4N(CCO)S(C)(=O)=O)no2)cc1C#N,,0
CC(C)Oc1ccc(-c2nc(-c3cccc4c3CC[C@H]4NS(=O)(=O)CC(=O)N(C)C)no2)cc1C#N,,0
CC(C)Oc1ccc(CN2CCc3cc(S(=O)(=O)Nc4ccc(CCCC5CCCC5)cc4F)ccc3C2)cc1,,0
CC(C)Oc1ccc(Cl)c(C2CC(=O)C(Sc3ccccc3Cl)C(=O)C2)c1Cl,,0
CC(C)Oc1ccc(NC(=S)N2CCC(C(O)(c3ccccc3)c3ccccc3)CC2)cc1,,0
CC(C)S(=O)(=O)N1CCC(Nc2cc(=O)[nH]c3ccc(C(c4ccc(Cl)cc4)c4nccs4)cc23)CC1,,0
CC(C)S(=O)(=O)N1CCN(c2cnn(C3CCCCC3)c(=O)c2OC2CCCC2)CC1,,0
CC(C)S(=O)(=O)c1ccccc1Nc1nc(N/N=C/c2ccc(F)cc2)ncc1Cl,,0
CC(C)[C@@H](C)[C@@]1(C)C[C@@H]1[C@@H](C)[C@H]1CC[C@H]2[C@@H]3[C@@H](O)C=C4C[C@@H](O)CC[C@]4(C)[C@@]3(O)[C@H](O)C[C@]12C,,0
CC(C)[C@@H]1CC[C@]2(C(=O)O)CC[C@]3(C)[C@H](CC[C@@H]4[C@@]5(C)CC[C@H](OC(=O)CC(C)(C)CC(=O)O)C(C)(C)[C@@H]5CC[C@]43C)[C@@H]12,,0
CC(C)[C@H](C)Nc1cc(-c2[nH]c([S@@+](C)[O-])nc2-c2ccc(F)cc2)ccn1,,0
CC(C)[C@]1(Cl)CC[C@@H]2[C@]3(C)CCC[C@@](C)(C(=O)O)[C@H]3C[C@H](Cl)[C@@]2(Cl)[C@H]1Cl,,0
CC(C)c1c(C(=O)N(C)Cc2cccc3ncccc23)cnn1-c1nccc(-c2ccco2)n1,,0
CC(C)c1c(C(=O)N2CCCCC2c2cccnc2)cnn1-c1nccc(-c2cccs2)n1,,0
CC(C)c1c(COC(N)=O)cn(Cc2ccncc2)c1Sc1cc(Cl)cc(Cl)c1,,0
CC(C)c1cc2c(c(O)c1O)[C@@]1(c3nnc(-c4ccc(Br)cc4)o3)CCCC(C)(C)C1CC2=O,,0
CC(C)c1ccc(/C=C/C(=O)Nc2nc3ccc([N+](=O)[O-])cc3s2)cc1,,0
CC(C)c1ccc2c(c1)C(=O)C[C@H]1[C@](C)(C(=O)NC(Cc3ccccc3)C(=O)Nc3ccccc3)CCC[C@]21C,,0
CC(C)c1ccc2c(c1)CC[C@H]1[C@](C)(C(=O)NC(Cc3ccccc3)C(=O)Nc3cccc(Cl)c3)CCC[C@]21C,,0
CC(C)c1ccc2c(c1)CC[C@H]1[C@](C)(C(=O)NC(Cc3cccnc3)C(=O)O)CCC[C@]21C,,0
CC(C)c1cccc(-n2c(C(=O)O)c(Oc3cccc(O)c3)c3ccccc32)c1,6.99,1
CC(C)c1ccccc1N1CCC(C(=O)Nc2ccc3c(c2)NC(=O)CO3)CC1,,0
CC(C)c1ccccc1SC1C(=O)CC(CCCCC(N)=O)(c2ccccc2)OC1=O,,0
CC(C)c1ccccc1Sc1ccc(-c2cc(N3CCCC(c4nn[nH]n4)C3)ncn2)cc1C(F)(F)F,,0
CC(C)c1nc(S(=O)(=O)N(C)c2cc(F)ccc2F)c[nH]1,,0
CC(C)c1nc2c(c(-c3ccc(F)cc3)c1/C=C/P(=O)(O)C[C@H](O)CC(=O)O)CCCc1ccccc1-2,,0
CC(C)c1nc2c(c(Nc3ccc(C(F)(F)F)nc3)n1)CCN(c1ncccc1S(C)(=O)=O)CC2,,0
CC(C)c1nn(-c2ccc(C(N)=O)cc2C2CC2)c2nccc(-n3cnc(-c4cccnc4)c3)c12,,0
CC(C)c1sc(-c2ccc(Cl)cc2)c(-c2ccc(F)cc2)c1/C=C/[C@@H](O)C[C@@H](O)CC(=O)O,,0
CC(C)n1c2ccc(Nc3cccnn3)cc2c2c3c(c4c(c21)CCc1nn(C)cc1-4)C(=O)NC3,,0
CC(C)n1cnc2c(NCc3ccccc3)nc(NCCCCCC#N)nc21,,0
CC(C=C/C=C(C)/C=C/C1=C(C)CCCC1(C)C)=CC=C1C(=O)CC(c2ccc(C(F)(F)F)cc2)CC1=O,,0
CC(CS)C(=O)NC(CSC(C)(C)c1ccc(C2CCCCC2)cc1)C(=O)O,,0
CC(F)(F)c1nc(-c2nc(NC3CCC(F)(F)C3)nc(NC3CCC(F)(F)C3)n2)cs1,,0
CC(NP(=O)(CO[C@H](C)Cn1cnc2c(N)ncnc21)Oc1cccc2ccccc12)C(=O)OCC(C)(C)C,,0
CC(Nc1c(F)ccc(Cl)c1F)c1cc(C(=O)N(C)C)cc2c(=O)cc(N3CCOCC3)oc12,,0
CC(Nc1nc2cc(-c3nc(=O)o[nH]3)nc(-c3cncc(Cl)c3)c2n1C[C@H]1CC[C@H](C)CC1)c1ccccn1,,0
CC(O)c1cn(C2CCN(C(=O)C3(C)CCCCC3)CC2)nn1,,0
CC(OC(=O)C1CCN(S(=O)(=O)c2ccc(F)cc2)CC1)C(=O)NC1CCCCC1C,,0
CC(OC(=O)NCC(F)(F)C(F)(F)F)C(=O)NC1C(=O)N(C)c2ccccc2-c2ccccc21,,0
CC(OC(=O)c1ccc(S(=O)(=O)NCc2ccco2)cc1)C(=O)Nc1ccccc1,,0
CC(Sc1nnc(Nc2ccccc2)s1)C(=O)NC1CCCc2ccccc21,,0
CC(c1ccc2ncc(-c3ccc(F)cc3)cc2c1)n1nnc2ncc(-c3cnn(C)c3)nc21,,0
CC1(C(=O)N(CCCC(=O)O)Cc2ccc3c[nH]nc3c2)CCN1C(=O)c1csc2ccccc12,,0
CC1(C)C(=O)CC[C@]2(C)C3=C(CC[C@@H]12)[C@@]1(C)CC[C@@H](C(CCC(N)=O)C(=O)OCc2ccccc2)[C@]1(C)CC3,,0
CC1(C)C(=O)N(c2ccc(C#N)c(C(F)(F)F)c2)C(=O)N1CCCCc1cn(CCCCCCC(O)=NO)nn1,,0
CC1(C)C=C2C(C(=O)C1)C(c1cn(-c3ccccc3)nc1-c1ccc(F)cc1)CC(=O)N2c1ccc(F)cc1,,0
CC1(C)C=Cc2c(cc3oc(-c4ccccc4Cl)c(CCC(C)(O)c4ccc(F)cc4)c(=O)c3c2O)O1,,0
CC1(C)C=Cc2cc(CN(c3ccc(F)cc3)S(=O)(=O)c3ccc([N+](=O)[O-])cc3)ccc2O1,,0
CC1(C)C=Cc2cc(OCc3ccc([N+](=O)[O-])c(F)c3)c(OCc3ccc([N+](=O)[O-])c(F)c3)cc2O1,,0
CC1(C)CC(=O)C(C(c2cc([N+](=O)[O-])ccc2Cl)C2C(=O)CC(C)(C)CC2=O)C(=O)C1,,0
CC1(C)CC(=O)C(C(c2ccc(Cl)c([N+](=O)[O-])c2)C2C(=O)CC(C)(C)CC2=O)C(=O)C1,,0
CC1(C)CC[C@]2(C(=O)O)CC[C@]3(C)C(=CC[C@@H]4[C@@]5(C)CC[C@H](O)[C@](C)(CO)[C@@H]5CC[C@]43C)[C@@H]2C1,,0
CC1(C)CC[C@]2(C)CC[C@]3(C(=O)O)C(=CC[C@@H]4[C@@]5(C)CC[C@@H](O)[C@@](C)(C=O)[C@@H]5CC[C@]43C)[C@@H]2C1,,0
CC1(C)CC[C@]2(C)CC[C@]3(C)C(=CC[C@@H]4[C@@]5(C)CC[C@H](OC(=O)CCC(=O)O)C(C)(C)[C@@H]5CC[C@]43C)[C@@H]2C1,,0
CC1(C)CC[C@]2(CO)[C@H](O)C[C@]3(C)[C@H](C(O)C[C@@H]4[C@@](C)(CCCO)[C@H](C(C)(C)O)CC[C@]43C)[C@@H]2C1,,0
CC1(C)CC[C@]2(COC(=O)CC(=O)O)CC[C@]3(C)C(=CC[C@@H]4[C@@]5(C)CCC(=O)C(C)(C)[C@@H]5CC[C@]43C)[C@@H]2C1,,0
CC1(C)CCc2c(C(=O)Nc3cnn([C@H](c4ccccc4)C4CCCCS4(=O)=O)c3)n[nH]c2C1,,0
CC1(C)CN(c2c3c(nc4ccc(Cl)cc24)C(C)(C)CC3)c2cc(N3CCOCC3)ccc21,,0
CC1(C)OC(=O)c2cc(C(=CCCO)c3cc(Cl)c4c(c3)C(=O)OC(C)(C)O4)cc(Cl)c2O1,,0
CC1(C)O[C@H]2O[C@H](Cn3cc(C4=CCCCC4)nn3)[C@H](O)[C@H]2O1,,0
CC1(C)Oc2ccccc2-c2ccc3c(c21)C(=O)N(c1ccc(C(=O)c2ccccc2)cc1)C3=O,,0
CC1(COc2ncc(N3C(=O)C4(CC4)c4cc5c(NS(=O)(=O)C6CC6)noc5cc43)cc2Cl)CC1,,0
CC1(O)CN(C(=O)c2ccc(-c3cc4c(-c5cccc(N6CCOc7cc(C8CC8)cc(F)c7C6=O)c5CO)ccnc4[nH]3)nc2)C1,,0
CC1(OC(=O)CCc2ccccc2)C(=O)C=C2C=C(c3ccc(C#N)cc3)N(Cc3ccc4c(c3)OCO4)C=C2C1=O,,0
CC1(c2ccccc2Cl)NC(=O)N(CC(=O)Nc2ccc(N3CCCCC3)cc2)C1=O,,0
CC12CCN(C(=O)Cn3c[n+](CC(=O)c4ccccc4)c4ccccc43)C1N(Cc1ccccc1)c1ccccc12,,0
CC12COC3(P(=O)(c4ccccc4)c4ccccc4)CC1CCC23CP(=O)(c1ccccc1)c1ccccc1,,0
CC1=C(/C=C/C(C)=C/C=C/C(C)=C/C(=O)N2CCN(c3ccc(C)cc3)CC2)C(C)(C)CCC1,,0
CC1=C(C(=O)Nc2cc(Cl)ccc2Cl)C(CC2CCN(C(=O)OC(C)(C)C)CC2)C2C(=O)CCCC2=N1,,0
CC1=C(C(=O)Nc2ccc(F)cc2)C(c2ccc(Cl)cc2)n2c(s/c(=C/c3ccccc3Cl)c2=O)=N1,,0
CC1=C(C(=O)O)CC[C@@]2(C)C1=CCC1C3CCC(C(=O)N(C(C)C)C(C)C)[C@@]3(C)CCC12,,0
CC1=C(CC(=O)OCCCCO[N+](=O)[O-])c2cc(F)ccc2C1=Cc1ccc([S+](C)[O-])cc1,,0
CC1=C(CC[C@]2(C)O[C@H]2CC[C@]2(C)CC[C@@H](C(C)C(=O)O)OO2)C(C)(C)CCC1,,0
CC1=C2C3=C(CC[C@]2(C)[C@@H]([C@H]2CC[C@](CO)(C(C)C)OC2)C1)[C@@]1(C)CC[C@H](O)C(C)(C)[C@@H]1CC3,,0
CC1=C2[C@H]3OC(=O)C4(C[C@@H](c5ccc([N+](=O)[O-])cc5)N(c5ccccc5)O4)[C@@H]3CC[C@@]2(C)C=CC1=O,,0
CC1=CC(=O)C[C@H]2[C@](C)(CCC3=CCOC3=O)[C@H](COS(=O)(=O)c3ccc(C)cc3)CC[C@]12C,,0
CC1=CC(=O)N(Nc2nc(-c3cccs3)nc3sc(-c4ccc(OCC5CCCO5)cc4)c(C)c23)C1=O,,0
CC1=CCC[C@H]2[C@@]1(C)[C@@H](OC(=O)c1ccccc1)[C@H](OC(=O)C(C)C)[C@](C)(O)[C@]2(C)/C=C/C1=CC(=O)OC1,,0
CC1=CCC[C@H]2[C@](C)(Cc3cc(O)c(Sc4ccccc4)c(Sc4ccccc4)c3O)[C@@H](C)CC[C@]12C,,0
CC1=CC[C@H]2[C@H](CC[C@]2(C)O)C(C)(C)[C@@H]1CC[C@H]1[C@]2(C)CC[C@H](OC(=O)c3ccc([N+](=O)[O-])o3)C(C)(C)O[C@H]2CC[C@@]1(C)O,,0
CC1=CC[C@H]2[C@H](CC[C@]2(C)O)C(C)(C)[C@@H]1CC[C@H]1[C@]2(C)CC[C@H](OC(=O)c3ccccc3[N+](=O)[O-])C(C)(C)O[C@H]2CC[C@@]1(C)O,,0
CC1=CSC2=NC(/C=C/c3ccc(Cl)cc3)=C(C(=O)/C=C/c3ccc(Cl)cc3)C(c3ccc(Cl)cc3)N12,,0
CC1=NC(C)=C(C(=O)OC(C)C)C(c2ccc(C)o2)C1C(=O)OC(C)C,,0
CC1=NC(C)=C(C(=O)OC2CCCCC2)C(c2[nH]cnc2Cl)C1C(=O)OC1CCCCC1,,0
CC1=Nc2c(C(=O)Nc3ccc(F)cc3)cnn2C(c2ccc([N+](=O)[O-])cc2)C1C(=O)Nc1ccc(C)cc1C,,0
CC1=Nc2cc(C3CC3)nn2[C@H](c2ccc(Cl)c(Cl)c2)C1C(=O)N1CCC[C@H]1c1cc(C)no1,,0
CC1C(=O)N(Cc2cn(CC3CCCCC3)nn2)CCS(=O)(=O)N1Cc1ccc(-c2ccc(F)cc2)cc1,,0
CC1C(=O)N(Cc2cn(Cc3ccco3)nn2)CCS(=O)(=O)N1Cc1ccc(-c2ccc(Cl)c(Cl)c2)cc1,,0
CC1CC/C(=C\c2ccc(F)cc2)C2=C1C(c1ccc(F)cc1)n1c(s/c(=C\c3ccc(Cl)cc3)c1=O)=N2,,0
CC1CCC(C(=O)N(c2cc(C#CC(C)(C)C)sc2C(=O)O)[C@H]2CC[C@H](Oc3ccc(=O)[nH]n3)CC2)CC1,,0
CC1CCC(C(=O)N(c2cc(C#CC(C)(C)C)sc2C(=O)O)[C@H]2CC[C@H](Oc3ccccn3)CC2)CC1,,0
CC1CCC(C(C)C)c2c(-c3c(O)cc(C=Cc4ccc(O)c(O)c4)oc3=O)c(C=O)c(O)c(O)c21,,0
CC1CCCN(c2nc3c(c(=O)n(C)c(=O)n3C)n2CCSc2nc3ccccc3s2)C1,,0
CC1CN(c2cnc3c(C(F)(F)F)nn(C(C)c4ccc(Cl)cc4Cl)c3n2)CCC1N1CCCCC1,,0
CC1CN(c2nc(SCCc3ccc(NC(=O)C(F)(F)F)cc3)c(C#N)c3c2COC(C)(C)C3)CC(C)O1,,0
CC1[C@H](/C=C/c2ccc(-c3ccccc3C#N)cn2)C2[C@@H](C)OC(=O)[C@]2(C(O)c2cocn2)CC1(F)F,,0
CC=C(C[C@@H](C)CO)C(=O)C(C)[C@H]1[C@@H](OC(C)=O)C[C@H]2[C@@H]3CC=C4C[C@@H](OC(C)=O)CC[C@]4(C)[C@H]3CC[C@@]21C,,0
CC=CC=CC(=O)OCc1cc(OC)c2c(c1-c1c(COC(=O)C=CC=CC)cc(OC)c3c1OCO3)OCO2,,0
CCC(=O)C1=C(c2ccc(OC)c(OC)c2)N(C(=O)CC)n2c(CC)nnc2S1,,0
CCC(=O)N1c2ccc(S(=O)(=O)CCC(=O)N3CCn4c3nc3ccccc34)cc2CC1C,,0
CCC(=O)N1c2ccc(S(=O)(=O)N3CCN(c4cc(C)ccc4C)CC3)cc2CC1C,,0
CCC(=O)N1c2ccc(S(=O)(=O)N3CCN(c4ccc(Cl)cc4)CC3)cc2CC1C,,0
CCC(=O)N[C@H]1COC[C@H]1Nc1ncc2cc(-c3c(Cl)c(OC)cc(OC)c3Cl)c(=O)n(C)c2n1,,0
CCC(=O)Nc1ccc(S(=O)(=O)c2ccc(NC(=O)CC)cc2)cc1,,0
CCC(=O)OCC(=O)[C@@]1(OC(=O)CC)[C@H](C)C[C@H]2[C@@H]3CC=C4CC(=O)C=C[C@]4(C)[C@@]3(F)[C@@H](O)C[C@@]21C,,0
CCC(=O)O[C@@H]1CC(C)(C)C[C@H]2C3=CC[C@@H]4[C@@]5(C)CCC(=O)C(C)(C)[C@@H]5CC[C@@]4(C)[C@]3(C)CC[C@@]12C(=O)OC,,0
CCC(=O)O[C@@H]1CC[C@@]2(C)[C@@H](CC[C@]3(C)[C@@H]2CC=C2[C@@H]4[C@@H](C)[C@H](C)CC[C@]4(C)CC[C@]23C)[C@@]1(C)C(=O)O,,0
CCC(=O)O[C@H]1CC[C@@]2(C)[C@@H](CC[C@]3(C)[C@@H]2CC=C2[C@@H]4[C@@H](C)[C@H](C)CC[C@]4(C)CC[C@]23C)[C@@]1(C)C(=O)O,,0
CCC(=O)c1c(Nc2cc(Cl)cc(Cl)c2)[nH]c2c(Cl)ccc([N+](=O)[O-])c2c1=O,,0
CCC(C)C(=O)OC1C2CC3=C4CC(=O)OC(c5ccoc5)[C@]4(C)CCC3[C@@](C)(C2=O)C(CC(=O)OC)C1(C)C,,0
CCC(C)C(=O)O[C@H]1C[C@H]2[C@@H](CC[C@@H]3C[C@H](O)CC[C@@]32C)[C@@H]2CCC([C@H](C)C[C@@H]3C[C@@H](O)CC(=O)O3)[C@@]12C,,0
CCC(C)C(=O)O[C@H]1[C@@H]2[C@@]3(C)CCC(=O)C[C@@H]3CC[C@]23O[C@@]32CCC(C(C)=O)[C@@]2(C)[C@@H]1OC(C)=O,,0
CCC(C)C(=O)c1coc2c3c(c(O)cc12)[C@@H](O)[C@@H]1[C@@]2(C)CC[C@H](C(C)(C)O)O[C@@H]2CC[C@@]1(C)O3,,0
CCC(C)CN1CC=C(CCC/C(C)=C/C=C/[C@@H](C)CC/C=C(/C)Cc2oc(O)c(C)c2O)C1=O,,0
CCC(C)N(C(=O)CSc1nc(-c2cccs2)nc2ccccc12)C1CCS(=O)(=O)C1,,0
CCC(C)N(C(=O)CSc1nnc(-c2cccs2)n1C1CC1)C1CCS(=O)(=O)C1,,0
CCC(C)c1cc(C=CC(=O)c2ccccc2)cc(C=NCCNc2ccnc3cc(Cl)ccc23)c1O,,0
CCC(C)c1cc(C=CC(=O)c2cccs2)cc(C=NCCNc2ccnc3cc(Cl)ccc23)c1O,,0
CCC(C)c1ccc(NC(=O)CC(C)=NNC(=O)c2cnccn2)cc1,,0
CCC(C)c1ccc(NC(=O)N2CCN(c3ncccc3Cl)CC2)cc1,,0
CCC(C)n1ncn(-c2ccc(N3CCN(c4ccc(OC[C@H]5CO[C@@](C)(c6ccc(Cl)cc6Cl)O5)cc4)CC3)cc2)c1=O,,0
CCC(CC)(c1ccc(F)cc1)c1ccc(/C=C/[C@@H](O)C[C@@H](O)CC(=O)O)c(C(C)C)c1,,0
CCC(CC)C(=O)O[C@H]1[C@@H](C)C[C@]2(OC(C)=O)C(=O)C(C)=CC3[C@H](CC/C(C)=C/[C@@H]12)C3(C)C,,0
CCC(CC)CNC(=O)c1cnc2c(cnn2CC)c1NC1CCOCC1,,0
CCC(CC)N1C(=O)[C@@](C)(CS(C)(=O)=O)C[C@H](c2cccc(Cl)c2)[C@H]1c1ccc(Cl)cc1,,0
CCC(CC)Nc1cc(C)nc2c1NC(=O)CN2c1ccc(Cl)cc1Cl,,0
CCC(CC)Nc1nc(Nc2cccnc2)nc2cc(OC)c(OC)cc12,,0
CCC(CC)n1ccnc1/C=C/C(=O)/C=C/c1nccn1C(CC)CC,,0
CCC(NC(=O)c1ccc2c(ccn2Cc2ccc(F)cc2F)c1)c1ccccc1,9.0,1
CCC(Oc1ccc2[nH]nc(-c3nc4cc(N5CCCCC5)ccc4[nH]3)c2c1)c1c(Cl)cncc1Cl,,0
CCC/C=C/c1ccc(CN2C(C)C(=O)N(Cc3cn(Cc4ccco4)nn3)CCS2(=O)=O)cc1,,0
CCC1(O)CC(=O)OCc2c1cc1n(c2=O)Cc2c-1nc1ccccc1c2/C=N/c1ccc(C(C)=O)cc1,,0
CCC1(c2ccccc2)NC(=O)N(CC(=O)Nc2ccc(S(=O)(=O)N3CC(C)CC(C)C3)cc2)C1=O,,0
CCC1=C(OC(=O)N(CC)CC)N2C(=O)O/C(=N\Cc3ccccc3)[C@]2(C)[C@H]2C1=CCc1c2c(O)n(-c2ccccc2)c1O,,0
CCC1=CCC2=CC(=O)O[C@@H](O[C@@H]3O[C@H](CC)[C@@H](OC(=O)C(C)(C)C)[C@H](OC(=O)C(C)(C)C)[C@H]3OC(=O)C(C)(C)C)[C@H]12,,0
CCC1C(=O)c2c(oc(-c3ccc(C)c(Cl)c3)cc2=O)C(CC)(CC)C1=O,,0
CCC1CCCCCN1C(=O)c1cc(C#N)c(SC)[nH]c1=O,,0
CCC1CCCCN1S(=O)(=O)c1ccc(S(=O)(=O)N(Cc2ccccn2)CC2CCCO2)cc1,,0
CCC=Cc1oc(O)c2c1CC[C@@H]1[C@@H]3CCC4=C(C(=O)OC45[C@H](CCC)[C@@H](CCC)[C@@]54OC(=O)C5=C4CCC=C5)[C@@H]3[C@H]21,,0
CCCC(=O)O/N=C1\c2ccccc2-c2c1c(-n1ccnc1)nc1ccc(Br)cc21,,0
CCCC(=O)O[C@@H]1CC(C)(C)C[C@H]2C3=CC[C@@H]4[C@@]5(C)CCC(=O)C(C)(C)[C@@H]5CC[C@@]4(C)[C@]3(C)CC[C@@]12C(=O)O,,0
CCCC(=O)O[C@@H]1[C@@H]2[C@@H](OC(=O)CCC)[C@]3(CC[C@H]4C(=CC(C)C(=O)[C@@]2(OC(=O)CCC)C[C@@H]1C)C4(C)C)CO3,,0
CCCC(=O)O[C@H]1CC[C@@]2(C)C(=CC[C@@H]3[C@@H]2CC[C@]2(C)C(C(=O)Cn4cncn4)=CC[C@@H]32)C1,,0
CCCC(=O)O[C@]1(C(=O)SCCl)[C@@H](C)CC2C3CC=C4CC(=O)C=C[C@]4(C)[C@@]3(F)[C@@H](O)C[C@@]21C,,0
CCCC(CC(=O)O)C1=C2OC(=O)C(C(=O)C(C)CC)C(=O)C2(CC=C(C)C)CC(CC=C(C)C)C1(C)C,,0
CCCC(c1nnnn1Cc1ccc(OC)cc1)N1CCN(c2ccccc2OC)CC1,,0
CCCC1(CCC)O[C@H]2[C@H](OC(=O)C=Cc3ccc(O)c(O)c3)C[C@]3(C[C@H]2O1)OC(CCC)(CCC)OC3=O,,0
CCCC=C1C=C2C(=CO1)C(=O)C(C)(OC(=O)CC)C(=O)C2OC(C)=O,,0
CCCC=Cc1ccc(CN2C(C(C)C)C(=O)N(Cc3cn(Cc4ccco4)nn3)CCS2(=O)=O)cc1,,0
CCCC=c1ncc(=Cc2c(O)n(CCCC)c(=O)n2Cc2ccsc2)n1Cc1ccc(C(=O)OC)cc1,,0
CCCCC#CC(O)C12C[C@@H]3[C@H](C)CC[C@H]3C3(C=O)CC1C=C(C(C)C)[C@@]23C(=O)O,,0
CCCCC(=O)N(c1ccc(Nc2c3ccccc3nc3cc(NC(C)=O)ccc23)cc1)S(C)(=O)=O,,0
CCCCC(=O)NC(c1ccc([N+](=O)[O-])cc1)c1c(O)ccc2ccccc12,,0
CCCCC(=O)OCc1cc(OC)c2c(c1-c1c(COC(=O)CCCC)cc(OC)c3c1OCO3)OCO2,,0
CCCCC(C(=O)OC)[C@@]12C(=O)C(C(=O)CCC)C(=O)[C@@](CC=C(C)C)(C[C@H](CC=C(C)C)C1(C)C)C2=O,,0
CCCCC(C)/C=C(\C)C(=O)O[C@@H]1CCC(C(=O)ONC(C(=O)OC)c2ccccc2)[C@@]2(C)CC(=C(C)C=O)C(=O)C=C12,,0
CCCCC(CC(O)=NO)S(=O)(=O)c1ccc(Br)cc1,,0
CCCCC=CCCCC(=O)c1n[nH]c2c(O)n(-c3ccc([N+](=O)[O-])cc3)c(O)c12,,0
CCCCCC(=O)N1CC(O)C(n2cc(COC(=O)c3ccccc3)nn2)CC1c1ccc(Cl)cc1,,0
CCCCCC(=O)OC[C@@]1(C)[C@H]2CC[C@@]3(C)OC(C4=CCOC4=O)CC3[C@]2(C)CC[C@H]1OC(=O)CCCCC,,0
CCCCCC(=O)OC[C@H]1O[C@@H]2[C@@H](Oc3nc(=N)ccn32)[C@@H]1OC(=O)CCCCC,,0
CCCCCC(=O)OCc1c([C@@](O)(CC)C(=O)NC(C)C)cc2n(c1=O)Cc1cc3ccccc3nc1-2,,0
CCCCCC(=O)O[C@H]1CC[C@]2(C)C3C(=O)C=C4C5[C@@H](C)[C@H](C)CC[C@]5(C)CC[C@@]4(C)[C@]3(C)CC[C@H]2[C@@]1(C)C(=O)O,,0
CCCCCC(=O)O[C@H]1c2cc3c(c(OC)c2-c2c(cc(OC)c(OC)c2OC)C(C(=O)c2ccccc2)[C@@](C)(O)[C@H]1C)OCO3,,0
CCCCCC(=O)SC[C@H](COP(=O)(O)OC)SC(=O)CCCCC,,0
CCCCCC(=O)c1ccc(C2[C@H](O)C[C@@H](Cl)[C@@H]2C/C=C\CCCC(=O)O)cc1,,0
CCCCCC(C)NC(=O)c1cc(S(=O)(=O)N2CCCCC2)ccc1N1CCOCC1,,0
CCCCCCC(=O)OC1(C)c2ccccc2-c2c1c(-n1ccnc1)nc1ccc(Br)cc21,,0
CCCCCCC(=O)OC[n+]1ccc(-c2c(COC(=O)NC(C)C)c(COC(=O)NC(C)C)c3n2CCC3)cc1,,0
CCCCCCC(=O)OC[n+]1cccc(-c2c(COC(=O)NC(C)C)c(COC(=O)NC(C)C)c3n2CCC3)c1,,0
CCCCCCCC(=O)/N=c1\c2c3c(ccc2cc2n1CCc1cc4c(cc1-2)OCO4)OCO3,,0
CCCCCCCC(=O)OCC(=O)[C@@]1(O)CC[C@H]2[C@@H]3CC=C4CC(=O)CC[C@]4(C)[C@H]3[C@@H](O)C[C@@]21C,,0
CCCCCCCC(O[N+](=O)[O-])C1=CC(=C(Br)Br)OC1=O,,0
CCCCCCCC=CCCc1c(O)c(O)c2c(c1O)OC(C)(C)C1COc3ccc(Br)cc3C21,,0
CCCCCCCCC#Cc1cn(CCC(COC(C)=O)COC(C)=O)c(=O)n(C(=O)c2ccccc2)c1=O,,0
CCCCCCCCCCCCCCC(=O)NC1CCN(C(=O)C2Sc3ccccc3N(CC)C2=O)CC1,,0
CCCCCCCCCCCCCC[C@@H](C)[C@@H]1OC(=O)C(C)NC(=O)CN(C)C(=O)/C=C/C(C)=NC(=O)C1C,,0
CCCCCCCCCCOP(=O)(O)OCCSC(=S)N1CCCC1,,0
CCCCCCCCCC[C@@H](C)CCC[C@@]1(C)C=C/C(=C2/C(=O)OC(CC(=O)O)C2=O)O1,,0
CCCCCCCCCS[C@H](C)[C@](O)(Cn1cncn1)c1ccc(F)cc1F,,0
CCCCCCCCN1C(=O)C(CC(=O)N2CCOCC2)C[C@@]2(C(=O)OCC)CCCC=C12,,0
CCCCCCCCN1C(=O)C(CC(=O)NCC23CC4CC(CC(C4)C2)C3)C[C@@]2(C(=O)OCC)CCCC=C12,,0
CCCCCCCCSc1nnc(CSc2nc3nc(C)cc(C)n3n2)o1,,0
CCCCCCCC[C@H]1CC[C@@H](OC)c2c1c(=O)c(OC)c(C)n2OC,,0
CCCCCCCN(Cc1ccc(N(CC)CC)cc1)S(=O)(=O)c1ccc(C)cc1,,0
CCCCCCN(Cc1ccc(C#Cc2ccc(CCCC)cc2)cc1)c1ccc(O)c(C(=O)O)c1,,0
CCCCCCSc1nnc(-c2cnn(-c3ccccc3)c2-n2cccc2)n1C,,0
CCCCCCc1c2[n+](cc3c(OC)c(OC)ccc13)CCc1cc(OC)c(OC)cc1-2,,0
CCCCCCc1cc2c(=O)n(CCSc3nc(-c4cc(OC)c(OC)c(OC)c4)c(C#N)c(=O)[nH]3)cnc2s1,,0
CCCCCCn1c(Sc2ccc(C#N)c([N+](=O)[O-])c2)nnc1-c1ccc(N(C)C)cc1,,0
CCCCCN(CCCC)C(=O)C1CCC[C@H]1[C@@H]1C/C=C/C=C(/C#N)[C@H](O)[C@@H](C)C[C@H](C)C[C@H](C)C[C@H](C)[C@@H](O)CC(=O)O1,,0
CCCCCS(=O)(=O)NC(=O)/C=C/c1ccc(OCCOC)cc1Oc1ncc(C(F)(F)F)cc1Cl,6.48,1
CCCCCS(=O)(=O)c1oc(-c2cccs2)nc1S(=O)(=O)c1ccc(C)cc1,,0
CCCCC[C@@H](C)N1C[C@@H](COCc2ccccc2)Oc2cc(N3CCC[C@H]3CO)ccc2S1(=O)=O,,0
CCCCC[C@@H](C)N1C[C@@H](COCc2ccccc2)Oc2cc(N3CC[C@H](O)C3)ccc2S1(=O)=O,,0
CCCCC[C@@H]1[C@H]2c3c(c(O)n(-c4ccccc4)c3O)CC(=O)C2[C@H](c2ccccc2)N1S(=O)(=O)c1ccc(C)cc1,,0
CCCCC[C@H](C)N1C[C@H](COCc2ccccc2)Oc2cc(N3CC[C@@H](O)C3)ccc2S1(=O)=O,,0
CCCCC[C@H](O)/C=C/[C@@H]1[C@H]2CC(CCCCC(=O)OC)=C[C@H]2C[C@H]1O,,0
CCCCCc1nc2c(c(=O)c3ccccc3n2C)c(=O)n1C1CCCCCC1,,0
CCCCCn1c(COc2c(OC)ccc3cc4[n+](cc23)CCc2cc3c(cc2-4)OCO3)nc2ccccc21,,0
CCCCN(C(=O)c1cc(S(=O)(=O)N2CCOCC2)ccc1N1CCOCC1)c1ccccc1,,0
CCCCN(C(C)=O)[C@H]1CCC2C3CC[C@H]4N(C)C(=O)CC[C@]4(C)C3CC[C@@]21C,,0
CCCCN(C)C(=O)Cn1ncc2c3ccccc3n(CCC)c2c1=O,,0
CCCCN(C1CCS(=O)(=O)C1)S(=O)(=O)c1cc(C)ccc1C,,0
CCCCN(CCCC)C(=O)c1nn(-c2ccc(O)cc2C(=O)N2Cc3ccccc3C[C@H]2CO)c(C)c1Cl,,0
CCCCN(CCCC)C1=C(C(=O)c2ccccc2)N(C)S(=O)(=O)c2ccccc21,,0
CCCCN(CCCC)c1nc2c(ncn2-c2ccccc2)c(=O)n1-c1ccccc1,,0
CCCCN(c1nc2c(NS(C)(=O)=O)cccc2o1)[C@H](C)c1ccc(-c2ccccc2-c2nn[nH]n2)cc1,,0
CCCCN(c1sc2ccccc2c1C(=O)N(C)C)S(=O)(=O)c1ccc(C(=O)OC)cc1,,0
CCCCN1/C(=C/C=C/c2sc3c4ccccc4ccc3[n+]2CCCC)Sc2c1ccc1ccccc21,,0
CCCCN1C(=O)C(=C/C=C/C=C2\Oc3ccccc3N2CCCS(=O)(=O)O)C(=O)N(CCCC)C1=S,,0
CCCCN1C(=O)C(=O)N(CC(=O)Nc2sc(C)c(CC)c2C(=O)OCC)C1=O,,0
CCCCN1C(=O)c2cccc3cc(NC(=O)C4C[C@@H](P(=O)(OCC)OCC)N(C)O4)cc(c23)C1=O,,0
CCCCN1C(=S)N(c2ccccc2Cl)C(=O)CC1[C@H]1O[C@@H]2OC(C)(C)O[C@@H]2[C@H]1OC,,0
CCCCN1Cn2c(=O)c(C(=O)OCC)c(O)c3sc4nc(SC)nc1c4c32,,0
CCCCN=C1C(=O)c2c(NCCCC)c(F)c(F)c(F)c2C(=O)C1F,,0
CCCCNC(=O)C1(C)CCN1C(=O)c1ccc2ccccc2n1,,0
CCCCOC1CCC([N+](=O)[O-])=C2N(Cc3ccc(Cl)nc3)CCN21,,0
CCCCS(=O)(=O)NC[C@@H]1CCC[C@@]2(S(=O)(=O)c3ccc(Cl)cc3)c3c(F)ccc(F)c3OC[C@@H]12,,0
CCCCSc1oc(C)nc1[P+](c1ccccc1)(c1ccccc1)c1ccccc1,,0
CCCC[C@@H](c1ccc(F)cc1)N(CCC)c1nc(-c2ccc(Cl)cc2OC)n(C)n1,,0
CCCC[C@@]12O[C@]34CCCC=C3C(=O)O[C@@]43[C@H](CCC)[C@H]4C=C(C(=O)N1[C@H](C)c1ccccc1)[C@]32CC4,,0
CCCC[C@H](c1ccc(F)cc1)N(CCC)c1nc(-c2ccc(Cl)cc2OC)n(C)n1,,0
CCCC[C@]12O[C@@]34CCCC=C3C(=O)O[C@]43[C@@H](CCC)[C@@H]4C=C(C(=O)N1[C@H](C)c1ccccc1)[C@@]32CC4,,0
CCCC[N+](C)(C)CC(=O)NC[C@H]1CN(c2ccc(N3CCOCC3)c(F)c2)C(=O)O1,,0
CCCCc1c[n+](Cc2ccc(-c3ccccc3-c3nn[n-][nH+]3)cc2)cn1Cc1ccc(-c2ccccc2-c2nn[nH]n2)cc1,,0
CCCCc1ccc(N2C(=O)CC([C@H]3O[C@@H]4OC(C)(C)O[C@@H]4[C@H]3OC)N(Cc3ccccc3)C2=O)cc1,,0
CCCCc1ccc(N2C(=O)CC([C@H]3O[C@@H]4OC(C)(C)O[C@@H]4[C@H]3OC)N(c3ccco3)C2=O)cc1,,0
CCCCc1nc(Cl)c(C=NN2C(=O)c3cccc4c(N5CCOCC5)ccc(c34)C2=O)n1Cc1cccc(F)c1,,0
CCCCn1c(=N)c(S(=O)(=O)c2ccc(Br)cc2)cc2c(=O)n3cccc(C)c3nc21,,0
CCCCn1c(=O)c2c(nc3n2CCCN3CCc2ccc(O)cc2)n(CCCC)c1=O,,0
CCCCn1c(C)cc2c(c1=O)[C@H]1O[C@](c3ccsc3)(Cc3ccccc31)O2,,0
CCCCn1c(Cc2cc(OC)c(OC)c(OC)c2)nc2c(N)ncnc21,,0
CCCCn1c(SCC(=O)N2CCOCC2)nnc1-c1ccoc1C,,0
CCCCn1c(SCc2cccnc2)nc2c1c(=O)n(C)c(=O)n2C,,0
CCCCn1cc(S(=O)(=O)c2ccc(C)c(C)c2)c(=O)c2cc(F)c(N3CCCC(C)C3)cc21,,0
CCCCn1cc(S(=O)(=O)c2ccccc2)c(=O)c2cc(F)c(N3CCC(C)CC3)cc21,,0
CCCCn1cc[n+](C2=C([N-]S(=O)(=O)c3ccc(Br)cc3)C(=O)c3ccccc3C2=O)c1,,0
CCCCn1cnc2c(SCc3ccc([N+](=O)[O-])cc3)nc(N)nc21,,0
CCCN(CC1CC1)C(=O)c1c(CC)nc2n1CCCN2c1c(C)cc(C)cc1C,,0
CCCN(CC1CC1)c1cc(C(=O)Nc2ccc3[nH]cnc3c2)ncn1,,0
CCCN(CC1CC1)c1cc(C(=O)Nc2ccc3[nH]ncc3c2)ncn1,,0
CCCN(CC1CCOC1)c1c(OC)nn2c(-c3cnc(N(C)C)cc3OC)csc12,,0
CCCN(CC1CCOC1)c1c(OCC)nn2c(-c3c(OC)cc(COC)cc3OC)csc12,,0
CCCN(CCC)C(=O)C1CCCN(C(=O)Nc2ccc3nc(-c4ccco4)c(-c4ccco4)nc3c2)C1,,0
CCCN(CCC)c1c(CC)nc(-c2c(C)cc(C)cc2OC)n(C)c1=O,,0
CCCN(CCC)c1ccc(C)c2nc(-c3c(OC)cc(COC)cc3OC)c(C)cc12,,0
CCCN(CCC)c1cccc2nc(Oc3c(OC)cc(COC)cc3OC)c(C)cc12,,0
CCCN(c1c(OC)nn2c(-c3c(Cl)cc(COC)cc3OC)csc12)C1CCOCC1,,0
CCCN1/C(=C/C=C2\CCCC(/C=C/C3=[N+](CCC)c4ccccc4C3(C)C)=C2Cl)C(C)(C)c2ccccc21,,0
CCCN1c2ccc(C#N)cc2N=C(c2ccc(C(=O)O)cc2)c2cc3c(cc21)C(C)(C)CCC3(C)C,,0
CCCNC(=O)Cn1c(=O)/c(=C/c2ccc(-c3cccc([N+](=O)[O-])c3)o2)s/c1=C\C(=O)C(C)(C)C,,0
CCCNS(=O)(=O)c1ccc2c3c(cccc13)C(=O)N2CC,,0
CCCNc1nnc(SCC(=O)N(Cc2cccc([N+](=O)[O-])c2)c2ccc(F)cc2)s1,,0
CCCO/N=C/c1cc(C)c(OCCCCCN2CCN(c3ccncc3)C2=O)c(C)c1,,0
CCCO/N=C1\CC[C@]2(C)C3C(=O)C=C4C5C[C@](C)(C(=O)O)CC[C@]5(C)CC[C@@]4(C)[C@]3(C)CC[C@H]2C1(C)C,,0
CCCOC(=O)N1CCc2c(OCCc3nc(-c4ccccc4)oc3C)ccc(CCC(=O)O)c2C1,7.96,1
CCCOC1CC(C)C([N+](=O)[O-])=C(N(C)Cc2ccc(Cl)nc2)N1C,,0
CCCOC1C[C@H](O)C[C@@H](C=Cc2c(-c3ccc(F)cc3)nc(N(C)S(C)(=O)=O)nc2C(C)C)O1,,0
CCCOc1c(Br)cc(C2C3=C(CCCC3=O)N(CC)C3=C2C(=O)CCC3)cc1OC,,0
CCCOc1c(C(=O)NN=C(C)c2nccs2)sc(C(=O)NN=C(C)c2nccs2)c1OCCC,,0
CCCOc1c(OC)c(OC)cc2c1C(=O)[C@]1(OC)C=C[C@H]2N(C(=O)OCC(C)C)N1C(=O)OCC(C)C,,0
CCCOc1nc2ccccc2cc1-c1cc(C(C)C)c2ccc(N3CCOCC3)nc2c1,,0
CCCP(=O)(Cc1cccc(Nc2cc(-c3cccc([N+](=O)[O-])c3)ncn2)c1)OCC,,0
CCCS(=O)(=O)N(CC)c1cccc2c3nc4ccc(N(CC)CC)cc4sc-3c/c(=N\CC)c12,,0
CCCS(=O)(=O)Nc1ccc(F)c(Nc2ccc3ncn(Cc4ccccc4)c(=O)c3c2)c1Cl,,0
CCCSc1nc(NN=Cc2c[nH]c3ccccc23)c2nnn(Cc3ccccc3)c2n1,,0
CCCSc1nc(Sc2nnnn2-c2ccccc2)c2ncc(=O)n(CC3CCCCC3)c2n1,,0
CCC[C@H]1CN(c2nc(CO)cs2)C[C@@H]1NC(=O)C1(COC)CC1,,0
CCC[C@H]1O[C@H](COCc2ccc(F)cc2)[C@@H](OCc2ccc(F)cc2)[C@H](OCc2ccc(F)cc2)[C@H]1O,,0
CCCc1c(Cn2ccnc2-c2ncccc2F)ncn2nc(N(CCC)CCC)nc12,,0
CCCc1c(Cn2ccnc2-c2ncccc2F)ncn2nc(N3CCCC3)nc12,,0
CCCc1c(OCCCCOc2ccc3c(ccn3CC(=O)O)c2)ccc2c(C(F)(F)F)noc12,6.98,1
CCCc1c(OCCCNc2ccc(CC(=O)O)cc2)ccc2c(C(F)(F)F)noc12,6.99,1
CCCc1c(OCCCSc2ccc(CC(=O)O)cc2Cl)ccc2c(CC)noc12,6.96,1
CCCc1cc(Oc2ccc(C(C)(C)C)cc2)ccc1OCCCOc1cccc(-c2sc(=O)[nH]c2O)c1,6.47,1
CCCc1cc(Oc2ccc(C3CCCC3)cc2)ccc1OCCCOc1cccc(-c2sc(=O)[nH]c2O)c1,6.48,1
CCCc1cc2c(oc(=O)n2CC)c(CCC)c1OC(C(=O)O)c1ccc(C(C)C)cc1,7.0,1
CCCc1ccccc1OCCCOc1cccc(-c2oc(=O)[nH]c2O)c1,6.47,1
CCCc1cnc(N2CCC(C3Cc4c(F)c(C5=CCN(S(=O)(=O)CCC)CC5)cc(F)c4O3)CC2)nc1,,0
CCCc1cnc(N2CCC(Oc3cc(C)n(-c4ccc(S(C)(=O)=O)cc4)c(=O)c3)CC2)nc1,,0
CCCc1nc2ccccc2n1CC(=O)N1N=C(c2ccc(Cl)cc2)CC1c1ccco1,,0
CCCc1nn(C)c2c(Nc3ccc(Cl)cc3)nc(/C=C/c3cc(OC)c(OC)c(OC)c3)nc12,,0
CCCn1c(=O)c2[nH]c(-c3ccc(N)cc3)cc2n(CCC)c1=O,,0
CCCn1c(=O)c2[nH]c(-c3cnn(-c4ccccc4)c3C(F)(F)F)nc2n(CCC)c1=O,,0
CCCn1c(=O)c2[nH]c(-c3cnn(CC4CC(=O)N(c5ccc(C(F)(F)F)cc5)C4)c3)nc2n(CC)c1=O,,0
CCCn1c(=O)c2[nH]c(-c3cnn(CC4CC(=O)N(c5ccc(F)cc5)C4)c3)nc2n(CCC)c1=O,,0
CCCn1c(=O)c2[nH]c(-c3cnn(Cc4noc(-c5ccccc5C(F)(F)F)n4)c3)nc2n(CCC)c1=O,,0
CCCn1c(=O)c2[nH]c(C=Cc3cc(OC)c(OC)c(OC)c3)nc2n(CCC)c1=O,,0
CCCn1c(=O)c2sccc2n2c(CCCC(=O)N3CCN(c4cccc(C)c4C)CC3)nnc12,,0
CCCn1c(N)c(Sc2ccc(Cl)cc2)c(=O)n(CCC)c1=O,,0
CCCn1c(SCC(=O)N2CCCC(C)C2)nnc1-c1cccnc1,,0
CCCn1c(SCC(=O)NC(C)C23CC4CC(CC(C4)C2)C3)n[nH]c1=O,,0
CCCn1c(SCC(=O)Nc2nc3ccc(OC)cc3s2)nnc1-c1ccncc1,,0
CCCn1c(SCC2=NC(=O)NC(C)C2C(=O)OCC)nc2sc3c(c2c1=O)CCC(C(C)(C)CC)C3,,0
CCCn1c(SCCSc2c3ccccc3c(-c3nc(F)nc(F)n3)n2CCC)c2ccccc2c1-c1nc(F)nc(F)n1,,0
CCCn1cc(S(=O)(=O)c2ccc(CC)cc2)c(=O)c2cc(F)c(N(CC)CC)cc21,,0
CCCn1nc2c(c1Nc1nc(-c3ccc(-n4cnc(C)c4)c(OC)n3)cs1)CCCC2,,0
CCN(C(=O)C1CCCN(c2ncnc3c2nc2n3CCCCC2)C1)c1cccc(Cl)c1,,0
CCN(C(=O)CSc1nc2cc(Cl)ccc2c(=O)n1CC(C)C)C1CCS(=O)(=O)C1,,0
CCN(C(=O)CSc1nnc(-c2c[nH]c3ccccc23)n1C1CC1)C1CCS(=O)(=O)C1,,0
CCN(C(=O)CSc1nnc(-c2ccccc2Cl)n1C1CCCC1)C1CCS(=O)(=O)C1,,0
CCN(C(=O)Oc1ccc(F)cc1)[C@@H]1CN(C(=O)C2CCN(C(=O)C3CCOC(C)(C)C3)CC2)C[C@H]1c1ccc(Cl)cc1,,0
CCN(C(=O)Oc1ccc(F)cc1)[C@@H]1CN(C(=O)C2CCN(C(=O)c3ccc(F)cn3)CC2)C[C@H]1c1ccc(Cl)c(F)c1,,0
CCN(C(=O)c1cc2c([nH]c1=O)CCCC2=O)C1CCCCC1,,0
CCN(C(C)=O)c1ccc(OC)c2nc(NC(=O)c3ccc(S(C)(=O)=O)cc3)sc12,,0
CCN(C)C(=O)c1ccc(-c2ccc3c(n2)Oc2ccccc2[C@H]3C(C)(C)C(=O)Nc2nncs2)cc1,,0
CCN(C1CCCCC1)S(=O)(=O)c1ccc(S(=O)(=O)N(CC(=O)Nc2ccccc2)C2CC2)cc1,,0
CCN(CC)C(=O)C(C)[C@H]1CC[C@@H](C[C@@H](C)n2cc(C#CCOc3cccc(OC)c3OC)nn2)O1,,0
CCN(CC)C(=O)C1Sc2ccccc2-c2[nH]c3ccc(NC(C)=O)cc3c21,,0
CCN(CC)C(=O)COC(=O)C1=NN(c2cc(C)ccc2C)C(=O)CC1,,0
CCN(CC)C(=O)O[C@@H](C)/C=C\C(=O)N[C@H]1CO[C@@H](C/C=C(C)/C=C/[C@@H]2C[C@]3(CO3)CC(C)(C)O2)OC1,,0
CCN(CC)C(=O)c1ccc(-c2c3ccc(=[N+](C)C)cc-3sc3c4c5c(cc23)CCCN5CCC4)s1,,0
CCN(CC)C(=O)c1sc2c(c1C)c(=O)n(-c1ccccc1)c(=O)n2CC(=O)N(CC)c1cccc(C)c1,,0
CCN(CC)C(=S)c1ccc(-c2c3ccc(=[N+](C)C)cc-3sc3c4c5c(cc23)CCCN5CCC4)s1,,0
CCN(CC)CC/C=C/c1ccc2c(Nc3ccc(Sc4nccn4C)c(Cl)c3)c(C#N)cnc2c1,,0
CCN(CC)CCNc1nc(C=Cc2ccc(Cl)cc2)nc2cc3ccccc3cc12,,0
CCN(CC)P(=O)(Nc1ccccc1Br)c1ccc(N(C)C)cc1NC(=O)c1ccco1,,0
CCN(CC)P(=O)(OCCC(OC(C)=O)OC(C)=O)N(CCCl)CCCl,,0
CCN(CC)S(=O)(=O)c1cc(-c2nnc(-c3ccc(Br)cc3)o2)ccc1Cl,,0
CCN(CC)S(=O)(=O)c1cc(NC(=O)C(=O)c2c(-c3ccccc3)cc3ccccn23)ccc1C,,0
CCN(CC)S(=O)(=O)c1ccc(C)c(NC(=O)CSc2nc3cc(C)ccc3[nH]2)c1,,0
CCN(CC)S(=O)(=O)c1ccc(N2CCOCC2)c(NC(=O)CCC2CCCCC2)c1,,0
CCN(CC)S(=O)(=O)c1ccc(NC2c3ccccc3C(=O)N2Cc2ccc3c(c2)OCO3)cc1,,0
CCN(CC)S(=O)(=O)c1ccc2c(c1)c(=O)c(C(=O)N1CCN(c3cc(C)ccc3C)CC1)cn2C,,0
CCN(CC)c1ccc(-c2ccc(-c3nc4[nH]c(O[C@@H]5CO[C@H]6[C@@H]5OC[C@H]6O)nc4cc3Cl)cc2)cc1,,0
CCN(CC)c1ccc(/C=N/CCc2ccc(S(N)(=O)=O)cc2)cc1,,0
CCN(CC)c1ccc(C(c2ccc(N(CC)CC)cc2)c2ccc([N+](=O)[O-])cc2)cc1,,0
CCN(CC)c1ccc(C(c2ccc(N(CC)CC)cc2)c2cccc([N+](=O)[O-])c2)cc1,,0
CCN(CC)c1ccc(C2=NN(C(C)=O)C(c3cc(OC)c(OC)c(OC)c3)C2)cc1,,0
CCN(CC)c1ccc(C=C(c2nnnn2-c2ccc(C)cc2)c2nnnn2-c2ccc(C)cc2)cc1,,0
CCN(CC)c1ccc(CN(C(=O)Cc2ccccc2)[C@]23C[C@H]4C[C@H](C[C@H](C4)C2)C3)cc1,,0
CCN(CC)c1ccc(CN(C2CCCCC2)S(=O)(=O)c2ccc(OC)cc2)cc1,,0
CCN(CC)c1ccc(CN(Cc2ccccc2)S(=O)(=O)c2ccc(C)cc2)cc1,,0
CCN(CC)c1ccc(CN(c2ccc(Cl)cc2)S(=O)(=O)c2ccccc2)cc1,,0
CCN(CC)c1ccc(CS[C@H]2CC(=O)C=C3CC[C@@H]4[C@H](CC[C@]5(C)C(=O)CC[C@@H]45)[C@]32C)cc1,,0
CCN(CC)c1ccc(NC(=O)C2CCN(S(=O)(=O)c3c(C)noc3/C=C/c3ccccc3F)CC2)c(C)c1,,0
CCN(CC)c1ccc(NC(=O)Cc2csc(NC(=O)c3cc(OC)cc(OC)c3)n2)c(C)c1,,0
CCN(CC)c1ccc(S(=O)(=O)N(CCC2CC2)c2sc3ccccc3c2C)cc1,,0
CCN(CC)c1ccc2c(C#N)c(-c3nc4ccccc4s3)c(=O)oc2c1,,0
CCN(CC)c1ccc2cc(C(=O)c3ccc(N4CCN(S(=O)(=O)c5ccc(Br)cc5)CC4)cc3)oc2c1,,0
CCN(CC)c1nc(C)c(C(=S)Nc2cc([N+](=O)[O-])ccc2Cl)s1,,0
CCN(CCCNC(=O)CC(C(=O)N1CCc2ccccc21)n1ccnc1)c1ccccc1,,0
CCN(Cc1ccc(Cl)nc1)c1c([N+](=O)[O-])sc(=N)n1C,,0
CCN(Cc1ccccc1)c1ccc(C(Cc2cc[n+]([O-])cc2)c2ccc(OC(F)F)c(OC(F)F)c2)cn1,,0
CCN(c1cc2nn(-c3ccc(NCC(C)C)cc3)c(C(=O)NC)c2cc1C1CC1)S(C)(=O)=O,,0
CCN1CC2(CCN(C(=O)c3nn4c(C(F)(F)F)cc(C5CC5)cc4c3Cl)CC2)OC1=O,,0
CCN=c1cc2oc3cc(NCCCO)c4cc5ccccc5cc4c3nc-2cc1C,,0
CCNc1cc(F)cc2c1[nH]c1ncc(-c3cncnc3)c(-n3ccc(C(F)(F)F)n3)c12,,0
CCNc1cc(S(C)(=O)=O)ccc1C(=O)N1CCOc2ccc(-c3ccc4[nH]cnc4c3)cc2C1,,0
CCNc1nnc(SCC(=O)N(Cc2cccc([N+](=O)[O-])c2)c2ccc(F)cc2)s1,,0
CCO/C(CC1=CC[C@H]2[C@@H]3CCc4cc(OC(C)=O)ccc4[C@H]3CC[C@]12C)=N/S(=O)(=O)c1ccc(C)cc1,,0
CCO/C=N/C1=C(C#N)C(c2ccc(Cl)cc2)C2=C(CC(C)(C)CC2=O)N1c1ccc(S(N)(=O)=O)cc1,,0
CCOC(=O)/C(=C/C=C1\Sc2cc(OCC)c(OCC)cc2N1CC)C(C)=O,,0
CCOC(=O)C1=C(C)N=C(C)C(C(=O)OCC)C1c1ccc(OCC(=O)Nc2ccc(C)cc2)cc1,,0
CCOC(=O)C1=C(COCCNc2cc(=O)[nH]cn2)N=C(C)C(C(=O)OC)C1c1cccc(Cl)c1Cl,,0
CCOC(=O)C1=Cc2ccccc2OC1(OCc1cn(CC(=O)Nc2ccccc2Br)nn1)C(F)(F)F,,0
CCOC(=O)C1C(c2ccccc2Cl)N(N=O)C(c2ccccc2Cl)C(C(=O)OCC)S1(=O)=O,,0
CCOC(=O)C1CCC(CN(Cc2ccc(Cl)cc2)S(=O)(=O)c2ccc(Br)cc2)CC1,,0
CCOC(=O)C1CCC(CN(Cc2ccccc2)S(=O)(=O)c2ccc(Br)cc2)CC1,,0
CCOC(=O)C1CCCN(C(=O)C2CCN(S(=O)(=O)c3c(C)noc3/C=C/c3ccccc3F)CC2)C1,,0
CCOC(=O)C1CCc2c(sc(NC(=O)c3cc(S(=O)(=O)N(CC)CC)ccc3Cl)c2C#N)C1,,0
CCOC(=O)C1N=C(c2ccc(Br)cc2O)O[C@@H]1C,,0
CCOC(=O)CCCCc1c2[n+](cc3c(OC)c(OC)ccc13)CCc1cc(OC)c(OC)cc1-2,,0
CCOC(=O)CN(Cc1cc(F)cc(F)c1)c1ccc2c(c1)N(C)CC(C)(COc1ccc(C#N)cc1)O2,,0
CCOC(=O)COc1c(Br)cc(/C=C2\SC(=O)N(CC(=O)N3CCCC3)C2=O)cc1OC,,0
CCOC(=O)COc1c(Cl)c(C)c(C=O)c(OC)c1C/C=C(C)/C=C/[C@]1(C)C(C)C(=O)CC[C@H]1C,,0
CCOC(=O)CSc1nc2cc(-n3nc(C)n(C(F)F)c3=O)c(Br)cc2s1,,0
CCOC(=O)CSc1nnc(Cn2c(=O)sc3ccccc32)n1C,,0
CCOC(=O)Cn1nncc1-c1nc(-c2ccc(F)cc2)c(-c2ccncc2)n1C,,0
CCOC(=O)N1C2CCC1CC(c1ccnc3c(-c4ccc(F)c(F)c4)c(-c4ccncc4)nn13)C2,,0
CCOC(=O)NC1C(=O)[C@]2(C)[C@@H]([C@H](C)CCC(=O)OC)CC[C@H]2[C@@H]2[C@H](OC(C)=O)C[C@@H]3C[C@H](OC(C)=O)CC[C@]3(C)[C@@H]12,,0
CCOC(=O)[C@]1(C)CCC[C@@]2(C)[C@@H]3CC[C@@]4(C)C[C@]3(CC[C@@H]21)C[C@H]4OS(=O)(=O)c1ccc(C)cc1,,0
CCOC(=O)[C@]12CCC=C1N(CCC1=CCCCC1)C(=O)C(CC(=O)N1CCN(C(=O)C3CC3)CC1)C2,,0
CCOC(=O)[C@]12CCCC=C1N(CCC1=CCCCC1)C(=O)C(CC(=O)NCc1ccc(C)o1)C2,,0
CCOC(=O)[C@]12CCCC=C1N(Cc1ccco1)C(=O)C(CC(=O)NCC13CC4CC(CC(C4)C1)C3)C2,,0
CCOC(=O)[C@]12CCCC=C1N(Cc1ccco1)C(=O)C(CC(=O)NCCC(C)C)C2,,0
CCOC(=O)c1c(C)oc2ccc(N(C(=O)c3ccncc3)S(=O)(=O)c3ccc(F)cc3C)cc12,,0
CCOC(=O)c1c(CSc2nc(C)cc(C)c2C#N)n(C)c2cc(Br)c(OC(C)=O)cc12,,0
CCOC(=O)c1c(NC(=O)C(C)Sc2c[nH]c3ccccc23)sc2c1CCC2,,0
CCOC(=O)c1c(NC(=O)C2Cc3ccccc3CN2S(=O)(=O)c2cccs2)sc2c1CCCC2,,0
CCOC(=O)c1c(NC(=O)CN2C(=O)NC3(CCC(C)CC3)C2=O)sc(C)c1-c1ccc(C)cc1,,0
CCOC(=O)c1c(NC(=O)CN2C(=O)NC3(CCCCC3)C2=O)sc(C)c1-c1ccc(C)cc1,,0
CCOC(=O)c1c(NC(=O)CSc2nnc(CNc3ccc(Cl)cc3)o2)sc(C)c1C,,0
CCOC(=O)c1c(S(=O)(=O)N2CCCC(C(=O)N(C)Cc3ccccc3)C2)c(C)n(C)c1C,,0
CCOC(=O)c1cc(=O)c2cc(CSC(=S)N3CCCCC3)ccc2o1,,0
CCOC(=O)c1ccc(CN(Cc2ccc(F)cc2)S(=O)(=O)c2ccc(F)cc2)cc1,,0
CCOC(=O)c1cccc(NC(=O)C2CCN(S(=O)(=O)c3c(C)noc3/C=C/c3ccc(C)cc3)CC2)c1,,0
CCOC(=O)c1cn(CCCCCCCCCCCCI)nn1,,0
CCOC(=O)c1csc(-c2csc(-c3csc([C@@H](NC(=O)OC(C)(C)C)[C@@H](C)OC(C)(C)C)n3)n2)n1,,0
CCOC(=O)c1sc(N(Cc2cncn2Cc2ccc(C#N)cc2)C(=O)OC(C)(C)C)c(C#N)c1-c1ccc(Cl)cc1,,0
CCOC(=O)c1sc2[nH]c(CSCC(=O)OCc3ccc(C(=O)OC)o3)nc(=O)c2c1C,,0
CCOC(=O)c1scc(-c2ccc(C)cc2)c1S(=O)(=O)N1CCN(c2ccccc2F)CC1,,0
CCOC(COC)c1nc2cc(-c3nc(=O)o[nH]3)nc(-c3cncc(Cl)c3)c2n1C(C)[C@H]1CC[C@H](C)CC1,,0
CCOC(Cc1ccc2c(ccn2Cc2nc(-c3ccccc3C)oc2C)c1)C(=O)O,6.5,1
CCOC1=C2[C@H](c3ccccc3)N(S(=O)(=O)c3ccc(C)cc3)[C@H](C(C)C)[C@H]2C(C#N)(C#N)C(C#N)(C#N)C1,,0
CCOCC#Cc1ccc(-c2c(C)c(C(=O)NN3CCCCC3)nn2-c2ccc(Cl)cc2Cl)s1,,0
CCOCCCNc1nc2c(C)cccn2c(=O)c1C=C1SC(=S)N(C(C)CC)C1=O,,0
CCOCCSc1nnc(-c2nnn(-c3ccccc3Cl)c2-c2nnc(SCCOCC)o2)o1,,0
CCOCO[C@H](C)C1C(=O)N2C(C(=O)OCc3ccc([N+](=O)[O-])cc3)=CS[C@@H]12,,0
CCOP(=O)(Cc1ccc(Nc2ncc3scc(-c4ccccc4OC)c3n2)cc1)N1CCOCC1,,0
CCOP(=O)(OCC)/C(C#N)=C/c1coc2cc(C)cc(C)c2c1=O,,0
CCOP(=O)(OCC)C(Nc1ccc(Br)cc1)c1cccc([N+](=O)[O-])c1,,0
CCOP(=O)(OCC)C(Nc1ccc(Cl)cc1[N+](=O)[O-])c1ccc(Cl)cc1,,0
CCOP(=O)(OCC)C(Nc1cccc([N+](=O)[O-])c1)c1ccc(N(C)C)cc1,,0
CCOP(=O)(OCC)C(Nn1c(C)nc2sc(CC)cc2c1=O)c1ccc([N+](=O)[O-])cc1,,0
CCOP(=O)(OCC)[C@@H]1C[C@@H](CN2C(=O)c3cccc4cc(NC(C)=O)cc(c34)C2=O)ON1C,,0
CCOP(=S)(OCC)OC(=NN=C1C(=O)Nc2ccccc21)c1ccc(OP(=S)(OCC)OCC)cc1,,0
CCOP(=S)(OCC)SCCN1C(=O)c2ccccc2C1=O,,0
CCOP(C)(=O)c1ccc(C(=O)Nc2ccc(C)c(Nc3nccc(-c4cccnc4)n3)c2)cc1,,0
CCO[C@H]1C[C@@]2(C)[C@@H](C[C@@H](O)[C@H]3[C@@]4(C)CC[C@@H](O)[C@@H](C)[C@@H]4CC[C@@]32C)/C1=C(\CCC=C(C)C)C(=O)O,,0
CCO[C@H]1OC(OC)C23CCC[C@@]1(C(=O)OC)[C@@H]2CC[C@H]1[C@@H](C)C2=CC(=O)O[C@]2(OCC)C[C@@H]13,,0
CCO[C@H]1O[C@@H]([C@H](O)C(C)(C)O)C[C@H]1[C@@H]1CC[C@]2(C)C3=CC[C@H]4C(C)(C)C(=O)CC[C@]4(C)[C@H]3CC[C@@]12C,,0
CCOc1c(Br)cc(/C=C2\CCC/C(=C\c3ccc([N+](=O)[O-])cc3)C2=O)cc1OC,,0
CCOc1cc(/C=C(\C#N)C(=O)Nc2ccccc2C)ccc1OCc1cc(=O)n2nc(CC)sc2n1,,0
CCOc1cc(/C=C2\SC(=S)N(c3cccc(F)c3)C2=O)ccc1OC(=O)c1cccs1,,0
CCOc1cc(=O)n(C)cc1-c1cc(N(CC2CCOCC2)S(=O)(=O)CC)ccc1Oc1ccc(F)cc1F,,0
CCOc1cc(CN2CCC(c3nc(-c4ccc(F)cc4)c[nH]3)CC2)cc(OCC)c1-c1ccc(F)cc1,,0
CCOc1cc(C[C@H]2COC(O)[C@@H]2Cc2cc(OC)c(OC)c(OC)c2)cc2c1OCO2,,0
CCOc1cc(N2CCOCC2)c(OCC)cc1NC(=O)c1[nH]c(C)c(C(C)=O)c1C,,0
CCOc1cc2c(Nc3cc(OC)c(Cl)cc3Cl)c(C#N)cnc2cc1C#Cc1cccc(CN(C)C)n1,,0
CCOc1ccc(-c2nc(N(CC)CC)sc2-c2cc(OC)c(OC)c(OC)c2)cc1,,0
CCOc1ccc(-c2ncsc2-c2cc(OC)c(OC)c(OC)c2)cc1,,0
CCOc1ccc(-c2nnc(COC)n2-c2ccc(OC)nc2)cc1C,,0
CCOc1ccc(-n2c(SCc3nc(-c4ccc(OC)cc4)no3)nnc2-c2ccncc2)cc1,,0
CCOc1ccc(/C=C/C(=O)C2CC[C@H]3[C@@H]4C[C@@H]5O[C@@]56C[C@@H](O)CC[C@]6(C)[C@H]4CC[C@]23C)cc1OC,,0
CCOc1ccc(Br)cc1-c1noc(-c2cccs2)n1,,0
CCOc1ccc(C(C#N)c2c(Br)cnn(Cc3cccc4ccccc34)c2=O)cc1,,0
CCOc1ccc(C2C(C(=O)Nc3ccc(C)cc3C)C(C)=Nc3c(C(=O)Nc4ccc(C)cc4)cnn32)cc1OC,,0
CCOc1ccc(Cl)c(OCC)c1C(=O)NCC1CCCN1CC,,0
CCOc1ccc(N2CSC3=C(C#N)C(c4ccco4)CC(=O)N3C2)cc1,,0
CCOc1ccc(NC(=O)C2=C(C)N=C(C)C(C(=O)Nc3ccc(OCC)cc3)C2c2ccc([N+](=O)[O-])cc2)cc1,,0
CCOc1ccc(NC(=O)C2CCC(CNc3c(N4CCC(C)CC4)c(=O)c3=O)CC2)cc1,,0
CCOc1ccc(NC(=O)C2CCC(CNc3c(N4CCCCC4)c(=O)c3=O)CC2)cc1,,0
CCOc1ccc(NC(=O)C2CCCN(c3nn4cc(-c5ccc(OC)cc5)nc4s3)C2)cc1,,0
CCOc1ccc(NC(=O)CCCNC(=O)Cn2cnc3sc(C)c(C)c3c2=O)cc1,,0
CCOc1ccc(Nc2nc(Cc3nnc(SCC(=O)N(CC)CC)n3C)cs2)cc1,,0
CCOc1ccc(Nc2nc(Cc3nnc(SCC(=O)NC4CCCCC4)n3C)cs2)cc1,,0
CCOc1ccc2nc(Sc3nc(Nc4cccc(C)c4)nc(Nc4cccc(C)c4)n3)sc2c1,,0
CCOc1cccc2c1/C(=C(/CC)c1cccc(N(CC)S(C)(=O)=O)c1)c1ccccc1OC2,,0
CCOc1ccccc1C1=NN(c2ccc(Br)cc2)C(c2ccc(Cl)cc2)C1,,0
CCOc1ccccc1CNC(=O)C1CCN(S(=O)(=O)c2c(C)noc2/C=C/c2ccccc2F)CC1,,0
CCOc1ccccc1N(CC(=O)Nc1ccccc1Br)S(=O)(=O)c1ccccc1,,0
CCOc1ccccc1N1CC(c2nc3ccccc3n2Cc2c(C)cc(C)cc2C)CC1=O,,0
CCOc1ccccc1NC(=O)CCCCCn1c(O)c2n(c1=O)Cc1ccccc1C2,,0
CCOc1nc(-c2ccc(C)cc2)ccc1-c1noc(-c2cccnc2)n1,,0
CCOc1nc(-c2ccc(OC)cc2)c(Sc2ccc(Cl)cc2)c(-c2ccc(N(C)C)cc2)c1C#N,,0
CCOc1nc2ccc(C(O)(c3cncs3)c3cncn3C)cc2cc1Cc1ccc(OC)cc1,,0
CCOc1nn2c(NC)n[n+](CC(=O)c3cc(N4CCOCC4)c(OC)c(C(C)(C)C)c3)c2c(C)c1C,,0
CCS(=O)(=O)N1CCC(CNc2nc3cnc(-c4c(C)ncnc4C4CC4)nc3n([C@@H](C)C3CC3)c2=O)CC1,,0
CCS(=O)(=O)NC[C@H]1CC[C@H](Nc2nc(C3(F)CCCC3)no2)CC1,,0
CCS(=O)(=O)Nc1ccc(Oc2ccc(F)cc2F)c(-c2cn(C)c(=O)c3[nH]cc(C=O)c23)c1,,0
CCS(=O)(=O)c1ccc(COC[C@@H]2C[C@@H]2C2CCN(c3ncc(COC)cn3)CC2)c(F)c1,,0
CCS(=O)(=O)c1cccc(-c2ccc(-c3nnc(C4(c5ccc(Cl)cc5)CCC4)n3C)c(Cl)c2)c1,,0
CCS(=O)(=O)c1ccccc1-c1ccc(-c2nnc(C3(c4ccc(Cl)cc4)CCC3)n2C)c(Cl)c1,,0
CCS(=O)(=O)c1ncc(N(Cc2ccc(F)cc2)Cc2ccco2)c(C(=O)Nc2cc(C)ccc2C)n1,,0
CCSC1SC(c2ccccc2)(c2ccccc2)c2ccccc21,,0
CCSc1nc(-c2cc(OC)c(OC)c(OC)c2)c(-c2ccc(OC)c(OC)c2)[nH]1,,0
CCSc1ncc(Cl)c(C(=O)N(Cc2ccc(N(C)C)cc2)C2CCS(=O)(=O)C2)n1,,0
CCSc1nnc2c(n1)O[C@@H](c1cc(Br)ccc1OC)N(C(=O)CC)c1ccccc1-2,,0
CC[C@@H](C)OC(=O)C1(c2nc3c(OC)ccc(-c4ccc5c(c4)COC5=O)n3n2)CC1,,0
CC[C@@H](NC(=O)c1ccc2c(c1)c(C)c(C)n2Cc1ccc(-c2ccccc2C(=O)O)cc1)c1ccccc1,9.89,1
CC[C@@H](c1ccc(F)cc1)N1CCCc2c(-c3ccc(-n4cnc(C)c4)c(OC)c3)noc21,,0
CC[C@@H]1[C@@H](C)OCCN1c1nc2cc(-c3nc(=O)o[nH]3)nc(-c3cncc(Cl)c3)c2n1C[C@H]1CC[C@H](C)CC1,,0
CC[C@H](C)OC(=O)C1(c2nc3c(OC)ccc(-c4ccc5c(c4)COC5=O)n3n2)CC1,,0
CC[C@H]1CN(S(=O)(=O)c2cccs2)CCN1c1ccc(C(O)(C(F)(F)F)C(F)(F)F)cc1,,0
CC[C@H]1O[C@@H](/C(C)=C/[C@H](C)/C=C/[C@H]2[C@@H](C)[C@@H]2/C=C/[C@@H]2O[C@H](CC(=O)OC)C[C@H](OC=O)[C@H]2OC=O)CC=C1C,,0
CC[Si](CC)(CC)O[C@]1(C)CCC2=C(C)CC[C@H]3/C(=C\c4ccccc4F)C(=O)O[C@@H]3[C@H]21,,0
CCc1c(C(=O)c2ccccc2)n(CC2CC=CC2)c(=O)[nH]c1=O,,0
CCc1c(C2CC2)nc([C@@H](C)N(CCS(=O)(=O)CC)C(=O)Cc2ccc(F)c(C(F)(F)F)c2)n1-c1ccc(C#N)cc1,,0
CCc1c2[n+](cc3c(OCc4cc(C)ccc4[N+](=O)[O-])c(OC)ccc13)CCc1cc(OC)c(OC)cc1-2,,0
CCc1cc(-c2nnn(CCC3COCCO3)c2C(C)(C)O)ccc1-c1cn(CCc2c[nH]c3ccccc23)nn1,,0
CCc1cc(C(F)(F)F)ccc1C(=O)NCc1cccc(Oc2ccc(OC(C)(C)C(=O)O)c(C)c2)c1,8.0,1
CCc1cc(C(N)=O)c(NC(=O)c2ccc([N+](=O)[O-])cc2)s1,,0
CCc1cc2c(cc1F)c(C#N)c(-c1ccc(S(=O)(=O)N[C@@H](C)C(F)(F)F)cn1)n2-c1nccs1,,0
CCc1cc2c(cc3c(=O)n(CC(=O)N4CCN(c5cc(Cl)ccc5C)CC4)nc(CC)n32)s1,,0
CCc1ccc(-n2c(O)c3c(c2O)C(c2ccco2)N(c2ccccc2)O3)cc1,,0
CCc1ccc(/C=C2\SC(=S)N(CCCC(=O)Nc3ccc(C(=O)O)cc3)C2=O)cc1,,0
CCc1ccc(N(CC(C)C)S(=O)(=O)c2ccc(NCC3CCOCC3)c(S(C)(=N)=O)c2)cc1,,0
CCc1ccc(O[C@H](C)CCOc2ccc(CCC(=O)O)c(CC)c2)c(-c2ccccn2)c1,7.46,1
CCc1ccc2c(c1)S/C(=c1/s/c(=C\c3scc[n+]3Cc3ccc(C(F)(F)F)o3)n(CC)c1=O)N2C,,0
CCc1ccccc1N(CC(=O)NCc1ccco1)C(=O)CCC(=O)Nc1nccs1,,0
CCc1ccccc1N(Cc1nnc(Cc2ccc(Cl)cc2)o1)S(=O)(=O)c1ccc(C)cc1,,0
CCc1ccccc1N1C(=O)N(Cc2ccccc2C)c2ccccc2S1(=O)=O,,0
CCc1ccccc1NC(=O)CCNS(=O)(=O)c1ccc2c(c1)CCN2C(=O)C1CC1,,0
CCc1ccccc1NC(=O)CN1C(=O)CCc2cc(S(=O)(=O)N3CCCCC3)ccc21,,0
CCc1ccccc1NC(=O)CSC1=C(C#N)C(c2ccc3c(c2)OCO3)C2C(=O)CCCC2=N1,,0
CCc1cnc(N2C[C@H]3CC(C(=O)NCC(C)C)[C@@H](C2)O3)nc1,,0
CCc1nc2c(C)cn(Cc3ccccc3C#N)c(=O)c2n1[C@H]1CCc2cc(-c3ccccc3-c3nn[nH]n3)ccc21,,0
CCc1nc2c(C)cn(Cc3ccccc3C)c(=O)c2n1[C@H]1CCc2cc(-c3ccccc3-c3nn[nH]n3)ccc21,,0
CCc1nc2ccc(C(=O)N(C)Cc3ccco3)cn2c1N(CC)Cc1cccc(Br)c1,,0
CCc1nc2ccccc2n1CCCCSc1nnc(-c2ccc(Cl)cc2)o1,,0
CCc1nc2ccn(Cc3ccccc3C#N)c(=O)c2n1[C@H]1CCc2cc(-c3ccccc3-c3nn[nH]n3)ccc21,,0
CCc1nccnc1-c1ccc2c(c1)CCC(c1cccnc1)N2C(=O)c1ccc(O)cc1O,,0
CCc1ncnc(-c2ccc(C(=O)N3CCC(C(C)(C)O)CC3)c(F)c2)c1C#Cc1ccc(NC)nc1,,0
CCc1nn(C2CC2)c2c1[C@H](c1ccc(Cl)cc1)N(c1cc(C)c3nnc(C)n3c1)C2=O,,0
CCc1nn2c(-c3c(C)cc(C)cc3OC)cccc2c1N(CC1CC1)CC1CCOC1,,0
CCc1nn2c(-c3ccc(F)cc3OC)c(-c3cc(OC)c(OC)c(OC)c3)nc2s1,,0
CCc1nnc(-c2ccc(C(F)(F)F)nc2Nc2cccc(F)c2)o1,,0
CCc1nnc(NC(=O)CCC(=O)NC2CCCc3ccccc32)s1,,0
CCc1nnc(NC(=O)CN2C(=O)/C(=C/c3cc(OC)c(OC)c(OC)c3)SC2=S)s1,,0
CCc1nnc(NC(=O)CSc2nnc(-c3ccc(S(=O)(=O)N(CC)CC)cc3)n2CC)s1,,0
CCc1nnc(NC(=O)CSc2nnc(CNc3cccc(Cl)c3)n2CC)s1,,0
CCc1nnc(SCC(=O)N(CC)Cc2ccccc2)c2cc3sccc3n12,,0
CCn1c(-c2ccnc(Nc3ccc(S(=O)(=O)NCCOC)cc3)n2)cnc1C,,0
CCn1c(=O)/c(=C2\Sc3ccc(C)cc3N2C)s/c1=C\c1scc[n+]1Cc1ccccc1OC(F)(F)F,,0
CCn1c(=O)c2sccc2n2c(CCCC(=O)N3CCN(c4ccc(F)cc4)CC3)nnc12,,0
CCn1c(CSc2nc3ccccc3s2)nnc1SCC(=O)c1ccc(O)cc1O,,0
CCn1c(O)c2c(c1O)[C@H]1[C@H](O)[C@H](O)C/C(=N/O[C@@H](C)c3cc(-c4c(C)cc(C)cc4C)no3)[C@@H]1CC2,,0
CCn1c(SCC(=O)N(C)CC(=O)Nc2ccc(F)c(F)c2F)nnc1-c1ccco1,,0
CCn1c(SCC(=O)Nc2nccs2)nnc1-c1ccc(S(=O)(=O)N2CCCCCC2)cc1,,0
CCn1cc(-c2cc(Nc3nccc(C(F)(F)F)n3)cc(-c3cnc([C@@]4(O)CCC(C(=O)O)C(C)(C)C4)s3)c2)cn1,,0
CCn1cnc(-c2cc3nccc(Oc4ccc(NC(=O)N5CCN(c6ccccc6F)C5=O)cc4F)c3s2)c1,,0
CCn1cnc2c(-c3ccc(F)c(-c4ccc(S(=O)(=O)C5CCC5)cc4OC)c3)cnnc21,,0
CCn1nc(C(F)(F)F)cc1Nc1nc(-c2ccc(-n3cnc(C)c3)c(OC)n2)cs1,,0
CN(C(=O)C1Cc2ccccc2CN1S(=O)(=O)Cc1ccc(Cl)cc1)c1ccc(N2CCCCC2=O)cc1,,0
CN(C(=O)COC(=O)C1CCN(S(=O)(=O)c2c(Cl)cccc2Cl)CC1)C1CCCCC1,,0
CN(C(=O)COC(=O)c1ccccc1C(=O)N1CCN(c2ccccc2)CC1)c1ccccc1,,0
CN(C)/C=C/C(=O)c1nn(-c2ccccc2)cc1C(=O)c1nn(-c2ccc(Cl)cc2)cc1C(=O)c1ccccc1,,0
CN(C)C(=O)/C(C#N)=C\c1cc(Br)c(Sc2ccc(Cl)cc2)o1,,0
CN(C)C(=O)c1cc(O[C@H]2CC[C@H](NC(=O)Nc3ccc(Cl)c(C(F)(F)F)c3)CC2)ccn1,,0
CN(C)C(=O)c1cc2cnc(Nc3ccc(NC(=O)C4(C(=O)Nc5ccccc5F)CC4)cc3)nc2n1C1CCCC1,,0
CN(C)CCCNc1nc(/C=C/c2ccc(F)cc2)nc2c(Br)cc(Br)cc12,,0
CN(C)S(=O)(=O)C[C@H]1CC[C@@](c2cc(F)ccc2F)(S(=O)(=O)c2ccc(Cl)cc2)CC1,,0
CN(C)S(=O)(=O)c1ccc(Cl)c(NC(=O)COC(=O)CCC2CCCCC2)c1,,0
CN(C)S(=O)(=O)c1cccc(NC(=O)COC(=O)CCC(=O)c2ccc(F)cc2)c1,,0
CN(C)S(=O)(=O)c1cccc(NC(=O)COC(=O)CCC(=O)c2cccs2)c1,,0
CN(C)c1cc[n+](CCCCCCCCCCCC[n+]2ccc(N(C)C)cc2)cc1,,0
CN(C)c1cc[n+](Cc2ccc(-c3ccc(Cn4cnc5c(SCc6ccccc6)ncnc54)cc3)cc2)cc1,,0
CN(C)c1ccc(-c2nnc3c(C(=O)c4ccccc4)nc4ccccc4n23)cc1Br,,0
CN(C)c1ccc(/C=C/C(=O)c2ccc(C(C)(C)C)cc2)cc1[N+](=O)[O-],,0
CN(C)c1ccc(/C=C/C(=O)c2ccc(OC(=O)N3CCCC3)cc2OC(=O)N2CCCC2)cc1,,0
CN(C)c1ccc(/N=N/c2nc3ccc(OCCOCCOCCF)cc3s2)cc1,,0
CN(C)c1ccc(C(=C(c2ccc(N(C)C)cc2)c2ccc(N(C)C)cc2)c2ccc(N(C)C)cc2)cc1,,0
CN(C)c1ccc(C(c2ccc(N(C)C)cc2)c2ccc([N+](=O)[O-])cc2)cc1,,0
CN(C)c1ccc(C2C(Cl)C(=O)N2c2nnc(CN=c3nnc4c([nH]c5ccccc54)s3)s2)cc1,,0
CN(C)c1ccc(C2N3CCN(Cc4ccc(Cl)nc4)C3=C([N+](=O)[O-])C(c3ccco3)C2(C#N)C#N)cc1,,0
CN(C)c1ccc(C2SCC(=O)N2c2ccc(-c3ccc(N4C(=O)CSC4c4ccc(N(C)C)cc4)cc3)cc2)cc1,,0
CN(C)c1ccc(O[Si](Oc2ccc(N(C)C)cc2)(Oc2ccc(N(C)C)cc2)Oc2ccc(N(C)C)cc2)cc1,,0
CN(C)c1cccc(-c2nc3ccn(Cc4ccc(Br)cc4)cc-3n2)c1,,0
CN(C)c1ccnc2sc3c(SCc4ccc(Cl)cc4)ncnc3c12,,0
CN(C)c1cncc(-c2ccc3[nH]nc(-c4nc5c(-c6cccc(F)c6)cncc5[nH]4)c3n2)c1,,0
CN(C)c1nc(NCc2ccccc2)nc(N/N=C/c2ccccc2F)n1,,0
CN(CCC(Oc1ccc(C(F)(F)F)cc1)c1ccccc1)C(=S)SCCCl,,0
CN(CCCCCOC(=O)Cc1ccccc1Nc1c(Cl)cccc1Cl)CC1(SN=O)CCCCC1,,0
CN(CCCN(Cc1ccc(Cl)cc1)c1ccc(Br)cn1)C(=S)NCCCc1c[nH]cn1,,0
CN(CCOc1ccc(Cc2sc(=O)[nH]c2O)cc1)c1ccccn1,6.5,1
CN(C[C@H](Cc1ccccc1)N(C[C@@H](Cc1cccc2ccccc12)N(CCc1ccccc1)N=O)N=O)N=O,,0
CN(C[C@H](Cc1ccccc1)N(C[C@H](Cc1ccccc1)N(CC1(c2ccccc2)CC1)N=O)N=O)N=O,,0
CN(Cc1cccc(Cl)c1Cl)c1ccc(S(=O)(=O)N2CCCCC2)cc1[N+](=O)[O-],,0
CN(Cc1cccnc1)C(=S)SCC(CSC(=S)N(C)Cc1cccnc1)C(=O)c1cnc2ccccc2c1,,0
CN(Cc1ccco1)C(=O)c1cc(NC(=O)C2CCC2)c2c(c1)nc(-c1ccncc1)n2C,,0
CN(c1ccc2c(c1)nc(NCc1ccc(F)cc1)n2C)c1ccnc(Nc2ccc(CS(C)(=O)=O)cc2)n1,,0
CN(c1ccccc1)S(=O)(=O)N1CCC(CCCC(O)=NO)CC1,,0
CN(c1ccnc(Cl)n1)[C@@H]1CCN(c2ncnc3[nH]ccc23)C1,,0
CN(c1ncnc2[nH]ccc12)[C@H]1CC[C@H](CS(=O)(=O)N2CCCC(COc3ccc(F)cc3)C2)CC1,,0
CN1C(=O)C(Cc2ccccc2)O[C@@H](c2ccc(Br)cc2)[C@H]1c1ccc(Br)cc1,,0
CN1C(=O)C(NC(=O)Nc2cccc(Br)c2)N=C(c2ccccc2)c2ccccc21,,0
CN1C(=O)N(c2cccc(C(F)(F)F)c2)C2=C(C(=O)CC2)C1c1ccc(C#N)cc1-c1ccco1,,0
CN1C(=O)N(c2cccc(C(F)(F)F)c2)C2=C(C(=O)CC2)C1c1ccc(C#N)cc1-c1nnco1,,0
CN1C(=O)N(c2cccc(C(F)(F)F)c2)C2=C(C(=O)CCC2)C1c1ccc(C#N)cc1-c1cncs1,,0
CN1CCC(COc2cc(OC3CCOCC3)c3c(Nc4c(Cl)ccc5c4OCO5)ncnc3c2)CC1,,0
CN1c2ccccc2C2(C)CCN(C(=O)Cn3c[n+](CC(=O)c4ccc(Br)cc4)c4ccccc43)C12,,0
CNC(=O)CC(=O)O[C@@H]1CC[C@]2(C)[C@H]3C[C@@H](OC(C)=O)[C@@H]4[C@@H]([C@]5(C)CC[C@H](C(C)(C)O)O5)CC[C@@]4(C)[C@]3(C)CC[C@H]2C1(C)C,,0
CNC(=O)Nc1ccc(-c2nc(N3CC4CCC(C3)O4)c3cnn(C4CCC(OC)(OC)CC4)c3n2)cc1,,0
CNC(=O)c1c2cc(C3CC3)c(N(CCCNC(=O)c3ccccc3)S(C)(=O)=O)cc2nn1-c1ccc(Br)cc1,,0
CNC(=O)c1csc2c(C(F)(F)F)cc(N3CCC(OC(=O)N[C@@H](C)COC(F)(F)F)CC3)nc12,,0
CNS(=O)(=O)Nc1nnc2cc(OCCC34CC5CC(CC(C5)C3)C4)c(C3CC3)cn12,,0
CN[C@H]1CC[C@H](N(Cc2cccc(-c3ccncc3)c2)C(=O)c2sc3cc(F)ccc3c2Cl)CC1,,0
CNc1nc(-c2ccccc2)c(-c2ccnc(Nc3ccc(C)c(S(=O)(=O)N4CCOCC4)c3)n2)s1,,0
CNc1ncc(-c2nc3c(n2C(C)C)C(c2ccc(Cl)cc2)N(c2cc(Cl)ccc2C)C3=O)c(OC)n1,,0
CO/C=C(/C(=O)OC)c1ccccc1CO/N=C(\C)C1=Cc2c(Cl)cccc2C1,,0
CO/N=C(/C(=O)OC)c1ccccc1CSc1nnc(CSc2nc3nc(C)cc(C)n3n2)s1,,0
CO/N=C(\Cl)CCC/C=C(/c1ccc(C#N)cc1)c1cc(C)c(OC)c(C(=O)SC)c1,,0
CO/N=C(\Cl)CCC/C=C(/c1cccc(C#N)c1)c1cc(C)c(OC)c(C(=O)SC)c1,,0
CO/N=C(\F)c1cc(/C(=C\CCCN2CCOC2=O)c2ccc(C#N)cc2)cc(C)c1OC,,0
CO/N=C(\F)c1cc(/C(=C\CCCN2CCOC2=O)c2cccc(C#N)c2)cc(C)c1OC,,0
COC(/C=C/C(C)(C)O)/C(C)=C/C=CC(C)=C1C(=O)C[C@H]2[C@@]3(C)CC[C@@H](OC(C)=O)[C@](C)(C(=O)O)[C@@H]3CC[C@]12C,,0
COC(/C=C/C(C)=C/C=CC(C)=C1C(=O)C[C@H]2[C@@]3(C)CC[C@@H](OC(C)=O)[C@](C)(C(=O)O)[C@@H]3CC[C@]12C)C(C)(C)O,,0
COC(=O)/C(C)=C/C=C/C(C)=C/C=CC(C)=C1C(=O)C[C@H]2[C@@]3(C)CCC(=O)C(C)(C)[C@@H]3CC[C@]12C,,0
COC(=O)/C1=C/[C@@H]2[C@@H](C(C)C)CC=C(C)[C@@H]2C[C@H](OC(=O)/C=C/c2cn(C)cn2)[C@]2(C)C=C[C@@]1(O)O2,,0
COC(=O)/C=C/c1cccc(N(Cc2ccc3c(c2OC)OC(C)(C)C=C3)C(=O)C2CCCCC2)c1,,0
COC(=O)C(=Cc1cc(OC)c(OC)c(OC)c1-c1cc2c(cc1C(C)=O)OCO2)C(=O)OC,,0
COC(=O)C(C)=CC=CC(C)[C@H]1CC[C@@]2(C)[C@@H]3CC[C@H]4C(C)(C)[C@]5(O)CC[C@]4(CO5)[C@@]3(O)CC[C@]12C,,0
COC(=O)C(C)NC(=O)[C@]1(C)CCC[C@]2(C)[C@H]3C[C@H]4C(C(C)C)=C[C@]3(CC[C@H]21)[C@@H]1C(=O)CCC(=O)[C@@H]14,,0
COC(=O)C(C)[C@@H]1CC[C@@H]2[C@]3(CC[C@]4(C)[C@@H]([C@H](C)CC/C=C(/C)C(=O)O)CC[C@@]24C)C[C@]13CCOC(C)=O,,0
COC(=O)C(CC(C)C)N1C[C@]2(CC[C@@]3(C)[C@@H](CC[C@@H]4[C@@H]3CC[C@]3(C)C(=O)CC[C@@H]43)C2)OC1=O,,0
COC(=O)C(CC(C)C)NC(=O)C(CC(C)C)Nc1nc2cc(C)cc(C)c2c(=O)o1,,0
COC(=O)C(CCC(=O)N1CCN(c2ccccc2OC)CC1)(c1ccc(Br)cc1)C(C)C,,0
COC(=O)C(NC(=O)CC/C(C)=C/Cc1c(O)c2c(c(C)c1OC)COC2=O)C(C)C,,0
COC(=O)C(c1ccc(Cl)cc1)N1C(=O)c2cc(C)ccc2NC(=S)C1c1ccc(Cl)cc1,,0
COC(=O)C(c1ccccc1)c1cc2c3ccc(OC)c(OC)c3c[n+]3c2c2c(cc4c(c12)OCO4)CC3,,0
COC(=O)C1C(C=O)=Cc2cc3c(cc2[C@H]1c1cc(OC)c(OC)c(OC)c1)OCO3,,0
COC(=O)C1CC(OC(=O)/C=C/c2cc(OC)ccc2OC)C(=O)C2[C@@]1(C)CCC1C(=O)O[C@H](c3ccoc3)C[C@@]12C,,0
COC(=O)C1CC(OC(C)=O)C(=O)C2[C@@]1(C)CCC1C(=O)OC(C(=O)c3cc4ccccc4s3)C[C@@]12C,,0
COC(=O)C1CC(OC(C)=O)C(=O)C2[C@@]1(C)CCC1C(=O)O[C@H](c3ccoc3-c3ccsc3)C[C@@]12C,,0
COC(=O)C1CC(O[Si](C)(C)C)C(=O)C2[C@@]1(C)CCC1C(=O)O[C@H](c3ccoc3)C[C@@]12C,,0
COC(=O)C1CC(SC(=O)c2ccccc2)C(=O)C2[C@@]1(C)CCC1C(=O)O[C@H](c3ccoc3)C[C@@]12C,,0
COC(=O)C1CC[C@H](C)[C@@H](c2ccc(C)cc2)N1C(=O)c1ccc(/C=N\OC[C@@H](O)COCc2ccco2)cc1,,0
COC(=O)C1CSC(C(=O)OC)N1C(=O)Nc1ccccc1,,0
COC(=O)C=CC(C(=O)/C=C/c1ccc(OC)c(OC)c1)C(=O)/C=C/c1ccc(OC)c(OC)c1,,0
COC(=O)CC1(C(=O)OC)Oc2ccc(Br)cc2C(=O)N1c1ccc(Br)cc1Cl,,0
COC(=O)CCC(C(=O)OCc1ccccc1)[C@@H]1CC[C@]2(C)C3=C(CC[C@@]12C)[C@@]1(C)CCC(=O)C(C)(C)[C@@H]1CC3,,0
COC(=O)CCC(C)[C@H]1CCC2C3C(C[C@H](OC(C)=O)[C@@]21C)[C@@]1(C)CCC2(C[C@H]1C[C@H]3OC(C)=O)OOC1(CCCCC1)OO2,,0
COC(=O)CCC=C1C=C2CC(=O)C(C)(OC(=O)c3cccs3)C(=O)C2=CN1c1ccccc1,,0
COC(=O)CCCCC(=O)OC1CC(C(=O)OC)[C@]2(C)CCC3C(=O)O[C@H](c4ccoc4)C[C@]3(C)C2C1=O,,0
COC(=O)CCC[C@H]1CC2(C[C@H](CCCO[Si](C)(C)C(C)(C)C)N1C(=O)OC(C)(C)C)OCCO2,,0
COC(=O)CC[C@@H](C)[C@H]1CC[C@H]2[C@@H]3CC=C4C(C)(C)c5nccnc5C[C@]4(C)[C@H]3CC[C@]12C,,0
COC(=O)CC[C@@H](C)[C@H]1CC[C@H]2[C@@H]3CC[C@@H]4C[C@H](NC(=O)CCCCCC(=O)O)CC[C@]4(C)[C@H]3CC[C@]12C,,0
COC(=O)CC[C@@H](C)[C@H]1CC[C@H]2[C@@H]3CC[C@@H]4C[C@H](OC(=O)CCCCCC(=O)O)CC[C@]4(C)[C@H]3CC[C@]12C,,0
COC(=O)CC[C@@H](C)[C@H]1CC[C@H]2[C@@H]3[C@H](OC(C)=O)C[C@@H]4C[C@H](OC(C)=O)CC[C@]4(C)[C@H]3C(n3nnc4ccccc43)C(=O)[C@]12C,,0
COC(=O)CC[C@@H](OC1O[C@@H]2O[C@]3(C)CC[C@H]4[C@H](C)CC[C@@H]([C@H]1C)[C@@]24OO3)c1ccc(Cl)cc1,,0
COC(=O)CC[C@]1(C)[C@H]2CC[C@@H]3[C@H]4[C@H](C(C)C)CC[C@]4(C(=O)O)CC[C@@]3(C)[C@]2(C)CC[C@H]1C(C)CO,,0
COC(=O)CNC(=O)[C@]12CCC(C)(C)C[C@H]1C1=CC[C@@H]3[C@@]4(C)CC[C@H](O)C(C)(C)[C@@H]4CC[C@@]3(C)[C@]1(C)CC2,,0
COC(=O)COC(=O)C1CCC(C(C)(O)c2ccc(-c3cc(C)cc(Nc4cc(C(F)F)ccn4)n3)cn2)CC1,,0
COC(=O)CSc1nc2cc(Br)c(C)nc2[nH]1,,0
COC(=O)C[C@@H]1Cc2ccccc2CN1C(=O)c1ccccc1-n1nc(C(=O)N(c2ccccc2)c2ccccc2)cc1C,,0
COC(=O)C[C@H]1C(C)(C)C(=O)C2CC3C4=CC(=O)O[C@@H](c5ccoc5)[C@]4(C)CC[C@@H]3[C@@]1(C)C2=O,,0
COC(=O)C[C@H]1C(C)(C)[C@H](OC(=O)C(C)C)[C@]2(O)C=C3C4=CC(=O)O[C@@H](c5ccoc5)[C@]4(C)CC[C@@H]3[C@@]1(C)C2=O,,0
COC(=O)C[C@H]1C(C)(C)[C@H](OC(C)=O)C2=CC3[C@@H]4CC(=O)O[C@@H](c5ccoc5)[C@]4(C)CC[C@@H]3[C@@]1(C)C2=O,,0
COC(=O)Cc1nnc(N[C@@H](Cc2ccc(NS(=O)(=O)O)cc2)c2csc(-c3cccs3)n2)s1,,0
COC(=O)Nc1ccc2c(c1)CCCCCCC[C@H](NC(=O)/C=C/c1cc(Cl)ccc1-n1cnnn1)c1nc(Cl)c-2[nH]1,,0
COC(=O)Nc1ccc2c(c1)NC(=O)C(C)CCC[C@H](N1CCC(C3CCCCC3)=CC1=O)c1cc-2ccn1,,0
COC(=O)[C@@]12CC(CC(=O)N3CCCC3)C(=O)N(Cc3cccc4ccccc34)C1=CCC(C)(C)C2,,0
COC(=O)[C@@]12CC(CC(=O)N3CCCCC3)C(=O)N(Cc3cccc4ccccc34)C1=CCC(C)(C)C2,,0
COC(=O)[C@@]12CC(CC(=O)N3CCSCC3)C(=O)N(CCc3ccc(OC)c(OC)c3)C1=CCC(C)(C)C2,,0
COC(=O)[C@]1(C)CCC[C@]2(C)[C@H]3C[C@@H]4[C@@H]5[C@H]6[C@H](OC(C)=O)CC[C@@H]5OC4(C(C)C)C[C@]63CC[C@H]21,,0
COC(=O)[C@]1(C)CCC[C@]2(C)[C@H]3C[C@H]4C(C(C)C)=C[C@]3(CC[C@H]21)[C@@H]1/C(=N/OC(C)=O)CC[C@H](OC(C)=O)[C@@H]14,,0
COC(=O)[C@]1(C)CCC[C@]2(C)[C@H]3C[C@H]4C(C(C)C)=C[C@]3(CC[C@H]21)[C@@H]1C(=O)CC[C@H](OC(=O)CCC(=O)O)[C@@H]14,,0
COC(=O)[C@]1(C)CCC[C@]2(C)c3ccc(C(C)C)c(NC(=O)Cn4cc(-c5cccc([N+](=O)[O-])c5)nn4)c3CC[C@@H]12,,0
COC(=O)[C@]1(C)[C@@H]2CC[C@]3(C)C(=C(C)C=C/C=C(C)\C=C\C=C(C)C)C(=O)C[C@H]3[C@@]2(C)CC[C@H]1OC(C)=O,,0
COC(=O)[C@]12CCCCC=C1N(CCC1=CCCCC1)C(=O)C(CC(=O)NCc1ccc(C)o1)C2,,0
COC(=O)c1c(C)[nH]c2c1[C@@]13C[C@@H]1CN(C(=O)/C=C/c1ccc(OC)c(OCC(=O)OC(C)(C)C)c1)C3=CC2=O,,0
COC(=O)c1c(NC(=O)CSc2nnc(Cn3nnc4ccccc43)n2C)sc(C)c1C,,0
COC(=O)c1c(NC(=O)CSc2nnnn2-c2ccccc2)sc2c1CCC(C)C2,,0
COC(=O)c1cc(OC)cc(O)c1C(=O)c1cc(C(C)=O)c2oc3cc(OC)cc(C(=O)OC)c3c(=O)c2c1,,0
COC(=O)c1cc2cc(/C=C/C(=O)c3ccc(C)cc3)c3c(ccc4c(C)cc(=O)oc43)c2oc1=O,,0
COC(=O)c1ccc(/C=C2/SC(=S)N(CCCC(=O)Nc3ccc(O)cc3)C2=O)cc1,,0
COC(=O)c1ccc(COC(=O)c2[nH]c(C)c(C(C)=O)c2C)o1,,0
COC(=O)c1ccc(NC(=O)CSc2nc3cccnc3n2-c2c(C)cc(C)cc2C)c(Br)c1,,0
COC(=O)c1ccccc1NC(=O)C1CCCN(C(=O)c2cnn(-c3ccc(F)cc3)c2-n2cccc2)C1,,0
COC(=O)c1ccccc1S(=O)(=O)NC(=O)c1c(-c2ccc(OC)cc2)c2ccccc2n1Cc1cccc(C(F)(F)F)c1,9.0,1
COC(=O)c1nnn(CC(=O)Nc2c(C(C)C)ccc3c2CC[C@H]2[C@](C)(C(=O)OC)CCC[C@]32C)c1C(=O)OC,,0
COC(=O)c1scc(-c2ccc(C)cc2)c1S(=O)(=O)N1CCN(c2ccc(C(C)=O)cc2)CC1,,0
COC(C)(C)/C=C/C[C@]1(C)[C@@H](CC=C(C)C)C[C@]2(CC=C(C)C)C(=O)C3=C(O[C@H](C(C)(C)O)C3)[C@@]1(C(=O)C(C)C)C2=O,,0
COC(C)(C)[C@H](F)CNC(=O)c1cnc(-n2ccc3cc(C#N)cnc32)cc1NC(C)C,,0
COC(C1CCCCC1)C(C)C(OCc1cccc(Br)c1)C(C)CO,,0
COC(Cc1ccc(OCCCOc2ccc(Oc3ccccc3)cc2)cc1)C(=O)O,7.47,1
COC(c1ccc(Cl)cc1)(c1ccc2cncc(-c3cccc(Cl)c3)c2c1)c1cncn1C,,0
COC1(OC)C(/C=C/c2ccc(Cl)cc2)C(C#N)(C#N)C1(OC)OC,,0
COC1=CC(c2ccc[nH]2)=NC1=Cc1[nH]c(Cc2ccc(Cl)cc2Cl)cc1Cc1ccc(Cl)cc1Cl,,0
COC1C=C(CCC/C(C)=C/C=C/[C@@H](C)CC/C=C(/C)Cc2oc(O)c(C)c2O)C(=O)O1,,0
COC1CC(OS(=O)(=O)c2ccc(C)cc2)C(OC(=O)c2ccccc2)C(C)O1,,0
COC1CCC(N(C(=O)C2CCC(C)CC2)c2cc(C3=CCCCC3)sc2C(=O)O)CC1,,0
COC1CCN(c2cnc(C(=O)Nc3csc(-c4nncn4[C@@H](C)C(F)(F)F)n3)cc2-n2cnc(C3CC3)c2)CC1,,0
COC1CN(C(=O)c2ccc3cncc(-c4ccc(-c5cnn(CC(C)(C)O)c5)cc4)c3n2)C1,,0
COCC(=O)N1CCN(c2ccn3cc(-c4cc(Cl)c(OC)cc4OC)nc3c2)C(C)C1,,0
COCC(COC)Nc1nc(N[C@H](C)C2CC2)nc(-c2cccc(C(F)(F)F)n2)n1,,0
COCC1CCCN1C(=O)C1CCc2c(sc3ncnc(Nc4ccc5[nH]c(=O)sc5c4)c23)C1,,0
COCC=Cc1c(N)ncnc1N1CCC(c2nc(-c3ccc(F)c(C(F)(F)F)c3)cn2C)CC1,,0
COCCCC(C)[C@H]1CC[C@H]2[C@@H]3[C@H](O[C@H]4CCCCO4)C[C@@H]4CC(=O)CC[C@]4(C)[C@H]3C[C@H](OC(=O)c3ccccc3)[C@]12C,,0
COCCCn1c(-c2ccc(S(=O)(=O)N3CCOCC3)cc2)cs/c1=N/c1ccccc1,,0
COCCCn1c(=O)c2sccc2n2c(CCCC(=O)Nc3ccc(F)c(F)c3)nnc12,,0
COCCCn1c(CN2C(=O)/C(=N/OCCCC#N)c3ccccc32)nc2ccccc21,,0
COCCCn1ccc(Nc2ncc3c(n2)-c2c(nn(C)c2Cc2cccc(-c4cnn(C)c4)c2)CC3)n1,,0
COCCN(C(=O)c1ccc2c(c1OC)C=CC(C)(C)O2)c1ccc(OC)c(OC)n1,,0
COCCN(C)c1nc2cc(-c3nc(=O)o[nH]3)nc(-c3cncc(Cl)c3)c2n1C[C@H]1CC[C@H](C)CC1,,0
COCCN(CCOC)c1cc(C)nc2c1nnn2-c1ccc(C(C)C)cc1SC,,0
COCCN(CCOC)c1nc(C)nc2c(-c3cc(OC)c(OC)cc3Br)c(C)nn12,,0
COCCN(CCOC)c1nc(S(=O)(=O)c2ccc(C)cc2)c(Cl)s1,,0
COCCN(CCOC)c1oc2ccc3ccccc3c2c(=O)c1Cc1c(OC(C)=O)ccc2c(C)cc(=O)oc12,,0
COCCN(Cc1cc(C(=O)N(C)C)cc2c(=O)cc(N3CCOCC3)oc12)c1cc(F)cc(F)c1,,0
COCCNC(=O)C(NC(=O)C1CCCCC1)C12CC3CC(CC(C3)C1)C2,,0
COCCNc1nc(Nc2ccc(C(=O)OC)cc2)c2sccc2n1,,0
COCCOC1CCN(c2cc(-c3[nH]nc4cc(F)c(OC(C)C)cc34)ncn2)CC1,,0
COCCOCCOCCOC(=O)/C(C#N)=C/c1ccc2cc(N3CCCCC3)ccc2c1,,0
COCCOCCOCCOCCO[C@H]1CC[C@@]2(C)C(=CC[C@H]3[C@@H]4C[C@@H]5O[C@]6(CC[C@@H](C)CO6)[C@@H](C)[C@@H]5[C@@]4(C)CC[C@@H]32)C1,,0
COCCS(=O)(=O)N1CCN(c2ncnc3c2nc(-c2ccccc2Cl)n3-c2ccc(Cl)cc2)CC1,,0
COCCS(=O)(=O)N1CCc2c(nc(C(C)(C)C)n2CC2CC2)C1,,0
COCCSCCC(=O)N1C/C(=C\c2ccc(C)cc2)C(=O)/C(=C/c2ccc(C)cc2)C1,,0
COCCSCCC(=O)N1C/C(=C\c2ccc(Cl)cc2)C(=O)/C(=C/c2ccc(Cl)cc2)C1,,0
COCCn1c(-c2ccc(C(C)C)cc2)nc2c(C(F)(F)F)c(Cc3cccnc3SC)cc(OC)c21,,0
COCCn1cc(Nc2nc(Nc3ccccc3P(C)(C)=O)c3ccsc3n2)cn1,,0
COCO[C@@H]1/C=C/[C@@](C)(CCC=C(C)C)C=CC(CO)C(=O)/C=C/[C@@]1(C)O,,0
COCOc1cc(C2=C(c3cc(OC)c(OC)c(OC)c3)C(=O)CC2O[SiH2]C(C)(C)C)ccc1OC,,0
COC[C@@H](C)n1c(-c2cnc(N)nc2OC)cc2c1[C@@H](c1ccc(Cl)cc1)N(c1ccc(F)c(Cl)c1)C2=O,,0
COC[C@@H]1Cc2cc(OC)c3c(c2[C@H](c2ccc(OC)c(OC)c2)[C@H]1COC)OCO3,,0
COCc1cc(CN(C)C(=O)CCC(=O)Nc2cc(C)ccc2F)[nH]n1,,0
COCc1cc(OC)c(-c2csc3c(N(C(C)C)C4CCOCC4)c(OC)nn23)c(OC)c1,,0
COCc1cc(OC)c(-c2csc3c(N(CC4=CCOCC4)CC4CC4)c(OC)nn23)c(OC)c1,,0
COCc1cc(OC)c(-c2csc3c(N(CC4CC4)CC4C5COCC54)c(OC)nn23)c(OC)c1,,0
COCc1cc(OC)c(-c2csc3c(N(CC4CCC4)CC4C5COCC54)c(OC)nn23)c(OC)c1,,0
COCc1ccsc1C(=CCCN1CCC(C(=O)O)CC1)c1sccc1COC,,0
COCc1cnc(N2CCC([C@H]3C[C@H]3COCc3cc(F)c(S(C)(=O)=O)c(F)c3)CC2)nc1,,0
COCc1cnc(N2CCC([C@H]3C[C@H]3COCc3ccc(S(C)(=O)=O)cc3F)CC2)nc1,,0
COCc1nnc(N2C3CCC2CC(Oc2ccc(F)cc2Cl)C3)n1-c1ccc(OC)nc1,,0
COP(=O)(OC)OC(c1ccc(Cl)cc1)P(=O)(OC)OC,,0
COP(=O)(OC)OC(c1cccc(Cl)c1)P(=O)(OC)OC,,0
CO[C@@H](COc1c2ccoc2cc2oc(=O)ccc12)C(C)(C)O,,0
CO[C@@H]1CC[C@@]2(C)[C@@H](C1)C[C@@H](OS(=O)(=O)O)[C@@H]1[C@@H]2CC[C@]2(C)[C@@H]([C@H](C)CCC(=O)N3CCCC3)CC[C@@H]12,,0
CO[C@@H]1CC[C@@]2(C)[C@@H](C1)C[C@@H](OS(=O)(=O)O)[C@@H]1[C@@H]2CC[C@]2(C)[C@@H]([C@H](C)CCC(=O)c3nn[nH]n3)CC[C@@H]12,,0
CO[C@@H]1CC[C@@]2(C)[C@@H](C1)C[C@H](OC)[C@@H]1[C@@H]2CC[C@]2(C)[C@@H]([C@H](C)CCC(=O)O)CC[C@@H]12,,0
CO[C@@H]1CC[C@]23C[C@]24CC[C@]2(C)[C@@H]([C@H](C)CC/C=C(\C)C(=O)O)[C@@H](O)[C@@H](O)[C@@]2(C)[C@@H]4CC[C@H]3C1(C)C,,0
CO[C@@H]1C[C@H](O[C@H]2CC[C@@]3(C)C(=CC[C@@H]4C3C(=O)O[C@@]43CC[C@H]4[C@H](C)OC(=O)[C@]43C)C2)O[C@H](C)[C@@H]1OC(C)=O,,0
CO[C@@H]1C[C@H]2C(C)(C)[C@H](OC(C)=O)CC[C@]2(C)C2=C1[C@]1(C)CC[C@H]([C@H](C)[C@H](C/C=C(\C)C(=O)O)OC(C)=O)[C@@]1(C)CC2,,0
CO[C@@H]1[C@H]2OC(C)(C)O[C@H]2O[C@@H]1C1CC(=O)N(Cc2ccccc2)C(=O)N1CCC(C)CC(C)C,,0
CO[C@@H]1[C@H]2OC(C)(C)O[C@H]2O[C@@H]1[C@@H]1CC(=O)N(Cc2ccccc2)C(=O)N1Cc1ccccc1,,0
CO[C@@H]1c2cc(OC(C)=O)c(OC(C)=O)cc2O[C@@]2(C)CC[C@H]3C(C)(C)CCC[C@]3(C)[C@@H]12,,0
CO[C@@]12CC[C@H]3C(C)(C)C(=O)CC[C@]3(C)C1=CC1=C(C=O)[C@@H]([C@H](C)CC/C=C(/C)C(=O)O)CC[C@]12C,,0
CO[C@H]1C=C(CC[C@H]2/C(=C/OS(=O)(=O)O)CC[C@H]3[C@]2(C)CC[C@H]2C(C)(C)CCC[C@]32C)C(=O)O1,,0
CO[C@H]1CC(=O)[C@]2(C)[C@H]3CC[C@]4(C)C([C@H](C)[C@H]5CC(C)=C(C)C(=O)O5)=C[C@H](OC(C)=O)[C@@]4(O)[C@@H]3C[C@H]3O[C@]32C1,,0
CO[C@]1(C(C)C)C=C2C(=O)C[C@@]3(C)[C@](C)(COC(=O)CCC(=O)O)CCC[C@]3(C)[C@H]2CC1,,0
CO[C@]12C=C3C(=O)c4c(O)c(CC=C(C)C)c(O)c(CC=C(C)C)c4O[C@]34C(C1)C(C)(C)O[C@]4(CC=C(C)C)C2=O,,0
COc1c(-c2ccc3c(c2)CCC3(C)CNS(C)(=O)=O)cc(-n2ccc(=O)[nH]c2=O)cc1C(C)(C)C,,0
COc1c(Br)c2c(c(OC)c1OC)-c1c(c(Br)c3c(c1OC)OCO3)C[C@H](C)[C@H](C)C2,,0
COc1c(Br)c2c(c(OC)c1OC)-c1c(c(OC)c(OC)c(OC)c1OC)C[C@](C)(O)[C@@H](C)C2,,0
COc1c(C(=O)/C=C/c2ccc(C)o2)c(O)c(Br)c2occc12,,0
COc1c(C(C)(C)C)cc(-n2ccc(=O)[nH]c2=O)c2ccc(-c3ccc(NS(C)(=O)=O)cc3)cc12,,0
COc1c(C)c2c(c(O)c1C/C=C(\C)CCC(=O)N[C@@H]1CO1)C(=O)OC2,,0
COc1c(C)cc(/C(=C\CCCc2nnc(C)o2)c2ccc(C#N)cc2)cc1C(=O)SC,,0
COc1c(C=Cc2ccc(NS(C)(=O)=O)cc2)cc(-c2cc(F)c[nH]c2=O)cc1C(C)(C)C,,0
COc1c(Cl)c2c(c(OC)c1OC)-c1ccc(OC)c(=O)cc1[C@@H](NC(=S)Nc1ccccn1)CC2,,0
COc1c(Cl)cc(Cl)cc1[C@H](O)c1[nH]c(Cl)c(Cl)c1[N+](=O)[O-],,0
COc1cc(-c2c(-c3cc(F)ccc3OC)cn3c2-c2cc(OC)c(OC(C)C)cc2CC3)ccc1OC(C)C,,0
COc1cc(-c2cc(Cl)cnc2OC)ccc1-n1c(=O)ccc2cc(S(=O)(=O)Nc3ccon3)ccc21,,0
COc1cc(-c2cc(F)c(F)cc2F)ccc1-n1c(=O)ccc2cc(S(=O)(=O)Nc3ccon3)ccc21,,0
COc1cc(-c2cc(F)cc(Cl)c2)ccc1-c1nccc2cc(S(=O)(=O)Nc3ccncn3)ccc12,,0
COc1cc(-c2cc(OC)c(-n3c(=O)ccc4cc(S(=O)(=O)Nc5ccnc(C)n5)ccc43)cc2F)ccc1F,,0
COc1cc(-c2ccc(C3CCc4ccc([C@H](C5CC5)C(C)C(=O)O)cc4O3)cc2)c(F)cn1,,0
COc1cc(-c2ccc(Cl)c(C)c2)c(F)cc1-n1c2c(ccc1=O)CN(S(=O)(=O)Nc1nccs1)CC2,,0
COc1cc(-c2ccc(F)c(F)c2)c(F)cc1-n1c(=O)ccc2cc(S(=O)(=O)Nc3ccnc(C)n3)ccc21,,0
COc1cc(-c2ccc3ccnc(-c4cc(OC)c(OC)c(OC)c4)c3c2)cc(OC)c1OC,,0
COc1cc(-c2ccc3oc(-c4ccsc4)cc(=O)c3c2)cc(OC)c1OC,,0
COc1cc(-c2cccc(C#N)c2)ccc1-c1nccc2cc(S(=O)(=O)Nc3ccncn3)ccc12,,0
COc1cc(-c2cccc(C(C)=O)c2)ccc1C(=O)/C=C/c1cc(OC)c(OC)c(OC)c1,,0
COc1cc(-c2cccc(F)c2)c(Cl)cc1-c1nccc2cc(S(=O)(=O)Nc3ccncn3)ccc12,,0
COc1cc(-c2cn(C3CCc4c(F)cccc4N(CC(F)(F)F)C3=O)nn2)ccc1-n1cc(C)nc1C,,0
COc1cc(-c2cn(CC(=O)N(CC(F)(F)F)c3ccc4c(c3)CCC4)nn2)ccc1-n1cnc(C)c1,,0
COc1cc(-c2cnc(C)n2C)ccc1Nc1cc2cc(-c3cnn(C(C)C(C)(C)O)c3)ccc2cn1,,0
COc1cc(-c2csc(C(=O)C(OC)c3ccc(N4CCOCC4)cc3)n2)cc(OC)c1Br,,0
COc1cc(-c2nc3ccc(Br)cn3c2NC2CCCC2)ccc1O,,0
COc1cc(-c2nnc(CSc3nnc(N=Cc4ccccc4O)s3)o2)cc(OC)c1OC,,0
COc1cc(-c2nnc(SCc3ccc(F)cc3F)o2)ccc1OCc1ccc(F)cc1F,,0
COc1cc(-c2nnc3n([C@@H](C)c4ccc(F)cc4)cc(C#N)cc2-3)ccc1-n1cnc(C)c1,,0
COc1cc(-c2nnc3n2CCC[C@H]3c2ccc(Cl)cc2C(F)(F)F)ccc1-c1cnc(C)o1,,0
COc1cc(-c2nncn2-c2ccc(-c3nc4cc(OC)c(OC)c(OC)c4s3)cc2)cc(OC)c1OC,,0
COc1cc(-c2nncn2-c2ccc(-c3nc4ccc(F)cc4s3)cc2C)cc(OC)c1OC,,0
COc1cc(-c2nnnn2-c2ccc(-c3nc4ccc(F)cc4s3)cc2C)cc(OC)c1OC,,0
COc1cc(-c2noc(C3CC(=O)N(c4cc(C)ccc4C)C3)n2)cc(OC)c1OC,,0
COc1cc(/C=C2\CC/C(=C\c3cc(OC)c(OC)c(OC)c3)C2=O)cc(OC)c1OC,,0
COc1cc(/C=C2\CC/C(=C\c3ccc(OC4CCCCO4)c(OC)c3)C2=O)ccc1OC1CCCCO1,,0
COc1cc(/C=C2\CC/C(=C\c3ccc(OCCCn4ccnc4)c(OC)c3)C2=O)ccc1OCCCn1ccnc1,,0
COc1cc(/C=C2\CCC(C)C3=C(c4cc(OC)c(OC)c(OC)c4)C(C#N)C(=N)OC32)cc(OC)c1OC,,0
COc1cc(/C=C2\CCCc3c(ccc(OC)c3[N+](=O)[O-])C2=O)cc(OC)c1OC,,0
COc1cc(/C=C2\CN(S(=O)(=O)c3ccc(F)cc3)C/C(=C\c3cc(OC)cc(OC)c3)C2=O)cc(OC)c1,,0
COc1cc(/C=C2\OC(=O)C(c3ccc(F)cc3)=C2c2ccc(S(C)(=O)=O)cc2)cc(OC)c1OC,,0
COc1cc(/C=C2\SC(=O)N(C(C(=O)C3CC3)c3ccccc3F)C2=O)cc(OC)c1OC,,0
COc1cc(/N=N/N(C)C)c(C(C)c2c3cc(OC)c(OC)cc3cc[n+]2C)cc1OC,,0
COc1cc(Br)c(C(=O)c2cc(OC)c(OC)c(Br)c2Br)cc1OC,,0
COc1cc(Br)c(Nc2nc(-c3c(C)nc4cc(C)ccn34)cs2)c(Br)c1,,0
COc1cc(C#Cc2c(-c3cncn3C)n(C)c3ccc(-c4ccc(OC)c(OC)c4)cc23)cc(OC)c1,,0
COc1cc(C#Cc2c(-c3cncn3C)n(C)c3ccc(Br)cc23)cc(OC)c1,,0
COc1cc(C(=O)c2nc(-c3ccc(O)cc3)c[nH]2)cc(OC)c1OC,,0
COc1cc(C(c2cc(OC)c(OC)c(OC)c2)[C@@H]2COC(=O)C2C)cc(OC)c1OC,,0
COc1cc(C)ccc1N(CCCN1C(=O)c2cccc3cccc(c23)C1=O)C(=O)c1cccs1,,0
COc1cc(C)ccc1OCCOCCOc1c(C)cc(C)cc1Br,,0
COc1cc(C2/C(=C/c3cccc4c3OCO4)C(=O)c3cc(OC)c(OC)c(OC)c32)cc(OC)c1OC,,0
COc1cc(C2=C3C(=O)OCC3[C@H](Nc3cccc(Br)c3)c3cc4c(cc32)OCO4)cc(O)c1O,,0
COc1cc(C2=NCCO2)cc(OC)c1OCCCCCc1cc(C)no1,,0
COc1cc(C2=NN(C(=O)c3cccnc3)C(c3cn(C)c4ccc(Br)cc34)C2)cc(OC)c1OC,,0
COc1cc(C2CC23CCCCC2(CC2c2cc(OC)c(OC)c(OC)c2)C3=O)cc(OC)c1OC,,0
COc1cc(C2OCC3C(c4cc(OC)c(OC)c(OC)c4)OCC23)cc(OC)c1OC,,0
COc1cc(C=C2CCCC(=Cc3ccc(OCC4CO4)c(OC)c3)C2=O)ccc1OCC1CO1,,0
COc1cc(CC2C[C@@H]3CC[C@@H]2C3)c(F)cc1-n1c(=O)ccc2cc(S(=O)(=O)Nc3ccon3)ccc21,,0
COc1cc(CNC(=O)c2ccc3c(c2)c(C)c(C)n3Cc2cccc(C(F)(F)F)c2)ccc1O,8.0,1
COc1cc(Cl)c(C)cc1NC(=O)Cn1cnc2sc(C)c(S(=O)(=O)N3CCCCC3)c2c1=O,,0
COc1cc(Cl)ccc1[C@H]1CC[C@@H](CN2CCn3c(ccc(-n4cnc(C)c4)c3=O)C2=O)O1,,0
COc1cc(F)ccc1-c1nc(Nc2ccc3c(N4CCOCC4)c(C(C)=O)c(=O)oc3c2)ncc1F,,0
COc1cc(N(Cc2nc3ccccc3[nH]2)S(=O)(=O)c2ccccc2)cc(OC)c1OC,,0
COc1cc(N2CCC(Nc3ncc4c(n3)N(c3ccccc3OC(F)(F)F)CCO4)CC2)ccn1,,0
COc1cc(N2C[C@@H]3COC[C@]3(COCc3cccc(C)n3)C2)ncn1,,0
COc1cc(NC(=O)C2(C(=O)Nc3ccc(F)cc3)CC2)ccc1-c1cccc2[nH]nc(N)c12,,0
COc1cc(NC(=O)C2CCN(S(=O)(=O)c3c(C)noc3/C=C/c3c(C)cc(C)cc3C)CC2)cc(OC)c1,,0
COc1cc(NC(=O)C2CCN(S(=O)(=O)c3ccc4c(c3)CC(C)N4C(C)=O)CC2)cc(OC)c1OC,,0
COc1cc(NC(=O)c2ccc(Br)o2)ccc1NC(=O)C(C)C,,0
COc1cc(NC(c2coc3ccccc3c2=O)c2nnnn2C2CCCCC2)cc(OC)c1OC,,0
COc1cc(NP(=O)(OC)OC)ccc1Nc1c2ccccc2nc2cc(Br)ccc12,,0
COc1cc(Nc2nc(NCCNc3cnc4cc(Cl)ccc4c3)nc(N3CCOCC3)n2)cc(OC)c1,,0
COc1cc(Nc2nc3n(n2)CCCC[C@@H]3c2ccc(OCC(F)(F)F)cc2)ccc1-n1cnc(Cl)c1,,0
COc1cc(Nc2ncc3c(n2)N(C)C2(CCCC2)C(=O)N3CC(F)(F)F)ccc1-n1cnc(C)c1,,0
COc1cc(O)c(I)c2c1[C@@H](/C=C/c1ccccc1)[C@@H]1[C@@H](c3ccccc3)Oc3cc(O)cc(OC)c3[C@@H]1O2,,0
COc1cc(OC(C)C)cc(N(CC2CC2)c2ccc3ncc(-c4cnn(C)c4)nc3c2)c1,,0
COc1cc(OC)c(-c2cn3ccc(N4CCC(NS(=O)(=O)Cc5ccccc5)CC4)cc3n2)cc1Cl,,0
COc1cc(OC)c(-c2cn3ccc(N4CCN(C(=O)C5CCCC5)CC4)cc3n2)cc1Cl,,0
COc1cc(OC)c(-c2cn3ccc(N4CCN(c5cc(N6CCCCC6)ncn5)CC4)cc3n2)cc1Cl,,0
COc1cc(OC)c(C2C=C(c3cc(OC)c(OC)c(OC)c3)NC(=S)N2)c(OC)c1,,0
COc1cc(OC)c(C2CC(=O)N3CN(c4ccc(C)cc4)CSC3=C2C#N)cc1OC,,0
COc1cc(OC)c(N2CC(C(=O)Nc3cc(Cl)ccc3N3CCOCC3)CC2=O)cc1Cl,,0
COc1cc(OC)c(OC)cc1/C=C1\CC/C(=C\c2cc(OC)c(OC)cc2OC)C1=O,,0
COc1cc(OC)c(OC)cc1/C=N/N1CCN(c2ccccc2)CC1,,0
COc1cc(OC)c([C@@H]2COc3c(cc(/C=C/C(=O)c4ccco4)c4c3C=CC(C)(C)O4)C2)cc1/C=C/C(=O)c1ccco1,,0
COc1cc(OC)c2c(=O)c3c(O)cc(O)c(C(c4ccccc4)c4cc(OC)c(OC)cc4OC)c3oc2c1,,0
COc1cc(OC)c2c(O)c(C=Cc3ccc(N(CCCl)CCCl)cc3)c(O)c(O)c2c1,,0
COc1cc(OC)c2sc(-c3ccc(-n4nnnc4-c4cc(OC)c(OC)c(OC)c4)c(OC)c3)nc2c1,,0
COc1cc(OC)cc(C(=O)Nc2ccc3nc4c(c(Nc5ccc(OC)c(OC)c5)c3c2)CCCC4)c1,,0
COc1cc(OC)cc(C(=O)O[C@H]2c3cc(OC)c(OC)c(OC)c3-c3c(cc4c(c3OC)OCO4)C[C@H](C)[C@]2(C)O)c1,,0
COc1cc(OC)cc(C(=O)Oc2ccc3c(c2)C(C)=CC(C)(C)N3)c1,,0
COc1cc(OC)cc(N(C/C=C/c2cc(C)ccn2)c2ccc3ncc(-c4cnn(C)c4)nc3c2)c1,,0
COc1cc(OC)cc(N(CC#CC2CCCCC2)c2ccc3ncc(-c4cnn(C)c4)nc3c2)c1,,0
COc1cc(OC)cc(N(CC#Cc2cc(OC)nc(OC)n2)c2ccc3ncc(-c4cnn(C)c4)nc3c2)c1,,0
COc1cc(OC)cc(N(CC#Cc2ccncc2)c2ccc3ncc(-c4cnn(C(C)C)c4)nc3c2)c1,,0
COc1cc(OC)cc(N(CC#Cc2ccncc2)c2ccc3ncc(-c4cnn(C)c4)nc3c2)c1,,0
COc1cc(OC)cc(N(CC#Cc2nccc(OC(C)C)n2)c2ccc3ncc(-c4cnn(C)c4)nc3c2)c1,,0
COc1cc(OC)cc(N(CC#Cc2ncccc2C)c2ccc3ncc(-c4cnn(C)c4)nc3c2)c1,,0
COc1cc(OC)cc(N(CC#Cc2ncccc2F)c2ccc3ncc(-c4cnn(C)c4)nc3c2)c1,,0
COc1cc(OC)cc(N(CC#Cc2ncccc2OC)c2ccc3ncc(-c4cnn(C(C)C)c4)nc3c2)c1,,0
COc1cc(OC)cc(N(CC2CC2)c2ccc3ncc(-c4cnn(CC(C)C)c4)nc3c2)c1,,0
COc1cc(OC)cc(N(CC2CC2)c2ccc3ncc(-c4cnn(CCO)c4)nc3c2)c1,,0
COc1cc(OC)cc(N(CCCC#N)c2ccc3ncc(-c4cnn(C)c4)nc3c2)c1,,0
COc1cc(OC)cc(N(CCCN2CCCC2=O)c2ccc3ncc(-c4cnn(C)c4)nc3c2)c1,,0
COc1cc(OC)cc(N(CCCc2ncccc2OC)c2ccc3ncc(-c4cnn(C)c4)nc3c2)c1,,0
COc1cc(OC)cc(N(CCCn2ccnc2C)c2ccc3ncc(-c4cnn(C)c4)nc3c2)c1,,0
COc1cc(OC)cc(N(CCn2cc(C)nc2C)c2ccc3ncc(-c4cnn(C)c4)nc3c2)c1,,0
COc1cc(OC)cc(N(CCn2cccc2)c2ccc3ncc(-c4cnn(C)c4)nc3c2)c1,,0
COc1cc(OC)cc(N(c2ccc3ncc(-c4cnn(C)c4)nc3c2)C2COC2)c1,,0
COc1cc(OC)cc(N(c2ccc3ncc(-c4cnn(C)c4)nc3c2)S(=O)(=O)N(C)C)c1,,0
COc1cc(OCc2csc(C3(O)CCC(C(=O)N4CCCC4)CC3)n2)c2cc(-c3cn4nc(OC)sc4n3)oc2c1,,0
COc1cc(OCc2csc(C3(c4ccc(C)cc4)CCOC3)n2)c2cc(-c3cn4nc(OC)sc4n3)oc2c1,,0
COc1cc(OCc2csc(C3CCC(F)(F)CC3)n2)c2cc(-c3cn4nc(C)ccc4n3)oc2c1,,0
COc1cc(OCc2csc(C3CCCCC3)n2)c2cc(-c3cn4nc(OC)sc4n3)oc2c1,,0
COc1cc(OCc2csc(N3CCC4(CC3)OCCO4)n2)c2cc(-c3cn4nc(OC)sc4n3)oc2c1,,0
COc1cc(O[C@H]2C[C@H](OC)C2)cc(-c2ccc3c(c2)CC[C@H](CCc2nn[nH]n2)O3)c1F,,0
COc1cc([C@@H]2c3cc4c(cc3C=C(C=O)C2C(=O)OCc2ccc(CBr)cc2)OCO4)cc(OC)c1OC,,0
COc1cc([C@@H]2c3cc4c(cc3C[C@H]3COC(=O)C32)OCO4)cc(OC)c1OC(=O)c1ccccc1Cl,,0
COc1cc([C@@H]2c3cc4c(cc3C[C@H]3COC(=O)C32)OCO4)cc(OC)c1OCC(=O)Nc1ccccc1F,,0
COc1cc([C@@H]2c3cc4c(cc3[C@@H](N(C)c3ccc(N(C)C)cc3)C3COC(=O)C32)OCO4)cc(OC)c1O,,0
COc1cc([C@@H]2c3cc4c(cc3[C@@H](Nc3cc(F)cc(F)c3)[C@H]3COC(=O)C23)OCO4)cc(OC)c1O,,0
COc1cc([C@@H]2c3cc4c(cc3[C@@H](Nc3ccc(F)cc3)[C@H]3COC(=O)C23)OCO4)cc(OC)c1O,,0
COc1cc([C@@H]2c3cc4c(cc3[C@@H](Nc3cccc5cccnc35)[C@H]3COC(=O)C23)OCO4)cc(OC)c1OC,,0
COc1cc([C@@H]2c3cc4c(cc3[C@@H](OC)[C@@H](COC(C)=O)[C@@H]2COC(C)=O)OCO4)cc(OC)c1OC,,0
COc1cc([C@@H]2c3cc4c(cc3[C@H](OC(=O)c3cc5ccccc5s3)[C@H]3COC(=O)C23)OCO4)cc(OC)c1OC,,0
COc1cc([C@H]2O[C@@H](c3cc(OC)c4c(c3)OCO4)[C@@H](COC(C)=O)[C@@H]2CO)cc2c1OCO2,,0
COc1cc([C@H]2O[C@@H](c3cc(OC)c4c(c3)OCO4)[C@H](C)[C@@H]2C)cc(OC)c1OC,,0
COc1cc([C@H]2c3cc4c(cc3[C@@H](Nc3ccccc3)C3CO[C@@H](OC)[C@@H]32)OCO4)cc(OC)c1O,,0
COc1cc2c(Nc3ccc(Br)c(Cl)c3F)ncnc2cc1O[C@@H]1C[C@H]2OC[C@H](OC)[C@H]2O1,,0
COc1cc2c(Nc3cccc(Cl)c3F)ncnc2cc1O[C@H]1CO[C@H]2[C@@H]1OC[C@@H]2OC,,0
COc1cc2c(Oc3ccc(NC(=O)c4cn(-c5ccccc5F)nn4)cc3F)ccnc2cc1OCCCN1CCCCC1,,0
COc1cc2c(c(OC)c1OC)-c1c(cc(C)c(C)c1OC)C(C(=O)Oc1ccccc1)[C@@](C)(O)[C@@H](C)C2,,0
COc1cc2c(c(OC)c1OC)-c1c(cc(OC)c(OC)c1OC(=O)c1ccccc1)CC(C)C(C)(O)C2,,0
COc1cc2c(c(OC)c1OC)-c1c(cc(OC)c(OC)c1OC)[C@H](OCC(C)C)[C@@H](C)[C@@H](C)C2,,0
COc1cc2c(c(OC)c1OC)-c1c(cc3c(c1OC)OCO3)C[C@H](C)[C@](C)(O)[C@H]2OC(=O)c1ccc(F)cc1,,0
COc1cc2c(c(OC)c1OC)-c1c(cc3c(c1OC)OCO3)C[C@H](C)[C@](C)(O)[C@H]2OC(=O)c1ccccc1,,0
COc1cc2c(c(OC)c1OC)-c1c(cc3c(c1OC)OCO3)[C@H](OC(=O)C=C(C)C)[C@@](C)(O)[C@@H](C)C2,,0
COc1cc2c(c(OC)c1OC)-c1c(cc3c(c1OC)OCO3)[C@H](OC(C)=O)[C@H](C)[C@H](C)C2,,0
COc1cc2c(c(OC)c1OC)-c1cc3c(cc1C[C@H](COC(C)=O)[C@@H](COC(C)=O)C2)OCO3,,0
COc1cc2c(c(OC)c1OC)-c1ccc(N(C)CC(OC)OC)c(=O)cc1[C@@H](NC(C)=O)CC2,,0
COc1cc2c(c(OC)c1OC)-c1ccc(SC)c(=O)cc1C(CC(=O)Oc1cccc(C#N)c1)C2,,0
COc1cc2c(c(OC)c1OC)-c1ccc(SC)c(=O)cc1C(CC(=O)Oc1cccc([N+](=O)[O-])c1)C2,,0
COc1cc2c(c(OC)c1OC)-c1ccc(SC)c(=O)cc1[C@@H](OC(=O)C13CCC(C)(C(=O)O1)C3(C)C)CC2,,0
COc1cc2c(c(OC)c1OC)-c1ccc(SC)cc1[C@H](OC(=O)c1ccccc1)CC2,,0
COc1cc2c(c3c1CC[C@@H](c1ccccc1)O3)[C@@H]1c3c(cc(O)c(C)c3OC)O[C@](c3ccccc3)(O2)[C@H]1O,,0
COc1cc2c(c3c1CC[C@@H](c1ccccc1)O3)[C@H]1c3c(cc(O)c(C)c3OC)O[C@@](c3ccccc3)(O2)[C@@H]1O,,0
COc1cc2c(cc1C)C(=O)C=C1C2=C(C2=C3C(=CC(=O)c4cc(C)c(OC)cc43)C(C)(C)C2=O)C(=O)C1(C)C,,0
COc1cc2c(cc1Nc1ncc(Cl)c(Nc3ccccc3S(=O)(=O)C(C)C)n1)CCC(=O)C2(C)C,,0
COc1cc2c(cc1O)OCc1c-2c(-c2ccc(OC)c(OC)c2)c2n1CCc1c-2cc(OC)c(OC)c1OC,,0
COc1cc2c(cc1OC)-c1c(-c3cc(OC)c(OC)c(OC)c3)c(-c3ccc(Br)cc3)cn1CC2,,0
COc1cc2c(cc1OC)-c1c(-c3cc(OC)c(OC)c(OC)c3)c(-c3ccc(O)c(O)c3)cn1CC2,,0
COc1cc2c(cc1OC)C(=O)/C(=C/c1ccc(N3CC[N+](C)(Cc4ccc(Br)cc4)CC3)cc1)C2,,0
COc1cc2c(cc1OC)C(=O)/C(=C/c1ccc(N3CC[N+](C)(Cc4cccc(Cl)c4)CC3)cc1)C2,,0
COc1cc2c(cc1OC)C(=O)/C(=C/c1ccc(N3CC[N+](C)(Cc4ccccc4Cl)CC3)cc1)C2,,0
COc1cc2c(cc1OC)C(=O)N1C=C(/C=C/c3ccc(C)cc3)CC1C=N2,,0
COc1cc2c(cc1OC)C(c1ccnc(-n3nc(-c4cccnc4)c4ccccc4c3=O)c1)=N[C@H](CO)C2,,0
COc1cc2c(cc1OC)C1OC(CCCCN3C(=O)c4ccccc4C3=O)(C2)OC2=C1C(=O)CCC2,,0
COc1cc2c(cc1OC)CN(C(=O)/C=C/c1c3n(c4ccccc14)C(c1ccccc1)Oc1ccccc1-3)CC2,,0
COc1cc2c(cc1OC)SC(C(=O)CCc1cc[n+](Cc3coc([N+](=O)[O-])c3)cc1)C2,,0
COc1cc2c(cc1OC)[C@@H](Nc1ccc(F)cc1)C1COC(=O)C1[C@H]2c1cc(OC)c(O)c(OC)c1,,0
COc1cc2c(cc1OC)[C@@H](Nc1ccc(F)cc1)[C@H]1COC(=O)C1[C@@H]2c1cc(OC)c(O)c(OC)c1,,0
COc1cc2c(cc1OC)[C@@H]1O[C@](CCCCN3C(=O)c4ccccc4C3=O)(C2)OC2=C1C(=O)CC(C)(C)C2,,0
COc1cc2c(cc1OC)[C@@H]1O[C@](CCCCN3C(=O)c4ccccc4C3=O)(C2)OC2=C1C(=O)OC1(CCCCC1)C2,,0
COc1cc2c(cc1OC)[C@@H]1[C@H](OCc3ccccc3)c3ccc4c(c3O[C@@H]1CO2)C=CC(C)(C)O4,,0
COc1cc2c(cc1OC)[C@@H]1c3cccc(OC)c3N(CCCn3c(C)[n+](Cc4ccc(C)cc4)c4ccccc43)C[C@@H]1C2,,0
COc1cc2c(cc1OC)[C@H](OC(C)=O)[C@H]1COC(=O)C1[C@@H]2c1cc(OC)c(OC)c(OC)c1,,0
COc1cc2c(cc1OC/C=C\Cn1cc(-c3ccccc3OC)nn1)N=CC1CCCN1C2=O,,0
COc1cc2c(ccc3c4ccc(OC)c(OC)c4c[n+](C)c23)c(-c2ccc(-c3ccccc3)cc2)c1OC,,0
COc1cc2c3c(c4cc(OC)c(OC)cc4c2cc1OC)C(c1ccc2c(c1)OCCO2)CC(=O)N3,,0
COc1cc2c3c(n(C)c(=O)c2cc1OC)-c1cc2c(cc1/C3=C\CCCBr)OCO2,,0
COc1cc2cc(CCCOC(=O)c3ccc4c(c3)OCO4)oc(=O)c2cc1OC,,0
COc1cc2ccc1OCc1cccc(n1)COc1ccc(cc1OC)/C=N\c1ccc(cc1)/N=C\2,,0
COc1cc2ccnc3c2c(c1OC)CC1CC(O)C(OC)CC31,,0
COc1cc2cnc3c4cc(OC)c(OC(C)C)cc4ccc3c2cc1OC,,0
COc1cc2nc(Nc3ccc(S(C)(=O)=O)cc3)nc(NC3CC4CCC(C3)N4C(=O)OC(C)(C)C)c2cc1OC,,0
COc1cc2nc(SCc3ccc(F)cc3)n3nc(CCn4c(C)nc5ccccc54)nc3c2cc1OC,,0
COc1cc2ncc3c(c2cc1OCc1ccncc1)n(-c1ccc(C#N)cc1F)c(=O)n3C,,0
COc1cc2ncc3c(c2cc1OCc1ccsc1)n(-c1c(F)cc(C#N)cc1F)c(=O)n3C,,0
COc1cc2nccc(Oc3ccc(-c4cnc(Nc5ccccc5F)n(C)c4=O)cc3F)c2cc1OC,,0
COc1cc2occc2c(OC)c1-c1cc(-c2ccc(F)cc2)n(-c2ccc(S(N)(=O)=O)cc2)n1,,0
COc1ccc(-c2c(C)c3c(n2-c2ccc(Cl)cc2Cl)CCN(C2CCCCC2)C3=O)cc1OC,,0
COc1ccc(-c2c3n(c4c(=O)oc5cc(O)c(OC)cc5c24)CCc2c-3cc(OC)c(OC)c2OC)cc1O,,0
COc1ccc(-c2cc3c(n2C(C)C)C(c2ccc(Cl)cc2)N(c2cc(Cl)ccc2C)C3=O)c(OC)n1,,0
COc1ccc(-c2cc3cc(CCCO[C@H]4O[C@@H]5O[C@@]6(C)CC[C@H]7[C@H](C)CC[C@@H]([C@H]4C)[C@@]57OO6)cc(OC)c3o2)cc1OC,,0
COc1ccc(-c2ccc(-c3noc(-c4ccc(OC)c(OC)c4)n3)c(OC)n2)cc1,,0
COc1ccc(-c2ccc(-c3noc(C4CCCCC4)n3)c(OC)n2)cc1,,0
COc1ccc(-c2ccc(/C=C(/Br)C(=O)O)cc2)cc1C12CC3CC(CC(C3)C1)C2,,0
COc1ccc(-c2ccc(CN3C(CC(C)C)C(=O)N(Cc4cn(CC5CCCCC5)nn4)CCS3(=O)=O)cc2)cn1,,0
COc1ccc(-c2ccc3c(N4CCOC[C@@H]4C)nc(N4CCC(C#N)(c5ccccc5)CC4)nc3n2)cc1CO,,0
COc1ccc(-c2ccc3c(N4CCOC[C@@H]4C)nc(N4CCOC(c5ccccc5)C4)nc3n2)cc1CO,,0
COc1ccc(-c2ccc3nccc(Nc4cccc5[nH]ncc45)c3c2)cc1Cl,,0
COc1ccc(-c2cn3cc(C4=CCN(S(=O)(=O)c5ccc(F)cc5)CC4)ccc3n2)cc1OC,,0
COc1ccc(-c2cnnn2-c2cc(I)c(OC)c(I)c2)c(O)c1,,0
COc1ccc(-c2csc(NC(=O)C3CCN(c4ncnc5sc(C)c(C)c45)CC3)n2)cc1OC,,0
COc1ccc(-c2csc3nc(C)nc(N4CCN(c5ccc(C(C)=O)cc5)CC4)c23)cc1OC,,0
COc1ccc(-c2nc(-c3cc(C)nc(C)c3)c3n2C[C@@H](C)OCC3)cc1OC(F)(F)F,,0
COc1ccc(-c2nc(SC)nc(NCCCCNc3ccnc4cc(Cl)ccc34)c2C#N)cc1OC,,0
COc1ccc(-c2nc3cc(C=C4SC(=O)N(Cc5cc(OC)c(OC)c(OC)c5)C4=O)ccc3[nH]2)cc1OC,,0
COc1ccc(-c2nc3ccc(C)nc3nc2-c2ccc(OC)cc2)cc1,,0
COc1ccc(-c2nn(-c3ccc(C)cc3)c3c2cnc2ccc(C)cc23)cc1OC,,0
COc1ccc(-c2nn3c(COc4ccc(SC)cc4)nnc3s2)cc1,,0
COc1ccc(-c2noc(CSc3nnc(-c4ccncc4)n3-c3cccc(C)c3)n2)cc1OC,,0
COc1ccc(-c2oc3ccc(-c4cc(OC)c(OC)c(OC)c4)cc3c2-c2ccc(OC)cc2)cc1,,0
COc1ccc(-n2c(C)c(Cc3cccc(OC(C)C(=O)O)c3)c3cc(OC(F)(F)F)ccc32)cc1,9.0,1
COc1ccc(-n2c(COCCF)nnc2N2C[C@@H]3C[C@]3(c3ccc(F)cc3Cl)C2)cn1,,0
COc1ccc(-n2c(CO[C@H]3CCOC3)nnc2N2C[C@@H]3C[C@]3(c3ccc(F)cc3Cl)C2)cn1,,0
COc1ccc(-n2cc(C=O)c(C3=CC[C@H]4[C@@H]5CC=C6C[C@@H](OC(C)=O)CC[C@]6(C)[C@H]5CC[C@]34C)n2)cc1,,0
COc1ccc(-n2nc(C(=O)N3CCCC(C)C3)c3c4ccccc4n(C)c3c2=O)cc1Cl,,0
COc1ccc(-n2nc(S(C)(=O)=O)c3c2C(=O)N(c2ccc(C4(Cn5ccnc5C)CC4)cc2)CC3)cc1,,0
COc1ccc(/C(F)=C/c2cc(OC)c(OC)c(OC)c2)cc1[N+](=O)[O-],,0
COc1ccc(/C=C(\C#N)c2cc(OC)c(OC)c(OC)c2)cc1I,,0
COc1ccc(/C=C/C(=O)N2CCC/C(=C\c3cc(OC)c(OC)c(OC)c3)C2=O)cc1OC(C)=O,,0
COc1ccc(/C=C/C(=O)c2cc(OC)c(OC)c(OC)c2)cc1[N+](=O)[O-],,0
COc1ccc(/C=C/C(=O)c2ccc(N3C(=O)C(Br)=C(Br)C3=O)cc2)cc1OC,,0
COc1ccc(/C=C/c2onc(C)c2S(=O)(=O)N2CCC(C(=O)N3CCC(C)CC3)CC2)cc1,,0
COc1ccc(/C=C2\CCC/C(=C\c3ccc(OC)c(OC)c3Cl)C2=O)c(Cl)c1OC,,0
COc1ccc(/C=C2\CCCC3C2=NN(C(=O)c2ccco2)C3c2ccc(OC)c(OC)c2)cc1OC,,0
COc1ccc(/C=C2\C[C@H]3[C@@H]4CC=C5C[C@@H](OC(C)=O)CC[C@]5(C)[C@H]4CC[C@]3(C)C2=O)cc1OC,,0
COc1ccc(/C=C\c2cc(OC)c(OC)c(OC)c2)cc1NC(=O)C1=CC(C)(C)N(O)C(C)(C)C1,,0
COc1ccc(/C=C\c2cc(OC)c(OC)c(OC)c2)cc1OCCn1ccnc1,,0
COc1ccc(/C=C\c2cc(OC)c(OC)c(OC)c2)cc1OP(=O)(O)OC,,0
COc1ccc(/C=C\c2cc(OC)c(OC)c(OC)c2)cc1OP(=O)(O)OC1CCCCC1,,0
COc1ccc(/C=N/NC(=O)CCC(=O)Nc2ccccc2)cc1OC,,0
COc1ccc(Br)c(CN2CCc3ccccc32)c1OS(=O)(=O)c1ccc(C)cc1,,0
COc1ccc(Br)cc1C1=C(Br)C(=O)N(CC(C)C)/C1=C/c1cccc(Cl)c1,,0
COc1ccc(Br)cc1NCC(=O)NC(C)(C#N)C1CC1,,0
COc1ccc(C(=O)/C=C/c2cc([C@@H]3COc4c(ccc5c4C=CC(C)(C)O5)C3)c(OC)cc2OC)c(OC)c1,,0
COc1ccc(C(=O)C2CCN(c3nc4c(C#N)nccc4nc3NC3CC3)CC2)c(F)c1,,0
COc1ccc(C(=O)C[n+]2ccn([C@H]3CC[C@H]4[C@@H]5CC=C6C[C@@H](OC(C)=O)CC[C@]6(C)[C@H]5CC[C@]34C)c2)cc1,,0
COc1ccc(C(=O)O[C@H]2CC[C@@]3(C)C(=CC[C@@H]4[C@@H]3CC[C@]3(C)C(n5cncn5)=C(C=O)C[C@@H]43)C2)cc1,,0
COc1ccc(C(=O)Oc2c(OC)ccc3c2c[n+]2c4c3ccc3c5c(cc(c34)CC2)OCO5)cc1,,0
COc1ccc(C(=O)n2c(C)c(Cc3cccc(OC(C)C(=O)O)c3)c3cc(OC(F)(F)F)ccc32)cc1,9.0,1
COc1ccc(C(C(=O)NC2CCCCC2)N(C(=O)Cc2c[nH]c3ccccc23)c2ccccc2)c(OC)c1OC,,0
COc1ccc(C(CC(=O)O)Cc2csc(CCCc3ccc4c(n3)NCCC4)n2)cc1F,,0
COc1ccc(C(Nc2ccc(C3(C)NC(=O)c4ccccc4N3)cc2)c2nnnn2C(C)(C)C)c2ccccc12,,0
COc1ccc(C)cc1NC(=O)CCCNC(=O)Cn1cnc2sc(C)c(C)c2c1=O,,0
COc1ccc(C2=C(c3cc(OC)c(OC)c(OC)c3)C(=NO)CC2O[SiH2]C(C)(C)C)cc1OC,,0
COc1ccc(C2=C(c3cc(OC)c(OC)c(OC)c3)C(=O)C(OC(C)=O)C2)cc1OC(C)C,,0
COc1ccc(C2=NN(C3CCCCCC3)C(=O)C3CC=CCC23)cc1OC,,0
COc1ccc(C2=NN(C3CCCCCC3)C(=O)C3CC=CC[C@H]23)cc1-c1ccc(C(=O)N2CC[C@@H](O)C2)cc1,,0
COc1ccc(C2=NN(c3nc(-c4ccc(Br)cc4)cs3)C(c3ccc4c(c3)OCCO4)C2)cc1,,0
COc1ccc(C2=Nc3c(C(C)(C)C)nn(CCO)c3C(=O)NC2)cc1-c1cnc(N2CCCCC2)nc1,,0
COc1ccc(C2C(C(=O)OCC3CCCO3)=C(C)N=C3CC(c4ccco4)CC(=O)C32)cc1O,,0
COc1ccc(C2CC(=O)N2c2cc(OC)c(OC)c(OC)c2)cc1OC,,0
COc1ccc(C2CC(c3ccc(Br)cc3)=NN2c2nc(-c3ccc(Cl)cc3)cs2)cc1,,0
COc1ccc(C2CC(c3cccs3)=NN2C(=O)COC(=O)c2cncc(Br)c2)cc1OC,,0
COc1ccc(C2CC(c3cccs3)=NN2C(=O)CSc2nc(=O)n3ccccc3n2)cc1,,0
COc1ccc(C2c3cc(OC)c(OC)cc3C(Cc3ccc([N+](=O)[O-])cc3)C2c2ccc([N+](=O)[O-])cc2)cc1OC,,0
COc1ccc(C=Cc2nc(C#N)c(NCCc3ccc(OC)c(OC)c3)o2)cc1OC,,0
COc1ccc(CN(C)C(=O)C23CC4CC(CC(Cl)(C4)C2)C3)c(OC)c1OC,,0
COc1ccc(COc2ccc(Cn3cnc4cc(C5=CC6(C)CCCN5C6)ccc43)cc2OC)cn1,,0
COc1ccc(COc2ccc(Cn3cnc4cc(C5=CC6(C)CCCN5C6)cnc43)cc2OC)cn1,,0
COc1ccc(CSC(C)(C)c2ccc(NC(=O)c3nc(C#N)c[nH]3)c(C3=CCC(C)(C)CC3)c2)cc1,,0
COc1ccc(Cl)cc1-c1cc2c(c(OC)c1)OCCN(C(=O)C1CC1)C2,,0
COc1ccc(Cl)cc1-n1c(=S)sc2c(=O)[nH]c(SCC(=O)NCCC(C)C)nc21,,0
COc1ccc(N(C(=O)/C=C\C(=O)Nc2ccc(C)cc2)C(C(=O)NCc2ccco2)c2ccc(C)cc2)cc1,,0
COc1ccc(N(C(=O)CCCl)C(C#N)c2ccc(Br)cc2)cc1,,0
COc1ccc(N(C)CCCC(C#N)(c2ccc(OC)c(OC)c2)C(C)C)cc1OC,,0
COc1ccc(N(C)c2nc(C)nc3ccccc23)cc1C(=O)OCCCC[Se]C#N,,0
COc1ccc(N2C(=O)C(Cc3cccc(OCCc4nc(-c5ccccc5)oc4C)c3)C2C(=O)O)cc1,7.0,1
COc1ccc(N2CCCn3c2nc2c(Cl)ccc(C(OC(F)F)C(F)(F)F)c23)c(C)n1,,0
COc1ccc(N2CCN(c3ccc(C#N)cc3C(F)(F)F)CC2)c(OC)c1,,0
COc1ccc(NC(=O)Cn2c(=O)n(Cc3ccco3)c(=O)c3sc4ccccc4c32)cc1Cl,,0
COc1ccc(NC(=O)N2CC(=O)N3[C@@H](CO)[C@H](c4ccc(C#CCC5CCCC5)cc4)[C@@H]3C2)cc1,,0
COc1ccc(Nc2nc(N3CCCC(C(=O)Nc4ccc(C(=O)O)cc4)C3)nc3scnc23)cc1OC,,0
COc1ccc(Nc2nc(Nc3ccc(OC)c(F)c3)cc(N3CCN(c4ccccc4)CC3)n2)cc1,,0
COc1ccc(O)c(-c2csc(NN=Cc3c[nH]cn3)n2)c1,,0
COc1ccc(OC)c(C2=C(c3cc(OC)c(OC)c(OC)c3)C(=NO)CC2O[SiH2]C(C)(C)C)c1,,0
COc1ccc(OC)c(C2c3ccc(O)cc3OC(=N)C2C#N)c1,,0
COc1ccc(OC)c(NC(=O)CSc2nc3ccc(Nc4nc(N5CCCCC5)nc(N5CCCCC5)n4)cc3s2)c1,,0
COc1ccc(OC)c2c1c(OC)cc1c(=O)cc(-c3cccc(Cl)c3)oc12,,0
COc1ccc(OC2C=CC(c3ccccc3)OC2CON=C(C)CCN2CCCCc3nc(C)c(C)cc32)cc1,,0
COc1ccc(Oc2nccc(C(C#N)c3nc4ccccc4s3)n2)cc1,,0
COc1ccc(S(=O)(=O)N(Cc2cc(C)c3c(c2)C=CC(C)(C)O3)c2ccccc2)cc1OC,,0
COc1ccc(S(=O)(=O)N(Cc2ccc3c(c2)C=CC(C)(C)O3)C2CCCCC2)c(OC)c1,,0
COc1ccc(S(=O)(=O)N(Cc2ccc3c(c2)C=CC(C)(C)O3)CC(C)C)c(OC)c1,,0
COc1ccc(S(=O)(=O)N2CCC(C(=O)Nc3ccc(OC)c(OC)c3)CC2)cc1C,,0
COc1ccc(S(=O)(=O)N2CCCCC2)cc1N(C)S(=O)(=O)c1ccccc1,,0
COc1ccc(S(=O)(=O)N2CCCCCC2)cc1N(C)S(=O)(=O)c1ccc(C)cc1,,0
COc1ccc(S(=O)(=O)N2CCCCCC2)cc1NC(=O)CC1OC(=O)c2ccccc21,,0
COc1ccc(S(=O)(=O)N2CCN(c3nc(-c4cccs4)nc4ccccc34)CC2)cc1OC,,0
COc1ccc(S(=O)(=O)N2Cc3ccccc3CC2C(=O)Nc2nccs2)cc1OC,,0
COc1ccc(S(=O)(=O)NCC(c2ccco2)S(=O)(=O)c2cccs2)cc1OC,,0
COc1ccc(S(=O)(=O)Nc2c(NC3CCCCC3)c3ccccc3oc2=O)cc1Cl,,0
COc1ccc(S(=O)(=O)Nc2ccccc2OC)cc1NC(=O)CC1CC2CCC1C2,,0
COc1ccc(SC[C@@H]2CO[C@@](CCc3ccc(Cl)cc3)(Cn3ccnc3)O2)cc1,,0
COc1ccc([C@@H]2CC=C(C(=O)O)[C@H](c3ccc(Br)cc3)N2S(=O)(=O)c2ccc(C)cc2)cc1OC,,0
COc1ccc([C@@H]2N(c3cc(OC)c(OC)c(OC)c3)C(=O)C2(Cl)Cl)cc1Br,,0
COc1ccc([C@@H]2c3c(OC)cc(OC)cc3/C(=C/c3ccc(Cl)cc3)[C@H]2c2cc(OC)cc(OC)c2)cc1,,0
COc1ccc([C@H]2O[C@@H](c3ccc(OC)c(OC)c3)[C@H](C)[C@H]2C)cc1OC,,0
COc1ccc([C@H]2O[C@@]3(C)C[C@H](c4ccc(OC)c(OC)c4OC)OC4C(=O)C(C)[C@@H]2C[C@H]43)c(OC)c1OC,,0
COc1ccc2c(-n3c(=O)n(Cc4cc([C@@]5(C)OC(=O)NC5=O)ccc4Cl)c4ccccc43)noc2c1,8.0,1
COc1ccc2c(Cc3ccc(C(C)C)cc3)c3[n+](cc2c1OCc1cc(F)c(F)c(F)c1)CCc1cc2c(cc1-3)OCO2,,0
COc1ccc2c(Oc3cccc(C(F)(F)F)c3)c(C(=O)O)n(-c3ccc(C(C)(C)C)cc3)c2n1,7.0,1
COc1ccc2c(c1)CC[C@@H]1[C@@H]2CC[C@@]2(C)[C@H]1CC[C@@]2(O)C/C=C/CC(F)(F)C(F)(F)C(F)(F)F,,0
COc1ccc2c(c1)c(Cc1ccccc1OCC(=O)O)c(C)n2C(=O)c1ccc(Cl)cc1,6.48,1
COc1ccc2c(c1Br)CCC/C(=C\c1cc(OC)c(OC)c(OC)c1)C2=O,,0
COc1ccc2c(c1OCCF)CN(c1ncnn3c(C)nc(C4CCOC4)c13)CC2,,0
COc1ccc2c(c[n+]3c4c2ccc2c5c(cc(c24)CC3)OCO5)c1OC(=O)c1ccc(C)c([N+](=O)[O-])c1,,0
COc1ccc2c(c[n+]3c4c2ccc2c5c(cc(c24)CC3)OCO5)c1OC(=O)c1ccc2c(c1)OCO2,,0
COc1ccc2c(c[n+]3c4c2ccc2c5c(cc(c24)CC3)OCO5)c1OCC(=O)c1ccccc1OC(F)(F)F,,0
COc1ccc2c3c1O[C@@H]1C3[C@@](O)(CC[C@H]1N(C)C(=O)/C=C/c1ccoc1)[C@H](N(CC1CC1)C(=O)OC(C)(C)C)C2,,0
COc1ccc2c3c1O[C@H]1[C@@]4(OC)CC[C@@]5(C[C@@H]4COCc4cc6c(cc4Cl)OCO6)[C@@H](C2)[N+](C)(CC2CC2)CC[C@]315,,0
COc1ccc2cc(C(=O)OCOP(=O)(CC/C=C(\C)CO)OC)c(=O)oc2c1,,0
COc1ccc2cc(Nc3ccc(C(n4ccnc4)C(C)(C)CO)cc3)ccc2c1,,0
COc1ccc2cc(S(=O)(=O)N3CCCCC3)ccc2c1S(=O)(=O)N1CCCCC1,,0
COc1ccc2cc3[n+](cc2c1OC(=O)CCCCCCCCCO[N+](=O)[O-])CCc1cc2c(cc1-3)OCO2,,0
COc1ccc2cc3[n+](cc2c1OC(=O)CCCCCCCO[N+](=O)[O-])CCc1cc2c(cc1-3)OCO2,,0
COc1ccc2cc3[n+](cc2c1OC(=O)CCCCCO[N+](=O)[O-])CCc1cc2c(cc1-3)OCO2,,0
COc1ccc2cc3[n+](cc2c1OCCC(=O)NCCc1c[nH]c2ccc(C)cc12)CCc1cc2c(cc1-3)OCO2,,0
COc1ccc2cc3[n+](cc2c1OCCCCCCCCCCCCO[N+](=O)[O-])CCc1cc2c(cc1-3)OCO2,,0
COc1ccc2cc3[n+](cc2c1OCCCCCSc1ccccc1)CCc1cc2c(cc1-3)OCO2,,0
COc1ccc2cc3[n+](cc2c1OCCCCOn1nnc2ccccc21)CCc1cc2c(cc1-3)OCO2,,0
COc1ccc2ccc(=O)oc2c1C1=NN(S(=O)(=O)c2ccc(C)cc2)C(c2ccc(SC)cc2)C1,,0
COc1ccc2nc(-c3ccc(-n4cnnc4-c4cc(OC)c(OC)c(OC)c4)c(OC)c3)sc2c1,,0
COc1ccc2nc(NC(=O)C(CC3CCCC3)c3ccc(S(=O)(=O)NC4CC4)cc3)sc2n1,,0
COc1ccc2nc(Oc3ccc(C)cc3)c(C3C(C#N)C(=N)OC4=CCCC(=O)C43)cc2c1,,0
COc1ccc2nc(Oc3ccc(F)cc3)c(-c3c(C#N)c(N)n4c(nc5cc(C)ccc54)c3C#N)cc2c1,,0
COc1cccc(/C=C2\SC(=S)N(CCCC(=O)N3CCOCC3)C2=O)c1,,0
COc1cccc(C2CC(c3cccs3)=NN2C(=O)CSc2nc(=O)c3cnn(-c4ccc(F)cc4)c3[nH]2)c1OC,,0
COc1cccc(C2CC(c3cccs3)=NN2C(=O)CSc2nc3ccccc3s2)c1OC,,0
COc1cccc(N(CC2CC2)c2ccc3ncc(-c4cnn(C)c4)nc3c2)c1OC,,0
COc1cccc(NC(=O)CN(C)C(=O)CSCc2nc(=O)c3c(-c4cccs4)csc3[nH]2)c1,,0
COc1cccc(NCc2nnc(SCC(=O)N(C)C3CCS(=O)(=O)C3)n2C2CCCCC2)c1,,0
COc1cccc2c1ncc1c(=O)n(-c3ccccc3Cl)c(=O)n(C3CCC(C)CC3)c12,,0
COc1ccccc1-c1cc2c(Nc3ccc4[nH]ccc4c3C)c(C#N)cnc2s1,,0
COc1ccccc1-c1csc2nc(N3CCC(C(N)=O)C3)nc(N3C4CCC3CC(OC)C4)c12,,0
COc1ccccc1-c1nc2ccccc2c(=O)n1/N=C/c1cn(-c2ccc(C)cc2)nc1-c1ccncc1,,0
COc1ccccc1-n1c(-c2cc(-c3ccccc3)c(N3CCOCC3)s2)nc2ccccc2c1=O,,0
COc1ccccc1-n1c(C)cc(/C=C(\C#N)c2nnc3n2CCCCC3)c1C,,0
COc1ccccc1-n1nc(C2CCN(S(C)(=O)=O)CC2)cc1-c1ccc2c(ccn2C)c1,,0
COc1ccccc1-n1nc(OC2CC(C)(C)S(=O)(=O)C(C)(C)C2)cc1-c1ccc(C#N)cc1,,0
COc1ccccc1/C=C/c1onc(C)c1S(=O)(=O)N1CCC(C(=O)N2CCC(C)CC2)CC1,,0
COc1ccccc1/C=C1\SC(=O)N(CCC(=O)NCCCn2ccnc2)C1=O,,0
COc1ccccc1CNc1nc2c(S(=O)(=O)c3ccc(Br)cc3)nnn2c2ccsc12,,0
COc1ccccc1N(CC(=O)Nc1ccc(Br)cc1F)S(=O)(=O)c1cccs1,,0
COc1ccccc1N1CCC2(CCN(CCCSc3nnc(-c4ccccc4F)n3C)CC2)CC1,,0
COc1ccccc1N1CCN(C(=O)C2CCCCN2S(=O)(=O)c2ccc(C)cc2)CC1,,0
COc1ccccc1N1CCN(C(=O)C=Cc2noc(-c3cc(Cl)c(O)cc3O)c2-c2ccc(O)cc2)CC1,,0
COc1ccccc1N1CCN(C(=O)CCCN2C(=O)c3cccc4cccc(c34)C2=O)CC1,,0
COc1ccccc1N1CCN(S(=O)(=O)c2cc3c(cc2C)OCC(=O)N3CC(=O)c2cccs2)CC1,,0
COc1ccccc1NC(=O)CN1C(=O)C2(SCC(=O)N2c2ccc(F)c(F)c2)c2ccccc21,,0
COc1ccccc1NC(=O)c1c(O)coc1Nc1ccccc1OC,,0
COc1cccn2nc(CCc3nc(-c4cccnc4)c[nH]3)nc12,,0
COc1cn(-c2ccc3c(c2F)C(C)(C)C(=O)N3CC2CC2)nc(-c2ccnn2-c2ccccc2)c1=O,,0
COc1cnc(CC#N)cc1-c1nc2c(n1C(C)C)C(c1ccc(Cl)cc1)N(c1cc(Cl)cn(C)c1=O)C2=O,,0
COc1cnc(CC#N)cc1-c1nc2c(n1C(C)C)C(c1ccc(Cl)cc1)N(c1ccc(F)c(Cl)c1)C2=O,,0
COc1cnc(Cl)nc1-c1ccc2c(c1)CC[C@H](c1cccnc1)N2C(=O)c1cc(Cl)c(O)cc1O,,0
COc1nc(-c2ccccc2)ccc1-c1noc(-c2ccccc2Br)n1,,0
COc1nc(-c2csc(Nc3c4c(nn3C3CCCCC3)CCCC4)n2)ccc1-n1cnc(C)c1,,0
COc1nc(-c2csc(Nc3cc(C(C)(C)C)nn3CC(F)(F)F)n2)ccc1-n1cnc(C)c1,,0
COc1nc(-c2nc3n(n2)CCC[C@H]3c2cc(N(CC3CC3)CC(F)(F)F)ccc2Cl)ccc1-n1cnc(C)c1,,0
COc1nc(-c2nc3n(n2)CCC[C@H]3c2cc(N3CCC(C)CC3)ccc2Cl)ccc1-n1cnc(C)c1,,0
COc1nc(-c2nc3n(n2)CCC[C@H]3c2ccc(Cl)c(N3CCCCC3)c2)ccc1-n1cnc(C)c1,,0
COc1nc(-c2nc3n(n2)CCC[C@H]3c2ccc3c(c2)C(C)(C)CN3CC(F)(F)F)ccc1-n1cnc(C)c1,,0
COc1nc(-c2nc3n(n2)CCC[C@H]3c2ccccc2C(F)(F)F)ccc1-n1cnc(C)c1,,0
COc1nc(-n2cnc(C)c2)ncc1-c1cn(C2CCc3c(F)cccc3N(CC(F)(F)F)C2=O)nn1,,0
COc1nc(/C=C/c2nc3n(n2)[C@H](c2ccccc2C(F)(F)F)CCC3)ccc1-n1cnc(C)c1,,0
COc1nc(C)c(Nc2nc(Cl)cn([C@H](CO)C3CC3)c2=O)cc1C,,0
COc1nc(C)c(Nc2nc(Cl)cn([C@H](COC(=O)Nc3ccc(Cl)cc3Cl)C3CC3)c2=O)cc1C,,0
COc1nc(N(C)C)ncc1-c1cc2c(n1C(C)C)C(c1ccc(Cl)cc1)N(c1cc(C)nn1C)C2=O,,0
COc1nc(N)ncc1-c1cc2c(n1C(C)C)[C@H](c1ccc(C#N)cc1)N(c1cccc(Cl)c1F)C2=O,,0
COc1nc([N+](=O)[O-])cn1CC(OCc1ccc(Cl)cc1)c1ccc(Cl)cc1Cl,,0
COc1nc([N+](=O)[O-])cn1CC(OCc1ccc(F)cc1)c1ccc(Cl)cc1Cl,,0
COc1ncc(-c2cc3c(N4CCOC[C@H]4C)ncnc3s2)cc1NS(=O)(=O)c1ccc(F)cc1F,,0
COc1ncc(-c2cc3c(n2C(C)C)C(c2ccc(Cl)cc2)N(c2cc(Cl)c(=O)n(C)c2)C3=O)c(OC)n1,,0
COc1ncc(-c2cc3c(n2C(C)C)C(c2ccc(Cl)cc2)N(c2ccc(F)c(Cl)c2)C3=O)c(OC)n1,,0
COc1ncc(-c2cc3c(n2C(C)C)C(c2ccc(Cl)cc2C)N(c2cc(Cl)c(=O)n(C)c2)C3=O)c(OC)n1,,0
COc1ncc(-c2cc3c(n2C(C)C)C(c2ccc(Cl)cn2)N(c2ccc(F)c(Cl)c2)C3=O)c(OC)n1,,0
COc1ncc(-c2nc3c(n2C(C)C)C(c2ccc(Cl)cc2)N(c2cc(Cl)c(=O)n(C)c2)C3=O)c(OC)n1,,0
COc1ncc(-n2nc3c(c2C(C)C)C(c2ccc(Cl)cc2)N(c2cc(Cl)cn(C)c2=O)C3=O)c(OC)n1,,0
CS(=O)(=O)CCCn1cnc(-c2ccc(F)cc2)c1-c1ccncc1,,0
CS(=O)(=O)N(CC(=O)NCCSCc1ccccc1)c1ccc2c(c1)OCO2,,0
CS(=O)(=O)N1CC=C(c2cc3c(-c4cccc(NCc5c(F)cccc5F)n4)ccnc3[nH]2)CC1,,0
CS(=O)(=O)N1CCC(Nc2nccc(NCc3ccccc3)n2)CC1,,0
CS(=O)(=O)c1ccc(-c2ccc(OCc3nnc(SC4CCCC4)n3-c3cccnc3)cc2)cc1,,0
CS(=O)(=O)c1ccc(-c2cn(CC(F)(F)F)nc2[C@@H]2CCC(F)(F)CC2C(=O)NC2(C#N)CC2)cc1,,0
CS(=O)(=O)c1ccc(-c2cscc2-c2ccc(S(C)(=O)=O)cc2)cc1,,0
CS(=O)(=O)c1ccc(/C=C(/C(=O)OCO/N=[N+](/[O-])N2CCCC2)c2cccc(Br)c2)cc1,,0
CS(=O)(=O)c1ccc(NC(=O)CSC(=O)N2CCCc3cc(Cl)cc(Cl)c32)c(Cl)c1,,0
CS(=O)(=O)c1ccc(OCC2CCCCC2)c(C(=O)N2CCN(c3ccc(C#N)cc3F)CC2)c1,,0
CS(=O)(=O)c1cccc(-c2cc3ncnc(Nc4ccc(OCc5cccc(F)c5)c(Cl)c4)c3s2)c1,,0
CS(=O)(=O)c1ccccc1-c1ccc(N2CCC(NS(=O)(=O)/C=C/c3ccc(Cl)s3)C2=O)nc1,,0
CS(=O)(=O)c1ccccc1-c1ccc(N2CCC(NS(=O)(=O)c3cc4ccc(Cl)cc4o3)C2=O)c(F)c1,,0
CSC(=S)OCC1=CC[C@](C)(CCC=C(C)C)/C=C/[C@@H](OC(=O)C=C(C)C)[C@](C)(O)/C=C/C1=O,,0
CSC1=C(C)C(/C=N/Nc2ccc([N+](=O)[O-])cc2)=C(C)N(c2ccccc2)S1(=O)=O,,0
CSCCC(NC(=S)c1sc(SC(C)C)c(C#N)c1-c1ccc(Cl)cc1)C(=O)O,,0
CSN1CC2(CCN(C(=O)NC(CCc3ccccc3)C(=O)N(C)Cc3ccccc3)CC2)c2ccccc21,,0
CSc1c(-c2cccnc2)nc(-c2ccc(NC(=O)Nc3ccc(N4CCOCC4=O)cc3)cc2)nc1N1CCOCC1,,0
CSc1c(-c2ccncc2)nc(-c2ccc(NC(=O)Nc3ccc(N4CCOCC4=O)cc3)cc2)nc1N1CCOCC1,,0
CSc1c(C#N)c(-c2cc(C(C)(C)C)oc2C)nn1-c1ccc(I)cc1,,0
CSc1cc(Cl)cc(CSc2nc(-c3ccc(F)cc3)c(-c3ccncc3)[nH]2)c1O,,0
CSc1ccc(C(=O)C2CCCN(C(=O)CCn3cnnn3)C2)cc1,,0
CSc1ccc(C=C2C=C(CC(=O)NS(=O)(=O)c3ccc(C(C)=O)cc3)c3cc(F)ccc32)cc1,,0
CSc1cccc(-c2cc(NC(=O)C(Cl)Cl)cc(-c3cccc(SC)c3)c2)c1,,0
CSc1cccc(N2CC(C(=O)Nc3cccc(S(=O)(=O)N4CCCC4)c3)CC2=O)c1,,0
CSc1nc(-c2ccc([C@H](C)O)cc2)cn2c(-c3ccc(-c4c[nH]c(C5CC5)n4)cc3)cnc12,,0
CSc1nc(N(CCO)CCO)c2sc3nc(-c4ccco4)c4c(c3c2n1)CCC4,,0
CSc1nc(NCCOCCO)c2sc3nc(-c4ccco4)c4c(c3c2n1)CCC4,,0
CSc1nc(SC)c2ncn(C3CC(Oc4ccc(C)cc4)C(COc4ccc(C)cc4)O3)c2n1,,0
CSc1nnc2n(Cc3ccccc3)c(=O)c3c(n12)-c1ccccc1CC31CCCCC1,,0
CSc1sc(-c2ccn(S(=O)(=O)c3ccc(Cl)c(Cl)c3)n2)c2c1C(=O)CC(C)(C)C2,,0
CSc1sc(-c2ccnc(SCCS(C)(=O)=O)n2)c(-c2ccccc2)c1C#N,,0
C[C@@H](C1CC1)n1cc(Cl)nc(N(COP(=O)(O)O)c2c(Cl)cc(OC(F)F)cc2Cl)c1=O,,0
C[C@@H](CO)[C@H](/C=C/c1ccccc1)CCO[Si](c1ccccc1)(c1ccccc1)C(C)(C)C,,0
C[C@@H](Nc1c(Cl)cnc2ccc(-c3cnc(C(C)(C)O)nc3)cc12)c1cc(N2CCCC2)ccc1F,,0
C[C@@H](OC(=O)c1ccccc1I)C1CCC2C3CC=C4CC(O)CCC4(C)C3CCC21C,,0
C[C@@H](OC[C@@]1(c2ccccc2)CC(N2CCCCC2=O)C(=O)N1)c1cc(C(F)(F)F)cc(C(F)(F)F)c1,,0
C[C@@H](O[C@@H]1CN(C(=O)NCc2c[nH]nn2)C[C@H]1c1ccc(F)cc1)c1cc(C(F)(F)F)cc(C(F)(F)F)c1,,0
C[C@@H](O[C@H]1CN2C(=O)C(n3cnnc3)C[C@H]2[C@@H]1c1ccc(F)cc1)c1cc(C(F)(F)F)cc(C(F)(F)F)c1,,0
C[C@@H](c1ccc(-c2ccc(=O)n(C)c2)cc1)N1CC[C@](CC(C)(C)C#N)(c2ccc(F)cc2)OC1=O,,0
C[C@@H](c1ccc(-c2ccn(C(F)F)c(=O)c2)cc1)N1CC[C@](CC(C)(C)O)(c2ccccc2)OC1=O,,0
C[C@@H](n1cnc2cc(-c3ccc(C#N)cc3)sc2c1=O)[C@](O)(Cn1cncn1)c1ccc(F)cc1F,,0
C[C@@H]1/C(=N\NC(=S)Nc2ccccc2)[C@@H](C)[C@H](c2ccc(F)cc2)O[C@@H]1c1ccc(F)cc1,,0
C[C@@H]1/C(=N\NC(=S)Nc2ccccc2)[C@@H](C)[C@H](c2ccccc2Cl)O[C@@H]1c1ccccc1Cl,,0
C[C@@H]1C2=CC[C@@]3(C)C(CCC3[C@H](C)[C@H]3C[C@@]4(C)O[C@@](c5cccnc5)(O3)OC4(C)C)[C@@H]2[C@H]2O[C@H]2[C@@]12CCC(=O)O2,,0
C[C@@H]1CC2C3C[C@H](F)C4=CC(=O)C=CC4(C)[C@@]3(Cl)C(O)CC2(C)[C@@]1(OC(=O)c1ccco1)C(=O)CCl,,0
C[C@@H]1CCC2=C(CCCC2(C)C)[C@@]1(C)CC[C@H](CCCc1ccoc1)COS(=O)(=O)O,,0
C[C@@H]1CC[C@@H]2C(=CCCC2(C)C)[C@]1(C)CCC(CCCc1ccoc1)COS(=O)(=O)O,,0
C[C@@H]1CC[C@@]2(OC1)O[C@H]1C[C@H]3C4=CC=C5CC(=O)C(OCc6cn(CC#N)nn6)=C[C@]5(C)[C@H]4CC[C@]3(C)[C@H]1[C@@H]2C,,0
C[C@@H]1CC[C@H]2C(CCCCCCCC3C(=O)O[C@@H]4O[C@@]5(C)CC[C@H]6[C@H](C)CC[C@@H]3[C@@]46OO5)C(=O)O[C@@H]3O[C@@]4(C)CC[C@@H]1[C@]32OO4,,0
C[C@@H]1CC[C@H]2[C@@H](C)C(OCc3cn(Cc4ccccc4)nn3)O[C@@H]3O[C@]4(C)CC[C@@H]1[C@]32OO4,,0
C[C@@H]1CC[C@H]2[C@@H](CCCc3ccc(N(C)C)cc3)CO[C@@H]3O[C@@]4(C)CC[C@@H]1[C@]32OO4,,0
C[C@@H]1CN(c2ccc(F)cc2C(F)(F)F)CCN1S(=O)(=O)c1ccc(N2CCC(O)CC2)cc1Cl,,0
C[C@@H]1CN(c2ccc3c(Nc4ccc(Cl)c(-c5nc(-c6ccccc6)c[nH]5)c4)nccc3c2)C[C@H](C)O1,,0
C[C@@H]1CN(c2nnc(Cc3ccccc3)c3c2CCC3)CCN1c1cc(C(F)(F)F)c(C(C)(C)O)cn1,,0
C[C@@H]1C[C@H]2C3=C(C4=C(CC3)CC(=O)CC4)C(c3ccc(-c4ncccn4)cc3)C[C@]2(C)C1C(=O)C1CC1,,0
C[C@@H]1C[C@]23CC[C@@H]4[C@](C)(CCC[C@]4(C)C(=O)O)[C@H]2CC[C@@]1(OC(=O)CCCCCCCCC(=O)O)C3,,0
C[C@H](C#N)Oc1cc(-c2cc(F)cc(F)c2)c(F)cc1-n1c(=O)ccc2cc(S(=O)(=O)Nc3ccon3)ccc21,,0
C[C@H](C/C=C/C(C)(C)O)[C@H]1CC[C@@]2(C)[C@@H]3[C@@H](O)C=C4[C@@H](CC[C@H](O)[C@]4(C)CO)[C@]3(C)CC[C@]12C,,0
C[C@H](CCC(=O)NCC(=O)O)[C@H]1CC[C@H]2[C@@H]3CC[C@@H]4C[C@H](OS(=O)(=O)O)CC[C@]4(C)[C@H]3CC[C@]12C,,0
C[C@H](CCC(=O)NCCS(=O)(=O)O)[C@H]1CC[C@H]2[C@@H]3[C@@H](O)C[C@@H]4CCCC[C@]4(C)[C@H]3CC[C@]12C,,0
C[C@H](CCC(=O)O)[C@H]1CC[C@H]2[C@@H]3CC[C@@H]4C[C@H](OC(=O)CCC(=O)O)CC[C@]4(C)[C@H]3CC[C@]12C,,0
C[C@H](CCC(=O)OCC[S+]([O-])CC1(C)COC1)[C@H]1CC[C@H]2[C@@H]3CC[C@@H]4C[C@H](O)CC[C@]4(C)[C@H]3CC[C@]12C,,0
C[C@H](CCC(=O)[O-])[C@H]1CC[C@H]2[C@@H]3CC[C@@H]4C[C@H](OC(=O)C[n+]5ccc(N(C)C)cc5)CC[C@]4(C)[C@H]3CC[C@]12C,,0
C[C@H](CCCCCOS(=O)(=O)O)[C@H]1CC[C@H]2[C@@H]3[C@@H](O)C[C@@H]4C[C@H](O)CC[C@]4(C)[C@H]3CC[C@]12C,,0
C[C@H](CCCOS(=O)(=O)O)[C@H]1CC[C@H]2[C@@H]3[C@@H](O)C[C@@H]4CCCC[C@]4(C)[C@H]3CC[C@]12C,,0
C[C@H](CCCOS(=O)(=O)O)[C@H]1CC[C@H]2[C@@H]3[C@H](OS(=O)(=O)O)C[C@@H]4CCCC[C@]4(C)[C@H]3CC[C@]12C,,0
C[C@H](CCCn1cc(CCCC(=O)O)nn1)[C@H]1CC[C@H]2[C@@H]3CC[C@@H]4C[C@H](O)CC[C@]4(C)[C@H]3CC[C@]12C,,0
C[C@H](CC[C@@H](O)C(C)(C)O)[C@H]1CC[C@@]2(C)C3=C(C[C@H](O)[C@]12C)[C@@]1(C)C[C@@H](O)[C@H](O)C(C)(C)[C@@H]1CC3,,0
C[C@H](CO)N1C[C@H](C)[C@@H](CN(C)C(=O)Nc2cccc(F)c2)Oc2ncc(Br)cc2C1=O,,0
C[C@H](CO)N1C[C@H](C)[C@@H](CN(C)C(=O)Nc2ccccc2)Oc2cc(Br)ccc2S1(=O)=O,,0
C[C@H](NS(=O)(=O)c1ccc(-c2c(C#N)c3cc(F)c(C4CC4)cc3n2-c2ccc(F)cn2)nc1)C(F)(F)F,,0
C[C@H](Nc1ncc(F)c(N2C(=O)OC[C@@H]2[C@H](C)F)n1)c1ncc(-c2ccnc(C(F)(F)F)c2)cc1F,,0
C[C@H](Nc1nccc(N2C(=O)OC[C@@H]2[C@@H](C)O)n1)c1nc(-c2ccc(Br)cc2)cs1,,0
C[C@H](Nc1nccc(N2C(=O)OC[C@@H]2[C@H](C)F)n1)c1cn(-c2ccc(Cl)c(F)c2)cn1,,0
C[C@H](Nc1nccc(N2C(=O)OC[C@]2(C)c2ccccc2)n1)C1CCCCC1,,0
C[C@H](Nc1nccc(N2C(=O)O[C@H](C)[C@@H]2c2ccccc2)n1)c1ccccc1,,0
C[C@H](Nc1ncnc(N)c1C#CC1CCCC1)c1nc2cccc(Cl)c2c(=O)n1-c1ccccc1,,0
C[C@H](c1cc(F)cc(F)c1)N(C/C=C/c1cnc2c(c1)C[C@@]1(C2)C(=O)Nc2ncccc21)C(=O)c1nccn1C,,0
C[C@H](c1ccc(F)cc1)N1C(=O)O[C@](Cc2ccccc2)(c2nc3c(-c4cc[nH]n4)cccc3[nH]2)C1=O,,0
C[C@H](c1ccc(F)cc1)N1C(=O)O[C@](Cc2ccccc2)(c2nc3cc(-c4cn[nH]c4)ccc3[nH]2)C1=O,,0
C[C@H](c1ccccc1)N1C(=O)O[C@](Cc2ccccc2)(C(=O)N[C@H]2C[C@H](c3ccccc3)C2)C1=O,,0
C[C@H](c1ccccc1)N1C[C@@H](COCc2ccccc2)Oc2cc(N3CCC[C@H]3CO)ccc2S1(=O)=O,,0
C[C@H]1CCC/C=C/[C@@H]2C[C@H](OC(=O)CCCc3ccc(N(CCCl)CCCl)cc3)C[C@H]2[C@H](O)/C=C/C(=O)O1,,0
C[C@H]1CC[C@H](Cn2c(N3CCCC34CCOC4)nc3cc(-c4nc(=O)o[nH]4)nc(-c4cncc(Cl)c4)c32)CC1,,0
C[C@H]1CC[C@H](Cn2c(N3CCC[C@H]3C(F)F)nc3cc(-c4nc(=O)o[nH]4)nc(-c4cncc(Cl)c4)c32)CC1,,0
C[C@H]1CC[C@H](Cn2c(N3CCOC4COCC43)nc3cc(-c4nc(=O)o[nH]4)cc(-c4cncc(Cl)c4)c32)CC1,,0
C[C@H]1CC[C@H](Cn2c(Nc3ccccc3F)nc3cc(-c4nc(=O)o[nH]4)nc(-c4cncc(Cl)c4)c32)CC1,,0
C[C@H]1COC[C@H](C)N1c1nc2cc(-c3nc(=O)o[nH]3)nc(-c3cncc(Cl)c3)c2n1C[C@H]1CC[C@H](C)CC1,,0
C[C@H]1OC(=O)[C@]2(CC#N)CC(F)(F)[C@@H](C)[C@H](/C=C/c3ccc(-c4ccccc4Cl)cn3)C12,,0
C[C@H]1OC(=O)[C@]2(NC(=O)c3nccs3)CC(F)(F)[C@@H](C)[C@H](/C=C/c3ccc(-c4ccccc4C#N)cn3)[C@H]12,,0
C[C@H]1[C@@H](OCCOCCOCCO)O[C@@H]2O[C@@]3(C)CC[C@H]4[C@H](C)CC[C@@H]1[C@@]24OO3,,0
C[C@H]1[C@@H](OCc2cn(-c3ccc(C(=O)N4CCCC4)cc3)nn2)O[C@@H]2O[C@@]3(C)CC[C@H]4[C@H](C)CC[C@@H]1[C@@]24OO3,,0
C[C@H]1[C@H](C)CC[C@]2(C(=O)O)CC[C@@]3(COC(=O)C=Cc4ccc(O)cc4)C(=CCC4[C@@]5(C)CC[C@H](O)C(C)(C)C5CC[C@]43C)[C@H]12,,0
C[C@H]1[C@H](OC(=O)CC23CC4CC(CC(C4)C2)C3)O[C@@H]2O[C@]3(C)CC[C@H]4[C@H](C)CC[C@@H]1[C@@]24OO3,,0
C[C@H]1[C@H]2[C@H](C[C@H]3[C@@H]4CC=C5C[C@@H](O)CC[C@]5(C)[C@H]4CC[C@]23C)O[C@@H]1CC[C@@H](C)c1nnc(-c2cccnc2)s1,,0
C[C@](O)(C/C=C/[C@H]1CCC(=O)C1CCSc1nc(C(=O)O)cs1)CC1CCCC1,,0
C[C@](c1ccc(F)cc1F)(c1c[nH]c2c(NS(C)(=O)=O)cccc12)C1CC1,,0
C[C@]1(COc2ccc(Cl)cn2)CN(C(=O)C2CCN(c3ccc(C#N)cc3)CC2)C[C@@H]1c1ccc(Cl)cc1,,0
C[C@]1(COc2ccc(N3CCC(Oc4ccc(F)cc4)CC3)cc2)Cn2cc([N+](=O)[O-])nc2O1,,0
C[C@]12CCC(=O)C=C1CC[C@@H]1[C@@H]2[C@@H](O)C[C@@]2(C)[C@H]1CC[C@]2(O)C(=O)COC(=O)C1CCCC1,,0
C[C@]12CCC(=O)C=C1CC[C@@H]1[C@@H]2[C@@H](O)C[C@@]2(C)[C@H]1CC[C@]2(O)C(=O)CSc1nc2ccccc2s1,,0
C[C@]12CC[C@@H]3C4=C(CC[C@H]3[C@@H]1C[C@H]1O[C@H](c3ccc(Br)cc3)O[C@]12C(=O)CF)CC(=O)CC4,,0
C[C@]12CC[C@@H]3c4ccc(O)cc4C[C@@H](CCCCC#Cc4ccc(-c5ccno5)cc4)[C@H]3[C@@H]1CC[C@@H]2O,,0
C[C@]12CC[C@H](OC(=O)C3CCCCC3)CC1=CC[C@@H]1[C@@H]2CC[C@]2(C)C(Cl)=C(C=O)C[C@@H]12,,0
C[C@]12CC[C@H](OC(=O)C3CCCCCC3)CC1=CC[C@@H]1[C@@H]2CC[C@]2(C)C(Cl)=C(C=O)C[C@@H]12,,0
C[C@]12CC[C@H]3[C@@H](CC=C4C[C@@H](OC(=O)c5ccccc5)CC[C@@]43C)C1=CC=C2c1cccnc1,,0
C[C@]12Cc3cnn(-c4ccccc4)c3C=C1CC[C@@H]1[C@@H]2[C@@H](O)C[C@@]2(C)[C@H]1CC[C@]2(O)C(=O)CSc1cnc2ccccc2n1,,0
C[C@]12c3[nH]c4ccc(Cl)cc4c3CCN1C(=O)C(CC(=O)NCC13C[C@H]4C[C@@H](C1)C[C@@H](C3)C4)CC2C(=O)N1CCOCC1,,0
C[N+](C)(CC#CCOC1=NOCC1)Cc1cc(F)c(/N=N/c2c(F)cccc2F)c(F)c1,,0
C[N+](C)(CCCCCCCOc1c(Br)cc(Br)cc1Br)Cc1ccc([N+](=O)[O-])o1,,0
C[N+](C)(CCCCCOc1c(Br)cc(Br)cc1Br)Cc1ccco1,,0
C[Si]1(C)CCN(C(=O)c2cc(-c3ccc(Cl)cc3)n(-c3ccc(Cl)cc3)n2)CC1,,0
Cc1[nH]n(-c2ccccc2)c(=S)c1C=Nc1c(Br)cc(Br)cc1Br,,0
Cc1c(-c2ccc(C(N)=O)c3[nH]c4cc(C(C)(C)O)ccc4c23)cccc1N1Cc2ccccc2C1=O,,0
Cc1c(-c2ccccn2)nc2cc(F)ccc2c1N1CC(C)(C)c2ncc(-c3ccnc(N)n3)cc21,,0
Cc1c(/C=C/c2ccccc2)nc2cc(F)cc(F)c2c1N1CC(C)(C)c2ncc(N3CCOCC3)cc21,,0
Cc1c(C(=O)NN2CCCCC2)nn(-c2ccc(Cl)cc2Cl)c1-c1ccc(Br)cc1,,0
Cc1c(C(=O)c2ccc(Cl)cc2)c2ccc(OC(F)(F)F)cc2n1Cc1cccc(OC(C(=O)O)C(C)C)c1,8.0,1
Cc1c(C(=O)c2ccc(Cl)cc2)c2ccc(OC(F)(F)F)cc2n1Cc1cccc(OC(C)C(=O)O)c1,9.0,1
Cc1c(C(c2ccc(N(C)C)cc2)c2c(C)n(C)n(-c3ccccc3)c2=O)c(=O)n(-c2ccccc2)n1C,,0
Cc1c(C(c2ccc3c(c2)OCO3)c2c(C)n(C)n(-c3ccccc3)c2=O)c(=O)n(-c2ccccc2)n1C,,0
Cc1c(C)c(C)c(C(=O)C2CCN(c3ccc([N+](=O)[O-])cn3)CC2)c(C)c1C,,0
Cc1c(C)n(Cc2ccc(-c3ccccc3C(=O)O)cc2)c2ccc(C(=O)NC3CCC3)cc12,7.5,1
Cc1c(C)n(Cc2ccc(-c3ccccc3C(=O)O)cc2)c2ccc(C(=O)NCc3ccccc3)cc12,9.0,1
Cc1c(C)n(Cc2ccc(-c3ccccc3C(=O)O)cc2)c2ccc(C(=O)NCc3ccccc3N)cc12,7.5,1
Cc1c(C)n(Cc2ccc(-c3ccccc3C(=O)O)cc2)c2ccc(C(=O)NCc3ccccn3)cc12,7.47,1
Cc1c(C)n(Cc2ccc(-c3ccccc3C(=O)O)cc2)c2ccc(C(=O)NCc3cccs3)cc12,9.0,1
Cc1c(C)n(Cc2cccc(OC(C)(C)C(=O)O)c2)c2ccc(C(=O)N[C@@H](C)c3ccc(C(C)(C)C)cc3)cc12,6.49,1
Cc1c(CCOC(=O)CC23CC4CC(CC(C4)C2)C3)sc[n+]1CC(=O)c1ccc(Br)cc1,,0
Cc1c(Cl)cccc1S(=O)(=O)Nc1ccc(F)c(Nc2ncccc2-c2ncnc3[nH]cnc23)c1F,,0
Cc1c(N2CCCCC2)nc2cc(F)cc(F)c2c1N1CC(C)(C)c2ccc(N3CCOCC3)cc21,,0
Cc1c(NC(=O)c2nc(=O)c3c([nH]2)N(c2ccccc2)C(=O)N2CCCC32)c(=O)n(-c2ccccc2)n1C,,0
Cc1c(Oc2cccc(OC(C)C(=O)O)c2)c2cc(OC(F)(F)F)ccc2n1-c1noc2cc(Cl)ccc12,7.48,1
Cc1c(P(=S)(c2ccccc2)c2ccccc2)n2ccccc2[n+]1C/C=C/c1cccc(Br)c1,,0
Cc1cc(-c2ccc(N3C(=O)C(=O)C(C(=O)C(C)C)C3c3ccccc3C(=O)N(C)C)cc2)cs1,,0
Cc1cc(-c2ccc(N3C(=O)C(=O)C(C(=O)C(C)C)C3c3ccccc3N3CCCC3=O)cc2)cs1,,0
Cc1cc(-c2ccnn2C)c2cccc(OCc3c(Cl)cncc3Cl)c2n1,,0
Cc1cc(-c2nc(-c3ccc(OC(F)F)c(C)c3)n3c2CCO[C@H](CF)C3)cc(CF)n1,,0
Cc1cc(=O)n2c3c(cc(S(=O)(=O)NC4CC4)cc13)CCC2,,0
Cc1cc(Br)c(Nc2nc(Nc3ccc(C#N)cc3)nc(N(C)C)n2)c(Br)c1,,0
Cc1cc(C(=O)CN(Cc2ccc(F)cc2)S(=O)(=O)c2ccc3c(c2)OCCO3)c(C)n1C,,0
Cc1cc(C(=O)N(C/C=C/c2ccc3c(c2)C[C@@]2(C3)C(=O)Nc3ncccc32)[C@H](C)c2cc(F)cc(F)c2)n(C)n1,,0
Cc1cc(C(=O)N2CC[C@H]2c2noc(-c3cccc(Cl)c3C)n2)c(-n2nccn2)cc1C,,0
Cc1cc(C(=O)NCC#Cc2ccc3ncc4nc(C)n(C(C)C)c4c3c2)c(=O)n([C@H](C)c2ccc(F)c(F)c2)n1,,0
Cc1cc(C)c(-c2nc3c(C4COC4)nccc3[nH]2)cc1C(=O)N1CCC(c2ccc(C#N)cc2)CC1,,0
Cc1cc(C)c(-c2nc3c([nH]2)CC(O)CC3)cc1C(=O)N1CCC(c2ccc(C#N)cc2)CC1,,0
Cc1cc(C)c(-c2nc3ccc(N4CCC4)nc3[nH]2)cc1C(=O)N1CCC(c2ccc(C#N)cc2)CC1,,0
Cc1cc(C)c(C2CC(c3cccc(Br)c3)=NN2c2nc3nc4ccccc4nc3s2)c(C)c1,,0
Cc1cc(C)c(CSc2nnc(-c3ccc4[nH]cnc4c3)o2)c(C)c1,,0
Cc1cc(C)c(Cn2cc(C3=C(Cl)c4ccc(-c5cccs5)nc4CC3)nn2)c(C)c1,,0
Cc1cc(C)c(NC(=O)C2CCCN(S(=O)(=O)c3c(C)noc3/C=C/N(C)C)C2)c(C)c1,,0
Cc1cc(C)c(S(=O)(=O)N=C2C=C(NS(=O)(=O)c3ccccc3)C(=O)c3ccccc32)c(C)c1,,0
Cc1cc(C)c2c(c1)cc(C)c1nnc(SCC(=O)Nc3ccc(S(=O)(=O)N4CCCCC4)cc3)n12,,0
Cc1cc(C)c2nc(N3CCC(C(=O)N4CCN(C(=O)c5ccco5)CC4)CC3)sc2c1,,0
Cc1cc(C)c2nc(NNC(=O)c3ccc(S(=O)(=O)N4CCc5ccccc5C4)cc3)sc2c1,,0
Cc1cc(C)cc(-n2cc(CN(Cc3cn(-c4cc(C)cc(C)c4)nn3)c3nc4ccccc4s3)nn2)c1,,0
Cc1cc(C)cc(N(C(=O)c2nsc(Cl)c2Cl)C(C(=O)NC2CCCC2)c2ccc(O)cc2)c1,,0
Cc1cc(C)cc(N(CC(=O)NC2CCCC2)C(=O)CCC(=O)Nc2cc(C)on2)c1,,0
Cc1cc(C)cc(N(CCC#N)C(=O)COC(=O)c2ccc(OCc3c(C)noc3C)cc2)c1,,0
Cc1cc(C)cc(N(CCC(=O)Nc2nnc(C3CC3)s2)S(=O)(=O)c2ccc(Cl)cc2)c1,,0
Cc1cc(C)cc(NC(=O)CSc2nnc(NC(=O)C3CC3)s2)c1,,0
Cc1cc(C)cc(NC(=O)Nc2nnc(N(C)C3CCCCC3)s2)c1,,0
Cc1cc(C)cc(OCc2nnc(SCC(=O)OC3CCCCC3)o2)c1,,0
Cc1cc(C)cc(Sc2c(Cc3ccc[nH]3)c(C)[nH]c(=O)c2I)c1,,0
Cc1cc(C)n(CCc2nc3c4ccccc4nc(N4CCN(c5ccccc5)CC4)n3n2)n1,,0
Cc1cc(C)nc(N2C[C@@H]3CCN(C(=O)c4cc(F)ccc4-c4ccc(N(C)C)nc4)C[C@@H]32)n1,,0
Cc1cc(C)nc(SCc2nnc(SCC(=O)Nc3ccc(C)c(C)c3)n2Cc2ccco2)n1,,0
Cc1cc(CCCCCOc2c(Br)cc(C3=NCCO3)cc2Br)on1,,0
Cc1cc(CCCCCOc2c(Br)cc(C3=NCCO3)cc2[N+](=O)[O-])on1,,0
Cc1cc(CS(=O)(=O)/C=C/c2ccccc2[N+](=O)[O-])c(CS(=O)(=O)/C=C/c2ccccc2[N+](=O)[O-])cc1C,,0
Cc1cc(Cl)ccc1C1c2c(nn(CC3CCCO3)c2C(C)C)C(=O)N1c1cc(Cl)ccc1C,,0
Cc1cc(Cl)ccc1C1c2c(nn(Cc3ccncc3)c2C(C)C)C(=O)N1c1cccc(Cl)c1F,,0
Cc1cc(F)ccc1-c1cc(C2CNC(=O)C2CO)ncc1N(C)C(=O)C(C)(C)c1cc(C(F)(F)F)cc(C(F)(F)F)c1,,0
Cc1cc(F)ccc1Oc1nc(Nc2ccc(N3CCOCC3)c(F)c2)nc2c1S(=O)(=O)CCC2,,0
Cc1cc(N(CCC#N)S(=O)(=O)c2ccccc2)ccc1/C=N\c1cccc(C(=O)O)c1,,0
Cc1cc(NC(=O)COc2ccc3[nH]c(-c4ccc(Cl)s4)nc3c2)ccc1N1CCOCC1=O,,0
Cc1cc(NC(=O)Cc2ccc3[nH]c(-c4ccc(Cl)s4)nc3c2)ccc1N1CCOCC1=O,,0
Cc1cc(NC(=O)Nc2cc(C(C)(C)C)nn2-c2ccc(C#N)cc2)ccc1-c1cnc(NC2CC2)c2nccn12,,0
Cc1cc(NC(=O)Nc2ccc(N(CCCl)CCCl)cc2)c2cc(N(C)C)ccc2n1,,0
Cc1cc(NC(=O)c2ccc(Br)o2)ccc1NC(=O)c1ccco1,,0
Cc1cc(Nc2cc(C(F)F)ccn2)nc(-c2ccc(C(C)(O)C3CCC(C(=O)OC(C)C)CC3)nc2)c1,,0
Cc1cc(Nc2ccc(Br)cc2)n2nc(SCc3nc4ccccc4[nH]3)nc2n1,,0
Cc1cc(Nc2ncc3c(n2)CN(C(=O)N[C@H](C)c2ccc(Cl)c(Cl)c2)CC3)ccn1,,0
Cc1cc(Nc2nccc(C(F)(F)F)n2)cc(-c2cnc([C@]3(O)CCC(C(=O)O)C(C)(C)C3)s2)c1,,0
Cc1cc(O)c(C(C)C)cc1N=Nc1ccc(S(=O)(=O)c2ccc(N=Nc3cc(C(C)C)c(O)cc3C)cc2)cc1,,0
Cc1cc(OCC(=O)Nc2cc(S(=O)(=O)N3CCOCC3)ccc2N2CCCC2)ccc1C(C)C,,0
Cc1cc(OCc2ccc(-c3nn[nH]n3)cc2Cl)c(N(C(C)C)S(=O)(=O)c2cccnc2)cc1C,,0
Cc1cc(Oc2ccc(-c3ccn4c(CC5CC5)nnc4c3Cl)cc2F)ccn1,,0
Cc1cc(Oc2cccc(CNC(=O)c3c(C)c4cc(Cl)ccc4n3C)c2)ccc1CCC(=O)O,7.46,1
Cc1cc(Sc2c([N+](=O)[O-])cccc2[N+](=O)[O-])c(Cl)cc1Cl,,0
Cc1cc([C@H]2CN(C(=O)c3ccc(F)c(Br)c3)CC(F)(F)C2)n2ncnc2n1,,0
Cc1cc2c(C(C)C)c(O)c(O)c(C=O)c2cc1-c1cc2c(C=O)c(O)c(O)c(C(C)C)c2cc1C,,0
Cc1cc2c(cc1C(F)(F)F)N(C(=O)Nc1cc(OCCN(C(C)C)C(C)C)cc(C(F)(F)F)c1)CC2,,0
Cc1cc2c(cc1C)[n+](Cc1ccc(Br)cc1)cn2CC(=O)N1CCC2(C)c3ccccc3N(C)C12,,0
Cc1cc2c(nc1C)CCCN2C[C@H](O)CN1CCCc2nc(-c3ccc(Br)cc3)ccc21,,0
Cc1cc2nc(-c3cccc(Br)c3)c(CC(C)(C)C)n2c(C)c1Br,,0
Cc1cc2oc3c(c(=O)c2cc1C)C(c1cccc(Br)c1)N(Cc1ccco1)C3=O,,0
Cc1ccc(-c2c(COc3ccc4ccccc4n3)nc3c(N4CCOCC4)ccnn23)cn1,,0
Cc1ccc(-c2cc(-c3ccc(-n4c(-c5ccco5)nc5ccccc5c4=O)cc3)nc(N)c2C#N)cc1,,0
Cc1ccc(-c2cc(/N=C/N(C)C)n(-c3ccc(Br)cc3)n2)cc1,,0
Cc1ccc(-c2cc(C(F)(F)F)n3ncc(C(=O)N4CCCCC4c4cccnc4)c3n2)cc1,,0
Cc1ccc(-c2ccc(CN3C(C(C)C)C(=O)N(Cc4cn(CC5CCCCC5)nn4)CCS3(=O)=O)cc2)cc1,,0
Cc1ccc(-c2ccc(CN3C(CC(C)C)C(=O)N(Cc4cn(Cc5ccco5)nn4)CCS3(=O)=O)cc2)cc1,,0
Cc1ccc(-c2ccc(Cl)c(F)c2)cc1C1C(=O)N[C@]2(CC[C@@H](C(F)(F)F)CC2)C1=O,,0
Cc1ccc(-c2cnc([C@@]3(O)CCC(C(=O)O)C(C)(C)C3)s2)cc1Nc1cccc(C(F)(F)F)n1,,0
Cc1ccc(-c2csc(-n3[nH]c(C)c(N=Nc4cccc(C)c4)c3=O)n2)cc1,,0
Cc1ccc(-c2nc(CSc3nc4ccccc4c(=O)n3C)cs2)cc1,,0
Cc1ccc(-c2nc(NCC3CCN(Cc4cc(F)cc(F)c4)CC3)sc2-c2ccc(C)cc2)cc1,,0
Cc1ccc(-c2nc3ccccc3c(=O)n2/N=C/c2cn(-c3ccc(C)cc3)nc2-c2ccncc2)cc1,,0
Cc1ccc(-c2ncccn2)c(C(=O)N2CC3CN(c4cc(C)nc(C(F)(F)F)n4)CC3C2)c1,,0
Cc1ccc(-c2nn(-c3ccc(F)cc3)cc2C(=O)N(C)CC(=O)Nc2ccc(N3CCOCC3)cc2)cc1,,0
Cc1ccc(-c2nn(Cc3n[nH]c(=S)n3-c3ccccc3)c(=O)n2/N=C/c2ccc(F)cc2)cc1,,0
Cc1ccc(-c2nnc(Nc3ccc(Br)cc3)c3ccccc23)cc1S(=O)(=O)N1CCCCC1,,0
Cc1ccc(-c2nnc(Nc3ccccc3)c3ccccc23)cc1S(=O)(=O)NCc1nc2ccccc2[nH]1,,0
Cc1ccc(-c2nnn(CC(=O)N(CC3CCCO3)C(C(=O)NC(C)(C)C)c3ccc(F)cc3)n2)o1,,0
Cc1ccc(-n2c(C3OC(C)(C)O[C@H]3[C@@H](O)[C@H]3COC(C)(C)O3)nc(-c3ccccc3)c2-c2ccccc2)cc1,,0
Cc1ccc(-n2c(Cc3cccn3C)nnc2SCC(=O)N2CCN(c3ccccc3)CC2)cc1,,0
Cc1ccc(-n2c(SCC(=O)Nc3ccc4c(c3)OCCO4)nnc2-c2ccco2)cc1,,0
Cc1ccc(-n2cc(/C=N/n3c(-c4ccccc4[N+](=O)[O-])nc4ccccc4c3=O)c(-c3ccncc3)n2)cc1,,0
Cc1ccc(-n2nc(C3(C)CC3)cc2NC(=O)Nc2ccc(Oc3ccnc4[nH]c(=O)cnc34)c3ccccc23)cc1,,0
Cc1ccc(-n2nc(C3CC3)cc2NC(=O)Nc2ccc(Oc3ccnc4[nH]c(=O)cnc34)c3ccccc23)cc1,,0
Cc1ccc(/C=C/c2nc3cc(-c4ccccc4NS(C)(=O)=O)ccc3[nH]2)cc1,,0
Cc1ccc(/C=C/c2onc(C)c2S(=O)(=O)N2CCC(C(=O)N3CCCCC3)CC2)cc1,,0
Cc1ccc(/C=C/c2onc(C)c2S(=O)(=O)N2CCC(C(=O)N3CCN(c4cccc(C)c4)C(C)C3)CC2)cc1,,0
Cc1ccc(C(=O)Cn2cc(COC3=C[C@@]4(C)C(=CC3=O)C=CC3[C@@H]5C[C@@H]6O[C@]7(CC[C@@H](C)CO7)[C@@H](C)[C@@H]6[C@@]5(C)CC[C@@H]34)nn2)cc1,,0
Cc1ccc(C(=O)N(C)Cc2ccco2)c(C2CCN(C(=O)c3cc4c(C)nn(C)c4s3)CC2)n1,,0
Cc1ccc(C(=O)N2CCC(F)(c3ccc(C#N)cc3)CC2)cc1NC(=O)NC1CCOC1,,0
Cc1ccc(C(=O)N2C[C@@H](C)OC[C@H]2Cc2cc(-c3cccnn3)ccc2F)c(-n2nccn2)c1,,0
Cc1ccc(C(=O)N2N=C(c3ccc(Cl)cc3)CC2c2ccc(Cl)cc2)c(Cl)n1,,0
Cc1ccc(C(=O)Nc2cc(N3CCOCC3)cc(C(F)(F)F)c2)cc1/C=C/n1cnc2c(NC3CC3)ncnc21,,0
Cc1ccc(C(C(=O)NC(C)(C)C)N(CC2CCCO2)C(=O)Cn2nnc(-c3ccc(C)o3)n2)cc1,,0
Cc1ccc(C(C)C)cc1N1CCc2nc(-c3cccc4[nH]cc(C)c34)nc(N3CCC[C@H](O)C3)c2C1,,0
Cc1ccc(C)c(COc2cc(NC(=O)c3ccc(N(C)C)cc3)ccc2N(C)S(C)(=O)=O)c1,,0
Cc1ccc(C)c(NC(=O)/C(C#N)=C/c2cn(CC(=O)NCc3ccco3)c3ccccc23)c1,,0
Cc1ccc(C)c(NC(=O)C2CCCN(S(=O)(=O)c3c(C)noc3/C=C/N(C)C)C2)c1,,0
Cc1ccc(C)c(S(=O)(=O)N2CCN(C(=O)C3CCN(c4ncnc5sc(C)c(C)c45)CC3)CC2)c1,,0
Cc1ccc(C2=NN(C(=O)c3ccc(Br)cc3)C(c3ccc4c(c3)OCO4)C2)cc1,,0
Cc1ccc(C2=Nc3c(ncnc3[S+]([O-])c3ccc(C)cc3)Sc3ccc(C)cc32)cc1,,0
Cc1ccc(CN(Cc2cccn2-c2nnc(N3CCCC3=O)s2)C(=O)Nc2cc(C)cc(C)c2)cc1,,0
Cc1ccc(CSc2oc(-c3ccco3)nc2S(=O)(=O)c2ccc(Cl)cc2)cc1,,0
Cc1ccc(F)cc1-c1cc2cnc(NC(=O)C3CC3)cc2c(-c2cn[nH]c2)n1,,0
Cc1ccc(F)cc1C(C)(C)CC(O)(Cc1cc2nc(-c3ccccc3)ncc2[nH]1)C(F)(F)F,,0
Cc1ccc(N(C(=O)OC[C@H]2CC[C@H](COCC(=O)O)CC2)c2ccc(F)cc2)s1,,0
Cc1ccc(N(C(=O)c2nnsc2C)C(C(=O)NC(C)C)c2ccccc2C)cc1Cl,,0
Cc1ccc(N(C)c2nnc(CSc3nnc(-c4ccncc4)n3-c3ccccc3)s2)cc1,,0
Cc1ccc(N(CC(=O)NCC2CCCO2)C(=O)CCC(=O)Nc2cc(C)on2)cc1,,0
Cc1ccc(N(Cc2ccc([N+](=O)[O-])cc2)C(=O)c2ccco2)cc1C,,0
Cc1ccc(N2CCc3ncnc(N[C@H](CO)c4ccc(C(F)(F)F)nc4)c3C2)c(C#N)c1,,0
Cc1ccc(NC(=O)CN(C)C(=O)COc2ncnc3ccc(Br)cc23)cc1,,0
Cc1ccc(NC(=O)N2CCN(C(=O)c3nc(-c4ccccc4)nc(C)c3C(=O)OC(C)C)CC2C)cc1,,0
Cc1ccc(NC(=O)c2c(C)cc(C)nc2SCC(=O)Nc2ccc(Br)cc2)cc1,,0
Cc1ccc(OCCn2ccc(=O)n(Cc3cc(C)ccc3C)c2=O)cc1,,0
Cc1ccc(S(=O)(=O)CCC(=O)OCC(=O)N(CCC#N)c2cc(C)cc(C)c2)cc1,,0
Cc1ccc(S(=O)(=O)CCC(=O)OCC(=O)Nc2cccc(S(=O)(=O)N3CCCCC3)c2)cc1,,0
Cc1ccc(S(=O)(=O)N(C)c2ccc(OCC(=O)OCc3c(C)noc3C)cc2)cc1,,0
Cc1ccc(S(=O)(=O)N(CC(=O)N2CCc3ccccc3C2)c2cccc(Cl)c2)cc1,,0
Cc1ccc(S(=O)(=O)N(CC(F)(F)F)c2ccc(C(O)(C(F)(F)F)C(F)(F)F)cc2)cc1,,0
Cc1ccc(S(=O)(=O)N(Cc2nnc(Cc3cccc(Cl)c3)o2)c2cccc(Cl)c2C)cc1,,0
Cc1ccc(S(=O)(=O)N(c2ccc3nc(-c4ccco4)c(-c4ccco4)nc3c2)S(=O)(=O)c2ccc(C)cc2)cc1,,0
Cc1ccc(S(=O)(=O)N2CC3C(=O)C[C@@H](c4ccccc4)N(S(C)(=O)=O)[C@H]3C[C@H]2c2ccccc2)cc1,,0
Cc1ccc(S(=O)(=O)N2CCCSCCN(S(=O)(=O)c3ccc(C)cc3)CCCSCC2)cc1,,0
Cc1ccc(S(=O)(=O)N2CCN(C(=O)COC(=O)c3c(C)cc(C)cc3C)CC2)c(C)c1,,0
Cc1ccc(S(=O)(=O)N2CCN(C(=O)c3c(C)nn(-c4ccccc4)c3Cl)CC2)cc1,,0
Cc1ccc(S(=O)(=O)N2CCN(C(=O)c3cc(C4CC4)nc4c3cnn4C(C)C)CC2)cc1,,0
Cc1ccc(S(=O)(=O)N2[C@@H](c3ccc(Cl)cc3)C(C(=O)O)=CC[C@H]2c2ccc(C#N)cc2)cc1,,0
Cc1ccc(S(=O)(=O)N2[C@@H](c3cccc(C)c3)C(C(=O)O)=CC[C@H]2c2cccc(C)c2)cc1,,0
Cc1ccc(S(=O)(=O)NC2OC(=O)C(Cl)=C2Cl)cc1,,0
Cc1ccc(S(=O)(=O)NN=C2C(=O)C3CCC2C3Cl)cc1,,0
Cc1ccc(S(=O)(=O)Nc2c(C(=O)N[C@@H](C)C(C)(C)C)c(C)nn2C2CCSCC2)cc1,,0
Cc1ccc(S(=O)(=O)Nc2cc(C(=O)N3CCC4(CC3)OCCO4)ccc2N2CCCCC2)cc1,,0
Cc1ccc(S(=O)(=O)OCCCOC2Cn3cc(C=O)c4ccc5c6ccccc6n(c5c43)C2)cc1,,0
Cc1ccc(S(=O)(=O)Oc2ccc(OS(=O)(=O)c3ccc(C)cc3)c3c2C(=O)c2ccccc2C3=O)cc1,,0
Cc1ccc(S(=O)(=O)c2c(C)cc(C)nc2Oc2cccc(C)c2C)cc1,,0
Cc1ccc(S(=O)(=O)n2cc(COC3=C/C(=N\c4ccc(Br)cc4)c4ccccc4C3=O)nn2)cc1,,0
Cc1ccc(S(=O)(=O)n2cc(COC3=C/C(=N\c4ccc(Cl)cc4)c4ccccc4C3=O)nn2)cc1,,0
Cc1ccc(S(=O)(=O)n2cc3c4c2C(=O)C(=NCCc2c[nH]c5ccccc25)C=C4NCC3)cc1,,0
Cc1ccc(S(=O)(=O)n2cccc2/C=C(\C#N)c2ccc(Cl)cc2)cc1,,0
Cc1ccc(Sc2ccc(O)cc2)c(Nc2ncnc3nc(C(C)C)ccc23)c1,,0
Cc1ccc(Sc2nc3ccccc3cc2-c2c(C#N)c(N)nc(Sc3ccc(C)cc3)c2C#N)cc1,,0
Cc1ccc(Sc2sc(=O)n(C)c2S(=O)(=O)c2ccc(C)cc2)cc1,,0
Cc1ccc([C@@H]2CC=C(C(=O)O)[C@H](c3ccc(F)cc3)N2S(=O)(=O)c2ccc(C)cc2)cc1,,0
Cc1ccc([C@H]2C[C@@H](O)[C@H](n3cc(COC(=O)c4ccccc4)nn3)CN2C(=O)C2CCCCC2)cc1,,0
Cc1ccc([C@H]2C[C@@H](n3cc(COC(=O)c4ccccc4)nn3)[C@H](O)CN2C(=O)C2CCCCC2)cc1,,0
Cc1ccc([C@H]2OC3(C(=O)c4ccccc4C3=O)c3c2c(O)n(-c2ccc(C)c(C)c2)c3O)cc1,,0
Cc1ccc([P+](CCC(=O)Nc2ccc3c(c2)B(O)OC3)(c2ccc(C)cc2)c2ccc(C)cc2)cc1,,0
Cc1ccc2[nH]c(C(C(Sc3ccccc3)=C(Cl)Cl)[N+](=O)[O-])nc2c1,,0
Cc1ccc2cc(-c3c(C#N)c(N)nc(Sc4ccc(Cl)cc4)c3C#N)c(Cl)nc2c1,,0
Cc1ccc2cc(C(=O)Nc3cc(NC(=O)c4ccc5c(c4)OCCO5)ccc3C)ccc2n1,,0
Cc1ccc2cc(C(=O)Nc3cc(NS(=O)(=O)c4ccc5c(c4)OCCO5)ccc3C)ccc2n1,,0
Cc1ccc2onc(-n3c(=O)n(Cc4ccc(Cl)c(OC(C)C(=O)O)c4)c4cc(C(F)(F)F)ccc43)c2c1,7.95,1
Cc1cccc(-c2sc(C)nc2C(=O)N2[C@H](CNC(=O)c3c(C)nc4sccn34)C[C@@H]3C[C@@H]32)c1,,0
Cc1cccc(/C=C/c2onc(C)c2S(=O)(=O)N2CCC(C(=O)N3CCCCCC3)CC2)c1,,0
Cc1cccc(C)c1-n1nnnc1SCSc1nnnn1-c1c(C)cccc1C,,0
Cc1cccc(C)c1NC(=O)C1CCCN(S(=O)(=O)c2c(C)noc2/C=C/N(C)C)C1,,0
Cc1cccc(C2(NC(=O)CCn3c(O)ccc3O)CCCC2)c1,,0
Cc1cccc(COC[C@@]23CCC[C@@H]2CN(S(=O)(=O)N(C)C)C3)n1,,0
Cc1cccc(N2CCN(C(=O)c3cc(S(=O)(=O)N(C)C)ccc3N3CCCC3)CC2)c1C,,0
Cc1cccc(N2CCN(S(=O)(=O)c3c(C(=O)N4CCCCC4)c(C)n(C)c3C)CC2)c1C,,0
Cc1cccc2[nH]c(-c3ccc(C(=O)N/N=C/c4ccc(Cl)cc4)cc3)nc12,,0
Cc1cccc2cc(-c3nc4c(C)cccn4c3NCc3ccco3)c(=O)[nH]c12,,0
Cc1cccc2sc(N(CCCn3ccnc3)C(=O)C=Cc3cccs3)nc12,,0
Cc1ccccc1-n1c(C)nnc1SCc1cc(=O)oc2ccc3ccccc3c12,,0
Cc1ccccc1-n1c(C)nnc1SCc1nc2ccccc2s1,,0
Cc1ccccc1-n1c(SCC(=O)N2CCN(c3ccccc3)CC2)nnc1-c1ccncc1,,0
Cc1ccccc1CN1c2ccccc2C2(Cc3ccccc3C)CCN(S(=O)(=O)c3ccccc3)C12,,0
Cc1ccccc1CSc1nc2c(sc3ccccc32)c(=O)n1CCCOC(C)C,,0
Cc1ccccc1Cn1ccc(NC(=O)c2cnn3c2NC(c2ccccc2)CC3C(F)(F)F)n1,,0
Cc1ccccc1N=C1CC(C)(C)CC(=O)C1S(=O)(=O)Nc1ccccc1C,,0
Cc1ccccc1NC(=O)c1nc(S(C)(=O)=O)ncc1N(Cc1ccco1)Cc1sccc1C,,0
Cc1ccccc1Nc1ccc(=O)n(Cc2cccc(NC(=O)N3CCC(C(=O)N(C(C)C)C(C)C)CC3)c2)n1,,0
Cc1ccnc(N2CCC(C(=O)Nc3nnc(C)s3)CC2)n1,,0
Cc1ccnc(NC(=O)CCC(=O)N(Cc2ccco2)C(C(=O)NC(C)C)c2ccc(F)cc2)c1,,0
Cc1ccnc(Oc2ccc(-c3cc4c(cc3F)ncc3nc(C)n(C5CCN(C(=O)CO)CC5)c34)c(F)c2)n1,,0
Cc1ccnc(Oc2ccc(-c3cc4c(cc3F)ncc3nc(C)n(C5CCN(C(N)=O)CC5)c34)c(C)c2)n1,,0
Cc1ccnn1CC(=O)N1CCOc2c(cc(-c3csc4ccccc34)cc2OC2CCOC2)C1,,0
Cc1ccoc1-c1cc2[nH]c(CSc3cccc(F)c3F)cc(=O)n2n1,,0
Cc1ccsc1C=C(C(=O)c1ccc(Cl)cc1)S(=O)(=O)Cc1ccc(Cl)cc1,,0
Cc1ccsc1CN(Cc1ccco1)c1cnc(S(C)(=O)=O)nc1C(=O)Nc1ccc(Cl)cc1,,0
Cc1cn(-c2ccc3n(c2=O)CCN(CCOc2ccccc2-c2cc(C)ns2)C3=O)cn1,,0
Cc1cn(-c2ccc3n(c2=O)CCN([C@@H]2CC[C@H]2Oc2cccc4ccc(F)cc24)C3=O)cn1,,0
Cc1cn(CC(=O)c2ccc(-c3ccc(N4C[C@H](Cn5ccnn5)OC4=O)cc3F)cn2)c(C)n1,,0
Cc1cn(CCOCCOC(c2ccccc2)(c2ccccc2)c2ccncc2)c(=O)[nH]c1=O,,0
Cc1cnc(-c2cc(N3CCn4cc(C(=O)Nc5cccc(F)c5)nc4C3)ncc2Cl)c(C)c1,,0
Cc1cnc(C(=O)Nc2cccc(N(C)c3ccc4c(C=Cc5ccccc5)[nH]nc4c3)c2)s1,,0
Cc1cnc(Nc2ccc(C#N)cc2)nc1Nc1c(C)cc(C#N)cc1C,,0
Cc1cncc(Cl)c1N1CCN(C(=O)CCS(=O)(=O)c2cccc3ncsc23)CC1,,0
Cc1cncc(Nc2nn([C@H]3CCCC[C@@H]3C#N)cc2C(N)=O)c1,,0
Cc1cnccc1-c1nc(C)c2c(C)nc3c(F)cc(OCC4CC4)cc3n12,,0
Cc1cncn1-c1cc(C(F)(F)F)ccc1-c1cccc2c1CCN(S(=O)(=O)Nc1ncc(F)s1)C2,,0
Cc1cnn(CC2CCCCN2C(=O)c2[nH]nc3ccccc23)c1,,0
Cc1csc(NC(=O)CSc2nsc(SCC(=O)Nc3nc(C)cs3)c2C#N)n1,,0
Cc1csc([C@@H]2C(OC(=O)c3ccc(F)cc3C(F)(F)F)C(=O)C=CN2C(=O)Oc2ccccc2)c1,,0
Cc1n[nH]c(C(=O)N[C@@H]2CC(C)(C)Oc3nc(-c4ccc(Cl)cc4Cl)c(-c4ccc(Cl)cc4)cc32)n1,,0
Cc1nc(-c2cccc3c(NC(=O)N4CCc5cc6nccc(N7CCN(C)CC7)c6cc54)cccc23)no1,,0
Cc1nc(C(C)Nc2nccc(N3C(=O)OC[C@@H]3[C@@H](C)OC(C)(C)C)n2)oc1-c1ccc(Cl)cc1,,0
Cc1nc(C)c(-c2csc(Nc3ccc(C(=O)N4C5CCC4CN(c4ccc(Cl)cc4)C5)cn3)n2)s1,,0
Cc1nc(C)c(-c2csc(Nc3ccc(C(=O)N4[C@@H]5CC[C@H]4C/C(=N/OCCCO)C5)cn3)n2)s1,,0
Cc1nc(C)c(-c2csc(Nc3ccc(C(=O)N4[C@@H]5CC[C@H]4CC(=NO)C5)cn3)n2)s1,,0
Cc1nc(CSCCC(=O)NCCNC(=O)OC(C)(C)C)cs1,,0
Cc1nc(N)sc1-c1c2c(=O)n(C)c(=O)n(CC3CC3)c2nn1Cc1ccnc2ccc(Cl)cc12,,0
Cc1nc(N2CC(c3nc4ccccc4n3C)C2)cc(-n2nc(C)nc2Cc2ccc(F)cc2)n1,,0
Cc1nc(NC(C)c2ccc(Cl)c(O)c2)cc(-c2ccc3occ(C)c3c2)n1,,0
Cc1nc(SCC(=O)N(CC(C)C)C2CCS(=O)(=O)C2)c2ccccc2n1,,0
Cc1nc([C@H](CC2CC2)NC(=O)c2ccc(N3CC(F)(F)C3)c(OCC3CC3)n2)no1,,0
Cc1nc2c(OCc3c(Cl)ccc(N(C)C(=O)CNC(=O)Nc4cccc(C#N)c4)c3Cl)cccn2c1Br,,0
Cc1nc2cc(OC3(C(=O)N4CCN(c5ccccn5)CC4)CCCN(C(=O)c4cnccc4C(F)(F)F)C3)ccc2s1,,0
Cc1nc2ccc(C(=O)N(CC(C)C)C[C@@H](O)[C@H](Cc3ccccc3)NC(=O)OCc3cncs3)cc2o1,,0
Cc1nc2ccc(Nc3nc(=O)c(C(=O)NCCC#N)cn3Cc3ccc(Cl)cc3)cc2s1,,0
Cc1nc2ccccc2n1CCc1nc2c3ccccc3nc(SCc3cccc(F)c3)n2n1,,0
Cc1nc2ccccc2nc1OCc1nc(OC2CCOCC2)cc(N2CCCC2)n1,,0
Cc1nc2sc(C(N)=O)c(N)c2c(-c2ccc(Br)cc2)c1C(=O)Nc1ccc(Cl)cc1,,0
Cc1ncc([N+](=O)[O-])n1CCOc1ccc(/C=N/Nc2nc(-c3ccc(Br)cc3)cs2)cc1,,0
Cc1ncccc1Oc1cccn2c(C3(c4ccc(Cl)cc4)CC3)nnc12,,0
Cc1nn(-c2ccccc2)c(-n2ccnc2)c1C1=CC(c2cc[nH]c2)=NC2Nc3ccccc3N12,,0
Cc1nn(C)c2nc3ccccc3c(NCCC[S+](C)[O-])c12,,0
Cc1nn(C)cc1CN(C)C(=O)CCc1nnc(CCC2CCCCC2)o1,,0
Cc1nn(C2CCS(=O)(=O)C2)c(Cl)c1/C=C/C(=O)OCC(=O)c1c[nH]c2ccccc12,,0
Cc1nn(CC(C)C)c2sc(C(=O)N3CCN(S(=O)(=O)c4ccc(C#N)cc4)CC3)cc12,,0
Cc1nn(Cc2ccc(F)cc2)c2sc(C(=O)Nc3ccc(N4CCOCC4)cc3N3CCOCC3)cc12,,0
Cc1nn2c(COCc3cn(Cc4ccc(F)cc4)nn3)c(-c3ccc(Cl)cc3)nc2s1,,0
Cc1nnn(-c2ccc(-c3ccc(C4(C(=O)O)CC4)cc3)cc2)c1NC(=O)O[C@H](C)c1ccccc1F,,0
Cc1noc(/C=C/c2ccccc2)c1N1CN=C2Oc3c(Br)cc(Br)cc3C=C2C1=O,,0
Cc1noc(/C=C/c2ccco2)c1S(=O)(=O)N1CCC(C(=O)N(C)Cc2ccccc2)CC1,,0
Cc1noc(C)c1CSc1nc2sc(C)c(C)c2c(=O)n1-c1ccccc1,,0
Cc1noc(C)c1Cn1c(=O)nc(-c2ccc(Cl)cc2)c2c3c(sc21)CC(C(C)(C)C)CC3,,0
Cc1noc(CCCC2CC(=O)c3cc(Cl)cc(Br)c3O2)n1,,0
Cc1oc(-c2ccc(-c3ccccc3)cc2)nc1CCOc1ccc(CCC(=O)O)c2c1CCN(C(=O)OCC(C)(C)C)C2,7.48,1
Cc1oc(-c2ccccc2)nc1CCOc1ccc(CC[C@H]2CN(C(=O)Oc3ccccc3)CC2C(=O)O)cc1,6.47,1
Cc1oc(-c2ccccc2)nc1CCOc1cccc(-c2nn(-c3ccccc3)nc2CC(=O)O)c1,7.47,1
Cc1sc2c(c1C)C(c1ccc(Cl)cc1)=N[C@H](CC(=O)OC(C)(C)C)c1nnc(C)n1-2,,0
Cc1sc2nc(SCC(=O)C(C)(C)C)n(Cc3ccco3)c(=O)c2c1C,,0
Cc1sc2ncn(CC(=O)N(C)c3ccc(Br)cc3)c(=O)c2c1S(=O)(=O)N1CCC(C)CC1,,0
Cc1sc2ncnc(SCC(=O)c3c[nH]c(CNS(=O)(=O)C4CC4)c3)c2c1C,,0
ClC1=C(Cn2cc(COc3cccc4cccnc34)nn2)CCOc2ccc(Cl)cc21,,0
ClCCN(CCCl)c1ccc(Sc2ccc(Nc3c4ccccc4nc4ccccc34)cc2)cc1,,0
Clc1ccc(-c2c(Cn3cncn3)c(-c3nnc(C4(c5ccc(Cl)cc5)CC4)s3)nn2-c2ccccc2Cl)cc1,,0
Clc1ccc(-c2nnc(-c3ccc(Br)cc3)c(N3CCSCC3)n2)cc1,,0
Clc1ccc(-c2nnc(CCCCc3ccc4cccnc4n3)o2)cc1,,0
Clc1ccc(CC[C@@]2(Cn3ccnc3)OC[C@@H](COc3ccc(I)cc3)O2)cc1,,0
Clc1ccc(CC[C@@]2(Cn3ccnc3)OC[C@@H](CSc3ccc(Cl)cc3)O2)cc1,,0
Clc1ccc(CC[C@@]2(Cn3ccnc3)OC[C@@H](CSc3cccc(Br)c3)O2)cc1,,0
Clc1ccc(CC[C@@]2(Cn3ccnc3)OC[C@@H](CSc3ccccc3Br)O2)cc1,,0
Clc1ccc(Cn2cc(COCc3c(-c4ccccc4)nc4sc5ccccc5n34)nn2)cc1,,0
Clc1ccc(N=c2ccn(CCCCn3ccc(=Nc4ccc(Cl)cc4)cc3)cc2)cc1,,0
Clc1ccc(Nc2cc3nc4ccccc4n(-c4ccc(Cl)cc4)c-3c/c2=N\CCCN2CCCC2)cc1,,0
Clc1ccc2c(NCCNc3ccnc(N4CCCCC4)n3)ccnc2c1,,0
Clc1ccc2c(Nc3ccc(Nc4nc(Cl)nc(N5CCCCC5)n4)cc3)ccnc2c1,,0
Clc1ccc2c(c1)N(CCC[P+](c1ccccc1)(c1ccccc1)c1ccccc1)c1ccccc1S2,,0
Clc1cccc(-c2ccc(-c3nnc(CCCc4ccc5cccnc5n4)s3)cc2)c1,,0
Clc1cccc(/C=C/CSSC/C=C/c2cccc(Cl)c2)c1,,0
Clc1cccc(C(Nc2ccnc3cc(Cl)ccc23)c2ccc(CN3CCOCC3)c(Cl)c2)c1,,0
Clc1nc(Cl)c2ncn(Cc3ccccc3Cn3cnc4c(Cl)nc(Cl)nc43)c2n1,,0
Cn1c(-c2cc(N3CCc4sc(C(=O)N5CCOCC5)cc4C3)ccc2Cl)nc2ccccc21,,0
Cn1c(-c2ccc(-c3ccc(S(C)(=O)=O)cc3)cc2Cl)nnc1C1(c2ccc(Cl)cc2)CCC1,,0
Cn1c(=O)c2c(ncn2CC(COCc2ccc(Cl)cc2)OCc2ccc(Cl)cc2)n(C)c1=O,,0
Cn1c(Cn2nnc3ccccc32)nnc1SCC(=O)N1c2ccccc2CCc2ccccc21,,0
Cn1c(N)nc(-c2ccc(Cl)cc2)c1SSc1c(-c2ccc(Cl)cc2)nc(N)n1C,,0
Cn1c(N2CCO[C@@H](c3ccc(N4CCN(c5ccccc5)CC4)cc3)C2)nc(-c2ccncc2F)cc1=O,,0
Cn1c(SCCCN2CC[C@]3(C[C@@H]3c3ccc(C(F)(F)F)cc3)C2)nnc1-c1ccc(-c2ncco2)cc1,,0
Cn1c(SCc2ccc(C(C)(C)C)cc2)nnc1C1COc2ccccc2O1,,0
Cn1c2ccccc2c(=NCCCN2C(=O)CCSC2c2ccc(F)cc2)c2c3ccccc3[nH]c21,,0
Cn1cc(-c2cc(S(C)(=O)=O)ccc2Oc2ccc(F)cc2F)c2cc(COc3cccnc3)[nH]c2c1=O,,0
Cn1cc(-c2cc3cnc(Nc4ccc(-c5cncn5C)cc4Cl)cc3n2C(=O)OC(C)(C)C)cn1,,0
Cn1cc(-c2ccc3nc(-c4cnn(CC(C)(C)O)c4)nc(N4CCOC[C@@H]4c4ccc(Cl)cc4)c3c2)ccc1=O,,0
Cn1cc(-c2ccc3nc(-c4cnn(CC(C)(C)O)c4)nc(N4CCOC[C@@H]4c4cccs4)c3c2)ccc1=O,,0
Cn1cc(-c2cccc(COc3ccc4c(c3)CCn3c-4cc(OCC4CCCO4)nc3=O)n2)cn1,,0
Cn1cc(-c2ccccc2)nc1SCc1cn2c(Cl)cccc2n1,,0
Cn1cc(-c2ccnc(-n3ncc4cc(C(C)(C)C)cc(F)c4c3=O)c2CO)cc(NC(=O)C2CC2)c1=O,,0
Cn1cc(/C=C2/C(=O)Nc3ccccc32)c2cc(Nc3nccc(-c4cccnc4)n3)ccc21,,0
Cn1cc(C(c2ccc(Cl)c(Cl)c2)n2ccc(-c3nc(NC4CCOCC4)ncc3F)cc2=O)cn1,,0
Cn1cc(N2C(=O)c3c(c(C(F)(F)F)nn3C3CC3)C2c2ccc(Cl)cc2)cc(Cl)c1=O,,0
Cn1cc(NC(=O)c2cc(NC(=O)c3ccc(/C=C/c4cnc5ccccc5c4)cc3)cn2C)cc1C(=O)NCCN1CCCC1=O,,0
Cn1cc2cc(-n3nc4ccc(OCCC(F)(F)F)nc4c(-c4ccc(OC(F)F)cc4)c3=O)ccc2n1,,0
Cn1cnc(-c2cc3nccc(Oc4ccc(NC(=O)C5CCN(c6ccccc6)C5=O)cc4F)c3s2)c1,,0
Cn1cnc(-c2cc3nccc(Oc4ccc(NC(=O)c5cnn(-c6ccccc6)c5-c5ccsc5)cc4F)c3s2)c1,,0
Cn1cnc(S(=O)(=O)N(CCN(Cc2cncn2C)c2ccc(C#N)cc2)Cc2cccc(C#N)c2)c1,,0
Cn1cncc1CN1CC(N(Cc2ccc3ccccc3c2Br)S(=O)(=O)c2ccccn2)Cc2cc(C#N)ccc21,,0
Cn1cncc1CN1CC(N(Cc2ccccc2F)S(=O)(=O)c2cccc3nsnc23)Cc2cc(C#N)ccc21,,0
Cn1cnnc1Sc1cc(N2CCN(S(=O)(=O)c3ccc(Cl)c(Cl)c3)CC2)ccc1[N+](=O)[O-],,0
Cn1nc(C(N)=O)c2c1-c1nc(Nc3ccccc3)ncc1CC2,,0
Cn1nc(C2=C(c3cn(CCCn4ccnc4)c4cc(Br)ccc34)C(=O)NC2=O)c2cccnc21,,0
Cn1ncc2c(NCCO)nc(Nc3ccc(F)c(F)c3)nc21,,0
Cn1ncc2c(Nc3ccccc3Cl)nc(Nc3ccccc3Cl)nc21,,0
Cn1nnc(-c2c(F)cc(Cl)cc2-c2cnc3c(c2)CCC3NC(=O)C2(NC(=O)OC(C)(C)C)CC2)n1,,0
FC(F)(F)C1(c2nnc(-c3nn(-c4ccc(Cl)cc4Cl)c(-c4ccc(Br)cc4)c3Cn3cncn3)o2)CC1,,0
FC(F)(F)Cn1cc(-c2ccncc2)c(-c2ccc(OCc3ccc4ccccc4n3)cc2)n1,,0
FC(F)(F)c1c(OC2CC(c3ccccc3)C2)ccn2c(CC3CC3)nnc12,,0
FC(F)(F)c1ccc(CSc2ccc3nnc(-c4ccccn4)n3n2)cc1,,0
FC(F)(F)c1cnc(Nc2nc(N3CCOCC3)nc3c2CCN(c2ncccc2C(F)(F)F)CC3)cn1,,0
FC(F)OC(c1ccc(Cl)c2nc3n(c12)CCCN3c1ccc(Cl)cc1Cl)C(F)(F)F,,0
FC1(F)CCC(Nc2nc(NC3CCC(F)(F)CC3)nc(-c3csc(C(F)(F)F)n3)n2)CC1,,0
FC1(F)CCC(Nc2nc(NC3CCC(F)(F)CC3)nc(-c3nc(C(F)(F)F)cs3)n2)CC1,,0
FC1(F)CCC(Nc2nc(NC3CCC(c4ccccc4)C3)nc(-c3cccc(C(F)(F)F)n3)n2)C1,,0
Fc1cc(F)cc(Nc2nc(N[C@@H]3CCC(F)(F)C3)nc(-c3cncc(C(F)(F)F)n3)n2)c1,,0
Fc1ccc(-c2noc3ncnc(NCc4ccc(Cl)cc4)c23)cc1,,0
Fc1ccc(/N=C/c2c(-c3ccc(Cl)cc3)nc3sc(-c4ccc5c(c4)OCO5)nn23)cc1Cl,,0
Fc1ccc(C(Cn2c[n+](Cc3ccc(Cl)c(Cl)c3)cn2)OCc2ccc(Cl)c(Cl)c2)c(F)c1,,0
Fc1ccc(C(Cn2c[n+](Cc3ccc(Cl)cc3Cl)cn2)OCc2ccc(Cl)cc2Cl)c(F)c1,,0
Fc1ccc(C2CC(c3ccc(Cl)s3)=NN2c2nc(-c3ccc4c(c3)OCO4)cs2)cc1,,0
Fc1ccc(C2CCCCn3nc(N[C@@H]4[C@@H]5CC[C@H]4CN(c4cnnc(Cl)c4)C5)nc32)c(F)c1F,,0
Fc1cccc(-c2cc3nc4c(c(NCc5ccco5)n3n2)CCCC4)c1,,0
Fc1cccc(-c2nc3cnn(Cc4cc(-c5ccc(C(F)(F)F)cc5)no4)cc-3n2)c1F,,0
Fc1cccc(CNc2nc(NCCCc3ccccc3)nc(Oc3c(F)c(F)c(F)c(F)c3F)n2)c1,,0
Fc1cccc(CNc2nc(NCc3cccnc3)nc(Oc3c(F)c(F)c(F)c(F)c3F)n2)c1,,0
Fc1ccccc1-c1csc(N2N=C(c3cccs3)CC2c2cc3c(cc2Br)OCO3)n1,,0
Fc1ccccc1N1CCN(c2nccn3nc(-c4ccc(Br)cc4)cc23)CC1,,0
N#C/C(=C\C1CC1)C(=O)N1CCC[C@@H](n2nc(-c3ccc(Oc4cccc(F)c4)cc3)c3c(N)ncnc32)C1,,0
N#C/C(=C\c1ccc(Br)cc1)c1nc(-c2cc3cc(Br)ccc3oc2=O)cs1,,0
N#CC(C#N)=C(SCc1nnc(-c2ccc(Cl)cc2)o1)SCc1nnc(-c2ccc(Cl)cc2)o1,,0
N#CC(C#N)=C(SCc1nnc(-c2ccccc2)s1)SCc1nnc(-c2ccccc2)s1,,0
N#CC(CCSC(=S)N1CCN(c2cccc(Cl)c2)CC1)(c1ccccc1)c1ccccc1,,0
N#CC(CCSC(=S)N1CCN(c2ccccc2Cl)CC1)(c1ccccc1)c1ccccc1,,0
N#CC(c1ccccc1)c1cnn(Cc2cccc3ccccc23)c(=O)c1Cl,,0
N#CC1(C#N)C2(c3ccccc3)OC(c3ccccc3)(c3cc4ccccc4cc32)C1(C#N)C#N,,0
N#CC1C(=N)OC(c2ccc(-n3c(-c4ccco4)nc4ccccc4c3=O)cc2)=CC1c1ccc(Cl)cc1,,0
N#CCCCCn1c(=O)n(Cc2nc3ccccc3n2CCCC#N)c2ccccc21,,0
N#CCCN(C(=O)COC(=O)c1cc(S(=O)(=O)N2CCOCC2)ccc1Cl)c1ccc(F)cc1,,0
N#CCCN(C(=O)COC(=O)c1cccc(S(=O)(=O)N2CCCCCC2)c1)c1ccc(F)cc1,,0
N#CCCN(c1ccc(/C=N/c2nc(-c3ccccc3)cs2)cc1)S(=O)(=O)c1ccccc1,,0
N#CCOc1ccc(-c2ccc(/C=C/C(=O)O)cc2)cc1C12CC3CC(CC(C3)C1)C2,,0
N#CCc1c(C(=O)N2CCc3ccccc3C2)nn(-c2ccccc2Cl)c1-c1ccc(Cl)cc1,,0
N#C[C@]1(c2ccc(-c3ccc(N4C[C@H](Cn5ccnn5)OC4=O)cc3F)cn2)[C@@H]2CSC[C@@H]21,,0
N#Cc1c(-c2cc3ccccc3nc2Oc2ccc(F)cc2)c(C#N)c2nc3ccccc3n2c1N,,0
N#Cc1c(-c2ccc(C(F)(F)F)cc2)c(C#N)c(=O)n(/N=C/c2cn(-c3ccccc3)nc2-c2ccccc2)c1N,,0
N#Cc1c(-c2ccc(Cl)cc2)cc(-c2ccc(Cl)cc2)n(CC2CO2)c1=O,,0
N#Cc1c(-c2ccc(Cl)cc2)nc(SCc2ccccc2)nc1N1CCC(Cc2ccccc2)CC1,,0
N#Cc1c(N)nc(SCc2csc(-c3ccc(Cl)c(Cl)c3)n2)nc1-c1ccc2c(c1)OCO2,,0
N#Cc1c(N)nc(Sc2ccccc2)c(C#N)c1-c1cc2cc(Cl)ccc2nc1Cl,,0
N#Cc1c(NC(=O)c2ccccc2Sc2ccc3c(C=Cc4ccccn4)[nH]nc3c2)sc2c1CCC2,,0
N#Cc1c(OCC(=O)c2ccccc2)nc2c(c1-c1ccco1)CCc1ccccc1-2,,0
N#Cc1c(Oc2ccc(OC(F)(F)F)cc2)ccnc1N1CCC(NC(=S)Nc2cccnc2)CC1,,0
N#Cc1c[nH]c(C(=O)Nc2ccc(-c3ccncc3)cc2C2=CCCCC2)n1,,0
N#Cc1c[nH]c(C(=O)Nc2ccc(C3CCN(C(=O)Cc4ccncc4)CC3)cc2C2=CCCCC2)n1,,0
N#Cc1cc(F)cc(S(=O)(=O)c2sc3nc(Cl)ccc3c2-c2ccc(F)cc2)c1,,0
N#Cc1cc(F)ccc1-c1ccc(C[S+]([O-])c2nnc(-c3ccc4c(c3)OCCO4)o2)cc1,,0
N#Cc1cc(F)ccc1N1CCC(CSc2nnc(-c3ccc4c(c3)OCCO4)o2)CC1,,0
N#Cc1cc(NS(=O)(=O)c2ccc(Cl)cc2Cl)ccc1Oc1cncc(Cl)c1,6.96,1
N#Cc1ccc(-c2cc(Cl)cn3c([N+](=O)[O-])c(CS(=O)(=O)c4ccccc4)nc23)cc1,,0
N#Cc1ccc(/C(=C(\c2ccc(/C=C/C(=O)O)cc2)c2ccc(-c3cncs3)cc2)C2CCC2)c(Cl)c1,,0
N#Cc1ccc(C2(F)CCN(C(=O)c3ccc(F)c(NC(=O)NC4CCOC4)c3)CC2)cc1,,0
N#Cc1ccc(Cn2cc(CO/N=C/c3c(-c4ccccc4)nc4ccc(Br)cn34)nn2)cc1,,0
N#Cc1ccc(Cn2nc3c(-c4ccncc4)c(-c4ccc(Cl)cc4)c(=O)n(Cc4ccc(C#N)cc4)n3c2=O)cc1,,0
N#Cc1ccc(F)c([S+]([O-])c2nc(-c3cnn4ccc(Br)cc34)cs2)c1,,0
N#Cc1ccc(N2CCC(c3cn(Cc4ccccc4)c4ccccc34)CC2)nc1,,0
N#Cc1ccc(NC(=O)COC(=O)CCc2ccc(S(=O)(=O)N3CCCCC3)cc2)cc1,,0
N#Cc1ccc(Oc2ccc(-c3noc(-c4ccc(O)cc4)n3)cc2)cc1,,0
N#Cc1cccc(-c2ccc(C(CCC(=O)Nc3ccc(F)c(F)c3)C3CCN(Cc4ccccc4)CC3)cc2)c1,,0
N#Cc1cccc(-c2ccc(C3(CCC(=O)Nc4ccc(F)c(Cl)c4)CCN(C4CCCC4)CC3)cc2)c1,,0
N#Cc1cccc(C(CC(=O)O)NC(=O)CCCCc2ccc3c(n2)NCCC3)c1,,0
N#Cc1cccc(CN(Cc2ccc(Cl)c(Cl)c2)S(=O)(=O)c2cccc([N+](=O)[O-])c2)c1,,0
N#Cc1cccc(NC(=O)c2c(O)n(-c3ccccc3)c(=S)n(-c3ccccc3)c2=O)c1,,0
N#Cc1cccc(O[C@H]2CC[C@H](NC(=O)CCSc3nc(=O)c4ccccc4[nH]3)CC2)c1,,0
N#Cc1cccc(Oc2ccccc2-c2ccc(-c3cnc(N)nc3)c(F)c2)n1,,0
N#Cc1cccc(S(=O)(=O)N2CCN(C(=O)c3cccc(Oc4ccc(F)cc4)n3)CC2)c1,,0
N#Cc1ccccc1-c1ccc(CSc2nnc(-c3ccncc3)o2)cc1,,0
N#Cc1ccccc1COc1c(-c2ccccc2)oc2cc(O)cc(O)c2c1=O,,0
N#Cc1ccnc(N2C(=O)CCC2C(=O)N(c2cccc(F)c2)[C@@]2(C(=O)NC3CCCCC3)CCc3ccccc32)c1,,0
N#Cc1ccsc1NC(=O)CCS(=O)(=O)c1ccccc1,,0
N#Cc1nc(NCc2cccc(-c3ccoc3)c2)c2ncn(CCCO)c2n1,,0
N#Cc1sc2c(c1OC(=O)c1cccs1)c(=O)n(-c1ccccc1)c(=S)n2-c1ccccc1,,0
NC(=O)C1CSCCN1C(=O)c1ccc(C2CC2)c(OCC2CC2)n1,,0
NC(=O)CCn1ccc(NC(=O)c2ccc(Br)o2)n1,,0
NC(=O)c1ccc(-c2cc(-c3ccc([N+](=O)[O-])cc3)nc(-c3ccc(Br)cn3)c2)cc1,,0
NC(=O)c1cncc(Oc2c(Cl)cc(NS(=O)(=O)c3ccc(Cl)cc3Cl)cc2Cl)c1,7.5,1
NS(=O)(=O)c1ccc(N2N=C(c3ccc(Br)cc3)CC2c2cn(-c3ccccc3)nc2-c2ccc(F)cc2)cc1,,0
NS(=O)(=O)c1ccc(NC(=O)c2ccc3c(c2)OCO3)cc1,,0
Nc1cc(-c2ccc(Cl)cc2)nn1-c1nc2ccccc2nc1Cc1ccccc1,,0
Nc1cc(N2CCN(CCCCCOc3ccc(-c4ccc(Cl)cc4)cc3)S2(=O)=O)ccn1,,0
Nc1ccc(SC[C@H]2CO[C@](CCc3ccc(Cl)cc3)(Cn3ccnc3)O2)cc1,,0
Nc1cccc(SC[C@@H]2CO[C@@](CCc3ccc(Cl)cc3)(Cn3ccnc3)O2)c1,,0
Nc1cccc(SC[C@@H]2CO[C@](CCc3ccc(Cl)cc3)(Cn3ccnc3)O2)c1,,0
Nc1ccccc1SC[C@@H]1CO[C@@](CCc2ccc(Cl)cc2)(Cn2ccnc2)O1,,0
Nc1ncc(-c2ccc(C3(C(=O)O)CCCC3)cc2)cc1-c1ccc(Cl)cc1,,0
Nc1ncc(-c2ccc3nccc(-c4ccncc4)c3c2)cc1S(=O)(=O)N1CCCCC1,,0
Nc1ncc(-c2cccc(-c3cnn(CC(F)(F)F)c3)c2)nc1C(=O)N[C@H]1C2CC3CC1C[C@@](O)(C3)C2,,0
Nc1ncnc2c1nc(Sc1cc3c(cc1Br)OCCO3)n2CCC1CCN(C=O)CC1,,0
O=C(/C(=C\c1cc(Cl)cc(Cl)c1Cl)SCc1ccc(Cl)cc1)c1ccc(Br)cc1,,0
O=C(/C(=C\c1ccc([N+](=O)[O-])c(O)c1)SCc1ccc(Br)cc1)c1ccc([N+](=O)[O-])cc1,,0
O=C(/C=C/C(=O)N1C/C(=C\c2ccccc2)C(=O)/C(=C/c2ccccc2)C1)Nc1ccc([N+](=O)[O-])cc1,,0
O=C(/C=C/C=C/c1ccc2c(c1)OCO2)N(CC(F)(F)F)CC(F)(F)F,,0
O=C(/C=C/CCCC[C@H](O)[C@H](O)c1ccc2c(c1)OCO2)N1CCCCC1,,0
O=C(/C=C/c1ccc(Cl)c(Cl)c1)N1CCC(CCCN2CCC(c3c[nH]c4ccccc34)CC2)CC1,,0
O=C(/C=C/c1ccc(Cl)cc1)N1CCN(c2ccc([N+](=O)[O-])c(N3CCOCC3)c2)CC1,,0
O=C(/C=C/c1ccc(Cl)cc1Cl)N1CCN(c2ccc([N+](=O)[O-])c(N3CCOCC3)c2)CC1,,0
O=C(/C=C/c1ccc([N+](=O)[O-])cc1)Nc1ccc(N2CCN(c3ccccn3)CC2)c(F)c1,,0
O=C(/C=C/c1ccccc1)Nc1cc(S(=O)(=O)N2CCOCC2)ccc1N1CCCC1,,0
O=C(/C=C/c1ccccc1)O[C@@H]1[C@H]2OC(=O)C[C@H]2O[C@@H]1[C@H](OC(=O)/C=C/c1ccccc1)c1ccccc1,,0
O=C(C(=C1N(Cc2ccc(Cl)nc2)CCN1Cc1ccc(Cl)nc1)[N+](=O)[O-])C(Cl)Cl,,0
O=C(C1C(C(O)=NO)CC2(CC2)CN1C(=O)OCc1ccccc1)N1C=CC(c2ccccc2)CC1,,0
O=C(C=P(c1ccccc1)(c1ccccc1)c1ccccc1)c1cccc(Cl)c1,,0
O=C(CC1CCCCC1)N1CCCC(c2nc(-c3ccc(S(=O)(=O)N4CCCC4)cc3)no2)C1,,0
O=C(CCC(=O)c1ccc(F)cc1)NCC1(N2CCCCC2)CCCCC1,,0
O=C(CCCC1CCCCC1)OC[C@H]1C[C@@H]2O[C@H]1c1c(O)oc(O)c12,,0
O=C(CCCC1CCN(C(=O)CCC2CCCCC2)CC1)c1ncco1,,0
O=C(CCCCCCCC(O)=NO)N1C/C=C/COCc2cccc(c2)-c2ccnc(n2)Nc2cccc(c2)C1,,0
O=C(CCCCCCCSc1nc(=O)c(Cc2cncnc2)cn1Cc1ccco1)c1ccc(Cl)cc1,,0
O=C(CCCCn1c(=O)[nH]c2ccsc2c1=O)N1CCN(c2cccc(Cl)c2)CC1,,0
O=C(CCCO)N1CCN(c2ccnc3cc(Cl)ccc23)CCN(c2ccnc3cc(Cl)ccc23)CC1,,0
O=C(CCCSc1nnc(SCCCC(=O)c2ccc(F)cc2)s1)c1ccc(F)cc1,,0
O=C(CCCn1c(SCc2cc(=O)n3ccccc3n2)nc2ccccc2c1=O)NCC1CCCO1,,0
O=C(CCN1C(=O)/C(=C/c2ccc(Cl)cc2)SC1=S)Nc1ccc(C(=O)O)cc1,,0
O=C(CCS(=O)(=O)Cc1ccccc1)Nc1nc2c(s1)CCCC2,,0
O=C(CCS(=O)(=O)c1ccc(Br)cc1)N1CCN(c2ccc(Cl)cc2)CC1,,0
O=C(CCS(=O)(=O)c1ccc(Br)cc1)N1CCN(c2ccccc2Cl)CC1,,0
O=C(CCS(=O)(=O)c1ccc2cc(Cl)ccc2c1)N1CCN(c2ccc3nccn3c2)CC1,,0
O=C(CCc1c[nH]c2ccccc12)N(Cc1nc(=O)c2c([nH]1)CCOC2)Cc1cccs1,,0
O=C(CCc1nc(=O)c2ccccc2[nH]1)NCCN1C(=O)S/C(=C\c2ccccc2Cl)C1=O,,0
O=C(CCc1nnc2ccc(NCc3ccco3)nn12)Nc1cccc(F)c1,,0
O=C(CCn1c(=S)[nH]c2ccccc2c1=O)N1CCOCC1,,0
O=C(CN(Cc1ccco1)C(=O)c1cc(=O)[nH]c2ccccc12)Nc1ccccc1C(F)(F)F,,0
O=C(CN(c1ccccc1)S(=O)(=O)c1ccccc1)NCCSc1nc2ccccc2s1,,0
O=C(CN1C(=O)COc2ccccc21)c1ccc(/C=C/Cn2c(-c3ccc(Cl)cc3Cl)nc3ccccc3c2=O)cc1,,0
O=C(CN1c2cccc3cccc(c23)S1(=O)=O)Nc1ccc(-c2nc3ccccc3[nH]2)cc1,,0
O=C(CNc1ccccc1)N/N=C/c1cc([N+](=O)[O-])ccc1N1CCCC1,,0
O=C(COC(=O)/C=C/c1cccs1)Nc1nc(-c2cccc(Br)c2)cs1,,0
O=C(COC(=O)C1CC(=O)N(Cc2ccco2)C1)Nc1nc(-c2ccc(F)cc2)cs1,,0
O=C(COC(=O)CCN1C(=O)/C(=C\C=C\c2ccccc2)SC1=S)Nc1cc(F)ccc1F,,0
O=C(COc1cc(F)ccc1[N+](=O)[O-])N1N=C(c2cccs2)CC1c1ccco1,,0
O=C(COc1ccc(F)cc1)Nc1ccc2ncnc(Nc3cccc(Br)c3)c2c1,,0
O=C(CSCC(=O)c1ccc([N+](=O)[O-])cc1)c1ccc([N+](=O)[O-])cc1,,0
O=C(CSCC1CC1)N1CCCC(c2nccn2Cc2cccnc2)C1,,0
O=C(CSCc1ccc([N+](=O)[O-])cc1)Nc1ccc(S(=O)(=O)N2CCCCCC2)cc1,,0
O=C(CSc1ccc(-c2nc3ccccc3[nH]2)cn1)Nc1ccc(S(=O)(=O)N2CCCC2)cc1,,0
O=C(CSc1ccccc1C(=O)N1CCN(c2ccc([N+](=O)[O-])cc2)CC1)N1CCCC1,,0
O=C(CSc1nc(-c2ccco2)cc(C(F)(F)F)n1)Nc1ccc(C(=O)N2CCOCC2)cc1,,0
O=C(CSc1nc2ccccc2[nH]1)Nc1ccc(C(=O)/C=C/c2ccccc2)cc1,,0
O=C(CSc1nc2scc(-c3ccco3)c2c(=O)n1-c1ccccc1)N1CCOCC1,,0
O=C(CSc1ncnc2scc(-c3ccccc3)c12)N1CCN(c2ccccc2F)CC1,,0
O=C(CSc1nnc(-c2ccccc2)n1C1CCCCC1)Nc1ccc(S(=O)(=O)Nc2ccccn2)cc1,,0
O=C(CSc1nnc(C2CCn3c(C(=O)c4ccccc4)ccc32)o1)c1cc2ccccc2oc1=O,,0
O=C(CSc1nnc(Cn2cnc3ccccc32)o1)Nc1nc2ccc(Cl)cc2s1,,0
O=C(CSc1nnc(NC(=O)c2ccccc2)s1)NCc1ccco1,,0
O=C(CSc1nnc(SCC(=O)c2ccc([N+](=O)[O-])cc2)s1)c1ccc([N+](=O)[O-])cc1,,0
O=C(CSc1nnc(SCc2ccc(Cl)cc2)s1)N1CCN(C(=O)c2ccco2)CC1,,0
O=C(C[N+]1=Cc2cccn2C(C(=O)c2ccc(Br)cc2)[C@H]1c1ccccc1)c1ccccc1,,0
O=C(C[S+]([O-])CC(=O)N(c1cccc(F)c1)C(C(=O)NC1CCCCC1)c1ccco1)Nc1ccc(F)cc1,,0
O=C(C[n+]1cn(Cc2c(-c3ccccc3)oc3ccccc23)c2ccccc21)c1ccc(Br)cc1,,0
O=C(Cc1c(Cl)cncc1Cl)c1ccc(OC(F)F)c2c1OCC1(CCOCC1)CO2,,0
O=C(Cc1cc(Br)cc(Br)c1OCc1c(Cl)cccc1Cl)Nc1ccccc1[N+](=O)[O-],,0
O=C(Cc1ccc2[nH]c(-c3ccc(Cl)s3)nc2c1)NCc1ccc(N2CCOCC2=O)cc1,,0
O=C(Cc1cccc(NC(=O)C2CCN(C(=O)C3CCC3)CC2)c1)Nc1cccc(C(=O)N2CCCC2)c1,,0
O=C(Cc1ccccc1)Nc1ccc(CCSc2nnc(NC(=O)Cc3ccccc3)s2)nn1,,0
O=C(Cc1ccccc1)Nc1nnc(CSCc2nnc(NC(=O)Cc3ccccc3)s2)s1,,0
O=C(Cc1ccccc1Cl)NC[C@H]1C(C(=O)Nc2ccc(Br)cc2)[C@@H]2C=C[C@H]1C21CC1,,0
O=C(Cc1cccs1)Nc1nnc(CCSCCc2nnc(NC(=O)Cc3cccs3)s2)s1,,0
O=C(Cn1c2ccccc2c2nc3ccccc3nc21)N1N=C(c2cc3ccccc3o2)CC1c1ccc(Cl)cc1,,0
O=C(Cn1ccc(-c2ccccc2)nc1=O)NCc1cc2cc(C(=O)N3CCC(N4C(=O)OCc5ccccc54)CC3)ccc2o1,,0
O=C(Cn1ncc(Cl)c(Cl)c1=O)N(Cc1cccs1)c1ccc2c(c1)OCCO2,,0
O=C(Cn1nnc(-c2ccncc2F)c1-c1ccccc1)Nc1ccc(-c2ccccc2)cn1,,0
O=C(Cn1sc2ccccc2c1=O)Nc1ccc2ncnc(Nc3cccc(Br)c3)c2c1,,0
O=C(N/N=C/c1ccc(Cl)cc1)c1cn(C2CC2)c2cc(N/N=C/c3ccc(Cl)cc3)c(F)cc2c1=O,,0
O=C(N/N=c1\scc(-c2ccc(Cl)cc2)n1-c1ccccc1)c1cc(-c2ccc(Cl)cc2)on1,,0
O=C(N1CC[C@](c2ccc(C(F)(C(F)(F)F)C(F)(F)F)cc2)(S(=O)(=O)c2ccc(F)cc2)C1)C1(CO)CCOCC1,,0
O=C(N1CCc2ccccc2C1)C(F)(F)C(F)(F)C(F)(F)C(F)(F)C(F)(F)C(F)(F)C(F)(F)F,,0
O=C(NC1CCCCC1)C(c1ccc(Cl)cc1)N(C(=O)c1cnccn1)c1ccc2c(c1)OCO2,,0
O=C(NC1CCCc2ccccc21)C(Cc1ccccc1)C[C@H](O)CNS(=O)(=O)c1ccc([N+](=O)[O-])cc1,,0
O=C(NC1CC[C@H](c2ccccc2)CN(CC2CC2)C1=O)N1CCC(N2Cc3ccccc3NC2=O)CC1,,0
O=C(NCC1(O)CC1)C1CC[C@@]2(S(=O)(=O)c3ccc(F)cc3)c3ccc(C(F)(C(F)(F)F)C(F)(F)F)cc3CC[C@@H]12,,0
O=C(NCC1(O)CCC1)C1CC[C@@]2(S(=O)(=O)c3ccc(F)cc3)c3ccc(C(F)(C(F)(F)F)C(F)(F)F)cc3CC[C@@H]12,,0
O=C(NCC1CC1)C1C[C@@H]1[C@H](NP(=O)(c1ccccc1)c1ccccc1)c1ccccc1,,0
O=C(NCC1CC1)C1C[C@H]1[C@@H](NP(=O)(c1ccccc1)c1ccccc1)c1ccccc1,,0
O=C(NCC1CCCO1)C(Cc1ccccc1)=NC(=O)c1ccccc1,,0
O=C(NCCCCCCNC(=O)c1ccc(Br)s1)c1ccc(Br)s1,,0
O=C(NCCCn1ccnc1)C(Cc1ccco1)=NC(=O)c1ccccc1,,0
O=C(NCCCn1ccnc1)OCC1CCCCN1S(=O)(=O)c1ccc(Cl)cc1,,0
O=C(NCCc1ccc(Cl)cc1)C1CCC(CNc2c(N3CCCCC3)c(=O)c2=O)CC1,,0
O=C(NC[C@@H]1CC(Br)=NO1)C1C[C@@H](c2ccc(Cl)cc2)CN1C(=O)OCc1cnc2ccccc2c1,,0
O=C(NCc1cccc(O)c1)c1ccc(NCc2ccc(-c3ccccc3C(=O)O)cc2)cc1,6.49,1
O=C(NS(=O)(=O)N1CCC1)c1cc(C2CC2)c(OCC23CC4CC(CC(CF)(C4)C2)C3)cc1F,,0
O=C(NS(=O)(=O)c1ccccc1F)N1CCN(c2ncnc3c2nc(-c2ccccc2Cl)n3-c2ccc(Cl)cc2)CC1,,0
O=C(Nc1c(C(=O)N2CCN(c3ccccc3F)CC2)oc2ccccc12)c1ccc(Br)o1,,0
O=C(Nc1cc(-c2ccsc2)cn(CC(F)(F)F)c1=O)N1CCC(n2c(=O)[nH]c3ncccc32)CC1,,0
O=C(Nc1cc(F)c2nc(N3CCOCC3)ccc2c1)C1CC1,,0
O=C(Nc1ccc(-c2cccc(-c3nc4cc(F)ccc4[nH]3)c2)cc1)c1cnn2cccnc12,,0
O=C(Nc1ccc(-c2ccnc(N3CCOCC3)n2)cc1)Nc1ccc(Cl)c(-c2ccncc2)c1,,0
O=C(Nc1ccc(Br)cc1)c1ccc2[nH]c(-c3ccc([N+](=O)[O-])s3)nc2c1,,0
O=C(Nc1ccc(C(F)(F)F)c(Cl)c1)N1CCN(c2ncc(-c3nnc(CO)o3)cc2Cl)CC1,,0
O=C(Nc1ccc(Cc2ccccc2)cc1)N1CCN(c2cccc3[nH]ccc23)CC1,,0
O=C(Nc1ccc(Cl)cc1)Nc1nc(-c2cc3cc(Br)ccc3o2)cs1,,0
O=C(Nc1ccc(Cl)cc1)Nc1nnc(CSCc2ccccc2)s1,,0
O=C(Nc1ccc(F)c(F)c1F)c1cccc2[nH]c(-c3cc(Br)nn3-c3ncccc3Cl)nc12,,0
O=C(Nc1ccc(F)cc1)C1(C(=O)Nc2ccc(Oc3ccnc(Nc4cccc([N+](=O)[O-])c4)n3)c(F)c2)CC1,,0
O=C(Nc1ccc(F)cc1)Nc1cccc(-c2ccc(N3CCCC3)nn2)c1,,0
O=C(Nc1ccc(N2CCOCC2)nc1)c1c(F)cccc1F,,0
O=C(Nc1ccc(Oc2ccnc3[nH]ccc23)c(F)c1)c1cocc(-c2ccc(F)cc2)c1=O,,0
O=C(Nc1cccc(-c2cccc(N3CCCC3)n2)c1)Nc1cccc2ccccc12,,0
O=C(Nc1cccc(-c2ccccc2)c1)N(CCC(c1ccccc1)c1ccccc1)CCN1CCOCC1,,0
O=C(Nc1cccc(C(=O)c2ccc3c(C=Cc4ccccc4)[nH]nc3c2)c1)c1ccc(=O)oc1,,0
O=C(Nc1ccccc1N(C(=O)c1ccco1)S(=O)(=O)c1cccs1)c1ccco1,,0
O=C(Nc1ccccc1N1CCN(C(=O)c2ccccc2)CC1)c1cc(Br)ccc1Cl,,0
O=C(Nc1ccccc1OC(F)(F)F)N[C@H]1CC[C@@H](Oc2ccc(F)cc2)CC1,,0
O=C(Nc1nc2c(s1)CCCC2C(=O)NCCC1=CCCCC1)c1ccccc1,,0
O=C(Nc1nc2ccccc2s1)c1c(Nc2ccccc2)nn2c(-c3cccs3)ccnc12,,0
O=C(Nc1nnc(CCCCc2nnc(NC(=O)C3(c4ccccc4)CCOCC3)s2)s1)C1(c2ccccc2)CCOCC1,,0
O=C(Nc1nnc(CCSCCc2nnc(NC(=O)C3CCCC3)s2)s1)C1CCCC1,,0
O=C(Nc1nnc(COC2CCCC2)s1)c1ccc(OC2CCC(C(=O)O)CC2)cc1,,0
O=C(Nc1nnc(Cc2cc(F)cc(F)c2)s1)c1ccc(OC2CCC(C(=O)O)CC2)cc1,,0
O=C(Nc1nnc(SCc2c(Cl)cccc2Cl)s1)C1CC(=O)N(c2ccc3c(c2)OCCO3)C1,,0
O=C(O)/C=N/OC(c1ccc(OCc2ccc3cc(F)ccc3n2)cc1)C1CCCCC1,,0
O=C(O)C(Cc1ccc(-n2c(C3CC3)nc3cccnc32)cc1)N=C1C(Br)C(=O)C12CCCCC2,,0
O=C(O)C(Cc1ccc(Br)cc1[N+](=O)[O-])=NNc1nc(-c2ccc(Cl)c(Cl)c2)cs1,,0
O=C(O)C1CCC(OC2CCN(c3ccc(-c4nc5cc(Cl)ccc5[nH]4)cn3)CC2)CC1,,0
O=C(O)C1CCC(OC[C@@H]2C[C@H](F)CN2C(=O)Cc2ccc(Nc3nc4ccc(F)cc4o3)c(Cl)c2)CC1,,0
O=C(O)C1CSc2c(-c3ccc(Br)cc3)c(Cc3cccc4ccccc34)cc(=O)n21,,0
O=C(O)C1CSc2c(-c3ccc4c(c3)OCO4)c(Cc3csc4ccccc34)cc(=O)n21,,0
O=C(O)C1[C@H](CN2NNc3ccsc3C2=O)CC[C@@H]1Sc1ccc(-c2ccc(Cl)cc2)cc1,,0
O=C(O)C1[C@H](c2ccccc2[N+](=O)[O-])C(C(=O)O[C@@H]2CCCC[C@H]2c2ccccc2)[C@H]1c1ccccc1[N+](=O)[O-],,0
O=C(O)C=C(c1ccc(F)cc1)c1ccc(Sc2cc(F)cc(C(O)(C(F)(F)F)C(F)(F)F)c2)cc1O,,0
O=C(O)CC1CCC(c2ccc(C(=O)Nc3nnc(CCC4CCCO4)s3)cc2)CC1,,0
O=C(O)CC1CCC(c2ccc(C(=O)Nc3nnc(CCC4CCOC4)s3)cc2)CC1,,0
O=C(O)CCC/C=C/C(c1ccccc1)c1c(O)cc2c(c1O)C(=O)CC(c1ccccc1)O2,,0
O=C(O)CCC/C=C\C[C@@H]1[C@H]2CC[C@H](C2)[C@H]1NS(=O)(=O)c1ccc2cc(-c3ccccc3)[nH]c2c1,,0
O=C(O)CCCCCC[C@@H]1[C@@H](c2ccc(CC3CCCCC3)cc2)[C@H](O)C[C@H]1Cl,,0
O=C(O)CCCSCCN1C(=O)CC[C@@H]1/C=C/[C@@H](O)Cc1cccc(N2Cc3ccccc3C2)c1,,0
O=C(O)CN(C1(c2cccc(-c3cc(Cl)cc(Cl)c3)c2)CCC1)S(=O)(=O)c1cccc(Cl)c1,,0
O=C(O)CN1C(=O)/C(=C/c2ccc(/C=C/C(=O)c3ccc(Cl)cc3Cl)cc2)SC1=S,,0
O=C(O)COCCCC[C@@H]1[C@@H](c2ccc(C(O)C3CCCCC3)cc2)[C@H](O)C[C@H]1Cl,,0
O=C(O)COC[C@H]1CC[C@H](CNC(=O)N(c2ccccc2)c2cccc(F)c2F)CC1,,0
O=C(O)COC[C@H]1CC[C@H](COC(=O)N(c2ccc(F)cc2)c2ccc(F)cc2)CC1,,0
O=C(O)COC[C@H]1CC[C@H](COC(=O)N(c2ccc(F)cc2)c2cccc(F)c2)CC1,,0
O=C(O)CSCC(=O)N1N=C2/C(=C/c3ccccc3)CCCC2C1c1ccccc1,,0
O=C(O)CSc1nnc(-c2ccc([N+](=O)[O-])cc2)n1-c1ccc(Cl)c(Cl)c1,,0
O=C(O)C[C@@H]1CCN([C@@H](c2ccc(C(F)(F)F)nc2)C2CCCCC2)[C@H](c2ccc(C(F)(F)F)cc2)C1,,0
O=C(O)C[C@H](O)C[C@H](O)/C=C/c1c(C2CC2)nc2sc3c(c2c1-c1ccc(F)cc1)CCCCC3,,0
O=C(O)Cc1csc(NC(=O)c2cc3c(n(CC4CCCCC4)c2=O)CCCCCC3)n1,,0
O=C(O)[C@@]1(N(CCc2cccnc2)S(=O)(=O)c2ccc(-c3ccc(Cl)cc3)cc2)C[C@H]1c1ccccc1,,0
O=C(O)[C@]1(Cc2cccc(Nc3cc[nH]n3)n2)CC[C@@H](Sc2cccc(Cl)c2Cl)CC1,,0
O=C(O)[C@]1(Cc2cccc(Nc3nccs3)n2)CC[C@@H](Oc2cccc(Cl)c2Cl)CC1,,0
O=C(O)c1ccc(-c2c([C@@H]3C[C@H]3c3ccc4ccccc4n3)nc3c(N4CCOCC4)cc(Cl)nn23)cc1F,,0
O=C(O)c1ccc(-c2nc(C(=O)c3c(Cl)cccc3C(F)(F)F)n3ccccc23)c(F)c1,6.5,1
O=C(O)c1ccc(C(=O)/C(=C\c2ccc([N+](=O)[O-])c(F)c2)SCc2ccc(Br)cc2)cc1,,0
O=C(O)c1ccc(S(=O)(=O)N(CCCC(F)(F)F)c2sc3ccccc3c2Br)cc1,,0
O=C(O)c1ccc(S(=O)(=O)N(CCCCC(F)(F)F)c2sc3ccccc3c2Br)cc1,,0
O=C(O)c1ccc2c(c1)C(SCCN1CCC(c3ccccc3)CC1)c1ccccc1CO2,,0
O=C(O)c1ccc2c(c1)C1C(Cl)C(Sc3ccccc3[N+](=O)[O-])CC1C(c1cccc([N+](=O)[O-])c1)N2,,0
O=C(O)c1cccc2c1NC(c1cccc([N+](=O)[O-])c1)C1CC(Sc3ccccc3[N+](=O)[O-])C(Cl)C21,,0
O=C(OC(C(F)(F)F)C(F)(F)F)N1CCC(C(O)(c2ccc3c(c2)OCO3)c2ccc3c(c2)OCO3)CC1,,0
O=C(OC(C(F)(F)F)C(F)(F)F)N1CCN(Cc2ccc(Cl)cc2N2CCC3(CCOCC3)C2)CC1,,0
O=C(OC(c1ccccc1)c1ccccc1)C1c2c(c(O)n(-c3ccccc3F)c2O)[C@H]2C=Cc3ccccc3N12,,0
O=C(OCC#CCSc1nc2ccccc2o1)c1cc2ccccc2o1,,0
O=C(OCC#CCSc1nnc(-c2cccc3ccccc23)o1)c1ccccc1,,0
O=C(OCC1CCCCC1)C1[C@H](c2ccc(O)cc2)C(C(=O)OCC2CCCCC2)[C@H]1c1ccc(O)cc1,,0
O=C(OCCCCC#Cc1ccc(C(=O)OC2CSSC2)cc1)c1ccc([N+](=O)[O-])cc1,,0
O=C(OCCN1CCCCCC1)C(O)(c1ccoc1)C1CCCCC1,,0
O=C(OCc1ccc([N+](=O)[O-])cc1)c1cc(S(=O)(=O)N2CCCCC2)ccc1N1CCOCC1,,0
O=C(OCc1ccccc1)C1CCCN1C(=O)CN(c1ncnc2c1ncn2C1CCCCO1)C1CC1,,0
O=C(OCc1cn([C@H]2CN(C(=O)C3CCCCC3)[C@@H](c3ccc(Cl)cc3)C[C@@H]2O)nn1)c1ccccc1,,0
O=C(OCc1cn([C@H]2CN(C(=O)c3cccs3)[C@@H](c3ccccc3)C[C@@H]2O)nn1)c1ccccc1,,0
O=C(Oc1ccc([N+](=O)[O-])cc1)N1CCC(N2C(=O)C(c3ccc(F)cc3)[C@H]2c2ccc3c(c2)OCO3)CC1,,0
O=C(Oc1coc(CSc2ccccc2)cc1=O)c1ccc(Cl)c([N+](=O)[O-])c1,,0
O=C(c1cc(C2CC2)nn1-c1ccccc1)N1CCN(S(=O)(=O)c2c(F)cccc2F)CC1,,0
O=C(c1ccc(-c2ccc(Cl)cc2)o1)N1CCN(c2ccc([N+](=O)[O-])cc2Cl)CC1,,0
O=C(c1ccc(Br)cc1)c1[nH]c2ccccc2c1Nc1nc(N2CCSCC2)ncc1[N+](=O)[O-],,0
O=C(c1ccc(NS(=O)(=O)c2cccc3nccnc23)cc1)N1CCC(O)(CCC(F)=C(F)F)CC1,,0
O=C(c1ccc(NS(=O)(=O)c2cccc3nccnc23)cc1)N1CCC(O)(CCCC(F)(F)F)CC1,,0
O=C(c1ccc(NS(=O)(=O)c2cccc3scnc23)cc1)N1CCC(O)(CCC=C(F)F)CC1,,0
O=C(c1ccc(Nc2nc(-c3ccccc3)nc3ccccc23)cc1)[n+]1nc([S-])sc1-c1ccccc1,,0
O=C(c1cccc(F)c1-n1nccn1)N1C2CCC1C(COc1nccc(C(F)(F)F)n1)C2,,0
O=C(c1ccccc1)C1C(=Nc2ccccc2)C(=O)N(CCCn2ccnc2)C1c1ccc(Br)cc1,,0
O=C(c1ccccc1)N(/N=N/c1ccc([N+](=O)[O-])cc1C(F)(F)F)c1ccc([N+](=O)[O-])cc1C(F)(F)F,,0
O=C(c1ccccc1)c1ccc2nc(-c3ccco3)c(-c3ccco3)nc2c1,,0
O=C(c1ccccc1)c1cn(CC(=O)N2CCCc3ccccc32)c2ccccc12,,0
O=C(c1cccnc1)N(/N=N/c1ccc([N+](=O)[O-])cc1Br)c1ccc([N+](=O)[O-])cc1Br,,0
O=C(c1cnc2ccccc2c1)C(CSC(=S)N1CCCC1)CSC(=S)N1CCCC1,,0
O=C(c1cnccc1C(F)(F)F)N1CCCC(Oc2ccc(Br)cc2)(C(=O)N2CCN(c3ccccn3)CC2)C1,,0
O=C(c1cnn2c(C(F)(F)F)cc(-c3ccc(Br)cc3)nc12)N1CCOCC1,,0
O=C(c1cnsn1)N1CCCC(Nc2ccc(F)c(F)c2)C1,,0
O=C(c1csc2ccccc12)N(CCc1ccc(Cl)cc1)[C@H]1CC[C@]2(CCCO2)CC1,,0
O=C(c1nn2c(C(F)(F)F)cc(-c3cccs3)nc2c1Cl)N1CCCc2ccccc21,,0
O=C1/C(=C/c2ccc(Cl)cc2)CN(C(=O)CCSCCS(=O)(=O)O)C/C1=C\c1ccc(Cl)cc1,,0
O=C1/C(=C/c2ccc([N+](=O)[O-])cc2)SC(=S)N1CCCCNc1ccnc2cc(Cl)ccc12,,0
O=C1/C(=C/c2coc3c(Cl)cc(Cl)cc3c2=O)SC(=S)N1Cc1ccccc1,,0
O=C1/C(=N/OCCF)c2ccncc2N1Cc1nc2ccccc2n1CCCCO,,0
O=C1C(=O)N(CCCCF)c2ccc(S(=O)(=O)N3CCC[C@H]3COCCF)cc21,,0
O=C1C(=O)N(CCCn2ccnc2)C(c2ccc(Cl)cc2)C1C(=O)c1ccc2c(c1)OCCO2,,0
O=C1C(CCc2ccccc2)N(Cc2ccccc2)C(=O)N(Cc2ccccc2)C1Cc1ccccc1,,0
O=C1C([N-]S(=O)(=O)c2cccs2)=C([n+]2ccc(CCCc3ccccc3)cc2)C(=O)c2ccccc21,,0
O=C1C=C(C2=C(C3=CC(=O)c4ccccc4C3=O)C(=O)c3ccccc3C2=O)C(=O)c2ccccc21,,0
O=C1C=C(c2ccc([N+](=O)[O-])cc2)c2c(c(-c3ccccc3)cn2S(=O)(=O)c2ccccc2)C1=O,,0
O=C1CC(Cc2ccccc2)Sc2ccccc2N1Cc1ccccc1[N+](=O)[O-],,0
O=C1CC(c2c(Cl)ccc(-c3cccnc3)c2Cl)CC(=O)C1Sc1ccccc1Cl,,0
O=C1CC(c2ccsc2)(c2cccc(NC3CCCCC3)c2)NC(=O)C1Sc1ccccc1Cl,,0
O=C1CC2(CCC(O)(c3ccc4ccccc4c3)C(C(=O)c3ccc4ccccc4c3)C2)C(=O)c2ccccc2N1,,0
O=C1CCC(=O)C(C(=O)CCC(=O)Nc2ccc(Cl)cc2)C1,,0
O=C1CCC(=O)C(C(=O)CCC(=O)Nc2cccc(Cl)c2)C1,,0
O=C1CCC=C2C1C(c1ccsc1)CC(=O)N2c1nnc(SCc2ccccc2)s1,,0
O=C1CCC=C2OC3=CCCC(=O)C3C(c3ccc(OS(=O)(=O)c4ccc(Cl)cc4)cc3)C12,,0
O=C1CCCCN1c1ccc(N2CCc3c(-c4nc[nH]n4)nn(-c4ccc(OC(F)(F)F)cc4)c3C2=O)cc1,,0
O=C1CCSC2(C(=O)N(Cc3ccc(F)cc3)c3ccccc32)N1c1ccc(Cl)cc1,,0
O=C1CCc2c(Oc3ccc4c(c3)C3C(O4)C3c3nc4cc(C(F)(F)F)ccc4[nH]3)ccnc2N1,,0
O=C1CN(C(=O)c2ccc(S(=O)(=O)N3CCCC3)cc2)C(c2ccccc2)c2cc(Br)ccc2N1,,0
O=C1CSC(c2ccc([N+](=O)[O-])cc2)N1c1nc(C23CC4CC(CC(C4)C2)C3)cs1,,0
O=C1CSC(c2ccccc2Cl)N1c1nnc(CN=c2nnc3c([nH]c4ccccc43)s2)s1,,0
O=C1C[C@@](c2ccc(N3CCOCC3)cc2)(c2ccsc2)NC(=O)C1Sc1ccccc1Cl,,0
O=C1N(Cc2ccccc2)C2CS[C@@H](CCCCCO)C2N1Cc1ccccc1,,0
O=C1N(Cc2nccn2Cc2ccccc2)CCCC12CCN(c1cnc3ccccc3n1)CC2,,0
O=C1N(c2cccc(Cl)c2)C(=O)[C@@]2(Cc3ccc(Cl)cc3)c3c(c(O)n(C4CCCCC4)c3O)[C@@H](c3ccc(F)cc3)N12,,0
O=C1NC(=O)C(=Cc2ccc(OCc3ccccc3)cc2)C(=O)N1,7.0,1
O=C1NC(=O)C(CCc2ccncc2)(CCc2ccncc2)C(=O)N1Cc1ccc(F)cc1,,0
O=C1Nc2cc(Br)ccc2[C@]12[C@@H](c1ccccc1)C(c1ccccc1)=NN2c1ccccc1,,0
O=C1OC(CN(Cc2ccccc2)Cc2ccccc2)CN1/N=C/c1ccc([N+](=O)[O-])o1,,0
O=C1OC(OC/C(Br)=C(/Br)COC2OC(=O)C(Cl)=C2Cl)C(Cl)=C1Cl,,0
O=C1OC[C@@H]2CCCN2C(=O)C(CC(=O)N(CCO)Cc2ccccc2)C/C=C\CCC1Cc1ccc(F)cc1,,0
O=C1OC[C@H](Cc2ccc3c(c2)OCCO3)C1Cc1ccc(I)cc1,,0
O=C1S/C(=C\c2cn(-c3ccccc3)nc2-c2ccc(Br)cc2)C(=O)N1c1ccccc1,,0
O=C1c2cc(-c3ccc(OC(F)(F)F)cc3)ccc2OCCN1Cc1ccn(C(F)(F)F)n1,,0
O=C1c2cc(-c3ccc(OC(F)(F)F)cc3)ccc2OCCN1Cc1ccn(C2CCCC2)n1,,0
O=C1c2ccc([N+](=O)[O-])cc2C(=O)N1CC[P+](c1ccccc1)(c1ccccc1)c1ccccc1,,0
O=C1c2cccc(Cl)c2C(OCC2(CO)CC2)(c2ccc(Cl)cc2)N1Cc1ccc([N+](=O)[O-])cc1,,0
O=C1c2ccccc2C(=O)C12O[C@H](c1ccc(-c3ccccc3)cc1)c1c2c(O)n(-c2ccccc2Cl)c1O,,0
O=C1c2ccccc2C(=O)N1CN1C(=O)N(c2ccccc2)C(=O)C1(c1ccccc1)c1ccccc1,,0
O=C1c2ccccc2N(Cc2ccccc2-c2ccccc2)S(=O)(=O)N1Cc1ccccc1-c1ccccc1,,0
O=C1c2nn(-c3ccccc3Cl)c(-c3ccc(Cl)cc3)c2OCCN1CC(F)(F)F,,0
O=C=NCCCCCCN1C(=O)N2C(c3ccccc3)N(CCCCCCN=C=O)C(=O)N2C1c1ccccc1,,0
O=CCCCCCCCC(=O)OCCCc1ccc2oc(-c3ccc4c(c3)OCO4)cc2c1,,0
O=Cc1cn(-c2nc(-c3cc4cc(Cl)cc(Cl)c4oc3=O)cs2)nc1-c1ccc(Cl)cc1,,0
O=P(CCCCCCCCCP(=O)(c1ccccc1)c1ccccc1)(c1ccccc1)c1ccccc1,,0
O=P(O)(O)Oc1ccc(Oc2ccc(-c3noc(-c4ccc(F)cc4)n3)cc2)cc1,,0
O=S(=O)(/C=C/c1ccc(Cl)cc1)Cc1ccc(Nc2ncnc3ccc(Br)cc23)cc1,,0
O=S(=O)(CC1=NC2C=CC=CC2N=C1)NCc1ccccc1,,0
O=S(=O)(NC1CCC(c2cc(F)ccc2F)(S(=O)(=O)c2ccc(Cl)cc2)CC1)C(F)(F)F,,0
O=S(=O)(NO)C(F)(F)C(F)(F)C(F)(F)C(F)(F)C(F)(F)C(F)(F)C(F)(F)C(F)(F)F,,0
O=S(=O)(Nc1cc(-c2ccc3ncc(N4CCOCC4)nc3c2)cnc1Cl)c1ccc(F)cc1,,0
O=S(=O)(Nc1ccc(F)c(C#Cc2cnc3[nH]nc(C4CC4)c3c2)c1F)c1cccnc1,,0
O=S(=O)(Nc1ccc(F)c(Nc2ncccc2-c2ncnc3[nH]cnc23)c1F)c1ccc(Cl)c(Cl)c1,,0
O=S(=O)(Nc1ccncn1)c1ccc2c(OCC(F)(F)C3CCOCC3)nccc2c1,,0
O=S(=O)(Nc1ncns1)N1CCc2c(cccc2-c2ccc(C(F)(F)F)cc2-n2ccnc2)C1,,0
O=S(=O)(O)c1ccccc1C=Cc1ccc(-c2ccc(C=Cc3ccccc3S(=O)(=O)O)cc2)cc1,,0
O=S(=O)([O-])c1ccccc1/C=C(\c1ccccc1)c1cccc[n+]1C1CCC([n+]2ccccc2Cc2ccccc2)CC1,,0
O=S(=O)(c1cc(-c2nnc(-c3ccc(Br)cc3)o2)ccc1Br)N1CCCCCC1,,0
O=S(=O)(c1ccc(F)cc1)N1CCC(c2nc3n(n2)S(=O)(=O)c2ccccc2N3c2ccccc2)CC1,,0
O=S(=O)(c1ccc(N2CCN(c3ccc(F)cc3)CC2)cc1)N(Cc1c[nH]cn1)CC1CCCCC1,,0
O=S(=O)(c1ccc(NC(=S)N/N=C/c2cccc(Oc3ccccc3)c2)cc1)N1CCOCC1,,0
O=S(=O)(c1ccc(Nc2c3ccccc3nc3ccccc23)cc1)c1ccc(N(CCCl)CCCl)cc1,,0
O=S(=O)(c1ccc(S(=O)(=O)N(Cc2ccccc2)Cc2ccco2)cc1)N1CCCC1,,0
O=S(=O)(c1ccccc1)C1CN2OC1(S(=O)(=O)c1ccccc1)CC2c1ccc(Br)cc1,,0
O=S(=O)(c1ccccc1)n1cc(-c2cnn3cc(-c4ccc(N5CCOCC5)cc4)cnc23)c2ccccc21,,0
O=S(=O)(c1cccnc1)N(Cc1cc(Cl)ccc1F)c1sc2ccccc2c1Br,,0
O=S1(=O)CC(c2cccc(C(F)(F)F)c2)c2c(C3CC3)nn(-c3cccc(F)c3)c2O1,,0
O=[N+]([O-])c1cc(-c2nnc(SCc3ccccc3)o2)cc(C(F)(F)F)c1,,0
O=[N+]([O-])c1cc(C(F)(F)F)cc([N+](=O)[O-])c1Oc1ccc(Br)cc1/C=N\OCc1ccc(Cl)cc1Cl,,0
O=[N+]([O-])c1ccc(-c2ccc(OCc3nnc(SC4CCCC4)n3-c3cccnc3)cc2)cc1,,0
O=[N+]([O-])c1ccc(-c2csc(NN=Cc3cc(Br)cc(Br)c3O)n2)cc1,,0
O=[N+]([O-])c1ccc(/C(Cn2cncn2)=N\Nc2nc(-c3cc(C(F)(F)F)cc(C(F)(F)F)c3)cs2)cc1,,0
O=[N+]([O-])c1ccc(/C=C/C2=NN(c3ccccc3)C(c3ccco3)C2)cc1,,0
O=[N+]([O-])c1ccc(COC(Cn2c[n+](Cc3ccc([N+](=O)[O-])cc3)cn2)c2ccc(F)cc2F)cc1,,0
O=[N+]([O-])c1ccc(OCc2nc3cc(Br)ccc3n2S(=O)(=O)c2cc(F)ccc2F)cc1,,0
O=[N+]([O-])c1ccc(Oc2ccc(/C=N/NC(=S)Nc3ccc(Br)cc3)cc2)cc1,,0
O=[N+]([O-])c1ccc(SC[C@@H]2CO[C@@](CCc3ccc(Cl)cc3)(Cn3ccnc3)O2)cc1,,0
O=[N+]([O-])c1cccc(C=C2CCC(C=NNc3ccc4ccccc4n3)=C2N2CCOCC2)c1,,0
O=[N+]([O-])c1cccc([S+]([O-])c2nc(-c3cnn4ccc(Br)cc34)cs2)c1,,0
O=[N+]([O-])c1ccccc1S(=O)(=O)N1CC(n2cnc3nc(Cl)nc(Cl)c32)OCc2ccccc21,,0
O=[N+]([O-])c1cn2c(n1)OC[C@@H](OCCCC#Cc1ccc(-c3ccc(OC(F)(F)F)cc3)cc1)C2,,0
O=[N+]([O-])c1nccn1CCCCNc1nc(-c2ccccc2)nc(Cl)c1-c1ccccc1,,0
O=c1[nH]cnc2[nH]c(-c3ccc(N(CCCl)CCCl)cc3)nc12,,0
O=c1c(-c2ccco2)nc2ccccc2n1C(CCc1ccccc1)c1nc2ccccc2[nH]1,,0
O=c1c(Cc2ccc(Cl)cc2)nnc2sc(-c3ccc(-c4ccc(Cl)cc4Cl)o3)nn12,,0
O=c1c(Cc2ccc(Cl)cc2Cl)nnc2scc(-c3cc(F)c(Cl)cc3Cl)n12,,0
O=c1c(O)c2ccccc2c2nc3[nH][nH]c(-c4ccc([N+](=O)[O-])cc4)c3c(-c3ccccc3)c12,,0
O=c1c(OC2CCCC2)c(N2CCN(S(=O)(=O)Cc3ccc(F)cc3)CC2)cnn1-c1cccc(Cl)c1,,0
O=c1c(OC2CCCC2)c(N2CCN(S(=O)(=O)Cc3cccc(Cl)c3)CC2)cnn1-c1cccc(Cl)c1,,0
O=c1c(OC2CCCC2)c(N2CCN(S(=O)(=O)Cc3ccccc3F)CC2)cnn1-c1cccc(Cl)c1,,0
O=c1c(OC2CCOCC2)c(N2CCN(S(=O)(=O)Cc3ccccc3)CC2)cnn1-c1cccc(Cl)c1,,0
O=c1c(S(=O)(=O)c2ccc(F)cc2F)cc2cnc(Nc3ccc4[nH]ccc4c3)nc2n1CC1CCCC1,,0
O=c1c([C@@H]2C[C@H](c3ccccc3)ON2c2ccccc2)coc2ccc(Br)cc12,,0
O=c1c2c(SCc3ccccc3)nn(-c3ccccc3)c2nc2n(-c3cccc(F)c3)cnn12,,0
O=c1c2ccc(F)cc2ncn1CCCCCCCCCCn1cnc([N+](=O)[O-])c1,,0
O=c1c2ccccc2[se]n1CCCCCCCn1[se]c2ccccc2c1=O,,0
O=c1c2ccccc2nc(-c2ccc(Cl)cc2)n1C/C=C/c1ccc(-c2cnc3ccccc3n2)cc1,,0
O=c1c2ccccc2nc(/C=C/c2ccncc2)n1-c1nnc(-c2cccc(Cl)c2)s1,,0
O=c1c2ccccc2nnn1CCC(CSc1ccc(-c2ccc(Cl)cc2)cc1)C(O)=NO,,0
O=c1c2cnn(-c3ccccc3)c2nc(-c2ccccc2F)n1-c1ccc(Br)cc1,,0
O=c1cc(-c2nc(NC3CCOCC3)ncc2Cl)ccn1C(CO)c1ccc(Cl)c(F)c1,,0
O=c1cc(C(CC2CC2)CC2CC2)oc(O)c1C(c1cccc(CS(=O)(=O)c2ccc(F)cc2)c1)C1CC1,,0
O=c1cc(N2CCCCC2)c(-c2ccccc2)nn1Cc1ccc(Cl)cc1,,0
O=c1cc(OCc2cccc(I)c2)oc2ccc(OCc3cccc(Cl)c3)c(O)c12,,0
O=c1cc(OCc2cn(-c3ccc(S(=O)(=O)N4CCc5ccccc5C4)cc3)nn2)c2ccccc2o1,,0
O=c1ccc2cc(S(=O)(=O)Nc3nncs3)ccc2n1-c1ccc(-c2cc(F)cc(F)c2)cc1C1CC1,,0
O=c1ccn(-c2ccc(F)cc2)nc1-c1ccnc(SCc2ccc(C(F)(F)F)cc2)n1,,0
O=c1n(/N=C/c2ccc(-c3ccc([N+](=O)[O-])cc3)o2)cc(O)n1CC1CCN(Cc2ccccc2)CC1,,0
O=c1n(Cc2nnc(SCc3cccc(Cl)c3)s2)nnn1-c1ccc(Cl)cc1,,0
O=c1nc(OCC2COCCO2)cc2n1CCc1cc(COC3CCCC3)ccc1-2,,0
O=c1nc(SCc2ccc(F)cc2)n(CCc2cccs2)cc1Cc1cncnc1,,0
O=c1nc2oc(CCCCl)c(C#CCCCCl)c2cn1Cc1cn(-c2ccc(Cl)cc2)nn1,,0
O=c1oc2ccccc2c2nn(Cc3cn(-c4c(Cl)cc(Cl)cc4Cl)nn3)cc12,,0
O=c1oc2ccccc2cc1-c1csc(NN=Cc2c[nH]nc2-c2cc(Cl)sc2Cl)n1,,0
O=c1oc2ccccc2cc1-c1csc(NN=Cc2c[nH]nc2-c2ccc(-c3ccccc3)cc2)n1,,0
O=c1oc2ccccc2cc1Sc1c(-c2ccc(Br)cc2)nc2ccccc2c1-c1ccccc1,,0
OC(C/C(=N\N=C(/CC(O)(C(F)(F)F)C(F)(F)F)c1ccccc1)c1ccccc1)(C(F)(F)F)C(F)(F)F,,0
OC(C/C=N/N=C/CC(O)(C(F)(F)Cl)C(F)(F)Cl)(C(F)(F)Cl)C(F)(F)Cl,,0
OC(c1ccccc1)(c1ccccc1)C1CCN(C(=S)Nc2ccc(N3CCCCC3)cc2)CC1,,0
OC(c1ccccc1)C(F)(F)C(F)(F)C(F)(F)C(F)(F)C(F)(F)C(F)(F)C(F)(F)C(F)(F)F,,0
OC(c1ccccc1)c1c(C(F)(F)F)nc2ccc(Br)cc2c1Br,,0
OC1CCCCCCCNc2ncc3c(-c4ccc(N5CCOCC5)cc4)cn(c3n2)CCCC1,,0
OCC1(n2cc(-c3cc(F)cc4c3-c3ccccc3C4(O)C(F)(F)F)cn2)CCCCC1,,0
OCCN=C1c2ccccc2C2C(c3ccccc31)C1c3ccccc3C(=NCCO)c3ccccc3C21,,0
OCCOCCn1c(CCNc2nc(-c3ccc(Cl)cc3)cs2)nc2cc(Cl)c(Cl)cc21,,0
OCCSc1nc2ccccc2n1C1CCN(CCCC(c2ccc(F)cc2)c2ccc(F)cc2)CC1,,0
OC[C@H]1C[C@@H](Nc2nc(NC3CCCCC3)ncc2-c2nc3ccccc3s2)[C@H](O)[C@@H]1O,,0
O[C@@H]1CC[C@@H](c2cccnc2Oc2ccc(Nc3nc4ccccc4s3)cc2)C1,,0
Oc1c(Br)cc(Br)cc1-c1cncn1CCNc1cccc2ccccc12,,0
Oc1ccc2c(c1)=CCCC(c1ccc(F)cc1Cl)C=2c1ccc(O[C@H]2CCN(CCCF)C2)cc1,,0
Oc1ccccc1-c1nnc(N2CCN(c3ccccn3)CC2)o1,,0
Oc1occ2c1C(c1ccc(-c3ccc(-c4ccc(OC(F)(F)F)cc4)cc3)cc1)c1cc3[nH]ccc3cc1N2,,0
S=C(NCCCCCNC(=S)NC12CC3CC(CC(C3)C1)C2)NC12CC3CC(CC(C3)C1)C2,,0
S=C(Nc1cccc(Cl)c1)Nc1nccnc1OCc1ccccc1Cl,,0
S=c1[nH]nc(COC(Cn2nnnc2Cc2ccccc2)c2ccc(Cl)cc2)n1-c1ccccc1,,0
[N-]=[N+]=N[C@@H]1[C@@H](OCc2ccccc2)[C@H](OCc2ccccc2)[C@@H](COCc2ccccc2)O[P@@]1(=O)c1ccccc1,,0
[N-]=[N+]=Nc1ccc(S(=O)(=O)Nc2cccc(C(c3c(O)c4c(oc3=O)CCCCCC4)C3CC3)c2)cc1,,0
[O-]/[N+](=N\O)N1CCN(c2ccc(OC[C@H]3CO[C@](Cn4ccnc4)(c4ccc(Cl)cc4Cl)O3)cc2)CC1,,0
[O-][s+]1c2c(Cc3ccccc3)c(Cc3ccccc3)c1CCc1cccc(c1)CC2,,0
[O-]c1c(C=CCCC[P+](c2ccccc2)(c2ccccc2)c2ccccc2)c(O)c2ccccc2c1O,,0
c1cc(NC2CCCC2)c2nc(-c3ccc(OCC4CC4)cc3)c(-c3ccnc(NC4CCCC4)n3)n2c1,,0
c1cc(NC2CCCC2)n2nc(-c3ccc(OCC4CC4)cc3)c(-c3ccnc(NC4CCCC4)n3)c2c1,,0
c1ccc(-c2ccnc(Nc3ccc4nc(-c5cccs5)oc4c3)n2)nc1,,0
c1ccc(-c2nc(Nc3ccc(-c4nc5ccccc5[nH]4)cc3)c3ccccc3n2)cc1,,0
c1ccc(-c2nc3ccccc3nc2-c2ccc(CN3CCC(c4cc(-c5ccncc5)[nH]n4)CC3)cc2)cc1,,0
c1ccc(-c2nnc3c4c(c(OCc5ncccc5OCC5CC5)nn23)C2CCC4CC2)cc1,,0
c1ccc(CSc2ncnc3c2ncn3Cc2ccc(CCc3ccc(C[n+]4ccc(N5CCCC5)cc4)cc3)cc2)cc1,,0
c1ccc(Cn2nnnc2SCCCSc2nnnn2-c2ccccc2)cc1,,0
c1ccc(Nc2ccc(Oc3nccnc3NCc3cccnc3)cc2)nc1,,0
c1ccc(Nc2ccc(Oc3nccnc3NCc3ccncc3)cc2)nc1,,0
c1ccc(Nc2nn3c(CCCCCCCCc4nnc5sc(Nc6ccccc6)nn45)nnc3s2)cc1,,0
c1ccc(Oc2ccccc2-c2cn3c(-c4ccncc4)cnc3cn2)cc1,,0
c1ccc(SC2CCSc3ccccc3C2Sc2ccccc2)cc1,,0
c1ccc2c(-n3cc(CN(Cc4cn(-c5cccc6ccccc56)nn4)c4nc5ccccc5s4)nn3)cccc2c1,,0
c1ccc2c(c1)OCC(c1nc3ccc(-c4ccncc4)cc3n1CC1CC1)O2,,0
c1cn(CCCCCCCn2ccc(=NC3CCCCC3)cc2)ccc1=NC1CCCCC1,,0
