smiles,pchembl,label
C=CC(=O)Nc1cc2c(Nc3ccc(Cl)c(C(F)(F)F)c3)ncnc2cc1O[C@H]1CCOC1,6.98,1
C=CC(=O)N1CCCCCCCn2cc(c3ccccc32)-c2ccnc(n2)Nc2cc1c(OCCCF)cc2F,8.059999999999999,1
Cc1ccc(Nc2ncnc3cc(OC(C)C)c4c(c23)OCCO4)cc1[N+](=O)[O-],6.73,1
C=CC(=O)Nc1cc(Nc2nccc(Nc3ccn(C)n3)n2)c(OC)cc1N(C)CCN(C)CC(=C)C,6.2,1
CC1=NC(NN2C(=O)/C(=C\c3ccco3)SC2=S)=NC(c2ccc(O)cc2O)C1C(=O)Nc1cccc([N+](=O)[O-])c1,4.0,0
O=[N+]([O-])c1cccc(Oc2cc(Nc3ccc(OCc4cccc(F)c4)c(Cl)c3)ncn2)c1,5.92,0
CCN1CCC(n2cc(CNc3cc(Cl)c4ncc(C#N)c(Nc5ccc(F)c(Cl)c5)c4c3)nn2)CC1,4.96,0
NC(=O)C1CCN(Cc2ccc(-c3cc4nccc(Nc5ccc6[nH]ccc6c5)c4s3)cc2)CC1,9.0,1
COc1cc(Nc2nn3c(N[C@H](CO)Cc4ccccc4)cc(C4CC4)nc3c2C(N)=O)cc(OC)c1,5.62,0
COc1cc2ncnc(Nc3ccc(-c4nc5ccccc5s4)cc3F)c2cc1OCCCN1CCN(C)CC1,5.35,0
C=CC(=O)Nc1cc2c(Nc3ccc(F)c(Cl)c3)ncnc2cc1OCc1cn(CCCC(O)=NO)nn1,8.96,1
O=C(c1cc2ccccc2[nH]1)c1cc2c(Nc3ccc(F)c(Cl)c3)ncnc2s1,8.26,1
C=CC(=O)N1CCC[C@@H](n2nc(-c3ccc4ccccc4c3)c3c(N)ncnc32)C1,7.06,1
CN1CCN(CCCOc2[nH]nc3ncnc(Nc4ccc(OCc5ccccn5)c(Cl)c4)c23)CC1,7.85,1
COc1cc2ncnc(Nc3cc(NC(=O)c4ccccc4)ccc3Cl)c2cc1OC,4.96,0
Cc1ccc(OCCOCCn2ccnc2[N+](=O)[O-])cc1Nc1nccc(-c2cn(C)c3ccccc23)n1,5.88,0
C=CC(=O)Nc1cccc(-n2c(=O)cc(C)c3cnc(Nc4cnn(C5CCN(C)CC5)c4)nc32)c1,6.78,1
Clc1ccc2ncnc(Nc3cccc(Br)c3)c2n1,7.74,1
c1cc(Nc2nccc(-c3cccnc3)n2)cc(OCCn2ccnc2)c1,5.15,0
COc1ccc(C2=NN(c3nc(-c4ccccc4)cs3)C(c3ccc(F)cc3)C2)cc1,5.24,0
CCc1c(C(=O)NCCc2ccc(N3CCOCC3)cc2)[nH]c2ccc(C)cc12,7.07,1
CS(=O)(=O)CCNCc1ccc(-c2ccc3ncnc(Nc4ccc(F)c(Cl)c4)c3c2)o1,7.62,1
COc1cc2ncnc(Nc3ccc(-c4cc(-c5ccc(Br)cc5)c(C#N)c(N)n4)cc3)c2cc1OC,5.71,0
COCCN1CCC[C@@H]1C#Cc1cc2ncnc(Nc3ccc(OCc4cccc(F)c4)c(Cl)c3)c2s1,6.89,1
CS(=O)(=O)c1nccc(-c2c(-c3cccc(OCc4ccccc4)c3)nc3sccn23)n1,5.0,0
Oc1cccc(Nc2nnnc3sc4c(c23)CCC4)c1,4.28,0
O=C(Nc1cccc(Br)c1)Nc1ccc(Oc2ncnc3sc4c(c23)CCCC4)cc1Cl,5.9,0
O=C(Nc1ccc(Nc2ncnc3sc4c(c23)CCCC4)cc1)Nc1cccc(Br)c1,5.4,0
Cc1cccc(Nc2cc(NCCO)ncn2)c1,9.0,1
C=CC(=O)Nc1cccc(N2C(=O)N(C)Cc3cnc(Nc4ccc(N5CCN(C)CC5)c(OC)c4)nc32)c1,9.39,1
COc1cc(/C=C2\SC(=N)NC2=O)ccc1OCCCOc1cc(C)cc(C)c1,4.25,0
C=CC(=O)Nc1cc2ncnc(Nc3cccc(Br)c3)c2cn1,9.27,1
CC(C)n1nc(-c2cccc(CO)c2)c2c(N)ncnc21,4.0,0
Nc1nc(N)c2c(Nc3cccc(Cl)c3)[nH]nc2n1,6.66,1
Brc1cccc(Nc2ncnc3cnc(NCCCn4ccnc4)cc23)c1,8.77,1
C=c1cc(C(=O)NCCN(CC)CC)[nH]c1=Cc1c(O)[nH]c2ncnc(Nc3ccc(Cl)cc3F)c12,6.35,1
OCCn1ccc2ncnc(Nc3ccc(Oc4cccc(C(F)(F)F)c4)c(Cl)c3)c21,7.47,1
Fc1cccc(Cn2ncc3cc(Nc4ncnn5ccc(CN6CCCNCC6)c45)ccc32)c1,7.48,1
C=C=CC(=O)Nc1cc(Nc2nccc(-c3cnn4ccccc34)n2)c(OC)cc1N(C)CCN(C)C,8.27,1
COc1cc2ncnc(-c3c[nH]c4cc(F)c(Cl)cc34)c2cc1OC,6.68,1
CCN(CC)CCn1c2ccc(OC)cc2c2c(Nc3cccc(Br)c3)ncnc21,5.37,0
COc1ccccc1-c1cc2c(N[C@H](C)c3ccc(F)cc3)ncnc2s1,7.57,1
CCn1c(O)cs/c1=N/Nc1nncc2ccccc12,7.33,1
N#CC(=Cc1ccc(O)c(O)c1)C(=O)NCCCCCCCCCCNC(=O)C(C#N)=Cc1ccc(O)c(O)c1,5.89,0
CC(=O)N1CCC[C@@H]1C#Cc1cc2ncnc(Nc3ccc(OCc4cccc(F)c4)c(Cl)c3)c2s1,7.24,1
Cc1ccc(-c2nn(C)c3ncnc(N)c23)cc1O,4.72,0
COc1cc2nc(Nc3cc(C)[nH]n3)nc(Nc3cccc(-c4nc5ccccc5s4)c3)c2cc1OC,5.48,0
COc1cc(-c2nn(C(C)C)c3ncnc(N)c23)ccc1NC(=O)OC(C)(C)C,6.77,1
C=c1c(CCC(=O)O)c(C)[nH]c1=Cc1c(O)[nH]c2ccc(S(N)(=O)=O)cc12,4.07,0
C=CCCN(C)CCN(C)c1cc(OC)c(Nc2nccc(Nc3cn(C)c4ccccc34)n2)cc1NC(=O)C=C,7.88,1
O=[N+]([O-])c1ccc2sc3c(Nc4cccc(C(F)(F)F)c4)ncnc3c2c1,6.34,1
CC(=O)N1N=C(c2ccc(Br)cc2)CC1c1ccc(C(=O)OC(C)Cn2c([N+](=O)[O-])cnc2C)cc1,5.22,0
Cc1ccc2c(=O)n(Cc3ccccc3)c(SCc3cn(-c4ccc(C(=O)O)cc4)nn3)nc2c1,7.41,1
CCC(C)n1nc(-c2ccc(C)c(O)c2)c2c(N)ncnc21,5.78,0
C=CC(=O)Nc1ccc(-n2c(=O)cnc3cnc(Nc4ccc(N5CCN(C)CC5)cc4)nc32)cc1,5.96,0
Brc1cc2c(NCc3ccccn3)ncnc2s1,5.1,0
CC(=O)N1N=C(c2ccc(I)cc2)CC1c1ccc(C(=O)OC(C)Cn2c([N+](=O)[O-])cnc2C)cc1,4.97,0
Fc1ccc2c(c1)CNc1c(Nc3ccccc3)ncnc1O2,5.16,0
Cc1[nH]c(-c2ccccc2)c(-c2ccccc2)c1C(=O)c1cn(-c2ccccc2)nc1-c1ccccc1,5.59,0
C#Cc1cccc(Nc2ncnc3cc(O[C@H]4CCOC4)c(NC(=O)/C=C/CN4CCCCC4)cc23)c1,8.28,1
COc1ccc(/C=C/C(=O)Nc2cccc(Oc3cc(Nc4ccc(OCc5cccc(F)c5)c(Cl)c4)ncn3)c2)cc1OC,6.28,1
Cc1cc(Nc2nc(O)cs2)no1,7.09,1
NC(=O)Nc1ccc2ncnc(Nc3ccc(Oc4cccc(C(F)(F)F)c4)c(Cl)c3)c2c1,8.4,1
COC(=O)c1c(OCCN2CCCCC2)c2ccccc2c2oc3c(c12)C(=O)c1ccccc1C3=O,5.55,0
Nc1ncnc2c1c(-c1ccccc1)cn2C(CO)Cc1ccc(O)cc1,4.88,0
CC(=O)Nc1cccc(C#Cc2cncnc2Nc2ccc(OCc3cccc(F)c3)c(Cl)c2)n1,7.04,1
Nc1ccc2ncnc(Nc3ccc4[nH]ccc4c3)c2c1,9.19,1
CN(C)CC=CC(=O)Nc1cnc2ncc(C#N)c(Nc3cccc(Br)c3)c2c1,5.535,0
O=C(Cn1c(-c2ccccc2)cc(=O)n2ncnc12)NNC(=S)Nc1ccccc1,5.17,0
C=CC(=O)Nc1cc2c(Nc3ccc(OCc4ccccn4)c(Cl)c3)ncnc2cc1O[C@H]1CCOC1,6.87,1
O=C1NC(=O)N(CCc2ccccc2)C1=Cc1ccc(O)cc1,6.15,1
CSCCNCc1ccc(-c2ccc3ncnc(Nc4ccc(OCc5cccc(F)c5)c(Cl)c4)c3c2)o1.Cc1ccc(S(=O)(=O)O)cc1,7.6,1
O=C(Nc1ccccc1)c1cc2ccc(O)c(O)c2cn1,5.11,0
COc1cc2ncnc3c2cc1OCCCCCCOc1c(Cl)cccc1N3,5.52,0
C[C@@H](CN)n1nc(-c2ccc(Cl)c(O)c2)c2c(N)ncnc21,5.04,0
CCCN(CCS(C)(=O)=O)Cc1ccc(-c2ccc3ncnc(Nc4ccc(OCc5cccc(F)c5)c(Cl)c4)c3c2)o1,7.07,1
Fc1ccc(Nc2ncnc3ccc(C#Cc4cccs4)cc23)cc1Cl,5.79,0
CCOc1ccc(C(=O)Nc2ccc(OCc3ccccn3)c(Cl)c2)cc1NC(=O)c1ccc(CN2CCN(C)CC2)cc1,5.46,0
COc1cc(C=C(C#N)C(N)=O)cc(CSc2cccc3ccccc23)c1O,5.77,0
C=c1c(C(=O)N2CCC[C@@H]2CN2CCCC2)c(C)[nH]c1=Cc1c(O)[nH]c2ccc(S(=O)(=O)Cc3c(Cl)cccc3Cl)cc12,5.42,0
Cc1ccc(C2=NN(C(N)=S)C(c3cccc4ccccc34)C2)cc1,5.69,0
CCOc1cc2nc(CC)nc(Nc3cccc(-c4csc(C)n4)c3)c2cc1OCC,5.03,0
O=[N+]([O-])c1cccc(Nc2nccc(-c3cccnc3)n2)c1,4.0,0
CC#CC(=O)Nc1cccc(-c2nccc(-c3cc4c([nH]3)C3(CCNCC3)CNC4=O)n2)c1,6.3,1
Cc1ccc(C2=NN(c3nc(-c4ccccc4)cs3)C(c3ccc(Cl)cc3)C2)cc1C,5.63,0
C=CCCN(C)CCN(C)c1cc(OC)c(Nc2nccc(Nc3ccn(C)n3)n2)cc1NC(=O)C=C,5.12,0
N#Cc1cnc(Nc2cccc(Br)c2)c2cc(NC(=O)CCN3CCOCC3)ccc12,5.16,0
CO[C@H]1[C@@H](N(C)C(=O)c2ccc(Cl)cc2)C[C@@H]2O[C@@]1(C)n1c3ccccc3c3c4c(c5c6ccccc6n2c5c31)C(=O)NC4,5.16,0
COc1cc2c(Oc3ccc(C4SCC(=O)N4NC(=O)Nc4ccccc4F)cc3)ccnc2cc1OCCCN1CCOCC1,5.39,0
Clc1ccc(-c2csc(N3N=C(c4ccc(Br)cc4)CC3c3ccc(Br)cc3)n2)cc1,4.59,0
CN=C(N)SCCCn1c(=O)c2c(c1=O)n1c3ccccc3cc1c1cccc3ccn2c31,5.0,0
Cc1cc(=O)n(-c2ccc(F)cc2)nc1C(=O)Nc1ccc(Oc2ccnc3[nH]ccc23)c(F)c1,6.14,1
Cc1cc(Nc2nccc(-c3cn(C)c4ccccc34)n2)ccc1OCCOCCn1ccnc1[N+](=O)[O-],5.69,0
Cc1ccc(-c2[nH]nc3ncnc(N)c23)cc1O,4.91,0
CN(C)c1ccc(Nc2ncnc3ccncc23)c(N)c1,5.31,0
Cc1[nH]c2ncnc(Nc3ccccc3Cl)c2c1C,4.12,0
CC#CC(=O)N1CCc2c(sc3ncnc(N[C@H](CO)c4ccccc4)c23)C1,5.9,0
O=C(O[C@H]1CN[C@H](C#Cc2cc3ncnc(Nc4ccc(OCc5cccc(F)c5)nc4)c3s2)C1)N1CCOCC1,5.58,0
CCOc1cc2ncc(C#N)c(Nc3ccc(F)c(Cl)c3)c2cc1NC(=O)/C=C/CNCc1cn(CCF)nn1,8.74,1
Fc1ccc(Nc2ncnc3c2NCc2cc(Cl)ccc2O3)cc1Cl,6.0,0
COc1cc2ncnc3c2cc1OCCCCCCOc1cc(Cl)ccc1N3,4.2,0
OCCn1ccc2ncnc(Nc3ccc(Oc4cccc5sncc45)c(Cl)c3)c21,8.39,1
O=C(O)c1ccc2c(c1)CNc1c(Nc3ccc(F)c(Cl)c3)ncnc1O2,5.36,0
C=CC(=O)N1CCC2(CC1)CNC(=O)c1cc(-c3ccnc(-c4cccc(OC)c4)n3)[nH]c12,7.76,1
Cc1ccsc1C(=O)n1nc(Nc2ccc(S(N)(=O)=O)cc2)nc1N,5.08,0
COc1cc2c(Oc3ccc(NC(=O)c4c(C)n(C)n(-c5ccccc5)c4=O)cc3F)ccnc2cc1OCCCN1CCN(C)CC1,5.12,0
CCc1cc(Nc2ncc(Br)c(Nc3ccc4nccnc4c3P(C)(C)=O)n2)c(OC)cc1N1CCC(N2CCN(CCS(C)(=O)=O)CC2)CC1,9.52,1
CC(C)c1ccc(C(=O)Nc2ccc(CN3CCN(C)CC3)c(C(F)(F)F)c2)cc1NC(=O)c1cnc2[nH]ccc2c1,6.8,1
Cn1cc(-c2ccnc(Nc3cccc(OCCCCn4ccnc4[N+](=O)[O-])c3)n2)c2ccccc21,6.045,1
COc1cc(/C=C/C(=O)Nc2cc3c(Nc4ccc(F)c(Cl)c4)ncnc3cc2O[C@@H]2CCOC2)cc(OC)c1OC,8.05,1
C=Cc1ccnc(Oc2cc3c(Nc4cccc(Cl)c4F)ncnc3cc2OC)c1,9.3,1
Nc1cccc(C#Cc2cncnc2Nc2ccc(OCc3cccc(F)c3)c(Cl)c2)c1,7.38,1
CC(C)(C)NC(=O)Nc1nc2nc(N)ncc2cc1-c1ccccc1,5.26,0
C=CC(=O)Nc1cccc(Nc2nc(Nc3ccc(N4CCN(C(=O)CCCC(=O)Nc5cccc6c5C(=O)N(C5CCC(=O)NC5=O)C6=O)CC4)cc3OC)ncc2C(F)(F)F)c1,6.485,1
O=S(=O)(CCCCNCc1ccc(-c2ccc3ncnc(Nc4ccc(OCc5ccccc5)c(Cl)c4)c3c2)o1)c1ccccc1,7.3,1
CN(C)CCn1ncc2cc(Nc3ncc(C(F)(F)F)c(-c4cn(C)c5ccccc45)n3)cc(Cl)c21,7.04,1
CN(C)CCNc1c(Br)cccc1Nc1ncnc2ccncc12,7.34,1
C=CC(=O)Nc1nc2c(Nc3ccc(F)c(Cl)c3)ncnc2cc1CCCCN1CCOCC1,8.57,1
C=CC(=O)Nc1cc(Nc2ncc(C(F)(F)F)c(-c3cn(C4CC4)c4ccccc34)n2)c(OC)cc1N(C)CCN(C)C,7.609999999999999,1
COCCCN1CCC([C@H]2CC[C@H](n3nc(-c4ccc5[nH]c(Cc6ccccc6Cl)nc5c4)c4c(N)ncnc43)CC2)CC1,7.24,1
CCS(=O)(=O)Nc1nc(-c2ccc(F)cc2)c(-c2ccnc(Nc3ccc(N4CCOCC4)cc3)n2)s1,7.43,1
Cc1nc(Nc2ncc(C(=O)Nc3c(C)cccc3Cl)s2)cc(N2CCN(CCO)CC2)n1,6.75,1
COc1cc2c(Nc3ccc(OCc4cccc(F)c4)c(Cl)c3)ncnc2cc1OCCCN1C[C@H](O)[C@@H](O)[C@H](O)[C@H]1CO,8.34,1
CN1CCN(c2ccc(Nc3cc4c(N5CCCCC5)nc(Nc5ccccc5)nc4cn3)nc2)CC1,8.3,1
CC(C)n1nc(-c2ccc3nc(N)ccc3c2)c2c(N)ncnc21,4.92,0
COCCOc1cc2ncnc(Nc3ccc(NC(=O)C45CC6CC(CC(C6)C4)C5)cc3C)c2cc1OCCOC,8.35,1
Nc1ncnc2c1c(-c1ccccc1)cn2C1CCNC1,4.87,0
Fc1cccc(Cn2ncc3cc(Nc4ncnn5ccc(CN6CCNCC6)c45)ccc32)c1,7.05,1
NC(=S)N1N=C(c2ccc(Br)cc2)CC1c1cccc2ccccc12,5.25,0
O=C(Nc1cccc([N+](=O)[O-])c1)Nc1ncnc2nn3ccccc3c12,5.0,0
Cc1cc(Oc2ccc(Nc3ncnc4cc(C#C[C@@H]5C[C@@H](OC(=O)N6CCOCC6)CN5)sc34)cc2Cl)no1,6.4,1
COc1cc2c(Oc3ccc(NS(=O)(=O)c4ccc(-c5ccsc5)cc4)cc3F)ccnc2cc1OCCCN1CCN(C)CC1,5.92,0
CNc1cc2ncnc(Nc3cccc(C)c3)c2cn1,8.85,1
CCc1c(C(=O)NCCc2ccccc2)[nH]c2ccc(C)cc12,6.87,1
Nc1ncnc2c1cnn2-c1ccccc1,5.57,0
Cc1[nH]c2ncnc(Nc3cccc(O)c3)c2c1C,5.9,0
CO[C@H]1[C@@H](N(C)Cc2ccccc2)C[C@@H]2O[C@@]1(C)n1c3ccccc3c3c4c(c5c6ccccc6n2c5c31)C(=O)NC4,6.04,1
COc1cc2c(Nc3ccc(Br)cc3F)ncnc2cc1OCCCN1CCN(C)CC1,7.0,1
CCOC(=O)c1csc(NC(=S)Nc2ccc(Cl)cc2)n1,5.0,0
C=CC(=O)Nc1cc(-c2c(-c3ccccc3)oc3ncnc(NC4CCCC4)c23)ccc1OCCN(C)C,7.115,1
C=c1cc(C(=O)NCCN2CCOCC2)[nH]c1=Cc1c(O)[nH]c2ncnc(Nc3ccc(F)c(Cl)c3)c12,8.19,1
COc1cc2ncnc(Nc3ccc(F)c(Cl)c3)c2cc1OCCCCCCNC(=O)CCN(C)Cc1ccc(-c2cccc(-c3ccccc3)c2C)nc1OC,6.46,1
CCOC(=O)CCCn1c(=O)oc2cc3ncnc(Nc4cccc(O)c4)c3cc21,8.06,1
Cc1ccc(C2=NN(c3nc(-c4ccccc4)cs3)C(c3ccc(Br)cc3)C2)cc1C,5.74,0
C=CC(=O)Nc1cc2c(Nc3ccc(Br)cc3F)ncnc2cc1O[C@H]1CCOC1,6.92,1
CCS(=O)(=O)n1cc(-c2nc(Nc3cc(Cl)c(N4CCC(N5CCN(C)CC5)CC4)cc3OC)ncc2Cl)c2ccccc21,7.885,1
C=CC(=O)Nc1cc2c(Nc3ccc(F)c(Cl)c3)ncnc2cc1O[C@H]1CCOC1,8.24,1
O=C(Nc1cnn(-c2ccccc2)c1)c1cccc(NS(=O)(=O)c2ccccc2)c1,4.81,0
COc1cc(N2CCC(N3CCN(C)CC3)CC2)c(C)cc1Nc1nccc(-n2cc(CNCCO)c(-c3ccccc3)n2)n1,7.28,1
C=C(Cl)C(=O)Nc1cccc(Nc2nc(Nc3ccc(N4CCN(C(C)=O)CC4)cc3Cl)ncc2Cl)c1,6.52,1
CC(C)Oc1cc(F)ccc1Nc1ncnc2ccc(-c3ccc(C(=O)N4CCNCC4)cc3)nc12,5.71,0
CN(C)C/C=C/C(=O)Nc1cc2c(Nc3ccc(OCc4ccccn4)c(Cl)c3)ncnc2cc1O[C@H]1CCOC1,8.09,1
O=[N+]([O-])c1ccc(C2CC(c3ccc(Br)cc3)=NN2c2nc(-c3ccc(Cl)cc3)cs2)cc1,4.61,0
CONC(=O)CCc1c(SSc2[nH]c3ccccc3c2CCC(=O)NOC)[nH]c2ccccc12,4.17,0
COc1ccc(-c2nn(C[C@H](C)CO)c3ncnc(N)c23)cc1OC,4.92,0
COc1cc2c(Nc3ccc(-c4nc5ccc(Cl)cc5s4)cc3F)ncnc2cc1OCCCN1CCN(C)CC1,5.21,0
CCN(CC)CCn1ncc2cc(Nc3nccc(-c4cn(S(=O)(=O)CC)c5ccccc45)n3)ccc21,7.96,1
Cc1ccc(Nc2nccc(-c3cn(C)c4ccccc34)n2)cc1OCCOCCn1ccnc1[N+](=O)[O-],5.645,0
Fc1cccc(COc2ccc(Nc3ncncc3C#Cc3cccnc3)cc2Cl)c1,7.13,1
COc1ccc(-c2cn(C3CCCC3)c3ncnc(N)c23)cc1,6.24,1
Cc1cc(Nc2ncc(C(=O)Nc3c(C)cccc3Cl)s2)nc(C)n1,5.28,0
COc1cc(OC2CCOCC2)c2c(Nc3ccc(F)c(Cl)c3)ncnc2c1,5.86,0
CS(=O)(=O)CCNCc1ccc(-c2ccc3ncnc(Nc4ccc(OCc5cccc(F)c5)cc4)c3c2)o1,7.62,1
Cc1[nH]c(Cc2c(O)[nH]c3ccc(C(=O)N=Nc4ccccc4)cc23)c(C)c1CCC(=O)O,5.46,0
CC(C)n1nc(-c2ccc(NS(C)(=O)=O)cc2)c2c(N)ncnc21,4.89,0
Nc1nccc(C#Cc2cncnc2Nc2ccc(OCc3cccc(F)c3)c(Cl)c2)n1,7.5,1
c1cc(Nc2ccc3[nH]ccc3c2)c2sc(-c3ccc(CN4CCOCC4)cc3)cc2n1,7.52,1
C=CC(=O)Nc1cc2c(Nc3cccc(C)c3)ncnc2cc1OCCCN1CCN(C)CC1,8.7,1
Nc1c(-c2ccc(F)cc2)c(-c2ccncc2)nn1-c1c(Cl)cc(Cl)cc1Cl,6.95,1
CC(Oc1cccc2ncnc(Nc3ccc(OCc4ccccn4)c(Cl)c3)c12)C(=O)N(C)C,7.66,1
CN1CCN(c2ccc(Nc3cc4c(N[C@H]5CCCN(C)C5)nc(Nc5ccccc5)nc4cn3)nc2)CC1,8.175,1
CC(=O)c1ccc(-c2nn(C(C)C)c3ncnc(N)c23)cc1,4.92,0
COc1cc(N(C)CCN(C)C)c(NC(=O)c2ccncc2)cc1Nc1nccc(-c2cn(C)c3ccccc23)n1,6.41,1
CC(C)(C)n1nc(-c2ccc(Cl)cc2)c2c(N)ncnc21,6.32,1
COc1cc(C=C(C#N)C(N)=O)cc(CSc2ccccn2)c1O,5.47,0
CCOc1ccc(C2=NN(C(C)=O)C(c3ccc(C(=O)OC(C)Cn4c([N+](=O)[O-])cnc4C)cc3)C2)cc1,4.57,0
Cc1cc2cc(Nc3ccnc4cc(-c5ccc(CN(C)CCO)cc5)sc34)ccc2[nH]1,6.85,1
COc1ccc(-c2c3c4cc(OCCCN(C)C)c(OCCCN(C)C)cc4[nH]c(=O)c3n3ccc4cc(O)c(OC)cc4c23)cc1O,8.555,1
COc1cc2ncnc(Nc3ccc(Cl)c(NC(=O)c4cccc(N(C)C)c4)c3)c2cc1OC,6.0,0
Cc1[nH]c2ncnc(NC3CCCCC3)c2c1C,5.16,0
C[C@@H](Nc1ncnc2[nH]c(-c3ccc(NS(C)(=O)=O)cc3)cc12)c1ccccc1,9.52,1
NC(=S)N1N=C(c2ccc(F)cc2)CC1c1cccc2ccccc12,5.08,0
COc1cc2c(Nc3ccc(F)c(Cl)c3)ncnc2cc1OCCCn1ccnc1[N+](=O)[O-],9.11,1
COc1cc(N2CCC3(CCN(C)CC3)CC2)ccc1Nc1ncc(Cl)c(Nc2ccccc2P(C)(C)=O)n1,7.46,1
NC(=O)O[C@H]1CN[C@H](C#Cc2cc3ncnc(Nc4ccc(OCc5cccc(F)c5)c(Cl)c4)c3s2)C1,7.4,1
C=CC(=O)Nc1ccc(-n2c(=O)c(C)nc3cnc(Nc4ccc(OC)cc4)nc32)cc1,4.79,0
O=C1c2ccccc2CN1C(c1nc(=O)c2ccccc2[nH]1)c1cc(F)ccc1O,5.28,0
O=C(Nc1ccc(-c2ccc3c(=O)[nH]cnc3c2)cc1)Nc1ccc(F)c(F)c1,7.0,1
CN(CC(O)C(O)C(O)C(O)CO)c1cc2ncnc(Nc3cccc(Br)c3)c2cn1,8.49,1
CC(C)n1nc(-c2ccc(CC#N)cc2)c2c(N)ncnc21,4.89,0
CC1=NC(Nc2ccc(S(=O)(=O)Nc3nc(C)cc(C)n3)cc2)=NC(c2ccc(O)cc2O)C1C(=O)Nc1cccc([N+](=O)[O-])c1,4.1,0
C=CC(=O)Nc1cccc(Nc2nc(Nc3ccc(N4CCN(C(=O)CCCCNc5cccc6c5C(=O)N(C5CCC(=O)NC5=O)C6=O)CC4)cc3OC)ncc2C(F)(F)F)c1,6.565,1
COc1cc(Nc2nccc(-c3ccc(N4CCNCC4)nc3)n2)cc(OC)c1OC,5.77,0
C=CC(=O)Nc1cccc(-c2c(-c3ccc(N4CCN(C)CC4)cc3)oc3ncnc(N[C@H](CO)c4ccccc4)c23)c1,8.399999999999999,1
CSc1ccc(CCCCCn2cc(CCN)c3cc(OCCc4ccc(O)cc4)ccc32)cc1,5.72,0
C=CC(=O)Nc1cccc(-c2c(-c3ccncc3)oc3ncnc(NC4CCCC4)c23)c1,7.175,1
Nc1scc2c1c(NCCO)nc1nc(NCCO)nc(N)c12,4.18,0
O=C(O[C@@H]1CN[C@@H](C#Cc2cc3ncnc(Nc4ccc(OCc5cccc(F)c5)c(Cl)c4)c3s2)C1)N1CCOCC1,7.4,1
Clc1nc2ccccc2c2nnc(/N=C/C=C/c3ccccc3)n12,5.12,0
CCC(=O)Nc1cc(Nc2nccc(-c3cn(S(=O)(=O)CC)c4ccccc34)n2)cc2cnn(CCN(C)C)c12,7.57,1
Brc1cccc(Nc2ncnc3cc4c(cc23)OCCCO4)c1,7.07,1
O=C(O)c1ccc(NN2C(=O)c3c(c4c5cccc(O)c5n(C5OC(CO)C(O)C(O)C5O)c4c4[nH]c5c(O)cccc5c34)C2=O)cc1,4.05,0
Cc1nnc2n1N=C(c1ccccc1OCCNCCCNCCOc1ccccc1C1=Nn3c(C)nnc3SC1)CS2,7.19,1
COc1c(CO)cccc1-c1cc2c(N[C@H](C)c3ccccc3)ncnc2s1,8.82,1
COc1ncc(-c2ccc3ncnc(Nc4cnn(CCO)c4)c3c2)cc1NS(C)(=O)=O,5.6,0
CC(C)n1nc(-c2cccc(CC#N)c2)c2c(N)ncnc21,4.77,0
C=CC(=O)NC1=CC=C2N=CN=C(Nc3cccc(C)c3)C21,9.38,1
C=CC(=O)Nc1ccc2ncnc(Nc3ccc(Oc4ccccc4)cc3)c2c1,8.24,1
CC(C)n1nc(-c2ccc3nccc(NC(=O)OC(C)(C)C)c3c2)c2c(N)ncnc21,4.0,0
O=C1N=C(N2CCCC2C(=O)Nc2ccc3ncnc(Nc4cccc(Cl)c4)c3c2)S/C1=C/c1cccnc1,5.01,0
Cc1cc(Oc2ncnc3sc4c(c23)CCCCC4)ccc1Cl,7.55,1
CCP(=O)(CC)c1ccccc1Nc1nc(Nc2cc(-c3cnn(C)c3)c(N3CCOCC3)cc2OC)ncc1Cl,8.62,1
CCc1ccc(Nc2ncnc3[nH]c(C)c(C)c23)cc1,4.11,0
O=C(NCCc1ccccc1)c1cc2ccc(O)c(O)c2cn1,5.85,0
CN1CCN(c2ccc(Nc3cc4c(N5CCCC5)nc(Nc5ccccc5)nc4cn3)nc2)CC1,8.36,1
COc1cc(Nc2ncnc3ccc(-c4cn(CCCCCC(O)=NO)nn4)cc23)ccc1Oc1ccccc1,8.24,1
COc1cc2c(Nc3ccc(Br)cc3F)ncnc2cc1OC/C=C/CN1CCCC1,7.0,1
Fc1ccc2c(c1)CNc1c(Nc3ccc(F)c(Cl)c3)ncnc1O2,6.0,0
C=CC(=O)NCC1CCNc2c(C(N)=O)c(-c3ccc(Oc4ccccc4)cc3)nn21,8.41,1
O=C(Nc1nccs1)C(c1cc(F)ccc1O)N1Cc2ccc(-c3ccc(N4CCNCC4)cc3)cc2C1=O,9.645,1
CC(C)n1nc(-c2cnc3ccccc3c2)c2c(N)ncnc21,6.0,0
Cc1[nH]c(-c2ccccc2)c(-c2ccccc2)c1C(=O)c1cn(-c2ccccc2)nc1C(=O)Nc1ccccc1,5.45,0
COc1ccc(-n2c(=O)cnc3cnc(Nc4cccc(N)c4)nc32)cc1,4.74,0
Fc1ccc(Nc2ncnc3sccc23)cc1Cl,5.53,0
O=C(NCCCN1CCCC1=O)c1cnc(NCc2cc(Cl)ccc2Cl)nc1NC1CCCC1,5.37,0
CC(C)ON=Cc1c(N)ncnc1Nc1ccc2c(cnn2Cc2cccc(F)c2)c1,7.85,1
C=CC(=O)Nc1cc2c(Nc3ccc(OCc4cccc(F)c4)cc3)ncnc2cc1O[C@H]1CCOC1,7.14,1
Fc1ccc(C2CC(c3ccc(Br)cc3)=NN2c2nc(-c3ccc(Cl)cc3)cs2)cc1,4.62,0
CCN(CC)CCn1c2ccccc2c2c(Nc3cccc(Br)c3)ncnc21,5.39,0
COc1cc2c(Nc3ccc(Cl)cc3F)ncnc2cc1OCC1CCNCC1,6.52,1
CC(C)n1nc(-c2ccc3[nH]ncc3c2)c2c(N)ncnc21,5.96,0
CC(=O)N1N=C(c2ccc(F)cc2)CC1c1ccc(C(=O)OCCn2c([N+](=O)[O-])cnc2C)cc1,5.3,0
Cc1cccc(C)c1-c1cc2cnc(N)nc2nc1NC(=O)NC(C)(C)C,6.21,1
Cc1cc(N2CCN(C(c3ccccc3)c3ccccc3)CC2)nc2ccc(Cl)cc12,7.484999999999999,1
CN(c1ncnc2[nH]c(-c3ccc(CO)cc3)cc12)[C@@H](CO)c1ccccc1,7.19,1
COc1cc2ncnc(Oc3ccc(NC(=O)Nc4cccc(C(F)(F)F)c4)c4ccccc34)c2cc1OC,5.57,0
O=c1c2ccc(Cl)cc2nc(-c2ccccc2)n1-c1nnc(-c2ccccc2)s1,5.78,0
COc1cc(Nc2nccc(-c3ccc(NCCN)nc3)n2)cc(OC)c1OC,5.29,0
NC(=O)Cc1cccc(-c2cc3c(N[C@H](CO)c4ccccc4)ncnc3[nH]2)c1,9.15,1
CCNC(CS(C)(=O)=O)c1ccc(-c2ccc3ncnc(Nc4ccc(OCc5cccc(F)c5)c(Cl)c4)c3c2)o1,7.83,1
C=CC(=O)NC1=CC=C2N=CN=C(Nc3cccc(C(F)(F)F)c3)C21,9.04,1
CCOc1cc2ncnc(Nc3ccc(OCC4CC4)c(Cl)c3)c2cc1NC(=O)/C(F)=C/CN(C)C,8.44,1
COc1cc(NC(=O)/C=C/CN2CCOCC2)cc2c(Nc3cccc(Br)c3)ccnc12,5.27,0
CN1CCN(c2ccc(Nc3ncc4nc(Nc5ccccc5)n([C@H]5CCN(S(=O)(=O)C6CC6)C5)c4n3)cc2)CC1,7.575,1
C=CC(=O)Nc1cc(Nc2nccc(-c3ccc4c(C)nccn34)n2)c(OC)cc1N(C)CCN(C)C,7.58,1
C=CC(=O)Nc1cccc(Nc2nc(Nc3ccc(C=Cc4cc(Cl)cc(Cl)c4)cc3)ncc2F)c1,6.41,1
COc1cc2c(Nc3ccc(NC(=O)c4ccc(Cl)cc4)cc3)ncnc2cc1OCCCN1CCOCC1,5.87,0
CC(C)n1nc(-c2ccc3[nH]ccc3c2)c2c(N)ncnc21,6.75,1
COc1cc(/C=N/c2c(C#N)nc3c(-c4cc(OC)c(OC)c(OC)c4)nc4ccccc4n23)cc(OC)c1OC,6.67,1
CCOC(=O)c1ccc(Nc2ncnc3cc4oc(=O)n(CCCN5CCOCC5)c4cc23)cc1,5.24,0
COC(=O)c1cc(NCc2cc(O)ccc2O)ccc1O,4.61,0
CCCN1CCC(n2cc(CNc3cc(Cl)c4ncc(C#N)c(Nc5ccc(F)c(Cl)c5)c4c3)nn2)CC1,4.52,0
Fc1ccc2ncnc(Nc3cccc(Br)c3)c2n1,7.35,1
COc1ccc(C(Nc2ccccc2)n2c(=O)ccc3cc(O)ccc32)cc1,4.85,0
O=C1COc2cc3ncnc(Nc4ccc(F)c(Cl)c4)c3cc2N1CCCN1CCCCC1,6.86,1
Cc1cc(-c2cnc(Nc3cc(Cl)cc(Cl)c3)nc2NC2CCC(N(C)C)CC2)on1,6.23,1
O=C(Nc1ccc(F)cc1)Nc1ncnc2nn3ccccc3c12,5.0,0
C=c1cc(C(=O)NCCN2CCOCC2)[nH]c1=Cc1c(O)n(C)c2ncnc(Nc3ccc(F)c(Cl)c3)c12,5.28,0
C#Cc1cccc(Nc2ncnc3cc(OC)c(NC(=O)/C=C/CN(C)C4CC4)cc23)c1,8.48,1
COc1c(O)cc2occ(-c3ccc(O)cc3)c(=O)c2c1O,5.48,0
NCCc1cn(Cc2ccc(-c3ccccc3)cc2)c2ccc(OCCc3ccc(O)cc3)cc12,5.89,0
CO[C@H]1[C@@H](N(C)C(=O)c2cnccn2)C[C@@H]2O[C@@]1(C)n1c3ccccc3c3c4c(c5c6ccccc6n2c5c31)C(=O)NC4,5.09,0
C=CC(=O)N1CCC2(CC1)CNC(=O)c1cc(-c3ccnc(Nc4ccccc4OC(C)C)n3)[nH]c12,8.905000000000001,1
COc1cc(N2CCC(N3CCN(C)CC3)CC2)ccc1Nc1ncc(Cl)c(-c2cn(C(C)=O)c3ccccc23)n1,7.89,1
CN1CCN(Cc2ccc(C(=O)Nc3ccc(-c4cncc(C#N)c4Nc4ccc(F)c(Cl)c4)cc3)cc2)CC1,5.52,0
CCC1CCN(c2ccc(-c3cc(F)c4c(c3)C(=O)N(C(C(=O)Nc3nccs3)c3ncn5c3CCC5)C4)cc2)CC1,8.4,1
C=CC(=O)Nc1[nH]cc2ncnc(Nc3ccc(F)c(Cl)c3)c12,9.11,1
Cc1ccc(C2=NN(c3nc(-c4ccc(Cl)cc4)cs3)C(c3ccc([N+](=O)[O-])cc3)C2)cc1C,6.2,1
Cn1c(=O)c(-c2c(Cl)cccc2Cl)cc2cnc(Nc3cccc(O)c3)nc21,6.82,1
COc1cc(NS(C)(=O)=O)ccc1-c1cc2c(N[C@H](C)c3ccccc3)ncnc2[nH]1,9.15,1
C=CC(=O)Nc1cccc(N2C(=O)C(Cc3ccccc3)N(C)C(=O)c3cnc(Nc4ccc(N5CCN(C)CC5)cc4OC)nc32)c1,8.33,1
COc1cc(Nc2c(C#N)cnc3cc(/C=C/CCN4CCN(C)CC4)c(OC)cc23)c(Cl)cc1Cl,5.48,0
COc1cc2ncnc(Nc3ccc(C)c(NC(=O)c4ccccc4)c3)c2cc1OC,5.5,0
O=C(COc1cc(F)c(F)c(F)c1)Nc1cccc(Oc2cc(Nc3ccc(OCc4cccc(F)c4)c(Cl)c3)ncn2)c1,6.14,1
C=CC(=O)N1CCC(Oc2cc3c(Nc4ccc(Cl)c(Cl)c4F)ncnc3cc2O[C@H](C)CCCCCC)CC1,6.57,1
C=CC(=O)Nc1cccc(Oc2nc(Nc3ccc(N4CCN(C)CC4)c(N)c3)nc3[nH]ccc23)c1,8.68,1
Cc1[nH]c(-c2ccccc2)c(-c2ccccc2)c1-c1ccc(NC(=O)c2ccccc2)c(=O)o1,5.54,0
NS(=O)(=O)c1ccc(Nc2nc3ncnc(Nc4ccc(N5CCOCC5)cc4)c3s2)cc1,4.75,0
CC(C)n1nc(-c2ccc(O)c(F)c2)c2c(N)ncnc21,5.98,0
Oc1cccc(Nc2ccnc3[nH]c4ccccc4c23)c1,6.57,1
C=C(Cl)C(=O)Nc1cccc(Nc2nc(Nc3ccc(N4CCN(C(C)=O)CC4)cc3)ncc2Cl)c1,7.16,1
Fc1ccc2c(c1)CNc1c(Nc3cccc(Br)c3)ncnc1O2,5.82,0
COCCOc1cc2ncnc(Nc3ccc(F)c(Cl)c3)c2c2c1OCCO2,7.88,1
COc1cc(N2CCC(N3CCN(C)CC3)CC2)c(C)cc1Nc1ncc(Br)c(Nc2ccc3nccnc3c2P(C)(C)=O)n1,9.5,1
Nc1ncnn2ccc(C(=O)Nc3ccc(NC(=O)Nc4cccc(F)c4)cc3)c12,5.68,0
C=CC(=O)Nc1ccc(Nc2ncc3ncc(=O)n(-c4ccc(OC)cc4)c3n2)cc1,4.47,0
Cc1ncnc(Nc2ccc(OCc3cccc(F)c3)c(Cl)c2)c1C#CCN1CCOCC1,5.38,0
COc1cc2ncnc(Nc3cccc(Cl)c3F)c2cc1OCCCN1CCOCC1,7.75,1
Cc1ccc(NC(=O)c2ccccc2)cc1Nc1nccc(-c2cccnc2)n1,4.19,0
COc1cc(O)c2c(=O)c(-c3cccc(Cl)c3)coc2c1,5.9,0
C=CC(=O)Nc1cccc(N2C(=O)C3CCCCN3C(=O)c3cnc(Nc4ccc(N5CCN(C)CC5)cc4OC)nc32)c1,8.61,1
COc1cc(N2CCOCC2)c(-c2cnn(C)c2)cc1Nc1ncc(Cl)c(Nc2ccccc2NS(C)(=O)=O)n1,9.7,1
CC[C@@H](Nc1ncnc2sc3c(c12)CCN(C(=O)/C=C/CN(C)C)C3)c1ccccc1,7.92,1
O=C(CCN1Cc2cc3c(Nc4cccc(Br)c4)ncnc3cc21)N1CCOCC1,8.43,1
O=C(CCc1c(SSc2[nH]c3ccccc3c2CCC(=O)NCc2ccccc2)[nH]c2ccccc12)NCc1ccccc1,6.07,1
Nc1ncnc2c1c(-c1ccc(F)c(O)c1)nn2[C@H]1CCNC1,5.06,0
CCOc1ccc2nc(NC(=O)CSc3nnc(Cc4c[nH]c5ccccc45)o3)sc2c1,5.55,0
O=C(Nc1cc2c(Nc3ccc(F)c(Cl)c3)ncnc2cc1O[C@H]1CCOC1)/C(F)=C/CN1CCCCC1,8.59,1
O=C(O)c1ccc2c(c1)CNc1c(Nc3cccc(Br)c3)ncnc1O2,6.0,0
C=CC(=O)Nc1ccc2ncnc(Nc3ccc(S(=O)(=O)Nc4nccs4)cc3)c2c1,4.36,0
Nc1nc(Nc2cccc(Br)c2)c2cc(Cc3ccc4ccccc4c3)[nH]c2n1,5.91,0
Clc1ccc(SCc2n[nH]c(-c3ccc(Cl)cc3)n2)cc1,4.34,0
C=C(Cl)C(=O)Nc1cccc(Oc2nc(Nc3ccc(N4CCN(C(C)=O)CC4)cc3)ncc2Cl)c1,6.89,1
N#Cc1cnc2c(Br)cc(NCc3c[nH]nn3)cc2c1Nc1ccc(F)c(Cl)c1,6.0,0
Cc1[nH]c2ncnc(NCc3ccccc3)c2c1C,5.97,0
O=C(O)CCCNc1c(Br)cccc1Nc1ncnc2ccncc12,9.55,1
Cc1cc(Nc2ccnc(Nc3cccc(-c4nc5ccccc5s4)c3)n2)[nH]n1,5.72,0
COc1ccc(C(=O)c2c(N)nn3c(NC(C)(C)CC(C)(C)C)nc4ccccc4c23)cc1,6.67,1
C[C@@H](Nc1ncnc2sc(-c3ccc(C(N)=O)cc3)cc12)c1ccccc1,8.15,1
COc1cc(C2=C(c3cn(COC(C)(C)C)c4ccccc34)CNC2=O)cc(OC)c1OC,5.05,0
Nc1ncnc2c1c(-c1ccc(F)c(O)c1)nn2C1CCC1,5.54,0
C=C1CC(CI)(c2ccc(F)cc2)OC1=O,4.720000000000001,0
Cc1nc2cc(Br)c(Br)cc2c(=O)n1-c1ccc(Nc2nc(N3CCCCC3)nc(N3CCOCC3)n2)cc1,7.43,1
Cc1ccc(-n2cc(NC(=O)c3ccc(NS(=O)(=O)c4ccccc4)cc3)cn2)cc1,4.74,0
COc1cc(N(C)CCN(C)C)c(NC(=O)c2nccn2C)cc1Nc1nc(-c2cn(C)c3ccccc23)c2cccnc2n1,6.38,1
COc1ccc(Nc2ncc3cc(-c4c(Cl)cccc4Cl)c(=O)n(C)c3n2)cn1,5.89,0
N#Cc1ccc2c(c1)C(c1ccccc1F)=Nc1c[nH]nc1N2,4.96,0
CCOC(=O)c1nn(-c2ccc(C)cc2)cc1C(=O)c1c(C)[nH]c(-c2ccccc2)c1-c1ccccc1,5.1,0
O=C(Nc1ccncc1)Nc1cc(-c2cncnc2)cc(C(F)(F)F)c1,7.83,1
CC1=NC(NN)=NC(c2ccc(O)cc2O)C1C(=O)Nc1cccc([N+](=O)[O-])c1,4.32,0
C#Cc1cc2c(Nc3ccc(OCc4cccc(F)c4)c(Cl)c3)ncnc2s1,7.15,1
O=C(O[C@H]1CN[C@H](C#Cc2cc3ncnc(Nc4ccc5c(Oc6ccccn6)cccc5c4)c3s2)C1)N1CCOCC1,5.98,0
Fc1cccc(COc2ccc(Nc3cc(-c4cccnc4)ncn3)cc2Cl)c1,4.33,0
Cc1cccc(Nc2ncnc3c2sc2ccc(N)cc23)c1,8.68,1
O=C(CSc1nc2ccccc2c(=O)n1CCc1ccccc1)Nc1ccc(S(=O)(=O)Nc2ccc(Cl)nn2)cc1,7.01,1
COC(=O)c1c(OCCN(C)C)c2ccccc2c2oc3c(c12)C(=O)c1ccccc1C3=O,4.51,0
O=C(Cc1ccc(F)cc1)Nc1cc(SC[C@@H](O)CO)cc([N+](=O)[O-])c1,4.31,0
c1ccc(-c2ccc3c(Nc4ccc5scnc5c4)ccnc3c2)cc1,5.6,0
COc1cc(Br)cc(-c2nn(C(C)C)c3ncnc(N)c23)c1,4.96,0
CN(C)CCOc1ccc(C=Cc2cc(-c3cc4c(=O)[nH]cnc4[nH]3)ccn2)cc1,5.48,0
N#CC(=Cc1ccc(O)c(O)c1)C(=O)NCCCCc1ccccc1,5.3,0
O=C(O[C@H]1CN[C@H](C#Cc2cc3ncnc(Nc4ccc(Oc5ccccn5)c(Cl)c4)c3s2)C1)N1CCOCC1,6.72,1
COc1cc2ncnc(Nc3ccc(OCc4cccc(F)c4)c(Cl)c3)c2cc1NC(=O)/C(F)=C/CN(C)C,8.81,1
COCCOc1cc2ncnc(Nc3c(Cl)ccc4c3OCO4)c2cc1NC(=O)C1CCCN1,5.15,0
C=CC(=O)N1CCC(Oc2cc3c(Nc4ccc(Cl)c(Cl)c4F)ncnc3cc2O[C@@H](C)CC(C)C)CC1,7.41,1
COc1ccc(C2=NN(c3nc(-c4ccccc4)cs3)C(c3ccc(Br)cc3)C2)cc1,5.25,0
O=C(O[C@H]1CN[C@H](C#Cc2cc3ncnc(Nc4ccc5c(c4)c(F)cn5Cc4ccccc4)c3s2)C1)N1CCOCC1,6.62,1
CNC(=O)c1cc(Nc2ccc(-c3nc4ccccc4s3)cc2)ccn1,5.7,0
COc1cc2c(Nc3ccc(-c4nc5ccccc5s4)cc3)ncnc2cc1OCCCN1CCN(C)CC1,7.34,1
Nc1ccc2ncnc(Nc3ccc4cc[nH]c4c3)c2c1,6.74,1
COc1cc2ncnc3c2cc1OCCCCCCOc1ccccc1N3,6.31,1
COc1cc(OC2CCN(C(C)=O)CC2)c2c(Nc3ccc(F)c(Cl)c3)ncnc2c1,6.06,1
COc1cc2ncnc(Nc3ccc(F)c(Cl)c3)c2cc1NC(=O)/C(F)=C/CN1CCOCC1,9.28,1
CCOC(=O)/C=C/C(=O)Nc1cccc(Oc2cc(Nc3ccc(OCc4cccc(F)c4)c(Cl)c3)ncn2)c1,6.89,1
Brc1cccc(Nc2ncnc3cnc(NCCn4ccnc4)nc23)c1,8.63,1
COc1cc2c(Nc3ccc(OCc4cccc(F)c4)c(Cl)c3)ncnc2cc1OCCCCCCn1ccnc1[N+](=O)[O-],7.45,1
COc1ccc2c(c1)CNc1c(Nc3ccc(Cl)cc3)ncnc1O2,5.24,0
COc1ccc(-c2ccc(OC(F)(F)F)c(NC(=O)Nc3nccs3)c2)cn1,6.3,1
COc1cc(/C=N\Nc2nc(-c3nc4ccccc4n3C)cs2)cc(OC)c1OC,6.21,1
C[C@@H](COc1cccc2ncnc(Nc3ccc(OCc4ccccn4)c(Cl)c3)c12)N(C)C(=O)CO,5.59,0
Fc1ccc(Nc2ncnc3c2NCc2ccccc2O3)cc1Cl,5.96,0
OCCNc1c(Br)cccc1Nc1ncnc2ccncc12,9.61,1
S=C(NNc1ccccc1)Nc1ccc2c(c1)OCO2,5.08,0
CS(=O)(=O)CCNCc1ccc(-c2ccc3ncnc(Nc4ccc(OCc5ccccc5)c(Cl)c4)c3c2)o1,7.75,1
O=c1sc(O)cn1-c1nc(Nc2cccc(Cl)c2)nc(Nc2cccc(Cl)c2)n1,5.59,0
O=C1N=C(N2CCCC2C(=O)Nc2ccc3ncnc(Nc4cccc(Cl)c4)c3c2)S/C1=C/c1ccc(-c2ccccc2)cc1,4.88,0
COC(=O)C1CCN(Cc2ccn3ncnc(Nc4ccc5c(cnn5Cc5cccc(F)c5)c4)c23)CC1,6.0,0
c1ccc(Nc2nccc(-c3cccnc3)n2)cc1,4.0,0
Brc1cccc(Nc2ncnc3cc4c(cc23)OCCOCCOCCO4)c1,8.3,1
Nc1cc(C(F)(F)F)ccc1Nc1ncnc2ccncc12,5.32,0
COc1ccc(C(Nc2ccc(Br)cc2)n2c(=O)ccc3cc(O)ccc32)cc1,6.02,1
C=CC(=O)Nc1cccc(-c2coc3ncnc(N[C@H](CO)c4ccccc4)c23)c1,6.8,1
Cc1cc(C)c(C)c(-c2cc3cnc(NCCCN4CCN(C)CC4)nc3nc2NC(=O)NC(C)(C)C)c1C,5.16,0
CCN(C)C1CN(C2CCN(c3cc(OC)c(Nc4ncc(Br)c(Nc5ccc6c(c5P(C)(C)=O)OCCO6)n4)cc3C)CC2)C1,9.55,1
COC(=O)c1cccc(-c2cc3c(N[C@H](C)c4ccccc4)ncnc3s2)c1OC,8.05,1
COc1cc2ncnc(Nc3ccc(NC(=O)Nc4cccc(Br)c4)cc3)c2cc1OC,5.11,0
O=C1NC(=O)c2c1c1c3cccc(O)c3[nH]c1c1[nH]c3c(O)cccc3c21,4.54,0
O=C(CCc1c(SSc2[nH]c3ccccc3c2CCC(=O)Nc2ccccc2)[nH]c2ccccc12)Nc1ccccc1,4.6,0
COCCOc1cc2ncnc(Nc3ccc(NC(=O)C45CC6CC(CC(C6)C4)C5)c(C)c3)c2cc1OCCOC,8.54,1
C=c1cc(C(=O)O)[nH]c1=Cc1c(O)[nH]c2ncnc(Nc3ccc(F)c(Cl)c3)c12,7.54,1
O=C(Nc1ccccn1)Nc1cc(-c2cccnc2)ccc1OC(F)(F)F,7.04,1
CC(C)(/C=C(/C#N)C(=O)N1CCC[C@@H]1Cn1nc(-c2ccc(Oc3ccccc3)cc2F)c2c(N)ncnc21)N1CCOCC1,5.52,0
C=CC(=O)Nc1cccc(N2C(=O)N(C)Cc3cnc(Nc4ccc(N5CCOCC5)cc4OC)nc32)c1,7.79,1
COc1cc(NC(=O)Nc2ccncc2)cc(-c2cncnc2)c1OC,6.54,1
O=C(/C=C/CNC1CCC1)Nc1ccc2ncnc3c2c1C=CN3c1ccc(OCc2ccccn2)c(Cl)c1,8.9,1
COc1cc(N2CCC(O)CC2)ccc1Nc1ncc(Cl)c(Oc2cccc(COc3no[n+]([O-])c3S(=O)(=O)c3ccccc3)c2)n1,6.62,1
CCN1CCN(CCCNc2ccc(Oc3nc4ccccc4c4nncn34)cc2)CC1,5.02,0
N#CC(C#N)=C1C(=O)Nc2ccc(O)cc21,4.95,0
COC(=O)c1ccc(CNC(=O)CCc2c(SSc3[nH]c4ccccc4c3CCC(=O)NCc3ccc(C(=O)OC)cc3)[nH]c3ccccc23)cc1,4.36,0
Oc1cc2cc(-c3cccnc3)cnc2cc1O,6.3,1
O=C(Nc1ccccc1C(=O)NN=Cc1ccc(O)cc1O)c1ccco1,7.29,1
Nc1ncnc2c1c(-c1ccc(Cl)c(O)c1)nn2[C@H]1CCOC1,5.8,0
COc1cc(N2CCC(N3CC(C)(CO)C3)CC2)c(C)cc1Nc1ncc(Br)c(Nc2ccc3nccnc3c2P(C)(C)=O)n1,10.02,1
N#CC(=Cc1ccc(O)c(O)c1)C(=O)NCCCCNC(=O)C(C#N)=Cc1ccc(O)c(O)c1,5.795,0
COc1ccc(C2=NN(c3nc(-c4ccccc4)cs3)C(c3ccc([N+](=O)[O-])cc3)C2)cc1,5.06,0
COCCOc1cc2ncnc(Nc3ccc(NC(=O)C45CC6CC(CC(C6)C4)C5)c(C#N)c3)c2cc1OCCOC,8.3,1
Cc1ccc(C2CC(c3ccc(Br)cc3)=NN2c2nc(-c3ccccc3)cs2)cc1,4.71,0
CC1(C)OB(c2ccc3ncnc(Nc4ccc(F)c(Cl)c4)c3c2)OC1(C)C,6.24,1
CCOc1cc2ncnc(Nc3cccc(OC)c3)c2c2c1OCCO2,8.36,1
COc1cc(OC2CCN(S(C)(=O)=O)CC2)c2c(Nc3ccc(F)c(Cl)c3)ncnc2c1,5.02,0
CC(=O)N1N=C(c2ccc(C)cc2)CC1c1ccc(C(=O)OC(C)Cn2c([N+](=O)[O-])cnc2C)cc1,4.59,0
Cn1c(=O)c(-c2c(Cl)cccc2Cl)cc2cnc(NCCCCCC(=O)O)nc21,6.0,0
COc1ccc(CC(CO)n2cc(-c3cccc(O)c3)c3c(N)ncnc32)cc1,5.47,0
CC(C)(C)OC(=O)N1CCC(n2cc(-c3cccc(O)c3)c3c(N)ncnc32)C1,5.66,0
N#CC(C#N)=C1C(=O)Nc2ccc([N+](=O)[O-])cc21,4.4,0
c1ccc(Nc2ncnc3[nH]c4ccccc4c23)cc1,6.58,1
C=CC(=O)Nc1cc2ncnc(Nc3cccc(Cl)c3)c2cn1,9.27,1
Fc1cccc(COc2ccc(Nc3cc(-c4ccsc4)ncn3)cc2Cl)c1,4.66,0
COc1cc(C=C(C#N)C(=O)c2ccc(O)c(O)c2)cc(CSCc2ccccc2)c1O,5.734999999999999,0
CC(C)n1nc(-c2ccc(F)c(C#N)c2)c2c(N)ncnc21,4.0,0
COc1cc2c(Nc3cccc(Br)c3)ncnc2cc1OCCCCCn1ccnc1[N+](=O)[O-],9.48,1
COc1ccc(C(=O)N(C)[C@H]2C[C@@H]3O[C@](C)([C@H]2OC)n2c4ccccc4c4c5c(c6c7ccccc7n3c6c42)C(=O)NC5)cc1,5.44,0
COc1ccc(-c2ccc(Cn3cc(CCN)c4cc(OCCc5ccc(O)cc5)ccc43)cc2)cc1,5.9,0
N=C(Nc1ccccc1)SCCCN1C(=O)C2=C(C1=O)n1ccc3cccc(c31)C1Cc3ccccc3N21,5.02,0
O=c1ccc2ccc(O)c(O)c2o1,5.12,0
OC[C@@H](Nc1ncnc2[nH]c(-c3ccncc3)cc12)c1ccccc1,8.7,1
COc1ccc(C2=NN(C(=O)c3ccc(Cl)cc3O)C(c3ccc(Cl)cc3)C2)cc1,4.98,0
CN1CCN(c2ccc(Oc3ccc4c(c3)C(=O)N(Cc3ccccc3)c3cc(F)ccc3N4)cc2)CC1,7.89,1
CNc1ncnc2c1c(-c1ccccc1)cn2-c1ccccc1,4.51,0
CCOc1cc2ncnc(Nc3ccc(OCc4cccc(F)c4)c(Cl)c3)c2cc1NC(=O)C1NC(=O)O[C@@H]1C,8.59,1
Nc1ncnc2c1c(-c1ccccc1)cn2C1CCCC1,6.3,1
Oc1cccc(-c2[nH]nc3ncnc(Nc4cccc(Cl)c4)c23)c1,7.58,1
Cn1cc(-c2ccnc(Nc3ccc(Cl)c(OCCOCCn4ccnc4[N+](=O)[O-])c3)n2)c2ccccc21,5.57,0
CC(Nc1ncnc2[nH]c(-c3ccc(O)cc3)cc12)c1ccc(C(F)(F)F)cc1,5.34,0
CCOc1cc2ncnc(Nc3ccc(F)c(Cl)c3)c2c2c1OCCO2,8.7,1
C=CC(=O)NC1=CC=C2N=CN=C(Nc3ccc(OCc4ccccc4)cc3)C21,8.44,1
COc1cc(N2CCOCC2)c(-c2cnn(C)c2)cc1Nc1ncc(Cl)c(Nc2ccccc2P(C)(C)=O)n1,8.36,1
CSc1nc(-c2ccc(F)cc2)c(-c2ccnc3[nH]c(-c4ccccc4)cc23)[nH]1,6.54,1
C=CCC(=O)N(C)CCN(C)c1cc(OC)c(Nc2nccc(Nc3cn(C)c4ccccc34)n2)cc1NC(=O)C=C,7.4,1
C=CC(=O)Nc1cc2c(Nc3ccc(F)c(Cl)c3)ncnc2cc1OCc1cn(CCCCC(O)=NO)nn1,9.06,1
Fc1cccc(Cn2ncc3cc(Nc4ncnn5ccc(COCC6CCNCC6)c45)ccc32)c1,6.89,1
N#Cc1cnc2ccc(NC(=O)/C=C/CN3CCOCC3)cc2c1Nc1ccc(F)c(Cl)c1,5.64,0
Brc1cc2c(NCc3cccs3)ncnc2s1,5.86,0
COc1cc2c(Oc3ccc(C4SCC(=O)N4NC(=O)Nc4ccc(F)c(F)c4F)cc3)ccnc2cc1OCCCN1CCOCC1,5.37,0
C=CC(=O)Nc1cccc(Nc2nc(Nc3ccc(C=Cc4cc(C)cc(C)c4)cc3)ncc2Cl)c1,6.22,1
CC(C)(N)c1cc(C(=O)N[C@@H]2CCc3ccc(Oc4ccnc5c4CCC(=O)N5)cc3C2)cc(C(F)(F)F)c1,6.72,1
Cc1ccc2c(C)nc(Nc3nc(=O)cc(CSc4nnnn4-c4ccccc4)[nH]3)nc2c1,5.41,0
CC(=O)Nc1cccc(C#Cc2cncnc2Nc2ccc(OCc3cccc(F)c3)c(Cl)c2)c1,7.92,1
COc1ccccc1-c1cc2c(NCc3ccncc3)ncnc2s1,6.97,1
COc1cc(N2CCC(N(C)C)CC2)ccc1Nc1ncc(C(=O)OC(C)C)c(-c2cn(C)c3ccccc23)n1,9.38,1
O=C(CCc1c(SSc2[nH]c3ccccc3c2CCC(=O)NCCc2ccccc2)[nH]c2ccccc12)NCCc1ccccc1,4.62,0
CC(C)n1nc(-c2ccn3ccnc3c2)c2c(N)ncnc21,4.35,0
Cc1[nH]c2ncnc(Oc3cccc(Cl)c3)c2c1C,5.6,0
COc1cc2ncnc(Nc3ccc(-c4nc5ccccc5s4)c(OC)c3)c2cc1OCCCN1CCN(C)CC1,7.82,1
O=C(/C=C/Cn1cccn1)Nc1ccc2ncnc(Nc3cccc(Br)c3)c2c1,5.95,0
COc1ccc(CCOc2ccc3c(c2)c(CCN)cn3CCCCCc2ccc(SC)cc2)cc1,5.61,0
COc1cc(C=C(C#N)C(N)=O)cc(CSC2=NCCS2)c1O,5.06,0
CCN(CC)CCOc1ccc(Nc2ncc3cc(-c4c(Cl)cccc4Cl)c(=O)n(C)c3n2)cc1,5.41,0
Fc1cccc(COc2ccc(Nc3cc(Oc4ccccc4)ncn3)cc2Cl)c1,5.0,0
Nc1ncnc2c1c(-c1ccc(F)c(O)c1)nn2[C@@H]1CCOC1,5.58,0
CC1=NC(Nc2ccc(S(=O)(=O)Nc3ncccn3)cc2)=NC(c2ccc(O)cc2O)C1C(=O)Nc1cccc([N+](=O)[O-])c1,4.05,0
C=CC(=O)Nc1cccc(-n2c(=O)cnc3cnc(Nc4ccc(N5CCCC5)cc4)nc32)c1,7.82,1
C=CC(=O)N(c1cccc(C(F)(F)F)c1)c1ncnc2cc(OC)c(OCCCN3CCOCC3)cc12,6.07,1
C#Cc1cccc(Nc2ncnc3cc(OC4CCN(C)CC4)c(NC(=O)/C=C/CN(C)C)cc23)c1,8.09,1
O=c1c2cccc(O)c2oc2cccc(O)c12,6.05,1
CON=Cc1c(N)ncnc1Nc1ccc2[nH]ncc2c1,6.51,1
CC1=NC(NCc2ccccc2)=NC(c2ccc(O)cc2O)C1C(=O)Nc1ccc(C)cc1,4.63,0
CC(C)n1nc(-c2cnc3nccnc3c2)c2c(N)ncnc21,4.16,0
COc1cccc(-c2cc(-c3c(O)c4ccccc4oc3=O)nc(N)c2C#N)c1,7.48,1
OC[C@@H](Nc1ncnc2sc(-c3ccccc3)cc12)c1ccccc1,8.05,1
CCS(=O)(=O)n1cc(-c2nc(Nc3cc(C)c(N4CCC(N5CCN(C)CC5)CC4)cc3OC)ncc2Cl)c2ccccc21,7.91,1
CC(=O)N1N=C(c2ccc(Cl)cc2)CC1c1ccc(C(=O)OCCn2c([N+](=O)[O-])cnc2C)cc1,5.13,0
Cn1c(NCc2cccc(C(F)(F)F)c2)cc(=O)n(C)c1=O,4.08,0
O=C(O)c1cccc(Nc2ncnc3[nH]c4c(c23)CCCC4)c1,4.59,0
CCCCn1c(O)cs/c1=N/Nc1nncc2ccccc12,7.64,1
NCCc1cn(CCCCCc2ccccc2)c2ccc(OCCc3ccc(O)cc3)cc12,5.79,0
C=C1CC(CI)(c2ccccc2)OC1=O,4.455,0
COc1cc2ncnc(Nc3ccc(-c4nc5ccccc5s4)cc3O)c2cc1OC,5.66,0
COc1cccc(-c2nn(C(C)C)c3ncnc(N)c23)c1OC,5.44,0
CO[C@H]1[C@@H](N(C)C(=O)c2ccccc2)C[C@@H]2O[C@@]1(C)n1c3ccccc3c3c4c(c5c6ccccc6n2c5c31)C(=O)NC4,5.72,0
CS(=O)(=O)Nc1ccc2c(c1)CNc1c(Nc3cccc(Br)c3)ncnc1O2,5.39,0
Cc1cccc(Nc2ccnc(Nc3ccc(N4CCN(C)CC4)cc3)n2)c1,4.96,0
Cc1[nH]c2ncnc(Nc3cccc(F)c3)c2c1C,6.26,1
COc1ccccc1-c1cc2c(NC(C)c3ccccc3)ncnc2s1,7.72,1
OCc1ccc(-c2cc3c(NCc4ccccc4)ncnc3s2)cc1,7.32,1
Fc1ccc(Nc2ncnc3nc(Nc4ccc(CN5CCCC5)cc4)sc23)cc1Cl,8.4,1
Cn1c([Se][Se]c2c(C(=O)O)c3ccccc3n2C)c(C(=O)O)c2ccccc21,5.46,0
Oc1cc2c(cc1O)C1c3ccc(O)c(O)c3OC[C@]1(O)C2,5.47,0
COc1cc2ncnc3c2cc1OCCOCCOCCOc1ccccc1N3,5.95,0
Nc1ncnc(Nc2ccc(OCc3ccccc3)c(Cl)c2)c1-c1nnc(CCN2CCOCC2)o1,7.52,1
O=C(NCCCN1CCOC1=O)c1cnc(NCc2cc(Cl)ccc2Cl)nc1NC1CCCC1,5.39,0
C=c1c(C(=O)NCCN(CC)CC)c(C)[nH]c1=Cc1c(O)[nH]c2ccc(Br)cc12,5.0,0
CC1=NC(Nc2ccc([N+](=O)[O-])cc2Cl)=NC(c2ccc(O)cc2O)C1C(=O)Nc1ccc(C)cc1,4.21,0
Fc1ccc(Nc2ncnc3c2NCc2cc(Br)ccc2O3)cc1Cl,5.7,0
COc1cc2c(Oc3ccc(NS(=O)(=O)c4ccccc4OC(F)(F)F)cc3F)ccnc2cc1OCCCN1CCN(C)CC1,5.51,0
COc1cc(N2CCN(C)CC2)ccc1Nc1nccc(-n2ccnc2-c2ccc(F)cc2)n1,6.9,1
CC(C)n1nc(-c2ccc3nc(Cl)ccc3c2)c2c(N)ncnc21,4.0,0
Nc1ncnc2c1c(-c1ccc(F)c(O)c1)nn2C1CNC1,5.54,0
S=C(NNc1nncc2ccccc12)Nc1ccc(Cl)cc1,7.19,1
N#CC(C#N)=C1C(=O)Nc2cc(O)c(O)cc21,5.56,0
CCN(CCO)CCCOc1ccc2c(Nc3cccc(NC(=O)Nc4ccc(Cl)c(C(F)(F)F)c4)c3)ncnc2c1,6.73,1
CC(C)n1nc(-c2ccc(C#N)c(O)c2)c2c(N)ncnc21,5.58,0
COc1cc2ncnc(Nc3cccc(NC(=O)c4ccccc4)c3)c2cc1OC,5.25,0
O=c1oc2cc3ncnc(Nc4ccc(OCc5ccc(Cl)cc5)cc4)c3cc2n1CCCN1CCOCC1,6.0,0
CC(C)n1nc(-c2cc3ccccc3nc2Cl)c2c(N)ncnc21,4.0,0
O=C(/C=C/c1ccccc1)N1CCc2c(sc3ncnc(N[C@H](CO)c4ccccc4)c23)C1,5.46,0
Cn1cccc1-c1nc2cc(NC(=O)CCl)ccc2[nH]1,4.92,0
O=C(NCc1ccccc1)C(Cc1c([Se][Se]c2[nH]c3ccccc3c2CC(NC(=O)C(F)(F)F)C(=O)NCc2ccccc2)[nH]c2ccccc12)NC(=O)C(F)(F)F,5.16,0
OCc1ccc(-c2cc3c(N[C@H](CO)c4ccccc4)ncnc3[nH]2)cc1,9.7,1
COc1cc(C=C(C#N)C(N)=O)cc(CSc2ccc3ccccc3c2)c1O,5.475,0
O=c1c2ccccc2nc(-c2ccccc2)n1-c1nnc(-c2ccccc2Cl)s1,4.11,0
C=CC(=O)Nc1cc(Nc2nccc(-c3cn(C)c4ccccc34)n2)cc2cnn(CCN(C)C)c12,6.75,1
O[C@H]1CN[C@H](C#Cc2cc3ncnc(Nc4ccc(OCc5cccc(F)c5)c(Cl)c4)c3s2)C1,7.85,1
Cc1cccc(Nc2ncnc3cnc(NCCc4c[nH]cn4)nc23)c1,8.52,1
COc1cc(N(C)CCN(C)C)c(NC(=O)/C=C\C(C)C)cc1Nc1nc2c(c(-c3cn(C)c4ccccc34)n1)CS(=O)(=O)CC2,5.76,0
COc1cccc(-c2cn(C3CCN(CC(N)=O)CC3)c3ncnc(N)c23)c1,6.46,1
CCn1cnc2c(Nc3cccc(Cl)c3)nc(N[C@H]3CCC[C@@H](N)C3)nc21,5.28,0
COc1cc2cc3ncc(C#N)c(Nc4ccc(F)c(Cl)c4)c3cc2cc1OC,4.75,0
C[C@@H](Nc1ncnc2[nH]c(-c3ccc(F)cc3)cc12)c1ccccc1,8.18,1
Brc1cccc(Nc2ncnc3c2oc2ccccc23)c1,6.13,1
OCCn1ccc2ncnc(Nc3ccc(Oc4cccc5[nH]ccc45)c(Cl)c3)c21,8.51,1
CC(C)n1nc(-c2ccc3c(N)[nH]nc3c2)c2c(N)ncnc21,6.68,1
COc1cc2ncnc(-c3c[nH]c4cc(F)c(C)cc34)c2cc1OC,6.27,1
COc1ccc(C=Nc2nnc3c4ccccc4nc(Nc4ccc(C)cc4N)n23)cc1O,5.37,0
C=CC(=O)N1CCc2c(sc3ncnc(N[C@@H](CO)c4ccccc4)c23)C1,5.51,0
Cc1ccc(-n2cc(NC(=O)c3ccc(NS(=O)(=O)c4ccc(Cl)cc4)cc3)cn2)cc1,4.91,0
COc1cc(Nc2c(C#N)cnc3cc(C#CCCN4CCN(C)CC4)c(OC)cc23)c(Cl)cc1Cl,6.14,1
CCN(CC)c1nc2oc(C)c(C(=O)NN)c2c(=O)n1-c1ccccc1,4.49,0
COCCOc1cc2ncnc(Nc3ccc(F)cc3)c2c2c1OCCO2,6.7,1
Cc1ccccc1NC(=O)CSc1nc2cc3ccccc3cc2c(=O)n1-c1ccc(S(N)(=O)=O)cc1,7.92,1
N#CC(=Cc1ccc(O)c(O)c1)C(=O)NCCCCCCNC(=O)C(C#N)=Cc1ccc(O)c(O)c1,5.5600000000000005,0
COc1cc(C2=C(c3cn(COCc4ccccc4)c4ccccc34)CNC2=O)cc(OC)c1OC,4.85,0
Clc1ccc2c(Nc3ccc(-c4nc5ccccc5s4)cc3)ccnc2c1,5.28,0
CNS(=O)(=O)c1cccc(Nc2cc(Nc3cccc(C(C)(C)C)c3)ncn2)c1,6.4,1
CCN(CC)CCNC(=O)c1c([Se][Se]c2[nH]c3ccccc3c2C(=O)NCCN(CC)CC)[nH]c2ccccc12,5.34,0
Cc1cc2cc(Nc3ccnc4cc(-c5ccc(CNCCO)cc5)sc34)ccc2[nH]1,6.0,0
COc1cc2ncnc(Nc3ccc(F)c(Cl)c3)c2cc1B1OC(C)(C)C(C)(C)O1,6.28,1
CN(CC(O)CO)c1cc2ncnc(Nc3cccc(Br)c3)c2cn1,8.49,1
O=C1NN(c2ccc(F)cc2)C(=O)/C1=C\c1cccc(OCc2ccccc2F)c1,5.25,0
CN(Cc1ccccc1F)c1ncnc2[nH]c(-c3ccc(CO)cc3)cc12,7.35,1
C=CC(=O)c1ccc2ccccc2c1,5.0,0
OCC(CO)Nc1cc2ncnc(Nc3cccc(Br)c3)c2cn1,7.85,1
CC(C)n1nc(-c2cccc(S(N)(=O)=O)c2)c2c(N)ncnc21,4.0,0
Cc1ccc(N(C(=O)c2ccccc2)C(=O)c2ccccc2)cc1Nc1nccc(-c2cccnc2)n1,4.12,0
CN1CCN(Cc2ccc(C(=O)Nc3ccc(-c4cncc(C#N)c4Nc4ccc(OCc5ccccn5)c(Cl)c4)cc3)cc2)CC1,5.64,0
Clc1ccc(C2=NN(c3ccccc3)C(c3cccc4ccccc34)C2)cc1,6.17,1
C=CC(=O)Nc1cc(Nc2nccc(-c3cn(C)c4cccnc34)n2)c(OC)cc1N(C)CCN(C)C,5.68,0
COCCOc1cc2ncnc(-c3c[nH]c4cc(F)c(Cl)cc34)c2cc1OCCOC,6.33,1
C#Cc1cccc(Nc2ncnc3cc(OCCOC(=O)Cc4c(C)n(C(=O)c5ccc(Cl)cc5)c5ccc(OC)cc45)c(OCCOC)cc23)c1,7.57,1
C=CC(=O)Nc1cccc(N2C(=O)N(C)Cc3cnc(Nc4ccc(N5CCN(C)CC5)cc4OC)nc32)c1,8.94,1
COc1ccc(-c2c(NC(=O)/C=C/CN(C)C)ccc3ncnc(Nc4ccc(OCc5ccccn5)c(Cl)c4)c23)cc1OC,7.4,1
Nc1ccc2c(c1)CNc1c(Nc3ccc(F)c(Cl)c3)ncnc1O2,5.43,0
CCOC(=O)c1c(-n2ccnc2)nc2ccc(Br)cc2c1N1CCN(c2ccccc2NS(=O)(=O)c2ccccc2F)CC1,6.84,1
COc1ccc(-c2nn(C)c3ncnc(N)c23)cc1O,4.0,0
CC(C)n1nc(-c2cc(F)c(C=O)c(F)c2)c2c(N)ncnc21,5.0,0
S=C(NN=C(c1ccccc1)c1ccccc1)Nc1ccc2c(c1)OCO2,6.0,0
C=C(Cl)C(=O)Nc1cccc(Nc2nc(Nc3ccc(N4CCN(C(C)=O)CC4)nc3)ncc2Cl)c1,6.89,1
COc1cc2ncc(N[C@H]3CC[C@H](O)CC3)nc2cc1OC,5.43,0
CCc1cc(Nc2ncc(Br)c(Nc3ccc4nccnc4c3P(C)(C)=O)n2)c(OC)cc1N1CCC(N2CCCN(C)CC2)CC1,9.08,1
CC(=Nn1c(O)c[nH]c1=S)c1ccc(O)cc1O,4.63,0
CCOC(=O)C(C=NC(=O)Nc1ccc(C(=O)Nc2ccc3ncnc(Nc4ccc(F)c(Cl)c4)c3c2)cc1)C(=O)OCC,5.84,0
COc1ccc(OC)c(Cc2cc3c(Nc4cccc(Br)c4)nc(N)nc3[nH]2)c1,4.9,0
Cc1ncnc(Nc2ccc(OCc3cccc(F)c3)c(Cl)c2)c1C#Cc1ccc(CNC(C)C)cc1,8.52,1
COc1cccc(-n2cc(NC(=O)c3ccc(NS(=O)(=O)c4ccccc4)cc3)cn2)c1,4.62,0
COc1cc2ncnc(Nc3cccc(Cl)c3F)c2cc1Oc1ccnc(/C=C/CN(C)C)c1,9.4,1
CC(=O)OC(Cc1c(SSc2[nH]c3ccccc3c2CC(OC(C)=O)C(=O)NCc2ccccc2)[nH]c2ccccc12)C(=O)NCc1ccccc1,4.55,0
CCOC(=O)Nc1ccc(Nc2ncnc3cc(OCCN4CCOCC4)c(OC)cc23)cc1Cl,5.07,0
COc1ccc(C2CC(c3ccc(C)c(C)c3)=NN2c2nc(-c3ccccc3)cs2)cc1,5.51,0
CN(C)C1CCN(c2ccc(Nc3cc4c(N5CCCC5)nc(Nc5ccccc5)nc4cn3)nc2)CC1,7.734999999999999,1
COc1cc(N2CCC(N(C)C)CC2)ccc1Nc1ncc2cc(CNc3ccccc3)n(C3CCCC3)c2n1,8.0,1
Fc1cccc(COc2ccc(Nc3ncncc3C#Cc3ncccn3)cc2Cl)c1,7.11,1
Nc1cc(Nc2cccc(Oc3cc(Nc4ccc(OCc5cccc(F)c5)c(Cl)c4)ncn3)c2)ncn1,7.21,1
CC(C)n1nc(-c2ccc(C#N)c(F)c2)c2c(N)ncnc21,5.05,0
NS(=O)(=O)c1ccc(Nc2nc(N3CCOCC3)nc3[nH]cnc23)cc1,5.0,0
Cc1cccc(Nc2ncnc3cc4c(cc23)N(CCCN2CCCCC2)C(=O)CO4)c1,6.34,1
C=CC(=O)N1CCC2(CC1)CNC(=O)c1cc(-c3nc(Nc4ccccc4OC)ncc3Cl)[nH]c12,9.075,1
CN1CCC(c2c(O)cc(O)c3c2O/C(=C\c2ccccc2Cl)C3=O)CC1,5.78,0
CN(CC(=O)O)c1c(Br)cccc1Nc1ncnc2ccncc12,7.79,1
COc1cc(N2CCC(N(C)CCN(C)C)CC2)c(C)cc1Nc1ncc(Br)c(Nc2ccc3nccnc3c2P(C)(C)=O)n1,10.02,1
COc1cc2c(Nc3ccc(-c4nc5ccccc5s4)cc3F)ncnc2cc1OCCCN1CCN(C)CC1,6.09,1
Brc1ccc(C2=NN(c3nc(-c4ccccc4)cs3)C(c3ccc(Br)cc3)C2)cc1,5.05,0
Nc1ncnc2c1c(-c1cccc(O)c1)cn2[C@H]1C[C@@H](CN2CCC2)C1,5.64,0
C#Cc1cccc(Nc2ncnc3cc(OCCCCCn4ccnc4[N+](=O)[O-])c(OC)cc23)c1,9.33,1
O=C(/C=C/CN1CCCCC1)Nc1cc2c(Nc3ccc(F)c(Cl)c3)ncnc2cc1O[C@H]1CCOC1,8.28,1
CC(=O)N1N=C(c2ccc(F)cc2)CC1c1ccc(C(=O)OC(C)Cn2c([N+](=O)[O-])cnc2C)cc1,5.18,0
COc1cc2c(Nc3ccc(OCc4cccc(F)c4)c(Cl)c3)ncnc2cc1OCCCCn1ccnc1[N+](=O)[O-],7.92,1
C=c1cc(C)[nH]c1=Cc1c(O)[nH]c2ncnc(Nc3ccc(F)c(Cl)c3)c12,7.39,1
COc1ccc(NC(c2ccc(OC)cc2)n2c(=O)ccc3cc(O)ccc32)cc1,5.28,0
CN(C)c1ccc(/C=N/NC(=O)Cn2nc(Cc3ccc(Cl)cc3)c3ccccc3c2=O)cc1,9.35,1
Fc1cccc(COc2ccc(Nc3cc(-c4ccccc4)ncn3)cc2Cl)c1,5.92,0
C=C(Cl)C(=O)Nc1cccc(Nc2nc(Nc3ccc(N4CCN(C(C)=O)CC4)c(C)c3)ncc2Cl)c1,7.29,1
COc1ccc(-c2nn(C3CNC3)c3ncnc(N)c23)cc1O,4.77,0
CN1CCN(Cc2ccn3ncnc(Nc4ccc5c(cnn5Cc5cccc(F)c5)c4)c23)CC1,6.77,1
C=CC(=O)Nc1ccccc1C1CCNc2c(C(N)=O)c(-c3ccc(OC)cc3)nn21,8.16,1
C=CC(=O)Nc1cc2c(Nc3ccc(F)c(Cl)c3)ncnc2cc1OCCCN1CCOCC1,8.82,1
CC(C)n1nc(-c2cccc3[nH]ccc23)c2c(N)ncnc21,5.34,0
O=C1NCc2ccc(Oc3ccc(Nc4ncnc5ccn(CCO)c45)cc3Cl)cc21,8.11,1
Fc1ccc(Oc2ncnc3ccccc23)cc1Cl,6.23,1
COc1cc2ncnc(Nc3ccc(OCCn4ccnc4[N+](=O)[O-])c(Cl)c3)c2cc1OCCCN1CCOCC1,6.92,1
COc1cc(ON2CCC(C)CC2)c2c(Nc3ccc(OCc4ccccn4)c(Cl)c3)ncnc2c1,8.3,1
COc1cc(C=C(C#N)C(N)=O)cc(CSCc2ccc(Cl)cc2)c1O,4.8075,0
COc1cc2ncnc(Nc3ccc(F)c(Cl)c3)c2cc1OCCCCNCc1ccc(-c2cccc(-c3ccccc3)c2C)nc1OC,6.47,1
CCn1nc(C#Cc2cc(C(=O)Nc3ccc(CN4CCN(C)CC4)c(C(F)(F)F)c3)ccc2C)c2c(N)ncnc21,5.45,0
COc1cc2ncnc(NCCOc3ccccc3F)c2cc1OC,7.36,1
OCCN(CCO)c1c(Br)cccc1Nc1ncnc2ccncc12,7.92,1
C=CC(=O)Nc1cc2c(Nc3ccc(OCc4cccc(F)c4)c(Cl)c3)ncnc2cc1O[C@H]1CCOC1,6.25,1
COc1cc2ncnc(Nc3ccc(F)c(Cl)c3)c2cc1OCCCCCNC(=O)CN(C)Cc1c(OC)cc(OCc2cccc(-c3ccccc3)c2C)cc1OC,6.62,1
CCC(=O)c1cnc(Nc2ccnc(-c3cnn(S(=O)(=O)C4CC4)c3)n2)cc1N[C@@H](C)CC,7.89,1
CN(C)c1cc2c(Nc3ccc4c(cnn4Cc4ccccc4)c3)ncnc2cn1,9.0,1
CC(=O)Nc1ccc2ncnc(Nc3ccc(OCc4ccccn4)c(Cl)c3)c2c1,8.52,1
C[C@H](Nc1ncnc2cc3oc(=O)n(CCCN4CCOCC4)c3cc12)c1ccccc1,5.43,0
COc1ccc(-c2nn(C(C)C)c3ncnc(N)c23)cc1,5.37,0
Cn1cc(-c2ccnc(Nc3ccc(OCCCCn4ccnc4[N+](=O)[O-])cc3)n2)c2ccccc21,5.93,0
Cn1nc(-c2ccc(Br)c(O)c2)c2c(N)ncnc21,4.0,0
NC1CCN(Cc2ccn3ncnc(Nc4ccccc4)c23)CC1,7.4,1
CN1CCN(C/C=C/C(=O)N2CCOc3cc4ncnc(Nc5ccc(F)c(Cl)c5)c4cc32)CC1,8.05,1
CN(c1ccccc1)c1ncnc2ccc(N=NNCc3ccccn3)cc12,5.03,0
O=C(COc1ccccc1)Nc1cccc(Oc2cc(Nc3ccc(OCc4cccc(F)c4)c(Cl)c3)ncn2)c1,7.19,1
Cn1nc(-c2cnc3[nH]ccc3c2)c2c(N)ncnc21,4.82,0
COc1cc2c(Nc3ccc(-c4nc5ccc(F)cc5s4)cc3)ncnc2cc1OCCCN1CCN(C)CC1,6.14,1
C#Cc1cccc(Nc2ncnc3cc(OCCOC(=O)C=C4C(C)=C(Cc5ccc([S+](C)[O-])cc5)c5ccc(F)cc54)c(OCCOC)cc23)c1,7.51,1
NC1=NC(=NCCS(=O)(=O)O)C(CC(O)CNC(=O)c2cc(Br)c[nH]2)=N1,4.35,0
NC(=O)CCc1c(S)[nH]c2ccccc12,4.66,0
CN1CCN(CCCCCNc2ncc3cc(-c4c(Cl)cccc4Cl)c(=O)n(C)c3n2)CC1,5.35,0
NC(=S)N1N=C(c2ccccc2)CC1c1cccc2ccccc12,5.65,0
N#CC(=Cc1ccc(O)c(O)c1)C(=O)NC1CCCC[C@@H]1NC(=O)C(C#N)=Cc1ccc(O)c(O)c1,5.275,0
CN(C)C/C=C/C(=O)Nc1cccc(-c2c(-c3ccccc3)oc3ncnc(NC4CCCC4)c23)c1,6.46,1
Nc1ccc2sc3c(Nc4ccccc4)ncnc3c2c1,8.03,1
Cc1ccc(Nc2ncnn3ccc(CN4CCC(N)CC4)c23)cc1,7.3,1
CN(C)C/C=C/C(=O)Nc1cccc(-c2c(-c3ccccc3)oc3ncnc(NCCO)c23)c1,5.945,0
COc1ccc(NC(=O)C(C#N)=Cc2ccc(O)c(O)c2)c(OC)c1,5.185,0
C=CC(=O)Nc1[nH]cc2ncnc(Nc3ccc(F)c(Br)c3)c12,9.14,1
COc1cc(-c2nc3ccccc3s2)ccc1Nc1ncnc2cc(OC)c(OC)cc12,7.2,1
COc1cc(-c2nn(C(C)C)c3ncnc(N)c23)ccc1N,5.42,0
COc1cc(Nc2c(C#N)cnc3cc(-c4ccc(CN5CCOCC5)cc4)ccc23)c(Cl)cc1Cl,5.52,0
C=CC(=O)Nc1cccc(Oc2nc(Nc3cccc(OC)c3)nc3c2CSCC3)c1,6.2,1
ON=C(O)c1sccc1Nc1nc(Nc2ccc(N3CCOCC3)cc2)ncc1Cl,7.79,1
Nc1c(Cl)cccc1Nc1ncnc2ccncc12,6.92,1
COc1cc(OC2CCNCC2)c2c(Nc3ccc(F)c(Cl)c3)ncnc2c1,8.0,1
COCCN1CC(C(N)=O)(N(C)Cc2cc3c(Nc4cccc(Cl)c4F)ncnc3cc2OC)C1,8.22,1
C#Cc1cccc(Nc2ncnc3cc4c(cc23)N(CCCN2CCCCC2)C(=O)CO4)c1,6.67,1
CCOC(=O)CCCn1c(=O)oc2cc3ncnc(Nc4ccc(F)c(Cl)c4)c3cc21,5.11,0
COc1cc2ncnc(Nc3ccc(F)c(Cl)c3)c2cc1OCCCCCNCc1ccc(-c2cccc(-c3ccccc3)c2C)nc1OC,7.0,1
Brc1cccc(Nc2ncnc3ccsc23)c1,7.96,1
Cn1cc(-c2ccnc(Nc3ccc(OCCOCCn4ccnc4[N+](=O)[O-])cc3)n2)c2ccccc21,5.66,0
COc1cc2c(Oc3ccc(C4SCC(=O)N4NC(=O)Nc4cc(F)cc(F)c4)cc3)ccnc2cc1OCCCN1CCOCC1,5.32,0
CN(C)C(=O)c1ccc(Nc2ncc(C(F)(F)F)c(N[C@H]3CC[C@@H](N)CC3)n2)cc1,5.15,0
COc1ccc2c(c1)CCc1c-2nc(N)c(C#N)c1-c1ccc(OC)c(OC)c1,6.89,1
C=C(NN=Cc1c[nH]nc1-c1ccccc1)[C@H](C)Cc1ccccc1,4.58,0
COc1cc(C(=O)NCCN(C)C)ccc1-c1cc2c(N[C@H](C)c3ccccc3)ncnc2s1,9.3,1
CCOC(=O)c1nn(-c2ccccc2)cc1C(=O)c1c(C)[nH]c(-c2ccccc2)c1-c1ccccc1,5.49,0
CNN1C(=O)c2c(c3c4cccc(O)c4n(C4OC(CO)C(O)C(O)C4O)c3c3[nH]c4c(O)cccc4c23)C1=O,4.0,0
CCS(=O)(=O)n1cc2c3ccc(cc31)OCCCCCOc1cc(ccc1N1CCOCC1)Nc1ncc(Cl)c-2n1,7.72,1
O=C(Cc1csc2nc3ccccc3n12)Nc1cccc2ccccc12,5.654999999999999,0
O=S(=O)(Nc1ccccn1)c1ccc(NC(=S)Nc2ccc3c(c2)OCO3)cc1,5.72,0
CN1CCN(CCOc2[nH]nc3ncnc(Nc4ccc(OCc5ccccn5)c(Cl)c4)c23)CC1,8.3,1
Cc1ccc(C2=NC(=Cc3ccc(Cl)cc3)C(=O)NN2C(=O)c2nc(=O)c3c(C)nn(-c4ccccc4)c3[nH]2)cc1,5.72,0
COc1ccc2c(c1)Oc1ncnc(Nc3cccc(Br)c3)c1NC2,5.52,0
Clc1ccc2c(c1Nc1ncnc3cc(OCCCN4CCCC4)cc(OC4CCOCC4)c13)OCO2,6.05,1
NCCc1cn(Cc2ccc(-c3cccc(C(F)(F)F)c3)cc2)c2ccc(OCCc3ccc(O)cc3)cc12,5.96,0
C=CC(=O)N1CC[C@@H](Nc2nc(Nc3ccccc3)nc3cnc(Nc4ccc(N5CCN(C)CC5)cn4)cc23)C1,8.34,1
Cc1ccc(Nc2ncnc3[nH]c4c(c23)CCCC4)cc1,6.96,1
COC(=O)Cn1cc(-c2cccc(Cl)c2)c(=O)c2c(O)cc(OC)cc21,6.045,1
COc1ccc(C2CC(c3ccc(Br)cc3)=NN2c2nc(-c3ccccc3)cs2)cc1,4.99,0
C=CC(=O)Nc1cc(Nc2ncc(Cl)c(Nc3ccccc3S(=O)(=O)NC3CC3)n2)c(OC)cc1N(C)CCN(C)C,8.97,1
N#Cc1cnc2c(Cl)cc(NCc3c[nH]nn3)cc2c1Nc1ccc(F)c(Cl)c1,6.0,0
Cc1[nH]c2ncnc(Nc3ccccc3)c2c1C,5.72,0
NC1=NC(=NCCS(=O)(=O)O)C(CC(O)CNC(=O)c2cc(Br)c(Br)[nH]2)=N1,4.35,0
O=C1N/C=C/c2ccc(c(Br)c2)Oc2cc(cc(Br)c2O)CCNC(=O)C(=NO)Cc2ccc(c(Br)c2)Oc2cc(cc(Br)c2O)CC1=NO,5.82,0
CC(=O)c1nn(-c2ccc(Cl)cc2)cc1C(=O)c1c(C)[nH]c(-c2ccccc2)c1-c1ccccc1,5.35,0
COc1cc2c(Oc3ccc(NC(=O)NN4C(=O)CSC4c4c(F)cccc4F)c(F)c3)ccnc2cc1OCCCN1CCCC1,6.09,1
CC(=O)N1N=C(c2ccc(Cl)cc2)CC1c1ccc(C(=O)OC(C)Cn2c([N+](=O)[O-])cnc2C)cc1,5.03,0
Nc1ncnc2c1c(-c1cccc(O)c1)cn2C1CCN(CCO)CC1,5.59,0
COCCOc1cc2ncnc(Nc3cccc(Cl)c3)c2c2c1OC(COC)CO2,7.99,1
C=CC(=O)Nc1ccccc1C1CCNc2c(C(N)=O)c(-c3cc(OC)c(C)c(OC)c3)nn21,7.75,1
CC(=O)c1nn(-c2ccc(C)cc2)cc1C(=O)c1c(C)[nH]c(-c2ccccc2)c1-c1ccccc1,5.04,0
Cc1ncnc(Nc2ccc(OCc3cccc(F)c3)c(Cl)c2)c1C#Cc1ccc(CN2CCCC2)c(F)c1,6.72,1
COc1ccc(Nc2ncc3cc(-c4c(Cl)cccc4Cl)c(=O)n(C)c3n2)cc1C,6.6,1
Cc1ccc(NC(=O)c2ccc(CN3CCN(C)CC3)cc2)cc1C(=O)Nc1ccc(OCc2cccc(F)c2)c(Cl)c1,6.22,1
N#CC(=Cc1ccc(O)c(O)c1)C(=O)NCC1CCCC(CNC(=O)C(C#N)=Cc2ccc(O)c(O)c2)C1,5.75,0
C=CC(=O)Nc1cc(Nc2nccc(-c3cnn4c(C)cccc34)n2)c(OC)cc1N(C)CCN(C)C,7.78,1
C=CC(=O)N1CCC2(CC1)CNC(=O)c1cc(-c3ccnc(-c4ccc5c(c4)OCO5)n3)[nH]c12,7.779999999999999,1
Nc1ncnc2c1c(-c1ccccc1)cn2-c1ccccc1,6.3,1
CC(=O)c1cccc(Nc2ncnc3cc4oc(=O)n(CCCN5CCOCC5)c4cc23)c1,5.17,0
O=C(NCCc1ccc(O)c(Br)c1)C(Cc1cc(Br)c(O)c(-c2cc(CC(=NO)C(=O)NCCc3ccc(O)c(Br)c3)cc(Br)c2O)c1)=NO,5.89,0
COc1cc2ncc(C#N)c(Nc3ccc(F)c(Cl)c3)c2cc1NC(=O)/C=C/C(C)N1CCOCC1,4.97,0
CO[C@H]1[C@@H](N(C)C(=O)c2cccnc2)C[C@@H]2O[C@@]1(C)n1c3ccccc3c3c4c(c5c6ccccc6n2c5c31)C(=O)NC4,5.09,0
Cc1cc(-c2nn(C(C)C)c3ncnc(N)c23)sc1C=O,5.0,0
C=CC(=O)Nc1ccc2ncnc(Nc3ccc(S(=O)(=O)Nc4ccccn4)cc3)c2c1,5.01,0
C=CCn1nc(-c2ccc(OCC)c(OC)c2)c2c(N)ncnc21,5.29,0
O=S(=O)(O)CCNc1c(Br)cccc1Nc1ncnc2ccncc12,8.85,1
CN(C)C/C=C/C(=O)Nc1cc2c(Nc3ccc(OCc4ccccn4)cc3)ncnc2cc1O[C@H]1CCOC1,8.05,1
C=CC(=O)Nc1cccc(-c2c(-c3ccccc3)oc3ncnc(NC4CCC4)c23)c1,6.925,1
CCOc1cc2ncnc(Nc3ccc(C)c(Cl)c3)c2c2c1OCCO2,8.17,1
C#Cc1cccc(Nc2ncnc3cc4oc(=O)n(CCOC)c4cc23)c1,6.72,1
N#CCCCn1nc(-c2ccc(F)c(O)c2)c2c(N)ncnc21,4.75,0
O=C(c1cc2ccccc2[nH]1)c1cc2c(Nc3cccc(Cl)c3)ncnc2s1,7.78,1
C=CC(=O)Nc1cccc(N2C(=O)N(C)Cc3cnc(Nc4ccc(N5CCCCC5)cc4OC)nc32)c1,7.53,1
O=S1(=O)N=S(c2ccc(Br)cc2)c2ccncc21,5.27,0
Clc1cc(Nc2ncnc3cccc(OC4CCOCC4)c23)ccc1OCc1ccccn1,5.62,0
CN(C)CCNCc1ccc(-c2cc3c(N(C)Cc4ccccc4)ncnc3[nH]2)cc1F,8.7,1
CN1CCN(CCCNc2ncc3cc(-c4c(Cl)cccc4Cl)c(NC(=O)NC4CCCCC4)nc3n2)CC1,6.06,1
O=C(Cc1c[nH]c2ccccc12)NNC(=S)Nc1ncccc1Br,5.07,0
COc1cc2c(Oc3ccc(-c4cnc(Nc5ccc(F)cc5)n(C)c4=O)cc3F)ccnc2cc1OCCCN1CCOCC1,5.77,0
COc1cc2ncnc3c2cc1OCCOCCOc1cc(F)c(Cl)cc1N3,6.505,1
Cc1ccc(C2=NN(c3nc(-c4ccc(Cl)cc4)cs3)C(c3ccc(F)cc3)C2)cc1C,7.22,1
COc1cc(N2CCN(C)CC2)ccc1Nc1ncc(Cl)c(Oc2ccc(CCCOc3no[n+]([O-])c3S(=O)(=O)c3ccccc3)cc2)n1,5.64,0
C=CC(=O)Nc1cc(Nc2nccc(Nc3cnn(CC)c3)n2)c(OC)cc1N(C)CCN(C)C,7.73,1
CNc1ncnc(-c2cccnc2Oc2cc(NC(=O)c3cccc(OC(F)(F)C(F)F)c3)ccc2C)n1,4.6,0
COc1ccc(-c2nnc(-n3c(-c4ccccc4)nc4cc(Cl)ccc4c3=O)o2)cc1,7.68,1
Cn1cnc(-c2cc(NC(=O)Nc3nccs3)cc(C(F)(F)F)c2)c1,6.51,1
COc1nc(Nc2ccc(-c3nc4ccccc4s3)c(OC)c2)c2cc[nH]c2n1,5.29,0
CC(C)n1nc(-c2cc3cc(C=O)ccc3s2)c2c(N)ncnc21,4.0,0
COc1cccc(-c2cn(-c3cccc(CO)c3)c3ncnc(N)c23)c1,6.1,1
COc1cc(N2CCC(N3CCN(C)CC3)CC2)c(C)cc1Nc1nccc(-n2cc(CNC(CO)C(C)C)c(-c3ccccc3)n2)n1,7.15,1
O=C(c1cc2ccccc2[nH]1)c1cc2c(Nc3ccc(OCc4cccc(F)c4)cc3Cl)ncnc2s1,7.73,1
C=C=CC(=O)Nc1cc(Nc2nccc(-c3cn(C)c4ccccc34)n2)c(OC)cc1N1CCC(N2CCN(C)CC2)CC1,8.695,1
CN(CCN=NNc1ccc2ncnc(Nc3cccc(Cl)c3)c2c1)CCNS(=O)(=O)c1cccc2c(N(C)C)cccc12,6.22,1
COc1ccc(/C=C/c2cnc3cc(OC)c(OC)cc3c2)cc1,4.7,0
CCOc1cc([N+](=O)[O-])c(C(=O)Nc2ccc(F)c(Cl)c2)cc1NC(=O)/C=C/CN(C)C,5.22,0
COc1ccc(C(=O)NCCN(C)C)cc1-c1cc2c(N[C@H](C)c3ccccc3)ncnc2s1,9.3,1
CN(C)c1cccc(Nc2ncnc3ccncc23)c1N,5.74,0
CCS(=O)(=O)n1cc(-c2nc(Nc3ccc4c(ccn4CCN(C)C)c3)ncc2C(F)(F)F)c2ccccc21,7.465,1
C=CC(=O)Nc1cccc(Oc2nc(Nc3ccc(OC)cc3)nc3c2CSCC3)c1,6.88,1
COc1ccc(C2CC(c3ccc(Br)cc3)=NN2c2nc(-c3ccc(Cl)cc3)cs2)cc1,4.7,0
COc1cc2ncnc(Oc3ccc(Br)c(F)c3)c2cc1OC,5.23,0
Cc1ccc(C2=NN(c3nc(-c4ccc(Cl)cc4)cs3)C(c3ccc(Br)cc3)C2)cc1C,6.43,1
COC1CNCCN(Cc2ccn3ncnc(Nc4ccc5c(cnn5Cc5cccc(F)c5)c4)c23)C1,6.72,1
COc1cc2ncnc(Nc3ccc(-c4nc5ccccc5s4)cc3C)c2cc1OCCCN1CCN(C)CC1,5.85,0
COc1cc(-c2nn(C(C)C)c3ncnc(N)c23)cc(OC)c1OC,5.29,0
c1ccc(CCc2cc3c(Nc4ccc5[nH]ccc5c4)ncnc3[nH]2)cc1,4.25,0
CN1CCN(c2ccc(Nc3nccc(-n4ccnc4-c4ccc(F)cc4)n3)cc2)CC1,7.2,1
C[C@H](CN)n1nc(-c2ccc(Cl)c(O)c2)c2c(N)ncnc21,5.32,0
COc1ccc(C2=NN(c3nc(-c4ccc(Cl)cc4)cs3)C(c3ccc(F)cc3)C2)cc1,5.29,0
CC(C)(C)NC(=O)Nc1nc2nc(N)ncc2cc1-c1c(Cl)cccc1Cl,6.35,1
Cc1cc(O)ccc1-c1nn(C(C)C)c2ncnc(N)c12,6.02,1
c1ccc2ncc(Nc3ccnc(Nc4ccc(OCCCN5CCCCC5)cc4)n3)cc2c1,5.64,0
COc1ccc(CCCCCn2c3c(c4cc(OCCc5ccc(O)cc5)ccc42)CC(N)CC3)cc1,5.86,0
NC1CCN(Cc2ccn3ncnc(Nc4cc(Cl)cc(Cl)c4)c23)CC1,6.89,1
C=CC(=O)Nc1nc2c(Nc3ccc(F)c(Cl)c3)ncnc2cc1C=CCCN1CCOCC1,9.8,1
Cc1ccc(N2NC(=O)/C(=C/c3ccc(OCc4ccccc4)cc3)C2=O)cc1Cl,5.07,0
COc1cc2c(Oc3ccc(NS(=O)(=O)c4cccc(-c5ccsc5)c4)cc3F)ccnc2cc1OCCCN1CCN(C)CC1,7.03,1
COc1ccc(Nc2ncc3ncc(=O)n(-c4cccc(NC(=O)/C=C/CN(C)C)c4)c3n2)cc1,4.58,0
Cc1ccc(C(=O)Nc2ccc(CN3CCN(C)CC3)c(C(F)(F)F)c2)cc1NC(=O)c1ccc(=O)[nH]c1,5.88,0
COc1cc(N2CCN(C(C)=O)CC2)ccc1Nc1ncc(Cl)c(Nc2cccc(NC(C)=O)c2)n1,5.96,0
CC#CC(=O)Nc1cnc2ncc(C#N)c(Nc3ccc(F)c(Cl)c3)c2c1,5.295,0
Cc1cc(N2CCOCC2)cc2[nH]c(-c3c(NC[C@@H](O)c4cccc(Cl)c4)cc[nH]c3=O)nc12,5.8,0
OCCN(CCO)Cc1c[nH]c2cc3ncnc(Nc4cccc(Br)c4)c3cc12,8.46,1
COCC1(C)CN(C2CCN(c3cc(OC)c(Nc4ncc(Br)c(Nc5ccc6nccnc6c5P(C)(C)=O)n4)cc3C)CC2)C1,9.305,1
CN(CCO)c1cc2ncnc(Nc3cccc(Br)c3)c2cn1,8.59,1
Nc1ncnc2c1c(-c1ccc(Cl)c(O)c1)nn2CC1CCNC1,5.7,0
COc1cc2c(Oc3ccc(C4SCC(=O)N4NC(=O)Nc4ccc(F)cc4)cc3)ccnc2cc1OCCCN1CCOCC1,5.37,0
C=CC(=O)Nc1cccc(-c2c(-c3ccccc3)oc3ncnc(NC4CCCCC4)c23)c1,6.9350000000000005,1
CC[C@H](C)Nc1cc(Nc2ccnc(-c3cnn(S(=O)(=O)C4CC4)c3)n2)ncc1C(=O)NCCN(C)C,7.96,1
Nc1ncnc2c1c(-c1ccccc1)cn2-c1ccccc1CO,5.96,0
COc1cc2nccc(Oc3ccc(NC(=O)C4(C(=O)NC5CC5)CC4)c(Cl)c3)c2cc1C(N)=O,5.19,0
O=C(CCc1c(SSc2[nH]c3ccccc3c2CCC(=O)NCc2ccc(C(=O)O)c(O)c2)[nH]c2ccccc12)NCc1ccc(C(=O)O)c(O)c1,5.07,0
C=CCn1c(SCC(=O)Nc2ccc(C(=O)/C=C/c3ccc(Cl)cc3)cc2)nnc1-c1cc(-c2ccccc2)nc2ccccc12,5.89,0
COc1ccc(-c2nn(C3CCC3)c3ncnc(N)c23)cc1OC,5.64,0
O=C(O[C@H]1CN[C@H](C#Cc2cc3ncnc(Nc4ccc5c(cnn5Cc5ccccc5)c4)c3s2)C1)N1CCOCC1,7.1,1
COc1cc2ncnc(Nc3ccc(F)c(Cl)c3)c2cc1OCCCCn1c([N+](=O)[O-])cnc1C,9.28,1
Brc1cccc(Nc2ncnc3cccnc23)c1,7.46,1
C=CC(=O)Nc1cccc(-n2c(=O)cc(CCC)c3cnc(Nc4ccc(N5CCN(C)CC5)cc4OC)nc32)c1,6.01,1
Cc1ccc(O)cc1-n1c(=O)c2c(c3c(N)ncnc31)CCCC2,5.79,0
O=c1oc2cc3ncnc(Nc4ccccc4O)c3cc2n1CCCN1CCOCC1,4.52,0
C=C(CN1CCOCC1)C(=O)Nc1ccc2ncc(C#N)c(Nc3ccc(F)c(Cl)c3)c2c1,5.57,0
Cc1ccc(F)c(C(=O)n2nc(Nc3ccc(S(N)(=O)=O)cc3)nc2C)c1F,4.34,0
Cn1c(=O)c(-c2c(Cl)cccc2Cl)cc2cnc(Nc3cccnc3)nc21,6.29,1
CCOc1ccc(-c2cc(C(F)(F)F)c(C#N)c(SCC(=O)NCC(=O)O)n2)cc1,5.08,0
Cc1ncnc(Nc2ccc(OCc3cccc(F)c3)c(Cl)c2)c1C#Cc1ccc(CN2CCCC2)o1,7.1,1
CCN(CC)CCn1ccc2cc(Nc3nccc(-c4sc(C5CCN(S(=O)(=O)CC)CC5)nc4-c4ccc(F)cc4)n3)ccc21,7.47,1
CNC(=O)NCc1cccc(C#Cc2cncnc2Nc2ccc(OCc3cccc(F)c3)c(Cl)c2)n1,7.64,1
Cc1ncnc(Nc2ccc(OCc3cccc(F)c3)c(Cl)c2)c1C#Cc1ncc(CN2CCCC2)s1,7.13,1
Cn1cc(-c2ccnc(Nc3cccc(COCCOCCn4ccnc4[N+](=O)[O-])c3)n2)c2ccccc21,5.39,0
Nc1ncnc2c1c(-c1cccc(O)c1)cn2C1CCNC1,5.82,0
CN(C)C/C=C/C(=O)Nc1ccc(-c2cncc(C#N)c2Nc2ccc(F)c(Cl)c2)cc1,5.46,0
CC(C)(C)c1cc(NC(=O)CN2CCN(c3ccccc3)CC2)no1,7.18,1
Nc1c(Nc2ncnc3ccncc23)cccc1[N+](=O)[O-],7.39,1
CS(=O)(=O)CCNCc1ccc(-c2cc3c(Nc4ccc(OCc5cccc(F)c5)c(Cl)c4)ncnc3s2)o1,7.92,1
Cn1c2ccccc2c2c(Nc3cccc(Br)c3)ncnc21,6.13,1
CCO[C@@H]1CCN(C2CCN(c3cc(OC)c(Nc4ncc(Br)c(Nc5ccc6c(c5P(C)(C)=O)OCCO6)n4)cc3C)CC2)C1,9.47,1
COc1cc2ncnc(Nc3ccc(N4Cc5ccccc5C4)cc3)c2cc1OC,5.8,0
COc1cccc(-c2cn(C3CCN(C(=O)OC(C)(C)C)C3)c3ncnc(N)c23)c1,5.68,0
C=CC(=O)Nc1cccc(-n2c(=O)cc(C)c3cnc(Nc4ccc(N5CCN(C)CC5)nc4)nc32)c1,7.33,1
CCN(CC)CCOc1ccc(Nc2cc(NC(=O)Nc3c(Cl)cccc3Cl)ncn2)cc1,6.42,1
c1ccc(C2=NN(c3ccccc3)C(c3cccc4ccccc34)C2)cc1,5.6,0
Cn1c(C[N+](C)(C)C/C=C/C(=O)Nc2ccc3ncnc(Nc4cccc(Br)c4)c3c2)ccc1[N+](=O)[O-],9.66,1
COc1cc(C(=NC#N)c2csc(-c3ccccc3)n2)cc(OC)c1OC,7.7,1
Nc1ccc2c(c1)C(c1ccccc1Cl)=Nc1c[nH]nc1N2,6.0,0
NC(Cc1c([Se][Se]c2[nH]c3ccccc3c2CC(N)C(=O)NCc2ccccc2)[nH]c2ccccc12)C(=O)NCc1ccccc1,5.97,0
O=C1N=C(N2CCCC2C(=O)Nc2ccc3ncnc(Nc4cccc(Cl)c4)c3c2)S/C1=C/c1cccnc1Cl,5.13,0
Clc1ccc2c(c1)CNc1c(Nc3cccc(Br)c3)ncnc1O2,5.47,0
CNS(=O)(=O)c1cccc(Nc2cc(Nc3cccc(C)c3)ncn2)c1,8.52,1
O=C(N/N=C/c1cnc(N2CCCC2)nc1)Nc1cc2c(Nc3ccc(F)c(Cl)c3)ncnc2cc1O[C@@H]1CCOC1,8.14,1
O=C(Cc1nc2ccccc2[nH]c1=O)c1cccc2ccccc12,5.89,0
COc1cc2ncnc(Nc3ccc(F)c(Cl)c3)c2cc1OCCCN1CCOCC1,7.67,1
Clc1ccc(Nc2ncnc3[nH]ccc23)cc1Br,8.44,1
C=CC(=O)Nc1cccc(N2C(=O)N(C)Cc3cnc(NC)nc32)c1,6.03,1
Cc1c(Nc2ccc(OCc3cccc(F)c3)c(Cl)c2)ncnc1-c1ccccc1,4.7,0
C=CC(=O)Nc1cccc(N2C(=O)N(c3ccccc3)Cc3cnc(Nc4ccc(N5CCN(C)CC5)cc4OC)nc32)c1,9.52,1
O=C(C=CC(=O)NCCCN1CCOCC1)Cc1cc2c(Nc3cccc(Br)c3)ncnc2cn1,9.09,1
COc1ccc(-n2cc(NC(=O)c3ccc(NS(=O)(=O)c4ccc(Cl)cc4)cc3)cn2)cc1,4.79,0
COc1ccc(C2CC(c3ccc(Cl)cc3Cl)=NN2c2nc(C)c(C(=O)Nc3ccccc3)s2)cc1OC,7.49,1
CC1=NC(SCc2ccccc2)=NC(c2ccc(O)cc2O)C1C(=O)Nc1ccc(C)cc1,4.03,0
Cc1[nH]c(-c2ccccc2)c(-c2ccccc2)c1C(=O)c1cn(-c2ccc(Cl)cc2)nc1C(=O)Nc1ccccc1,5.42,0
COc1ccc(C2=NN(c3nc(-c4ccc(Cl)cc4)cs3)C(c3ccc(OC)cc3)C2)cc1,5.2,0
CC1=NC(SCc2ccccc2)=NC(c2ccc(O)cc2O)C1C(=O)Nc1cccc([N+](=O)[O-])c1,4.25,0
CN(C)CCn1cccc1/C=N/NC(=O)Nc1cc2c(Nc3ccc(F)c(Cl)c3)ncnc2cc1O[C@H]1CCOC1,9.275,1
C[C@H](COc1cccc2ncnc(Nc3ccc(OCc4ccccn4)c(Cl)c3)c12)N(C)C(=O)CO,8.52,1
CC(C)Oc1cc2ncnc(Nc3ccc(Cl)c([N+](=O)[O-])c3)c2c2c1OCCO2,6.99,1
CC(C)n1c2cc(Nc3ccnc(-c4cnn(S(=O)(=O)C5CC5)c4)n3)ncc2c2c(OCC(F)(F)F)cc(N3CCN(C)CC3)cc21,9.575,1
CC[C@H](C)Nc1cc(Nc2ccnc(-c3cnn(S(=O)(=O)C4CC4)c3)n2)ncc1C(=O)N1CC(C(C)(C)O)C1,7.52,1
[2H]C([2H])([2H])n1cc(-c2ccnc(Nc3cc(NC(=O)C=C)c4c(cnn4CCN(C)C)c3)n2)c2ccccc21,6.35,1
COc1ccc(C2=NN(c3nc(-c4ccc(Cl)cc4)cs3)C(c3ccc(Br)cc3)C2)cc1,5.2,0
Fc1ccc2c(c1)CNc1c(NCc3ccccc3)ncnc1O2,5.05,0
COc1cc2ncnc(Nc3ccc(F)c(Cl)c3)c2cc1OCCCn1c([N+](=O)[O-])cnc1C,8.46,1
Nc1nc(Nc2cccc(Br)c2)c2cc(Cc3ccc(Cl)cc3)[nH]c2n1,4.76,0
COc1cc2c(Oc3ccc(NS(=O)(=O)c4ccc(-c5cnn(C)c5)cc4)cc3F)ccnc2cc1OCCCN1CCN(C)CC1,5.36,0
COc1cc2ncnc(Nc3ccc(F)c(Cl)c3)c2cc1OCCCCCn1ccnc1[N+](=O)[O-],9.29,1
CCC(=O)N[C@H]1CC[C@H](N2C(=O)N(c3ccccc3Cl)Cc3cnc(Nc4ccc(N5CCN(C)CC5)c(C)c4)nc32)CC1,8.17,1
Cc1ccc(C(=O)Nc2ccc(CN3CCN(C)CC3)c(C(F)(F)F)c2)cc1NC(=O)c1ccccn1,6.24,1
C=CC(=O)Nc1cccc(-c2c(-c3ccccc3)oc3ncnc(NC4CCCC4)c23)c1,6.494999999999999,1
C=CC(=O)Nc1cc2c(Nc3cccc(Br)c3)ncnc2cc1OCCCN1CCN(C)CC1,8.77,1
CN1CCC(c2c(O)cc(O)c3c(=O)cc(-c4ccccc4Cl)oc23)[C@@H](O)C1,5.34,0
Nc1ccc(C#Cc2cncnc2Nc2ccc(OCc3cccc(F)c3)c(Cl)c2)cc1,7.52,1
Cc1ccc(S(=O)(=O)O)cc1.Fc1cccc(COc2ccc(Nc3ncnc4ccc(-c5ccc(CN6CCOCC6)o5)cc34)cc2Cl)c1,7.58,1
CCOc1cc2ncc(C#N)c(Nc3ccc(OCc4ccccn4)c(Cl)c3)c2cc1NC(=O)/C=C/[C@H]1CCCN1C,9.32,1
CC(C)(C)c1cc(NC(=O)Cc2ccc(Nc3ncnc4[nH]c(-c5ccc(S(C)(=O)=O)cc5)cc34)cc2)no1,4.25,0
COc1cc2ncnc(Nc3cccc(Br)c3)c2cc1NC(=O)C1COC(=O)N1,9.33,1
Fc1ccc(C2=NN(c3ccccc3)C(c3cccc4ccccc34)C2)cc1,5.97,0
COc1cc(N(C)CCN(C)C)c(NC(=O)/C=C\C(C)C)cc1Nc1nc2c(c(-c3cn(C)c4ccccc34)n1)CSCC2,5.79,0
CO[C@H]1[C@@H](N(C)C(=O)c2ccc(C(=O)O)cc2)C[C@@H]2O[C@@]1(C)n1c3ccccc3c3c4c(c5c6ccccc6n2c5c31)C(=O)NC4,6.96,1
C#CCN1CCN(c2ccc(Nc3ncc4c(C)cc(=O)n(-c5cccc(NC(=O)C=C)c5)c4n3)c(OC)c2)CC1,8.1,1
CN1CCN(CCC(=O)Nc2ccc3c(C#N)cnc(Nc4cccc(Br)c4)c3c2)CC1,5.89,0
C=C1CC(CBr)(c2ccc(F)cc2)OC1=O,4.355,0
Cc1ccc(Oc2ccc(Nc3ncnc4cccc(OC(C)C(=O)N(C)CCO)c34)cc2C)cn1,5.7,0
O=C1Nc2ccccc2/C1=C/c1ccc(OCC(=O)c2ccc(Br)cc2)cc1,5.86,0
Cc1cccc(Nc2ncnc3ccncc23)c1NCCCCN(C)C,8.26,1
COc1ccc(C2=NN(c3nc(-c4ccc(Cl)cc4)cs3)C(c3ccc(C)cc3)C2)cc1,5.33,0
COc1ccc(CC(CO)n2cc(-c3cccc(OC)c3)c3c(N)ncnc32)cc1,5.01,0
Fc1ccc(Nc2ncnc3cc(OC4CCOC4)c4c(c23)OCCO4)cc1Cl,7.69,1
COc1ccccc1-c1cc2c(N[C@H](CO)c3ccccc3)ncnc2[nH]1,9.25,1
C=CC(=O)Nc1cccc(-c2noc3ncnc(N[C@H](CO)c4ccccc4)c23)c1,5.855,0
Cn1c(=O)c(-c2c(Cl)cccc2Cl)cc2cnc(Nc3ccc(CCCC(=O)O)cc3)nc21,7.1,1
Cc1ccc(C(=O)Nc2ccc(CN3CCN(C)CC3)c(C(F)(F)F)c2)cc1NC(=O)c1cncnc1,5.72,0
NC(=O)Nc1ccc(C(=O)Nc2ccc3ncnc(Nc4ccc(F)c(Cl)c4)c3c2)cc1,8.05,1
C=CC(=O)Nc1cccc(-c2c(C)oc3ncnc(N[C@H](CO)c4ccccc4)c23)c1,6.545,1
O=C(Cc1c(S)[nH]c2ccccc12)NCc1ccccc1,4.0,0
C/C=C/C(=O)Nc1cc(Nc2nccc(-c3cn(C)c4ccccc34)n2)cc2cnn(CCN(C)C)c12,6.75,1
CCC(=O)N1CCC[C@@H](n2c(=O)c(-c3cccc(F)c3Cl)c(C)c3cnc(Nc4ccc(N5CCN(C)CC5)c(C)c4)nc32)C1,7.56,1
COc1cc2c(Oc3ccc(C4SCC(=O)N4NC(=O)Nc4ccccc4)cc3)ccnc2cc1OCCCN1CCOCC1,5.34,0
COc1cc2c(Oc3ccc(-c4cnc(Cc5ccccc5)n(C)c4=O)cc3F)ccnc2cc1OCCCN1CCOCC1,5.77,0
c1cc(Nc2ncnc3[nH]cnc23)cc(-c2nc3ccccc3s2)c1,5.77,0
CC(C)(C)NC(=O)c1cccc(Oc2ccc(Nc3ncnc4ccn(CCO)c34)cc2Cl)c1,7.48,1
Clc1cc(Nc2ncnc3[nH]nc(OCCN4CCNCC4)c23)ccc1OCc1ccccn1,8.1,1
C=C(CN1CCOCC1)C(=O)Nc1ccc2ncnc(Nc3cccc(Br)c3)c2c1,6.97,1
COc1ccc2c(c1)Oc1ncnc(Nc3ccc(F)c(Cl)c3)c1NC2,6.0,0
Cc1c(NC(=O)/C=C/CN(C)C)ccc2ncnc(Nc3ccc(OCc4ccccn4)c(Cl)c3)c12,9.27,1
Cc1ccc(C(=O)Nc2ccc(CN3CCN(C)CC3)c(C(F)(F)F)c2)cc1NC(=O)c1cnc(N(C)C)nc1,5.26,0
COc1cccc(-c2nn(C(C)C)c3ncnc(N)c23)c1,5.85,0
COc1ccc(-c2nn(C(C)C)c3ncnc(N)c23)cc1OC,5.52,0
N#Cc1cc(O)n(-c2nnc3c4ccccc4nc(Sc4ccc(Br)cc4)n23)c1N,5.75,0
CC(C)c1ccc(C2N=C(C(N)=O)c3ncn(-c4ccc(F)cc4)c3N2)cc1,6.15,1
Cc1cc(Nc2ncc(Cl)c(Nc3ccccc3P(C)(C)=O)n2)cnc1N1CCC(N2CCN(C)CC2)CC1,7.574999999999999,1
COc1ccc(CC(CO)n2cc(-c3ccccc3)c3c(N)ncnc32)cc1,4.84,0
COc1cc2ncc(C#N)c(Nc3cccc(Br)c3)c2cc1NC(=O)/C=C/CN1CCOCC1,5.42,0
CN(C)c1cccc2c(S(=O)(=O)NCCN=NNc3ccc4ncnc(Nc5cccc(Cl)c5)c4c3)cccc12,5.85,0
Cn1cc(NC(=O)c2cccc(NS(=O)(=O)c3ccccc3)c2)cn1,4.46,0
OCCn1ccc2ncnc(Nc3ccc(Oc4cccc5[nH]ncc45)c(Cl)c3)c21,8.72,1
CCN(CC)C(=O)O[C@H]1CN[C@H](C#Cc2cc3ncnc(Nc4ccc(OCc5cccc(F)c5)c(Cl)c4)c3s2)C1,7.2,1
CN(CCO)Cc1ccc(-c2cc3nccc(Nc4ccc5[nH]ccc5c4)c3s2)cc1,8.52,1
CN(Cc1ccncc1)c1ncnc2[nH]c(-c3ccc(CO)cc3)cc12,6.63,1
Cc1[nH]c2ncnc(Nc3cccc(C#N)c3)c2c1C,6.7,1
COc1cc2c(Nc3ccc(NC(=O)c4ccccc4)cc3)ncnc2cc1OCCN1CCCCC1,5.34,0
CCS(=O)(=O)N1CCC(c2nc(-c3ccc(F)cc3)c(-c3ccnc(Nc4ccc5c(ccn5CCN(C)C)c4)n3)s2)CC1,7.58,1
Brc1cccc(Nc2ncnc3ccc(N=NNCc4ccccc4)cc23)c1,7.6,1
CN(C)C/C=C/C(=O)Nc1ccc2ncnc(Nc3ccc(OCc4cccc(F)c4)c(Cl)c3)c2c1-c1ccccc1,8.97,1
Oc1ccc(Nc2nnnc3sc4c(c23)CCC4)cc1,4.41,0
c1ccc(COc2cccc(-c3nc4sccn4c3-c3ccncn3)c2)cc1,5.36,0
C[C@@H](Nc1ncnc2[nH]c(-c3ccccc3)cc12)c1ccccc1,8.48,1
CCNC(=O)Nc1nc2nc(N)ncc2cc1-c1c(Cl)cccc1Cl,5.87,0
C#Cc1cccc(Nc2ncnc3cc(OCCOC(=O)C(C)c4ccc5cc(OC)ccc5c4)c(OCCOC(=O)C(C)c4ccc5cc(OC)ccc5c4)cc23)c1,6.41,1
CNc1ncnc(-c2cccnc2Oc2ccc(F)c(C(=O)Nc3cc(C(F)(F)F)ccc3N(C)CCCN(C)C)c2)n1,4.6,0
Cc1ccc(C2CC(c3ccc(Br)cc3)=NN2c2nc(-c3ccc(Cl)cc3)cs2)cc1,4.55,0
Cc1c(C(=O)c2ccc(Cl)cc2)c2ccc(OC(F)(F)F)cc2n1Cc1cccc(OC(C)C(=O)O)c1,5.65,0
CNC(=O)c1c([Se][Se]c2c(C(=O)NC)c3ccccc3n2C)n(C)c2ccccc12,5.21,0
C=c1cc(C(=O)N2CCN(C)CC2)[nH]c1=Cc1c(O)[nH]c2ncnc(Nc3ccc(F)c(Cl)c3)c12,8.55,1
Nc1ncnc2c1c(-c1ccc(Oc3ccccc3)cc1)cn2C1CCCC1,5.5,0
C[C@@H](CN)n1nc(-c2ccc(F)c(O)c2)c2c(N)ncnc21,4.58,0
CC(C)Nc1ncnc2oc(-c3ccc(OCCN4CCCC4)cc3)c(-c3ccccc3)c12,5.99,0
Nc1ncnc2c1c(-c1ccc3occc(=O)c3c1)nn2C1CCCC1,4.0,0
COc1cc2ncnc(N[C@H](C)c3cccc(F)c3)c2cc1OC1CCOCC1,9.0,1
C=CC(=O)Nc1nc2c(Nc3ccc(F)c(Cl)c3)ncnc2cc1OCCCN1CCOCC1,8.82,1
CCOC(=O)Nc1ccc2c(C#N)cnc(Nc3cccc(Br)c3)c2c1,4.89,0
CCOc1cc2ncnc(Nc3cccc(-c4cncnc4)c3)c2cc1OCC,5.96,0
COc1cc(N2CCC(N3CCN(C)CC3)CC2)ccc1Nc1ncc(Cl)c(-c2cn(S(=O)(=O)C3CC3)c3ccccc23)n1,7.48,1
CCNS(=O)(=O)c1cnc(Nc2ccnc(-c3cnn(S(=O)(=O)C4CC4)c3)n2)cc1N[C@@H](C)CC,5.31,0
CN(CCO)c1c(Br)cccc1Nc1ncnc2ccncc12,8.58,1
C#Cc1cccc(Nc2ncnc3ccc(-c4ccc(CNCCS(C)(=O)=O)o4)cc23)c1,7.47,1
Cn1nccc1-c1cc2c(Nc3ccc(OCc4ccccc4)cc3)ncnc2[nH]1,7.16,1
COC(=O)CN1CCC(n2cc(-c3cccc(OC)c3)c3c(N)ncnc32)C1,6.08,1
Cc1cccc(/C=C2/SC(N3CCCC3C(=O)Nc3ccc4ncnc(Nc5cccc(Cl)c5)c4c3)=NC2=O)n1,5.19,0
CCN(CC)CCCNc1ncc2cc(-c3c(Cl)cccc3Cl)c(NC(=O)NC(C)(C)C)nc2n1,5.21,0
N#CC1C(c2ccccc2)=Nc2c(c(-c3cccs3)nn2-c2ccccc2)C12C(=O)Nc1ccc(Cl)cc12,6.92,1
COC[C@@H](Nc1ncnc2[nH]c(-c3ccccc3OC(F)F)cc12)c1ccccc1,8.89,1
CCOc1cc([N+](=O)[O-])c(C(=O)Nc2ccc(OCc3cccc(F)c3)c(Cl)c2)cc1NC(=O)/C=C/CN(C)C,5.7,0
Cc1ccc(NC(=O)c2ccc(CN3CCN(C)CC3)cc2)cc1-c1ccc2ccncc2c1,6.16,1
O=S(=O)(Nc1nccs1)c1ccc(NC(=S)Nc2ccc3c(c2)OCO3)cc1,5.79,0
CN(Cc1ccccn1)c1ncnc2[nH]c(-c3ccc(CO)cc3)cc12,6.88,1
Clc1ccc(C2CC(c3ccc(Br)cc3)=NN2c2nc(-c3ccccc3)cs2)cc1,5.03,0
CN1CCC(Nc2ncc3ncnc(Nc4ccc(F)c(Cl)c4)c3n2)CC1,8.52,1
O=C(Cc1csc2nc3ccccc3n12)Nc1cccc(O)c1,4.26,0
COc1ccc(C#CC(C)(C)N)cc1C(=O)c1ccc(Nc2ccc(F)cc2F)cc1,5.21,0
CC(C)(O)CC(=O)NCCc1ccc2ncnc(Nc3ccc(Oc4cccc(C(F)(F)F)c4)c(Cl)c3)c2c1,7.745,1
CC(=O)c1nn(-c2ccccc2)cc1C(=O)c1c(C)[nH]c(-c2ccccc2)c1-c1ccccc1,5.33,0
C=CC(=O)Nc1cc(Nc2nccc(Nc3cn(C)c4ccccc34)n2)c(OC)cc1N(C)CCN(C)C(=O)/C=C/C,6.8,1
C=CC(=O)Nc1cccc(Oc2nc(Nc3ccc(N4CCN(CC(=O)NCCOc5no[n+]([O-])c5S(=O)(=O)c5ccccc5)CC4)cc3OC)ncc2Cl)c1,7.29,1
CSc1nn(-c2ccc(Br)cc2)c2nc(C)nc(Nc3ccc(OCCCC[N+](=O)[O-])cc3)c12,5.52,0
Cc1ccc(C2CC(c3ccc(C)c(C)c3)=NN2c2nc(-c3ccc(Cl)cc3)cs2)cc1,5.98,0
C#Cc1cccc(Nc2ncnc3cc(OCC)c(NC(=O)/C=C/CN(C)C4CC4)cc23)c1,8.62,1
CCC(=O)N[C@H]1CC[C@H](n2c(=O)c(-c3ccccc3Cl)cc3ccc(Nc4ccc(N5CCN(C)CC5)c(C)c4)cc32)CC1,7.42,1
COc1cc2c(Nc3ccc(Cl)cc3F)ncnc2cc1OCCC1CCN(C)CC1,6.52,1
Clc1ccc(Nc2nnc(Cc3ccncc3)c3ccccc23)cc1,6.34,1
C=CC(=O)NC1=CC=C2N=CN=C(Nc3cccc(Cl)c3)C21,8.8,1
c1ccc(CNc2ncnc3c2[nH]c2ccccc23)cc1,6.34,1
COc1cc2ncnc(Oc3cccc(NC(=S)Nc4ccc(Cl)c(C(F)(F)F)c4)c3)c2cc1OC,7.7,1
COc1cc(O)c2c(=O)c(-c3cccc(Cl)c3)cn(C)c2c1,6.145,1
CCOc1cc(N)c(C(=O)Nc2ccc(F)c(Cl)c2)cc1NC(=O)/C=C/CN(C)C,5.35,0
C=C=CC(=O)Nc1cc(Nc2nccc(-c3cn(C)c4ccccc34)n2)c(OC)cc1O[C@H]1CCOC1,8.345,1
Nc1ccc2ncnc(Nc3cccc4c3CCCC4)c2c1,6.78,1
COc1cc(-c2nc3ccccc3s2)ccc1OCC(=O)NNC(=O)CNC(Cc1c[nH]cn1)C(=O)O,6.52,1
C=CC(=O)Nc1cccc(Cn2c(=O)ccc3cnc(Nc4ccc(N5CCN(C)CC5)cc4)nc32)c1,6.625,1
CCc1cccc(NC(=O)CSc2nc3cc4ccccc4cc3c(=O)n2-c2ccc(S(N)(=O)=O)cc2)c1,7.66,1
COc1ccc(NC(=O)C2C(C)=NC(=O)NC2c2ccc(OCc3ccccc3)c(OC)c2)c(OC)c1,7.43,1
COc1ccc(-c2nn(C(C)C)c3ncnc(N)c23)cc1O,5.66,0
Cc1ccc(-n2nc(C(C)(C)C)cc2NC(=O)Nc2ccc(OCCN3CCOCC3)c3ccccc23)cc1,5.42,0
COc1cc(N2CCC(N3CC(N(C)C)C3)CC2)c(C)cc1Nc1ncc(Br)c(Nc2ccc3c(c2P(C)(C)=O)OCCO3)n1,9.59,1
Nc1cc(Br)ccc1Nc1ncnc2ccncc12,7.59,1
C=CC(=O)Nc1cccc(-n2c(=O)cnc3cnc(Nc4ccc(N5CCCCC5)cc4)nc32)c1,7.8,1
CCCNc1nc2oc(C)c(C(=O)NNC(=O)c3cc4ccccc4oc3=O)c2c(=O)n1-c1ccccc1,5.82,0
c1ccc(-c2c(-c3ccc(OCCN4CCCC4)cc3)oc3ncnc(NCCN4CCNCC4)c23)cc1,6.4,1
CC(C)(C)c1ccc(Nc2ncnc3cc4oc(=O)n(CCCN5CCOCC5)c4cc23)cc1,4.1,0
O=C1NCc2cc(Oc3ccc(Nc4ncnc5ccn(CCO)c45)cc3Cl)ccc21,6.29,1
Fc1ccc2c(c1)CNc1c(Nc3cccc(-c4ccccc4)c3)ncnc1O2,5.7,0
CCOc1cc2ncnc(Nc3cccc(-c4cocn4)c3)c2cc1OCC,6.14,1
C=CC(=O)Nc1cc(Nc2nccc(Nc3cn(C)c4ccccc34)n2)c(OC)cc1N(C)CCN(C)C(=O)C=C,6.79,1
CC(C)NC(CS(C)(=O)=O)c1ccc(-c2ccc3ncnc(Nc4ccc(OCc5cccc(F)c5)c(Cl)c4)c3c2)o1,7.41,1
Nc1ncnc2c1c(-c1ccc(O)cc1)cn2C1CCNC1,5.57,0
Cc1c(C)n(-c2ccccc2)c2ncnc(N)c12,5.57,0
N#Cc1cnc2c(Cl)cc(NCc3cn(C4CCN(C5CCC5)CC4)nn3)cc2c1Nc1ccc(F)c(Cl)c1,4.66,0
COC(=O)c1ccc(-c2cc3c(N[C@H](C)c4ccccc4)ncnc3s2)c(OC)c1,7.7,1
COc1ccc(Nc2ncnc3cccc(OC4CCN(C)CC4)c23)cc1Cl,5.75,0
CC/C=C\C(=O)Nc1cc(Nc2nc3c(c(-c4cn(C)c5ccccc45)n2)CSCC3)c(OC)cc1N(C)CCN(C)C,5.9,0
Cc1ccc(C2=NN(c3nc(-c4ccc(Cl)cc4)cs3)C(c3ccc(O)cc3)C2)cc1C,6.01,1
C=CC(=O)Nc1cccc(-c2c(-c3ccccc3)oc3ncnc(NCCOc4ccccc4)c23)c1,6.22,1
CC/C=C\C(=O)Nc1cc(Nc2nc3c(c(-c4cn(C)c5ccc(F)cc45)n2)CSCC3)c(OC)cc1N(C)CCN(C)C,5.95,0
Fc1cccc(COc2ccc(Nc3ncnc4cc(-c5cccs5)sc34)cc2Cl)c1,8.1,1
Cc1ccc(S(=O)(=O)NC(=O)Cn2c([N+](=O)[O-])cnc2C)cc1,5.46,0
CCn1nc(-c2ccc(OC)c(O)c2)c2c(N)ncnc21,5.19,0
COc1cc2ncc(C#N)c(Nc3ccc(F)c(Cl)c3)c2cc1NC(=O)/C=C/CN1CCOCC1,4.87,0
CS(=O)(=O)CCNCc1ccc(-c2ccc3ncnc(Nc4ccc(OCc5cccc(F)c5)c(C(F)(F)F)c4)c3c2)o1,7.1,1
O=C(CCc1c(S)[nH]c2ccccc12)NCc1ccccc1,4.0,0
C=CC(=O)N1CCCCCCn2cc(c3ccccc32)-c2ccnc(n2)Nc2cc1c(OCCCF)cc2F,8.55,1
O=C(/C=C/CNC1CC1)Nc1cc2c(Nc3ccc(F)c(Cl)c3)ncnc2cc1OC(F)F,8.02,1
CCC/C=C/C(=O)Nc1cc(Nc2ncc(-c3cc4ccccc4n3C)c(C)n2)c(OC)cc1N(C)CCN(C)C,5.1,0
C#Cc1cccc(Oc2ncnc3ccc(OCc4ccc(S(=O)(=O)N(C)C#C)cc4)cc23)c1,5.25,0
CCCOCCSc1nc(-c2ccccc2Cl)nn1CCOCCC,6.06,1
C=CC(=O)N1CCC(N2C(=O)N(c3ccccc3)Cc3cnc(Nc4ccc(N5CCN(C)CC5)c(C)c4)nc32)C1,8.04,1
COc1cc(N(C)CCN(C)C)c(NC(=O)c2ccncn2)cc1Nc1nc(-c2cn(C)c3ccccc23)c2cccnc2n1,6.44,1
O=C1N=C(N2CCCC2C(=O)Nc2ccc3ncnc(Nc4cccc(Cl)c4)c3c2)S/C1=C/c1cccc(Br)n1,5.51,0
COc1cc2ncnc(Nc3ccc(F)c(Cl)c3)c2cc1OCCN1CC2(COC2)C1,7.8,1
N=C(N)SCCCn1c(=O)c2c(c1=O)n1c3ccccc3cc1c1cccc3ccn2c31,5.34,0
COc1cc(N2CCC(N(C)C)CC2)c(-c2cnn(C)c2)cc1Nc1ncc(Cl)c(Nc2ccccc2P(C)(C)=O)n1,8.77,1
Cn1c(=O)c(-c2c(Cl)cccc2Cl)cc2cnc(N)nc21,5.25,0
Cn1cc(-c2ccnc(Nc3cccc(OCCOCCn4ccnc4[N+](=O)[O-])c3)n2)c2ccccc21,5.880000000000001,0
O=c1c(-c2ccc(O)cc2)coc2cc(O)cc(O)c12,6.0,0
O=C(Cc1cccs1)Nc1cccc(-c2ccc3nnc(-c4cccnc4)n3n2)c1,7.1,1
CCN(CC)CCn1ncc2cc(Nc3nccc(-c4cn(S(=O)(=O)CC)c5ccccc45)n3)cc(NC(=O)C3CC3)c21,7.58,1
COc1cc2ncnc(Nc3ccc(F)c(Cl)c3)c2cc1OCCCN1CC[Se]CC1,4.6,0
CCOC(=O)CCCn1c(=O)oc2cc3ncnc(Nc4cc(C)cc(C)c4)c3cc21,5.82,0
C=CC(=O)Nc1cc(-n2c(=O)cc(C)c3cnc(Nc4ccc(N5CCN(C)CC5)cc4OC)nc32)ccc1C,7.43,1
COc1cc(Nc2nccc(-c3ccc(Cl)cc3)n2)cc(OC)c1OC,5.67,0
COc1cc2c(Oc3ccc(NS(=O)(=O)c4cccc(-c5ccco5)c4)cc3F)ccnc2cc1OCCCN1CCN(C)CC1,5.72,0
CC1CCN(C/C=C/C(=O)N2CCOc3cc4ncnc(Nc5ccc(F)c(Cl)c5)c4cc32)CC1,8.3,1
CC(C)n1nc(-c2cccc(O)c2)c2c(N)ncnc21,6.02,1
O=C(N/N=C/c1cccs1)N1CCc2ncnc(Nc3ccc(F)c(Cl)c3)c2C1,7.2,1
CCC/C=C\C(=O)Nc1cc(Nc2nc3c(c(-c4cn(C)c5ccccc45)n2)CS(=O)(=O)CC3)c(OC)cc1N(C)CCN(C)C,7.8,1
N#C/C(=C\c1ccc(O)c(O)c1)S(=O)(=O)/C(C#N)=C/c1ccc(O)c(O)c1,5.67,0
COc1cc(N2CCC(N(C)C)CC2)ccc1Nc1ncc(C(=O)OC(C)C)c(-c2cn(C(C)=O)c3ccccc23)n1,8.52,1
CC(C)n1nc(-c2cc(F)c(O)cc2F)c2c(N)ncnc21,5.16,0
C=CC(=O)Nc1cc2c(Nc3cccc(Cl)c3F)ncnc2cc1OCc1cn(CCC(O)=NO)nn1,8.96,1
CN(C)C1CCN(c2ccc(Nc3nccc(-c4cn(C)c5ccccc45)n3)cc2NS(C)(=O)=O)CC1,7.35,1
CC(C)n1nc(-c2cc(F)c3c[nH]nc3c2)c2c(N)ncnc21,5.92,0
O=C(CCN1CCOCC1)Nc1ccc2ncnc(Nc3cccc(Br)c3)c2c1,9.29,1
O=C(Nc1cccc(Nc2ncnc3cc(OCCCN4CCOCC4)ccc23)c1)Nc1ccc(F)c(Cl)c1,5.48,0
CC(=O)N[C@H]1CC[C@@H](N2C(=O)N(c3ccccc3Cl)Cc3cnc(Nc4ccc(N5CCN(C)CC5)c(C)c4)nc32)CC1,8.51,1
COc1ccccc1-c1cc2c(N[C@@H](C)c3ccccc3)ncnc2s1,5.73,0
COc1cc2ncnc3c2cc1OCCCCCCOc1ccc(Cl)cc1N3,6.92,1
Fc1ccc(C2=NN(c3ccccc3)C(c3ccc4ccccc4c3)C2)cc1,6.52,1
Cc1nnc(-n2c(-c3ccccc3)nc3cc(Cl)ccc3c2=O)s1,5.49,0
C=CC(=O)Nc1cc2c(Nc3ccc(OCc4cccc(F)c4)c(Cl)c3)ncnc2cc1OCc1cn(CCC(O)=NO)nn1,8.66,1
CCS(=O)(=O)n1cc2c3ccc(cc31)OCCCCCCCOc1cc(ccc1N1CCOCC1)Nc1ncc(Cl)c-2n1,7.05,1
C/C=C/C(=O)Nc1cc(Nc2nccc(-c3cn(S(=O)(=O)CC)c4ccccc34)n2)cc2cnn(CCN(CC)CC)c12,7.72,1
CCOC(=O)C(Cc1ccccc1)=NC(=O)C(C#N)Cc1ccc(O)c(O)c1,4.31,0
Cc1c(NC(=O)OC[C@@H]2COCCN2)cn2ncnc(Nc3ccc4c(cnn4Cc4cccc(F)c4)c3)c12,7.6,1
COC(=O)CCc1c(SSc2[nH]c3ccccc3c2CCC(=O)OC)[nH]c2ccccc12,4.68,0
S=C(NNc1nncc2ccccc12)Nc1ccccc1,7.19,1
CCOC(=O)c1nn(-c2ccc(Cl)cc2)cc1C(=O)c1c(C)[nH]c(-c2ccccc2)c1-c1ccccc1,5.5,0
CCCCNc1ncc2cc(-c3c(Cl)cccc3Cl)c(=O)n(C)c2n1,5.36,0
CC(C)(N)C(=O)NCCn1ccc2ncnc(Nc3ccc(Oc4cccc5sncc45)c(Cl)c3)c21,8.59,1
COc1cc2ncnc(Nc3ccc(F)c(Cl)c3)c2cc1CNC(=O)C1CCCCN1C,8.1,1
Cc1cc(NC(=O)CN2CCN(c3ccccc3)CC2)no1,7.19,1
Cc1[nH]c2ncnc(Nc3cccc(Br)c3)c2c1C,7.6,1
NCc1cccc(C#Cc2cncnc2Nc2ccc(OCc3cccc(F)c3)c(Cl)c2)n1,7.68,1
CCOc1cc([N+](=O)[O-])c(C(=O)Nc2ccc(OCc3cccc(F)c3)c(Cl)c2)cc1NC(=O)c1ccc(CN2CCN(C)CC2)cc1,5.26,0
CCOc1ccccc1-c1cc2c(N[C@H](C)c3ccccc3)ncnc2[nH]1,9.52,1
c1csc(-c2cc3ncnc(Nc4ccc5[nH]ccc5c4)c3s2)c1,8.205,1
COc1c(NC(=O)Nc2ccc(-c3ccc(CN4CCOCC4)nc3)c3ccccc23)cc(C(C)(C)C)cc1NS(C)(=O)=O,5.27,0
C[C@@H](Nc1ncnc2sc(-c3ccc(C=O)cc3F)cc12)c1ccccc1,7.23,1
COc1cc(N2CCC(N3CC(N(C)C)C3)CC2)c(C)cc1Nc1ncc(SC)c(Nc2ccc3nccnc3c2P(C)(C)=O)n1,9.855,1
C=CC(=O)Nc1cc2c(Nc3ccc(OCc4cccc(F)c4)c(Cl)c3)ncnc2cc1OCCOC,6.99,1
COc1cc2ncnc(Nc3ccc(-c4nc5ccccc5s4)c(O)c3)c2cc1OCCCN1CCN(C)CC1,5.48,0
O=C(/C=C/CN1CCOCC1)Nc1cccc(-c2c(-c3ccccc3)oc3ncnc(N[C@H](CO)c4ccccc4)c23)c1,7.135,1
NC1CCc2c(c3cc(OCCc4ccc(O)cc4)ccc3n2CCCCCc2ccccn2)C1,5.64,0
CNC(=O)c1c(SSc2c(C(=O)NC)c3ccccc3n2C)n(C)c2ccccc12,5.16,0
C=CC(=O)N1CCC2(CC1)CNC(=O)c1cc(-c3nc(Nc4ccccc4OC)ncc3C)[nH]c12,8.885,1
Nc1ncnc2c1c(-c1cccc(Cl)c1)cn2-c1ccccc1,6.16,1
Cc1cccc(Nc2ncnc3ccncc23)c1NCCCN1CCOCC1,8.03,1
Cc1ccc(C2=NC(=Cc3ccc(Cl)cc3)C(=O)NN2C(=O)Cc2nc(=O)c3c(C)nn(-c4ccccc4)c3[nH]2)cc1,6.37,1
CN(C)Cc1cc(C(=O)N[C@@H]2CCc3ccc(Oc4ccnc5c4CCC(=O)N5)cc3C2)cc(C(F)(F)F)c1,5.31,0
CC(C)n1nc(-c2cc(C=O)co2)c2c(N)ncnc21,5.22,0
Cc1ccc(Oc2ccc(Nc3ncnc4cccc(OC(C)C(=O)N(C)C)c34)cc2C)cn1,5.96,0
CC1(C)CC(C(=O)Nc2ccc3ncnc(Nc4cccc(Br)c4)c3c2)CC(C)(C)N1[O],7.51,1
O=C1N=C(N2CCCC2C(=O)Nc2ccc3ncnc(Nc4cccc(Cl)c4)c3c2)S/C1=C/c1cccs1,5.09,0
O=C1C(=Cc2ccc(O)c(O)c2)Oc2ccccc21,4.0,0
Cc1cccc(Nc2ncnc3cc(NCCc4c[nH]cn4)ncc23)c1,8.14,1
O=C1N=C(N2CCCC2C(=O)Nc2ccc3ncnc(Nc4cccc(Cl)c4)c3c2)S/C1=C/c1ccc(Cl)cc1,5.12,0
CN(C)c1ccc(/C=C/c2cc(C(=O)O)c3cc(Br)ccc3n2)cc1,5.65,0
Oc1ccc(C2CC(c3ccc(Br)cc3)=NN2c2nc(-c3ccccc3)cs2)cc1,4.65,0
CCCn1ccc2cc(Nc3ncnc4ccc(N)cc34)ccc21,6.45,1
CCOc1cc2ncnc(Nc3cccc(-c4cscn4)c3)c2cc1OCC,7.75,1
C=CC(=O)Nc1cccc(Nc2ncnc3cc(OC)c(OCCN4CCOCC4)cc23)c1,8.37,1
COc1cc2c(Oc3ccc(NS(=O)(=O)c4cc(F)ccc4F)cc3F)ccnc2cc1OCCCN1CCCC(C)C1,5.95,0
CCOC(=O)CCCn1c(=O)oc2cc3ncnc(Nc4cc(C(=O)OCC)ccc4O)c3cc21,8.14,1
Cc1ccc(Oc2ccc(Nc3ncnc4ccc(-c5cn(CCCCCC(O)=NO)nn5)cc34)cc2C)cn1,8.19,1
Nc1ncnc(Nc2ccc(OCc3ccccc3)c(Cl)c2)c1C(=O)Nc1ccccc1,7.12,1
COc1cc2ncnc(Nc3cccc(NC(=O)Nc4cccc(C)c4)c3)c2cc1OCCCN1CCOCC1,5.63,0
COc1ccc(C2=NN(c3ccccc3)C(c3cccc4ccccc34)C2)cc1,7.0,1
Oc1ccc(-c2nc(-c3ccc(F)cc3)c(-c3ccnc4[nH]c(-c5ccccc5)cc34)[nH]2)cc1,6.0,0
CC(=O)OC[C@H]1O[C@@H](n2c(-c3ccccc3)cs/c2=N\N=C\c2cc(=O)oc3cc(OCCC(C)C)ccc23)[C@H](OC(C)=O)[C@@H](OC(C)=O)[C@@H]1OC(C)=O,6.82,1
FC(F)(F)c1csc(NC(=S)Nc2ccc3ncnc(Nc4cccc(Cl)c4)c3c2)n1,6.86,1
COc1cccc(Nc2ncnc3[nH]c(C)c(C)c23)c1,5.92,0
C=CC(=O)Nc1cccc(N2C(=O)N(C(C)C)Cc3cnc(Nc4ccc(N5CCN(C)CC5)cc4OC)nc32)c1,9.42,1
CS(=O)(=O)CCNCc1ccc(-c2ccc3ncnc(Nc4ccc(OCc5ccccc5)cc4)c3c2)o1,7.57,1
Cc1ncc([N+](=O)[O-])n1CC(=O)NS(=O)(=O)c1ccccc1,5.53,0
N#CCCCCn1nc(-c2ccc(F)c(O)c2)c2c(N)ncnc21,4.96,0
Cc1ccc(C(=O)Nc2ccc(CN3CCN(C)CC3)c(C(F)(F)F)c2)cc1NC(=O)c1cnc(N)nc1,7.37,1
C=CC(=O)Nc1nc2c(Nc3ccc(F)c(Cl)c3)ncnc2cc1OCCOC,9.01,1
CCOC(=O)C(C=Nc1ccc2ncnc(Nc3ccc(OCc4ccccn4)c(Cl)c3)c2c1)C(=O)OCC,5.99,0
Cc1ccc2nc(/C=C/c3ccc(N(C)C)cc3)cc(-c3nnc(N)s3)c2c1,5.96,0
CCn1c(=O)c(-c2c(Cl)cccc2Cl)cc2cnc(Nc3ccccc3)nc21,6.7,1
CO[C@H]1[C@@H](N(C)C(=O)c2cccc([N+](=O)[O-])c2)C[C@@H]2O[C@@]1(C)n1c3ccccc3c3c4c(c5c6ccccc6n2c5c31)C(=O)NC4,5.32,0
CN(C)CCNC(=O)c1ccc(-c2cc3c(N[C@H](CO)c4ccccc4)ncnc3s2)cc1,8.7,1
O=c1sc(O)cn1-c1nc(Nc2ccccc2[N+](=O)[O-])nc(Nc2ccccc2[N+](=O)[O-])n1,5.07,0
C#Cc1cccc(Nc2ncnc3cc(O[C@H]4CCOC4)c(NC(=O)/C=C/CN(C)C)cc23)c1,8.92,1
N#CC(=Cc1ccc(O)c(O)c1)C(=O)N1CCc2ccccc21,4.92,0
COc1cc2ncnc3c2cc1OCCOCCOc1cccc(c1)N3,4.47,0
COc1cc2ncnc(N3CCc4ccccc43)c2cc1NC(=O)/C=C/CN1CCCC1,7.994999999999999,1
COc1cc2ncnc3c2cc1OCCOCCOc1cc(Cl)cc(c1)N3,5.105,0
CC(C)n1nc(-c2cccc(NS(C)(=O)=O)c2)c2c(N)ncnc21,4.0,0
COc1cc2ncnc(Nc3ccccc3N)c2cn1,5.43,0
Cc1ccc(C2=NN(c3nc(-c4ccccc4)cs3)C(c3ccc(F)cc3)C2)cc1C,5.76,0
C=CC(=O)N1CCC2(CC1)CNC(=O)c1cc(-c3ccnc(Nc4ccccc4OC)n3)[nH]c12,9.225,1
CON=Cc1c(N)ncnc1NCc1ccc(F)c(Cl)c1,5.95,0
COc1cc(OC)cc(-c2cc3cnc(N)nc3nc2NC(=O)NC(C)(C)C)c1,4.3,0
CS(=O)(=O)Nc1ccc(-c2cc3c(N[C@H](CO)c4ccccc4)ncnc3[nH]2)cc1,9.3,1
O=C(C#CCN1CCOCC1)Nc1ccc2ncnc(Nc3cccc(Br)c3)c2c1,7.7,1
CC(=O)c1cccc(-c2nn(C(C)C)c3ncnc(N)c23)c1,5.55,0
Nc1nc(Nc2nnc3c4ccccc4nc(Sc4ccc(Br)cc4)n23)cs1,6.16,1
C=CC(=O)Nc1cc(Nc2ncc(F)c(-c3ccc4cc(C(=O)NC)n(C(C)C)c4c3)n2)c(OC)cc1N1CCN(C(C)C)CC1,6.895,1
C#Cc1cccc(Nc2ncnc3cc(OC)c(OCCCCCCn4ccnc4[N+](=O)[O-])cc23)c1,9.3,1
COc1cccc(-c2ccc3c(C=c4[nH]c5c(c4=CCC(=O)O)CCCC5)c(O)[nH]c3c2)c1,5.05,0
COC1CCN(CCOc2[nH]nc3ncnc(Nc4ccc(OCc5ccccn5)c(Cl)c4)c23)CC1,7.55,1
NC(=O)Nc1ccc2ncnc(Nc3ccc(Oc4ccc(Cl)c(Cl)c4)c(Cl)c3)c2c1,6.26,1
C=CC(=O)Nc1nc2c(Cc3ccc(F)c(Cl)c3)ncnc2cc1OCCCN1CCC(C)CC1,8.18,1
Cn1ccc2cc(Nc3ncnc4ccc(N)cc34)ccc21,5.4,0
Cc1ccc(N(C)C(=O)c2ccccc2)cc1Nc1nccc(-c2cccnc2)n1,4.31,0
COc1cc(N2CCC(O)CC2)ccc1Nc1ncc(Cl)c(Oc2ccc(COc3no[n+]([O-])c3S(=O)(=O)c3ccccc3)cc2)n1,5.5,0
CO[C@H]1[C@@H](N(C)C(=O)c2ccccc2Cl)C[C@@H]2O[C@@]1(C)n1c3ccccc3c3c4c(c5c6ccccc6n2c5c31)C(=O)NC4,5.33,0
Cc1cc(Oc2ncnc3sc4c(c23)CCCC4)ccc1NC(=O)Nc1cccc(Br)c1,5.48,0
COCCNCCN1CCC(n2cc(-c3cccc(OC)c3)c3c(N)ncnc32)CC1,6.51,1
C=CC(=O)N1CCc2c(sc3ncnc(N[C@H](C)c4ccccc4)c23)C1,7.7,1
[O-][S+]1CCN(Cc2ccc(-c3ccc4ncnc(Nc5ccc(OCc6cccc(F)c6)c(C(F)(F)F)c5)c4c3)o2)CC1,7.05,1
COc1cc2c(Nc3ccc(F)c(Cl)c3)ncnc2cc1OCCCN1C[C@H](O)[C@@H](O)[C@H](O)[C@H]1CO,8.75,1
COc1cc(N(C)CCN(C)C)c(NC(=O)/C=C\C(C)C)cc1Nc1nc2c(c(-c3cn(C)c4ccc(F)cc34)n1)CSCC2,5.77,0
C=CC(=O)Nc1cccc(Oc2nc(Nc3ccc(N4CCN(CC(=O)OCCCCOc5no[n+]([O-])c5S(=O)(=O)c5ccccc5)CC4)cc3OC)ncc2Cl)c1,6.76,1
COc1cc(/C=N/NC(=O)COC2=NC(C)=NC3C2C(C)=NN3c2ccccc2)cc(OC)c1OC,5.38,0
Cc1ccc(Nc2ncnc3[nH]c(C)c(C)c23)cc1,5.68,0
O=C(NCc1ccccc1)C(O)Cc1c(SSc2[nH]c3ccccc3c2CC(O)C(=O)NCc2ccccc2)[nH]c2ccccc12,4.85,0
N#CCc1c(SSc2[nH]c3ccccc3c2CC#N)[nH]c2ccccc12,4.5,0
OCCNc1cc2ncnc(Nc3cccc(Br)c3)c2cn1,9.62,1
N#CC(=Cc1ccc(O)c(O)c1)C(=O)Nc1ccccc1Cl,5.68,0
Cc1ccc2cc(-c3nn(C(C)C)c4ncnc(N)c34)ccc2n1,4.0,0
ON=C(O)CCCCCCN1CC(c2ccc3ncnc(Nc4ccc(Br)cc4F)c3c2)N=N1,7.99,1
COc1cc2ncnc(Nc3ccc(F)c(Cl)c3)c2cc1OCCCN1CCC2(COC2)C1,7.82,1
Nc1ncnc2c1c(-c1ccc(F)c(O)c1)nn2Cc1ocnc1-c1ccccc1,4.0,0
N#CC1C(c2ccccc2)=Nc2c(c(-c3cccs3)nn2-c2ccccc2)C12C(=O)Nc1ccc(Br)cc12,6.82,1
CCOC(=O)C(C=Nc1ccc2ncnc(Nc3ccc(Oc4cccc(C(F)(F)F)c4)c(Cl)c3)c2c1)C(=O)OCC,7.64,1
COc1cc(O)c2c(=O)c(-c3cccc(Cl)c3)c[nH]c2c1,7.4,1
O=C(CCCCl)Nc1ccc2ncnc(Nc3ccc4[nH]ccc4c3)c2c1,8.07,1
Cc1ncc([N+](=O)[O-])n1CC(=O)NS(=O)(=O)c1ccc(Cl)cc1,5.82,0
COc1cc2c(N(C)c3ccc(-c4nc5ccccc5s4)c(OC)c3)ncnc2cc1OCCCN1CCN(C)CC1,5.85,0
Nc1nc(Nc2cccc(Br)c2)c2cc(Cc3ccccc3Cl)[nH]c2n1,5.37,0
C=CC(=O)Nc1cc(-c2c(-c3ccccc3)oc3ncnc(NCCO)c23)ccc1N(C)CCN(C)C,6.99,1
CS(=O)(=O)CCNCc1nc(-c2ccc3ncnc(Nc4ccc(OCc5ccccc5)c(Cl)c4)c3c2)cs1,8.1,1
O=C(Nn1c(-c2ccc(Br)cc2)cs/c1=N\c1ccc([N+](=O)[O-])cc1)c1ccc(Cl)cc1,5.08,0
C=CC(=O)N[C@H]1CCN(c2nc(Nc3ccccc3)nc3cnc(Nc4ccc(N5CCN(C)CC5)cn4)cc23)C1,8.035,1
COc1cc(C=C(C#N)C(=O)NCCCCNC(=O)C(C#N)=Cc2cc(OC)c(O)c([N+](=O)[O-])c2)cc([N+](=O)[O-])c1O,4.72,0
CN(C)/C=C/C(=O)Nc1cc2c(Nc3ccc(F)c(Cl)c3)ncnc2cc1O[C@H]1CCOC1,8.62,1
Clc1cccc(Nc2ncnc3[nH]c4ccccc4c23)c1,8.22,1
C=CC(=O)Nc1ccc(-n2c(=O)cnc3cnc(Nc4ccc(N5CCOCC5)cc4)nc32)cc1,5.25,0
Nc1ncnc2c1c(-c1ccc(F)c(O)c1)nn2[C@H]1CCOC1,5.32,0
Cc1ccc(C(=O)Nc2ccc(CN3CCN(C)CC3)c(C(F)(F)F)c2)cc1NC(=O)c1cnccn1,5.41,0
COCCn1c(=O)oc2cc3ncnc(Nc4ccc(OCc5ccc(Cl)cc5)c(Cl)c4)c3cc21,5.89,0
COC(=O)c1ccc(CNC(=O)CCc2c(SSc3[nH]c4ccccc4c3CCC(=O)NCc3ccc(C(=O)OC)c(O)c3)[nH]c3ccccc23)cc1O,4.0,0
N#CC(=Cc1ccc(O)c(O)c1)C(=O)Nc1ccccc1,5.9,0
COc1cc(N2CCN(C)CC2)ccc1Nc1ncc(Cl)c(Oc2ccc(CCOc3no[n+]([O-])c3S(=O)(=O)c3ccccc3)cc2)n1,5.53,0
CONC(=O)c1cc(Nc2ncnn3cc(NC(=O)OCC4CCCO4)c(C(C)C)c23)c(F)cc1F,5.26,0
C#CCNC(=O)c1cc(Nc2cc(C3CC3)[nH]n2)nc(N2CCN(Cc3ccc(S(=O)(=O)F)cc3)CC2)n1,7.415000000000001,1
NS(=O)(=O)c1ccc(Nc2nc3ncnc(Nc4c(F)cccc4F)c3s2)cc1,6.73,1
CC(C)n1nc(-c2ccc3c[nH]nc3c2)c2c(N)ncnc21,5.6,0
Nc1ncnc2[nH]nc(Nc3cccc(Cl)c3)c12,6.8,1
COc1ccc(-n2c(=O)cnc3cnc(Nc4ccc(N)cc4)nc32)cc1,4.59,0
COc1cc2c(Nc3ccc(Br)cc3F)ncnc2cc1OCCn1ccnn1,6.4,1
CC1(C)OB(c2ccc3ncnc(Nc4cccc(Cl)c4)c3c2)OC1(C)C,6.23,1
CN(C)c1ccc(CCCCCn2c3c(c4cc(OCCc5ccc(O)cc5)ccc42)CC(N)CC3)cc1,5.72,0
Nc1ncnc2c1c(-c1ccc(Cl)c(O)c1)nn2[C@@H]1CCNC1,4.91,0
OC1CCN(Cc2ccn3ncnc(Nc4ccc5c(cnn5Cc5cccc(F)c5)c4)c23)CC1,7.17,1
COc1cc(N(C)CCN(C)C)c(NC(=O)c2nccn2C)cc1Nc1nccc(-c2cn(C)c3ccccc23)n1,6.96,1
NC1CCc2c(c3cc(OCCc4ccc(O)cc4)ccc3n2CCCCCc2ccc(C(F)(F)F)cc2)C1,5.56,0
O=c1oc2cc3ncnc(Nc4ccc(F)c(F)c4)c3cc2n1CCCN1CCOCC1,6.24,1
Cc1[nH]c2ncnc(Nc3cccc(Cl)c3)c2c1C,7.57,1
Brc1cccc(Nc2ncnc3c2NCc2cc(Br)ccc2O3)c1,6.0,0
Cc1cc(C)cc(Nc2ncnc3cc4oc(=O)n(CCCN5CCOCC5)c4cc23)c1,4.12,0
CON=Cc1c(N)ncnc1Nc1ccc2c(cnn2Cc2cccc(F)c2)c1,8.1,1
CC(=O)N1N=C(c2ccc(C(F)(F)F)cc2)CC1c1ccc(C(=O)OC(C)Cn2c([N+](=O)[O-])cnc2C)cc1,5.175,0
COc1cc2ncnc(Nc3ccc(F)c(Cl)c3)c2cc1OCCCCCCCCNCc1ccc(-c2cccc(-c3ccccc3)c2C)nc1OC,6.39,1
CCOc1ccc(C(=O)Nc2ccc(OCc3ccccn3)c(Cl)c2)cc1NC(=O)/C=C/CN(C)C,5.92,0
O=c1c(-c2cccc(Cl)c2)coc2cc(O)cc(O)c12,5.97,0
C[C@@H](Nc1ncnc2[nH]c(-c3ccc(O)cc3)cc12)c1cccc(F)c1,8.05,1
COc1cc2ncnc(Nc3ccc(F)c(Cl)c3)c2cc1NC(=O)/C=C/CNC1CC1,8.68,1
CS(=O)(=O)CCNC(CS(C)(=O)=O)c1ccc(-c2ccc3ncnc(Nc4ccc(OCc5cccc(F)c5)c(Cl)c4)c3c2)o1,7.54,1
Clc1ncc2ncnc(Nc3cccc(Br)c3)c2n1,7.08,1
CN(C)CCOc1ccc(Nc2ncc3nc(Sc4ccc(F)cc4)n(C4CCOCC4)c3n2)cc1,6.94,1
CN1CCN(CCCNc2ncc3cc(-c4c(Cl)cccc4Cl)c(=O)n(C)c3n2)CC1,5.06,0
CN1CCN(c2ccc(Nc3ncc4nc(Nc5ccc(F)cc5)n([C@H]5CCN(S(=O)(=O)C6CC6)C5)c4n3)cc2)CC1,7.66,1
OCCNc1nc(Nc2cccc(F)c2)c2c[nH]nc2n1,4.18,0
O=[N+]([O-])CCc1c(SSc2[nH]c3ccccc3c2CC[N+](=O)[O-])[nH]c2ccccc12,4.05,0
COC(=O)c1c(OC)c2ccccc2c2oc3c(c12)C(=O)c1ccccc1C3=O,4.9,0
NC[C@H](Cc1cccc(F)c1)NC(=O)c1cc(Br)c(-c2ccnc3[nH]ccc23)s1,5.0,0
C=CC(=O)Nc1cc(-c2c(-c3ccccc3)oc3ncnc(NCC)c23)ccc1N(C)CCN(C)C,7.045,1
Cc1ncnc(Nc2ccc(OCc3cccc(F)c3)c(Cl)c2)c1C#C/C=N/OCCN1CCOCC1,7.42,1
C=CC(=O)Nc1cc(-n2c(=O)cc(C)c3cnc(Nc4ccc(N5CCN(C)C(C)C5)cc4OC)nc32)cc(C(F)(F)F)c1,7.18,1
O=C(Nc1cnn(-c2ccccc2)c1)c1cccc(NS(=O)(=O)c2ccc(Cl)cc2)c1,4.98,0
CCOC(=O)CCCn1c(=O)oc2cc3ncnc(Nc4ccc(OC)cc4)c3cc21,5.12,0
COc1nc(Nc2ccc(-c3nc4ccccc4s3)cc2)c2cc[nH]c2n1,5.11,0
Cc1cccc(Nc2ncnc3nc(Nc4ccc(S(N)(=O)=O)cc4)sc23)c1,7.85,1
Cc1c(OCC(F)(F)F)ccnc1COc1ccc(Nc2ncnc3cc4oc(=O)n(CCCN5CCOCC5)c4cc23)cc1,5.11,0
CON=Cc1c(N)ncnc1Nc1ccc2c(cnn2Cc2cccc(C#N)c2)c1,7.7,1
COc1ccc(C#CC(C)(C)N)cc1-c1[nH]nc2nc(Nc3ccc(F)cc3F)ncc12,5.28,0
COc1ccccc1C(=O)Nc1cccc(Nc2nccc(-c3cccnc3)n2)c1,4.0,0
O=c1[nH]nc(-c2c[nH]c(-c3ccccc3)c2-c2ccccc2)c2cn(-c3ccccc3)nc12,5.44,0
C#Cc1cccc(Nc2ncnc3sc(-c4ccccc4OC)cc23)c1,7.75,1
COc1cc(-c2nc3ccccc3s2)ccc1OCC(=O)NNC(=O)CN1CCCC1C(=O)O,6.47,1
COc1cc2c(Nc3ccc(Br)cc3F)ncnc2cc1OCCC1CCNCC1,6.7,1
COc1cc(Nc2c(C#N)cnc3cc(-c4coc(CN5CCN(C)CC5)c4)c(OC)cc23)c(Cl)cc1Cl,6.64,1
COc1cc2ncc(C(=O)NC3CC(C)(C)N([O])C(C)(C)C3)c(Nc3cccc(Br)c3)c2cc1OC,6.47,1
CCCCOC(=O)c1c(-c2ccccc2)nn2ccccc12,4.62,0
Cc1nc2c(F)cc(-c3nc(Nc4ccc5c(n4)CCN(CCN(C)C)C5)ncc3F)cc2n1C(C)C,5.71,0
C=CC(=O)N1CCC[C@@H](n2nc(-c3cn(-c4ccc(C(C)=O)cc4)nn3)c3c(N)ncnc32)C1,5.1,0
COc1ccc(-n2cc(NC(=O)c3cccc(NS(=O)(=O)c4ccccc4)c3)cn2)cc1,4.57,0
COc1cc(-c2nn(C(C)C)c3ncnc(N)c23)ccc1NC(C)CO,5.27,0
Fc1ccc(Nc2ncnc3cc4c(cc23)NCCO4)cc1Cl,8.89,1
c1ccc2sc(-c3ccc(Nc4ncnc5[nH]ccc45)cc3)nc2c1,5.89,0
C[C@@H](Nc1ncnc2sc(-c3ccc(S(C)(=O)=O)cc3)cc12)c1ccccc1,7.39,1
COc1cc(N2CCN(C)CC2)ccc1Nc1ncc(Cl)c(Oc2cccc(NC(=O)CCN3CCN(C)CC3)c2)n1,5.13,0
COc1cc2c(Oc3ccc(NS(=O)(=O)c4cccc(-c5ccoc5)c4)cc3F)ccnc2cc1OCCCN1CCOCC1,5.41,0
C[C@@H](Nc1ncnc2cc3oc(=O)n(CCCN4CCOCC4)c3cc12)c1ccccc1,5.35,0
CCCCNc1nc2oc(C)c(C(=O)NNC(=O)c3cc4ccccc4oc3=O)c2c(=O)n1-c1ccccc1,5.51,0
COc1cccc(-n2cc(NC(=O)c3cccc(NS(=O)(=O)c4ccc(Cl)cc4)c3)cn2)c1,4.81,0
CNS(=O)(=O)c1cccc(Nc2cc(Nc3cccc(S(=O)(=O)NC)c3)ncn2)c1,5.8,0
O=C1CSCC(=O)N1c1nnc2c3ccccc3nc(Sc3ccc(Br)cc3)n12,5.39,0
CC(C)n1nc(-c2ccc3[nH]cnc(=O)c3c2)c2c(N)ncnc21,5.13,0
CN1CCN(c2ccc(Nc3ncc4nc(Nc5ccc(F)cc5)n(C5CCN(C(=O)CO)CC5)c4n3)cc2)CC1,7.39,1
CCS(=O)(=O)Nc1nc(-c2ccc(F)cc2)c(-c2ccnc(Nc3cc(-c4cnn(C)c4)c(N4CCOCC4)cc3OC)n2)s1,7.15,1
COc1cc2c(Nc3ccc(NC(=O)c4ccccc4Cl)cc3)ncnc2cc1OCCCN1CCN(C)CC1,7.7,1
C=CC(=O)Nc1cc(Nc2nccc(Nc3cn(C)c4ccccc34)n2)c(OC)cc1N(C)CCN(C)CC(=O)OC,7.33,1
CNc1ncc(C(=O)Nc2cc(C(=O)Nc3ccc(CN4CCN(C)CC4)c(C(F)(F)F)c3)ccc2C)cn1,6.92,1
COc1cc2ncnc(Nc3cccc(Cl)c3F)c2cc1CN1CCC(C(N)=O)C1,7.1,1
CN(Cc1ccccc1)c1ncnc2[nH]c(-c3ccc(CO)cc3)nc12,6.96,1
C=CC(=O)Nc1cc(-c2c(-c3ccccc3)oc3ncnc(N[C@H]4CCC[C@H]4O)c23)ccc1N(C)CCN(C)C,7.685,1
O=C(Nc1cc(-c2cncnc2)cc(C(F)(F)F)c1)Nc1nccs1,7.14,1
CC(C)n1nc(-c2cccc(O)c2F)c2c(N)ncnc21,5.43,0
CN1CC[C@H](c2c(O)cc(O)c3c(=O)cc(-c4ccccc4Cl)oc23)[C@H](O)C1,4.68,0
CC(C)n1nc(-c2ccc3nonc3c2)c2c(N)ncnc21,5.08,0
CCOc1cc(-c2nn(C(C)C)c3ncnc(N)c23)ccc1OC,4.27,0
COc1ccc(-c2c3c4cc(O)c(OCCCN(C)C)cc4[nH]c(=O)c3n3ccc4cc(O)c(OC)cc4c23)cc1O,7.800000000000001,1
CNc1ncc2ncnc(Nc3ccccc3)c2n1,7.88,1
COc1cc2c(Nc3cccc(Br)c3)ncnc2cc1OCCOCCn1ccnc1[N+](=O)[O-],9.09,1
CCOc1cc(O)c2c(=O)cc(-c3ccccc3)oc2c1,4.5,0
Cc1c(C(=O)c2coc3c2cc(O)c2ccccc23)[nH]c(-c2ccccc2)c1-c1ccccc1,5.29,0
COc1cc2ncnc(Nc3ccc(C(=O)NC45CC6CC(CC(C6)C4)C5)c(C#N)c3)c2cc1OCCCN1CCOCC1,8.33,1
CCS(=O)(=O)n1cc(-c2nc(Nc3ccc(N4CCC(N5CCN(C)CC5)CC4)cc3OC)ncc2Cl)c2ccccc21,8.25,1
C=CC(=O)Nc1cc(Nc2ncc(F)c(-c3ccc4cc(C(=O)NC)n(C(C)C)c4c3)n2)ccc1N(C)CCN(C)C,7.12,1
N#CC(=Cc1ccc(O)c(O)c1)C(=O)N1CCN(C(=O)C(C#N)=Cc2ccc(O)c(O)c2)CC1,5.0,0
Brc1ccc2c(c1)CNc1c(NCc3ccccc3)ncnc1O2,5.22,0
CC(=O)NC[C@H]1CC[C@H](c2nc(-c3cc4ccccc4[nH]3)c3c(N)nccn32)CC1,5.45,0
Cc1cc(C)c(C)c(-c2cc3cnc(N)nc3nc2NC(=O)NC(C)(C)C)c1C,5.17,0
COc1cc2ncnc3c2cc1OCCCCCCOc1cccc(Cl)c1N3,6.56,1
CN1CCN(CCC(=O)N2CCOc3c2ccc2ncnc(Nc4ccc(F)c(Cl)c4)c32)CC1,7.59,1
N#CC(=Cc1cc(O)c(O)c(Br)c1)C(=O)NCCCNC(=O)C(C#N)=Cc1cc(O)c(O)c(Br)c1,5.94,0
COc1ccc(/C=C/C(=O)Nc2cc3c(Nc4ccc(F)c(Cl)c4)ncnc3cc2O[C@H]2CCOC2)c(OC)c1OC,8.44,1
CS(=O)(=O)NCCNCc1ccc(-c2ccc3ncnc(Nc4ccc(OCc5cccc(F)c5)c(Cl)c4)c3c2)o1.Cc1ccc(S(=O)(=O)O)cc1,7.73,1
COc1cc(CNCCN2CCNCC2)ccc1-c1cc2c(N[C@H](CO)c3ccccc3)ncnc2[nH]1,10.0,1
Nc1ncnc2c1c(-c1ccccc1)cn2-c1cccc(CNCCO)c1,5.47,0
COc1cc(NC(C)=O)ccc1-c1cc2c(N[C@H](CO)c3ccccc3)ncnc2[nH]1,9.1,1
COc1cc2ncnc3c2cc1OCCOCCOc1cc(ccc1Cl)N3,6.13,1
N#CC(=Cc1cc(O)c(O)c(O)c1)C(=O)NCCCCNC(=O)C(C#N)=Cc1cc(O)c(O)c(O)c1,5.449999999999999,0
C=CC(=O)Nc1ccc(OC)c(Nc2cc(-c3[nH]c(CCCO)nc3-c3ccc(F)cc3)ccn2)c1,8.1,1
COc1cccc(OC)c1-c1cc2c(N[C@H](CO)c3ccccc3)ncnc2s1,9.05,1
CCOC(=O)c1ccc(O)c(Nc2ncnc3cc4oc(=O)n(CCCN5CCOCC5)c4cc23)c1,6.64,1
O=C(/C=C/CN1CCCCC1)Nc1ccc2ncnc(Nc3cccc(Br)c3)c2c1,6.97,1
Cc1ccc(C2=NN(c3nc(-c4ccccc4)cs3)C(c3ccc(O)cc3)C2)cc1C,5.72,0
COc1ccc2c(c1)CNc1c(Nc3ccccc3)ncnc1O2,5.12,0
CCOc1cc2ncnc(Nc3cccc(-c4cc[nH]n4)c3)c2cc1OCC,7.96,1
Cc1ccc(NC(=O)CSc2nc3cc4ccccc4cc3c(=O)n2-c2ccc(S(N)(=O)=O)cc2)cc1C,5.41,0
O=S(=O)(CCNCc1ccc(-c2ccc3ncnc(Nc4ccc(OCc5cccc(F)c5)c(C(F)(F)F)c4)c3c2)o1)c1ccccn1,7.72,1
O=C(Nc1cc(-c2cccnc2)cc(C(F)(F)F)c1)Nc1nccs1,7.11,1
COc1cc(F)c(-c2nn(C(C)C)c3ncnc(N)c23)cc1F,4.99,0
CC(C)n1nc(-c2ccc3c(c2)CCO3)c2c(N)ncnc21,5.3,0
C=CC(=O)Nc1cccc(Nc2nc(Nc3ccc(C=Cc4cc(OC)cc(OC)c4)cc3)ncc2Cl)c1,6.67,1
C=CC(=O)Nc1ccccc1C1CCNc2c(C(N)=O)c(-c3ccc(OC4CCCC4)cc3)nn21,9.1,1
COc1ccc(-c2coc3cc(OCC(=O)N=CCc4ccc(O)cc4)ccc3c2=O)cc1,7.48,1
Cn1c(=O)c2[nH]c(SCC(=NO)c3ccc(Br)cc3)nc2n(C)c1=O,6.35,1
C=CC(=O)Nc1cccc(Nc2nc(Nc3ccc(N4CCN(CC(=O)NCCNc5cccc6c5C(=O)N(C5CCC(=O)N(C)C5=O)C6=O)CC4)cc3OC)ncc2C(F)(F)F)c1,6.359999999999999,1
COc1ccc(-n2cc(NC(=O)c3ccc(NS(=O)(=O)c4ccccc4)cc3)cn2)cc1,4.58,0
Clc1cc(Nc2ncnc3ccc(N=C4NC[C@H](COc5ccccc5)O4)cc23)ccc1OCc1nccs1,5.92,0
Nc1ncnc2c1c(-c1ccccc1)cn2C(CO)Cc1ccccc1,6.36,1
O=c1oc2cc3ncnc(Nc4ccc(OCc5ccccn5)cc4)c3cc2n1CCCN1CCOCC1,5.77,0
N#CC(=Cc1ccc(O)c(O)c1)C(=O)NC1CCCCC1,5.23,0
Cc1cc(N=C2NC(=O)/C(=C\c3c4ccccc4cc4ccccc34)S2)no1,7.27,1
COc1cc(N2CCC(N3CCN(S(C)(=O)=O)CC3)CC2)ccc1Nc1nccc(-c2c(-c3cccc(C(=O)Nc4c(F)cccc4F)c3)nc3ccccn23)n1,7.24,1
Cc1ccc(-c2nn(C(C)C)c3ncnc(N)c23)cc1O,6.18,1
CC(C)n1nc(-c2ccc3nccc(N)c3c2)c2c(N)ncnc21,4.0,0
CCCNN1C(=O)c2c(c3c4cccc(O)c4n(C4OC(CO)C(O)C(O)C4O)c3c3[nH]c4c(O)cccc4c23)C1=O,4.23,0
CON=Cc1c(N)ncnc1Nc1ccc2c(cnn2Cc2cccc(OC)c2)c1,6.57,1
Nc1ccc2sc3c(Nc4cccc(Br)c4)ncnc3c2c1,9.57,1
CC(=O)Nc1ccc(C#Cc2cncnc2Nc2ccc(OCc3cccc(F)c3)c(Cl)c2)cc1,4.6,0
COc1cc2c(cc1OC)Nc1[nH]cnc(=O)c1C2,4.12,0
COc1cc2c(Nc3ncc(CC(=O)Nc4cccc(F)c4)s3)ncnc2cc1OCCCN1CCC(CO)CC1,6.1,1
CC(C)(C)OC(=O)N1CCC(n2cc(-c3ccccc3)c3c(N)ncnc32)C1,5.08,0
O=C(/C=C/CN1CCCC1)N1CCOc2cc3ncnc(Nc4ccc(OCc5cccc(F)c5)c(Cl)c4)c3cc21,8.15,1
O=C(O)C=Cc1c(Cc2c(O)[nH]c3ccc(C(=O)O)cc23)[nH]c2c1CCCC2,4.25,0
CN(C)C/C=C/C(=O)Nc1cc2c(Nc3ccc(OCc4cccc(F)c4)cc3)ncnc2cc1O[C@H]1CCOC1,6.87,1
COc1ccc(C2=NN(c3nc(-c4ccc(Cl)cc4)cs3)C(c3ccc(O)cc3)C2)cc1,5.12,0
CC(C)n1nc(-c2ccc3nccnc3c2)c2c(N)ncnc21,4.75,0
CC(C)n1nc(-c2ccc(N)c(O)c2)c2c(N)ncnc21,5.67,0
C=CC(=O)N1CCCCCCCn2cc(c3ccccc32)-c2ccnc(n2)Nc2cc1ccc2F,8.625,1
Cc1ccc(C2=NN(c3ccccc3)C(c3ccc4ccccc4c3)C2)cc1,7.22,1
Cc1cc(Nc2ncc(Cl)c(Nc3ccccc3S(=O)(=O)C(C)C)n2)c(OC(C)C)cc1C1CCNCC1,6.05,1
O=C1NC(=O)c2c1c1c3cccc(O)c3[nH]c1c1c2c2cccc(O)c2n1C1OC(CO)C(O)C(O)C1O,4.05,0
C=CC(=O)Nc1cccc(-c2c(-c3ccc(N4CCN(C)CC4)cc3)oc3ncnc(NC4CCCC4)c23)c1,8.25,1
C=CC(=O)Nc1cc(Nc2nccc(Nc3cn(C)c4ccccc34)n2)c(OC)cc1N(C)CCN(C)C(=O)c1ccc(Br)cc1,7.21,1
COc1cc2ncnc(Nc3ccc(OCc4cccc(F)c4)c(Cl)c3)c2cc1NC(=O)/C(F)=C\CN(C)C,8.89,1
C=CC(=O)Nc1cccc(-c2c(-c3ccccc3)oc3ncnc(NC)c23)c1,7.220000000000001,1
Nc1ncnc2c1c(-c1ccc(Cl)c(O)c1)nn2[C@@H]1CCOC1,5.85,0
CC(C)n1nc(-c2cccc(C#N)c2)c2c(N)ncnc21,4.0,0
O=C(CCCc1c(SSc2[nH]c3ccccc3c2CCCC(=O)NCc2ccccc2)[nH]c2ccccc12)NCc1ccccc1,4.0,0
O=C(O[C@H]1CN[C@H](C#Cc2cc3ncnc(Nc4ccc5c(ccn5CCc5ccccc5)c4)c3s2)C1)N1CCOCC1,5.5,0
Oc1cc2cc(-c3ccncc3)cnc2cc1O,5.3,0
CCS(=O)(=O)n1cc(-c2nc(Nc3ccc(N4CCC(N5CCN(C)CC5)CC4)c(Cl)c3)ncc2Cl)c2ccccc21,8.075,1
C=CC(=O)Nc1cccc(Nc2nc(Nc3ccc(C=Cc4cc(Cl)cc(Cl)c4)cc3)ncc2Cl)c1,5.98,0
O=C(Cc1c(SSc2[nH]c3ccccc3c2CC(=O)NCc2ccccc2)[nH]c2ccccc12)NCc1ccccc1,4.42,0
COc1cc2nccc(Nc3ccc(F)c(Cl)c3)c2cc1NC(=O)/C=C/C(C)N1CCOCC1,4.97,0
CC(C)=NNc1nc(-c2ccc(Cl)cc2)cs1,5.7,0
CCS(=O)(=O)Nc1cc(-c2ccc3ncnc(Nc4cccc(C(=O)OC)c4)c3c2)cnc1OC,6.39,1
O=[N+]([O-])OCCCOc1ccc(Nc2ncnc3c2cnn3-c2ccc(Br)cc2)cc1,5.52,0
COc1cc2ncnc3c2cc1OCCOCCOc1ccc(Cl)c(c1)N3,4.425000000000001,0
CCc1ccc(NCC(=O)Nn2c(-c3ccccc3)nc3ccccc3c2=O)cc1,6.84,1
CCn1cnc2c(Nc3cccc(Cl)c3)nc(N[C@@H]3CCCC[C@@H]3N)nc21,5.495,0
O=c1c(-c2cccc(Cl)c2)coc2cc(O)ccc12,4.23,0
Oc1ccc(C2CC(c3ccc(Br)cc3)=NN2c2nc(-c3ccc(Cl)cc3)cs2)cc1,4.67,0
CC(C)Oc1cc2ncnc(Nc3ccc(F)c([N+](=O)[O-])c3)c2c2c1OCCO2,7.08,1
CON=Cc1c(N)ncnc1Nc1ccc(F)c(Cl)c1,7.16,1
COc1cc2ncnc(Nc3ccc(-c4nc5ccccc5s4)c(Cl)c3)c2cc1OCCCN1CCN(C)CC1,7.36,1
O=C(O)c1cc(NCc2cc(O)ccc2O)ccc1O,5.54,0
Clc1cccc(Nc2[nH]nc3ncnc(Oc4cccc(Cl)c4)c23)c1,4.62,0
C=CC(=O)N1CCC(C2CCNc3c(C(N)=O)c(-c4cc(OC)c(C5CCCC5)c(OC)c4)nn32)CC1,5.35,0
COc1cc2ncnc(Nc3cccc(Br)c3)c2cc1OCCCn1c([N+](=O)[O-])cnc1C,8.93,1
Brc1cccc(Nc2ncnc3cc(NCCCN4CCOCC4)ncc23)c1,8.72,1
O=C1NCCc2cc(Br)c(O)c(c2)Oc2c(Br)cc(cc2Br)CCNC(=O)C(=NO)Cc2cc(Br)c(O)c(c2)Oc2c(Br)cc(cc2Br)CC1=NO,5.7,0
COc1ccc(C2=NN(c3nc(-c4ccccc4)cs3)C(c3ccc(O)cc3)C2)cc1,5.27,0
NC1CCN(Cc2ccn3ncnc(Nc4cccc(Br)c4)c23)CC1,8.22,1
COc1cc2c(Nc3ccc(NC(=O)c4ccccc4)cc3)ncnc2cc1OCCCN1CCOCC1,6.96,1
Cc1c(C(=O)NCCc2ccc(N3CCCC3C)cc2)[nH]c2ccc(Cl)cc12,7.03,1
COc1ccc(-c2[nH]nc3ncnc(N)c23)cc1O,4.0,0
CO[C@@H]1[C@H](N(C)C(=O)c2ccccc2)C[C@H]2O[C@]1(C)n1c3ccccc3c3c4c(c5c6ccccc6n2c5c31)C(=O)NC4,5.52,0
C=CC(=O)Nc1ccc2c(c1)CNc1c(Nc3ccc(F)c(Cl)c3)ncnc1O2,5.31,0
Cn1c(=O)c(-c2c(Cl)cccc2Cl)cc2cnc(Nc3cccc(CO)c3)nc21,7.07,1
CN1CCN(Cc2ccc(-c3cc4ncnc(Nc5ccc(OCc6cccc(F)c6)c(Cl)c5)c4s3)o2)CC1,8.3,1
CCS(=O)(=O)Nc1nc(-c2ccc(F)cc2)c(-c2ccnc(Nc3ccc(N4CCN(C)CC4)c(C)c3)n2)s1,8.44,1
Nc1ncnc2c1c(-c1ccc(Cl)c(O)c1)nn2CC1CCCNC1,5.57,0
CC(C)n1nc(-c2ccc(Cl)c(O)c2)c2c(N)ncnc21,6.8,1
CN(C)CCCCCNc1c(Br)cccc1Nc1ncnc2ccncc12,8.07,1
COc1cc2ncnc(Nc3cccc(Cl)c3F)c2cc1OC1CCN(S(C)(=O)=O)CC1,8.7,1
COC(=O)c1ccc(-c2ccc(-c3ccccc3)cc2O)cc1,4.85,0
C=CC(=O)N1CCc2c(sc3ncnc(N[C@H](CO)c4ccccc4)c23)C1,8.1,1
CCc1c(C(=O)NCCc2ccc(N3CCOCC3)cc2)[nH]c2ccc(C(F)(F)F)cc12,7.03,1
C=CC(=O)Nc1cc(Br)cc(-n2c(=O)cc(C)c3cnc(Nc4ccc(N5CCN(C)CC5)cc4OC)nc32)c1,7.24,1
Cc1cccc(Nc2ncnc3ccncc23)c1NCCCN1CCN(C)CC1,8.25,1
COc1cc(N2CCN(C)CC2)ccc1Nc1ncc(Cl)c(Oc2cccc(NC(=O)CCN3CCN(CCO)CC3)c2)n1,5.62,0
O=C1c2cc(Oc3ccc(N4CCNCC4)cc3)ccc2Nc2ccc(F)cc2N1Cc1ccccc1,7.64,1
O=C(/C=C/c1ccccc1)Cc1cc2c(Nc3cccc(Br)c3)ncnc2cn1,8.04,1
C[C@@H](Nc1ncnc2sc(Br)cc12)c1cccs1,6.38,1
c1ccc(Cc2nc3cc(Nc4ncnc5nn6ccccc6c45)ccc3[nH]2)cc1,5.3,0
NC(=O)CCc1c(SSc2[nH]c3ccccc3c2CCC(N)=O)[nH]c2ccccc12,4.8,0
C=CC(=O)N1CC(C2CCNc3c(C(N)=O)c(-c4ccc(Oc5ccccc5)cc4)nn32)C1,8.125,1
CC(C)(O)C(=O)NCCn1ccc2ncnc(Nc3ccc(Oc4cccc5sncc45)c(Cl)c3)c21,8.15,1
CNC(=O)CCc1c(SSc2[nH]c3ccccc3c2CCC(=O)NC)[nH]c2ccccc12,5.03,0
CC(C)n1nc(-c2ccc(S(N)(=O)=O)cc2)c2c(N)ncnc21,4.0,0
C#Cc1cccc(Nc2ncnc3cc(OC)c(OCCCN4CCOCC4)cc23)c1,8.945,1
CCc1ccccc1NC(=O)N1C[C@@H](C)Oc2cc(-c3ccc([C@H]4CC[C@H](CC(=O)O)CC4)cc3)ccc21,5.12,0
C[C@@H]1[C@@H]2CN(c3nc(Nc4cnn(C)c4)ncc3F)C[C@]12NC(=O)C1CC1(F)F,5.39,0
COc1cc2ncnc(Nc3ccc(F)c(Cl)c3)c2cc1OCCN1CC2(CCO2)C1,6.72,1
COc1ccc(C2=NN(c3nc(-c4ccc(Cl)cc4)cs3)C(c3ccc([N+](=O)[O-])cc3)C2)cc1,5.07,0
NC1CCc2[nH]c3ccc(OCCc4ccc(O)cc4)cc3c2C1,4.82,0
C[C@H](N)C#Cc1cc2c(Nc3ccc(OCc4cccc(F)c4)c(Cl)c3)ncnc2s1,7.16,1
COCCn1c(=O)oc2cc3ncnc(Nc4ccc(OC)c(OC)c4)c3cc21,5.26,0
COc1cc2ncnc(Nc3ccc(-c4nc5ccccc5s4)c(F)c3)c2cc1OCCCN1CCN(C)CC1,5.64,0
CN(C)Cc1c[nH]c2cc3ncnc(Nc4cccc(Br)c4)c3cc12,8.59,1
COc1cc2ncnc(Nc3ccc(-c4nc5ccccc5s4)c(O)c3)c2cc1OC,5.66,0
Fc1cc2c(cc1Cl)Nc1ncnc3ccc(cc13)OCCOCCO2,6.08,1
COc1cc2c(Oc3ccc(NC(=O)C4(C(=O)Nc5ccc(F)cc5)CC4)cc3F)ccnc2cc1OCCCN1CCOCC1,5.52,0
CC(=O)Nc1ccc2c(c1)C(c1ccccc1Cl)=Nc1c[nH]nc1N2,6.14,1
COc1cc2ncnc(Nc3cccc(Cl)c3F)c2cc1Oc1ccnc(/C=C/CN2CCOCC2)c1,9.4,1
CCC(=O)Nc1ccc2c(C#N)cnc(Nc3cccc(Br)c3)c2c1,4.68,0
Cc1[nH]c2ncnc(Nc3cccc(C(F)(F)F)c3)c2c1C,5.72,0
Cc1cc(Nc2ncc3cc(-c4c(Cl)cccc4Cl)c(=O)n(C)c3n2)ccc1F,6.41,1
C=CC(=O)Nc1cccc(-c2c(-c3ccccc3)oc3ncnc(N[C@@H](C)CO)c23)c1,7.335,1
Clc1ccc(-c2csc(N3N=C(c4ccc(Br)cc4)CC3c3ccc(Cl)cc3)n2)cc1,4.75,0
CC(C)n1nc(-c2ccc3ncccc3c2)c2c(N)ncnc21,6.21,1
Oc1ccc2ncnc(Nc3ccc(OCc4ccccc4)cc3)c2c1,7.01,1
CSc1cn2c(-c3cn[nH]c3)cnc2c(Nc2cc(C)ns2)n1,5.3,0
CN1CCC(NC(=O)c2cnc(NCc3cc(Cl)ccc3Cl)nc2NC2CCCC2)CC1,4.52,0
C=CC(=O)Nc1cccc(Oc2nc(Nc3ccc(N4CCN(CC(=O)NCCCOc5no[n+]([O-])c5S(=O)(=O)c5ccccc5)CC4)cc3OC)ncc2Cl)c1,7.23,1
COc1cc(N2CCN(C)CC2)ccc1Nc1ncc(Cl)c(Oc2ccc(COc3no[n+]([O-])c3S(=O)(=O)c3ccccc3)cc2)n1,5.96,0
O=C(CN1CCOCC1)Nc1ccc(Nc2ncc(Cl)c(Nc3ccccc3C(O)=NO)n2)cc1,6.925000000000001,1
[2H]C([2H])([2H])N(Cc1ccccc1)c1ncnc2[nH]c(-c3ccc(CO)cc3)cc12,7.77,1
C=CC(=O)Nc1cccc(-n2c(=O)cc(-c3ccccc3)c3cnc(Nc4ccc(N5CCN(C)CC5)cc4OC)nc32)c1,7.01,1
COc1cc2c(Nc3ccc(-c4nc5ccc(Cl)cc5s4)cc3)ncnc2cc1OCCCN1CCN(C)CC1,6.58,1
O=C(O[C@H]1CN[C@@H](C#Cc2cc3ncnc(Nc4ccc(OCc5cccc(F)c5)c(Cl)c4)c3s2)C1)N1CCOCC1,7.3,1
COc1ccc2nc(Cl)c(C3CC(c4ccc(C)cc4)=NN3c3nc(C)c(C(=O)Nc4ccccc4)s3)cc2c1,7.37,1
C=CC(=O)Nc1cc(Nc2ncc(F)c(-c3ccc4cc(C(=O)N(C)C)n(C(C)C)c4c3)n2)ccc1N1CCN(C(C)C)CC1,7.22,1
CN1CCC(NC(=O)c2cnc(Nc3cc(Cl)cc(Cl)c3)nc2NC2CCC(N(C)C)CC2)CC1,4.52,0
C=CC(=O)Nc1cc(Nc2nccc(-c3cn(S(=O)(=O)CC)c4ccccc34)n2)cc2cnn(CCN(C)C)c12,7.51,1
COc1cc2c(Nc3ccc(NC(=O)c4ccc(Cl)cc4)cc3)ncnc2cc1OCCCN1CCN(C)CC1,5.88,0
Cc1cccc(CN(C)c2ncnc3[nH]c(-c4ccc(CCC(=O)O)cc4)cc23)c1,7.52,1
COc1cc2c(Nc3ccc(C)cc3F)ncnc2cc1OCC1CCN(C)CC1,6.0,0
COc1cc2c(Nc3ccc(-c4nc5ccccc5s4)c(F)c3)ncnc2cc1OCCCN1CCN(C)CC1,6.37,1
CC(=O)Nc1nc(C(=O)NNC(=O)CCN2CCOCC2)cs1,6.84,1
O=C(Nc1cnn(-c2ccccc2)c1)c1ccc(NS(=O)(=O)c2ccccc2)cc1,4.59,0
CC(=O)N1N=C(c2ccccc2)CC1c1ccc(C(=O)OCCn2c([N+](=O)[O-])cnc2C)cc1,5.02,0
C#Cc1cccc(Nc2ncnc3cc(OC(C)COC)c4c(c23)OCCO4)c1,6.33,1
CCOc1ccc(-c2[nH]nc3ncnc(N)c23)cc1OC,4.0,0
C=CC(=O)Nc1cc(Nc2nccc(-c3cn(C)c4ccccc34)n2)c(OC)cc1N(C)CCN(C)Cc1ccc(Br)cc1,8.09,1
C#Cc1cccc(Nc2ncnc3cc(OCC)c(NC(=O)/C=C/CNC4CC4)cc23)c1,8.38,1
COc1cccc(-c2c(NC(=O)/C=C/[C@H]3CCCN3C)ccc3ncnc(Nc4ccc(OCc5cccc(F)c5)c(Cl)c4)c23)c1,8.08,1
N#CC(=Cc1ccc(O)c(O)c1)C(=O)c1cccs1,4.51,0
CCS(=O)(=O)Nc1nc(-c2ccc(F)cc2)c(-c2ccnc(Nc3ccc(N4CCOCC4)cc3OC)n2)s1,8.07,1
Nc1ncnc2c1c(-c1ccc(Cl)c(O)c1)nn2CC1CCNCC1,4.0,0
CN1CCN(C/C=C/C(=O)N2CCc3c(sc4ncnc(N[C@H](CO)c5ccccc5)c34)C2)CC1,7.05,1
CN1CCC(Oc2cccc3ncnc(Nc4ccc(OCc5ccccn5)c(Cl)c4)c23)CC1,6.85,1
N#Cc1cnc(Nc2cccc(Br)c2)c2cc(NC(=O)c3ccco3)ccc12,4.25,0
COc1cc2ncnc(Nc3cccc(-c4ccccc4)c3)c2cc1OC,6.9,1
CCOc1ccc(-c2nn(C(C)C)c3ncnc(N)c23)cc1OC,5.22,0
O=C(Nc1nccs1)C(c1cc(F)ccc1O)N1Cc2ccccc2C1=O,8.52,1
C[C@@H](Nc1ncnc2sc(-c3ccc(C(=O)O)cc3)cc12)c1ccccc1,7.72,1
COc1cc2nc(Cl)nc(Nc3ccc(S(=O)(=O)Nc4nccs4)cc3)c2cc1OC,5.01,0
Nc1scc2c1c(Nc1ccc(S(N)(=O)=O)cc1)nc1ncnc(N)c12,4.53,0
COc1cc(C=C(C#N)C(N)=O)cc(CSCc2ccccc2Cl)c1O,6.0,0
Cc1cc(C)c(NC(=O)C(C#N)=Cc2ccc(O)c(O)c2)c(C)c1,4.72,0
COc1ccc(C2=NN(c3nc(-c4ccccc4)cs3)C(c3ccc(C)cc3)C2)cc1,5.13,0
Cc1ccc(C2CC(c3ccc(C)c(C)c3)=NN2c2nc(-c3ccccc3)cs2)cc1,5.57,0
CCN(CC)CCn1ncc2cc(Nc3nccc(-c4cn(S(=O)(=O)CC)c5ccccc45)n3)cc(NC(C)=O)c21,7.89,1
O=C(Nc1ccccc1)c1cc2cc(O)c(O)cc2cn1,5.25,0
COc1cc2ncnc(Nc3cc(NC(=O)c4cccc(N(C)C)c4)ccc3Cl)c2cc1OC,4.54,0
NC(Cc1c(SSc2[nH]c3ccccc3c2CC(N)C(=O)NCc2ccccc2)[nH]c2ccccc12)C(=O)NCc1ccccc1,5.125,0
O=C(/C=C/c1ccccc1)Nc1cccc(Oc2cc(Nc3ccc(OCc4cccc(F)c4)c(Cl)c3)ncn2)c1,5.78,0
COc1cc(N2CCN(C)CC2)ccc1Nc1ncc(Cl)c(Oc2cccc(NC(=O)CCN(C)C)c2)n1,6.2,1
C=c1c(C(=O)N2CCN(C)CC2)c[nH]c1=Cc1c(O)[nH]c2ncnc(Nc3ccc(F)c(Cl)c3)c12,6.39,1
C=CC(=O)Nc1cccc(-c2c[nH]c3c(C(N)=O)c(-c4ccc(Oc5ccccc5)cc4)nn23)c1,6.68,1
CCOC(=O)C1CCCN1CC(=O)NNC(=O)COc1ccc(-c2nc3ccccc3s2)cc1OC,6.96,1
Fc1ccc(C2CC(c3ccc(Br)cc3)=NN2c2nc(-c3ccccc3)cs2)cc1,4.95,0
CCN(CC)CCNC(=O)c1[nH]c2cnnc(Nc3ccc(OCc4cccc(F)c4)c(Cl)c3)c2c1C,5.89,0
COc1ccc(C(Nc2ccc([N+](=O)[O-])cc2)n2c(=O)ccc3cc(O)ccc32)cc1,5.87,0
Cc1ccn2ncnc(Nc3ccc4c(cnn4Cc4cccnc4)c3)c12,5.75,0
CN(C)C/C=C(/F)C(=O)Nc1cc2c(Nc3ccc(F)c(Cl)c3)ncnc2cc1O[C@H]1CCOC1,9.51,1
Nc1ccc2c(c1)CNc1c(Nc3cccc(Br)c3)ncnc1O2,5.77,0
Nc1ncnc2c1c(-c1ccccc1)cn2-c1ccc(CO)cc1,6.16,1
CS(=O)(=O)N1CCCN(Cc2ccn3ncnc(Nc4ccc5c(cnn5Cc5cccc(F)c5)c4)c23)CC1,6.68,1
COc1cc(NC(=O)/C=C/CN2CCOCC2)cc2c(Nc3cccc(Br)c3)c(C#N)cnc12,5.27,0
C=CC(=O)NCCOc1cc(Cc2ccccc2)cc2[nH]c(-c3[nH]nc4cc(-c5cn[nH]c5)ccc34)cc12,5.35,0
CCOC(=O)c1ccc(O)c(Nc2ncnc3cc4oc(=O)n(CCOC)c4cc23)c1,6.36,1
CCc1ccc(/C=C2\C(=O)Nc3ccccc32)s1,4.36,0
COCCn1c(=O)oc2cc3ncnc(Nc4ccc(OC)cc4)c3cc21,5.29,0
C=CC(=O)Nc1cccc(-c2c(-c3ccccc3)oc3ncnc(NC4CC4)c23)c1,7.965,1
C=CC(=O)N1CCC(Oc2cc3c(Nc4ccc(Cl)c(Cl)c4F)ncnc3cc2OC[C@H]2CCCN2C)CC1,7.08,1
COc1ccc(-c2nn(C(C)(C)C)c3ncnc(N)c23)cc1OC,5.2,0
COc1cc2ncnc(Nc3cccc(NC(=O)c4ccccc4)c3F)c2cc1OC,5.55,0
CCNc1ncc2cc(-c3c(Cl)cccc3Cl)c(=O)n(C)c2n1,5.35,0
O=C1NC(c2ccc(OCc3ccc(Cl)cc3)cc2)Nc2ccccc21,5.455,0
CCN(CC)c1nc2oc(C)c(C(=O)NNC(=O)c3cc4ccccc4oc3=O)c2c(=O)n1-c1ccccc1,5.52,0
CCS(=O)(=O)N1CCC(c2nc(-c3ccc(F)cc3)c(-c3ccnc(Nc4ccc(N5CCOCC5)c(F)c4)n3)s2)CC1,7.11,1
O=C(/C=C/CNC1CC1)Nc1cc2c(Nc3ccc(F)c(Cl)c3)ncnc2cc1OCC(F)(F)F,8.16,1
CCOC(=O)CCCn1c(=O)oc2cc3ncnc(Nc4ccc(OCc5ccccn5)cc4)c3cc21,5.64,0
CCC(=O)O[C@H]1CN[C@H](C#Cc2cc3ncnc(Nc4ccc(OCc5cccc(F)c5)c(Cl)c4)c3s2)C1,7.2,1
C=CC(=O)Nc1cc(Nc2nccc(Nc3cn(C)c4ccccc34)n2)c(OC)cc1N(C)CCN(C)CC(=C)C,7.19,1
N#Cc1cccc(NC(=O)Nc2ncnc3nn4ccccc4c23)c1,5.0,0
O=C(Nc1nccs1)C(c1ccccc1)N1Cc2ccc(-c3ccc4[nH]ccc4c3)cc2C1=O,7.82,1
COc1cccc(-n2cc(NC(=O)c3cccc(NS(=O)(=O)c4ccccc4)c3)cn2)c1,4.64,0
COC(=O)CN1CCC(n2cc(-c3cccc(OC)c3)c3c(N)ncnc32)CC1,5.83,0
Cc1cccc(Nc2ncnc3cnc(NCCN4CCOCC4)nc23)c1,8.63,1
c1ccc(C2=NN(c3ccccc3)C(c3ccc4ccccc4c3)C2)cc1,6.62,1
c1ccc(-c2cc(N3Cc4ccccc4C3)nc3ccccc23)cc1,7.505,1
C=CC(=O)Nc1ccc2c(c1)CNc1c(Nc3cccc(Br)c3)ncnc1O2,5.24,0
O=C(Nc1cncnc1Oc1cccc(C(F)(F)F)c1)c1ccc(F)cc1,5.53,0
COc1cccc(Nc2ncc3cc(-c4c(Cl)cccc4Cl)c(=O)n(C)c3n2)c1,7.52,1
COc1cc(C2=C(c3c[nH]c4ccccc34)C(=O)NC2=O)cc(OC)c1OC,4.8,0
C=CC(=O)Nc1cc(Nc2nccc(-c3cn(C)c4cccnc34)n2)c(OC)cc1N(C)CCNC,5.18,0
C=CC(=O)Nc1cccc(N2C(=O)N(c3ccc4ccccc4c3)Cc3cnc(Nc4ccc(N5CCN(C)CC5)cc4OC)nc32)c1,9.1,1
O=C(Nc1cccc(C(F)(F)F)c1)Nc1ncnc2nn3ccccc3c12,5.0,0
C=CC(=O)Nc1cccc(-n2c(=O)cc(C)c3cnc(Nc4ccc(N5CCN(C)C(C)C5)cc4OC)nc32)c1,6.77,1
N#CC(=Cc1ccc(O)c(O)c1)C(=O)NCCCCCCCCNC(=O)C(C#N)=Cc1ccc(O)c(O)c1,5.17,0
CCOC(=O)C(=O)Oc1ccc(-c2c(C(=O)OCC)oc3cc(O)cc(O)c3c2=O)cc1.O=C(O)C(=O)O,6.0,0
Brc1cccc(Nc2ncnc3c2NCc2ccccc2O3)c1,5.47,0
COc1cc(C2=C(c3c[nH]c4ccc(Br)cc34)C(=O)NC2=O)cc(OC)c1OC,5.24,0
O=C(Nc1ccc(Br)cc1)Nc1ncnc2nn3ccccc3c12,5.0,0
CC(=O)c1ccc(Nc2nccc(-c3cn(C)c4ccccc34)n2)cc1OCCOCCn1ccnc1[N+](=O)[O-],5.855,0
Nc1ncnc2occ(-c3ccc(NC(=O)Nc4cc(C(F)(F)F)ccc4F)cc3)c12,5.0,0
O=c1oc2cc3ncnc(Nc4ccc(OCc5ccc(Cl)cc5)c(Cl)c4)c3cc2n1CCCN1CCOCC1,7.21,1
CN(C)c1ccc(/C=N\Nc2nc(-c3nc4ccccc4n3C)cs2)cc1,6.98,1
COc1ccc(-c2nn([C@@H]3CCNC3)c3ncnc(N)c23)cc1O,4.9,0
CC(=O)N1N=C(c2ccc(Br)cc2)CC1c1ccc(C(=O)OCCn2c([N+](=O)[O-])cnc2C)cc1,5.38,0
C=CC(=O)N1CCC[C@@H](n2nc(-c3cn(-c4cc(C(F)(F)F)cnc4C#N)nn3)c3c(N)ncnc32)C1,7.885,1
O=C1Nc2ccccc2C1=Cc1cc2c([nH]1)CCC(Br)C2,4.88,0
Nc1cccc(Nc2nccc(-c3cccnc3)n2)c1,4.3,0
CCOc1cc2nccc(Nc3cccc(Br)c3)c2cc1NC(=O)/C=C/CN1CCOCC1,4.99,0
Fc1cccc(COc2ccc(Nc3ncnc4sc(Br)cc34)cc2Cl)c1,6.59,1
COc1cc2ncnc(Nc3ccc(Cl)c(NC(=O)c4ccccc4)c3)c2cc1OC,5.66,0
C=CC(=O)Nc1ccc(OC)c(Nc2cc(-c3c(-c4ccc(F)cc4)nc(SC)n3C)ccn2)c1,6.96,1
CCOC(=O)Nc1ccc(Nc2ncnc3cc(OCCN4CCOCC4)c(OC)cc23)cc1C,5.1,0
Nc1[nH]nc2cccc(-c3ccc(NC(=S)Nc4cc(Br)ccc4OC(F)(F)F)cc3)c12,5.27,0
Cn1nc(-c2ccc3ncccc3c2)c2c(N)ncnc21,4.47,0
CCOCCSc1nc(-c2ccccc2Cl)nn1CCOCC,7.06,1
COc1cc2c(Oc3ccc(NS(=O)(=O)c4cccc(-c5cccs5)c4)cc3F)ccnc2cc1OCCCN1CCN(C)CC1,5.98,0
C=CC(=O)Nc1cccc(N2C(=O)N(c3ccc(OCc4ccccc4)cc3)Cc3cnc(Nc4ccc(N5CCN(C)CC5)cc4OC)nc32)c1,8.78,1
O=C(CCc1c(SSc2[nH]c3ccccc3c2CCC(=O)NCc2ccc(C(=O)O)cc2)[nH]c2ccccc12)NCc1ccc(C(=O)O)cc1,5.13,0
O=C(Nc1ccc([N+](=O)[O-])cc1Cl)c1cc(Cl)ccc1O,4.98,0
COc1cc(N2CCC(N3CCN(C)CC3)CC2)ccc1Nc1ncc(Cl)c(-c2cn(S(=O)(=O)C(C)C)c3ccccc23)n1,7.62,1
O=C(NN=Cc1ccc(O)cc1)Nc1cc2c(Nc3ccc(F)c(Cl)c3)ncnc2cc1O[C@H]1CCOC1,7.25,1
O=C(O[C@H]1CN[C@H](C#Cc2cc3ncnc(Nc4ccc(OCc5cccc(F)c5)c(Cl)c4)c3s2)C1)N1CCCC1,7.0,1
COCC(=O)NCC=Cc1ccc2ncnc(Nc3ccc(Oc4ccc(C)nc4)c(C)c3)c2c1,5.19,0
COc1ccc(NC(=S)NNc2nncc3ccccc23)cc1,7.28,1
Nc1ncnc2c1ncn2-c1ccccc1,4.82,0
O=C1N=C(N2CCCC2C(=O)Nc2ccc3ncnc(Nc4cccc(Cl)c4)c3c2)S/C1=C/c1ccc(Br)s1,4.5,0
O=C(O)c1cc(CCc2cc(O)ccc2O)ccc1O,5.48,0
CCOc1cc2ncnc(Nc3cccc(-c4ccco4)c3)c2cc1OCC,8.52,1
CC(C)n1nc(-c2ccc3nc(NN)ccc3c2)c2c(N)ncnc21,5.16,0
COc1ccc2c(c1)CNc1c(Nc3cccc(Br)c3)ncnc1O2,5.51,0
Nc1ncnc2c1ncn2CC(=O)c1cccnc1,4.03,0
CN(C)C/C=C/C(=O)Nc1ccc2ncnc(Nc3ccc(OCc4ccccn4)c(Cl)c3)c2c1-c1ccccc1,8.54,1
Cc1ccn2ncnc(Nc3ccc4[nH]ncc4c3)c12,6.68,1
FC(F)(F)c1ccc(-n2cnnc2SCc2nc(COc3c(Cl)cccc3Cl)no2)cc1,5.2,0
Nc1ncnc2c1c(-c1ccccc1)cn2-c1ccc(CNCCO)cc1,5.85,0
CCOc1ccc(-c2nn(C3CCCCC3)c3ncnc(N)c23)cc1OC,5.94,0
CN(c1ccccc1)c1ncnc2cc3oc(=O)n(CCCN4CCOCC4)c3cc12,5.14,0
CCOc1cc(N)c(C(=O)Nc2ccc(OCc3ccccn3)c(Cl)c2)cc1NC(=O)c1ccc(CN2CCN(C)CC2)cc1,6.0,0
C#Cc1cccc(Nc2ncnc3cc(OCCCN4C[C@H](O)[C@@H](O)[C@H](O)[C@H]4CO)c(OC)cc23)c1,8.31,1
CN(C)C(=O)O[C@@H]1CN[C@H](C#Cc2cc3ncnc(Nc4ccc(OCc5cccc(F)c5)c(Cl)c4)c3s2)C1,7.1,1
COc1cc(C=C(C#N)C(N)=O)cc(CSc2nc3ccccc3o2)c1O,5.28,0
Fc1ccc(Nc2ncnc3ccc(C#Cc4ccccc4)cc23)cc1Cl,6.48,1
COCOc1cc(-c2nn(C(C)C)c3ncnc(N)c23)ccc1Br,5.37,0
CN(C)S(=O)(=O)c1ccc(Nc2nc(Cl)nc3cc4c(cc23)OCO4)cc1,4.74,0
Brc1cccc(Nc2ncnc3ccncc23)c1NCCCn1ccnc1,9.29,1
NC(=S)N1N=C(c2ccc(Cl)cc2)CC1c1cccc2ccccc12,6.03,1
CC(=O)OC[C@H]1O[C@@H](N(C(C)=O)C2=NN(C(C)=O)C(c3cc(=O)oc4cc(OCC(C)C)ccc34)S2)[C@H](OC(C)=O)[C@@H](OC(C)=O)[C@@H]1OC(C)=O,6.66,1
N#CC(C#N)=C1CCc2c1ccc(O)c2O,5.16,0
C=c1[nH]c2[nH]c(O)c(Cc3ccc4ccccc4n3)c2c(=C)c1=O,4.73,0
CS(=O)(=O)CCNCc1ccc(-c2ccc3ncnc(Nc4ccc(OCc5cccc(Br)c5)cc4)c3c2)o1,7.37,1
C[C@@H](Nc1ncnc2sc(Br)cc12)c1ccccn1,5.68,0
Nc1c(O)cccc1Nc1ncnc2ccncc12,7.15,1
NS(=O)(=O)c1ccc(Nc2nc3ncnc(Nc4ccc(N5CCOCC5)c(Cl)c4)c3s2)cc1,5.48,0
COc1ccc(C2=NN(c3nc(-c4ccccc4)cs3)C(c3ccc(Cl)cc3)C2)cc1,5.31,0
CNC(=O)c1ccccc1Nc1nc(Nc2ccc(NC(=O)CN3CCOCC3)c(C)c2)ncc1Cl,8.41,1
COc1cc(C=C(C#N)C#N)cc(CS(=O)(=O)c2ccc(C)cc2)c1O,4.64,0
N#CC(C#N)C=Nc1ccc2ncnc(Nc3ccc(OCc4cccc(F)c4)c(Cl)c3)c2c1,6.35,1
c1ccc(-c2cc3ncnc(Nc4ccc5[nH]ncc5c4)c3s2)cc1,5.8,0
OCCCCNc1cncc(-c2cncc(Nc3cccc(Cl)c3)n2)c1,5.13,0
COc1cc(N(C)CCN(C)C)c(NC(=O)c2ccnc(Cl)c2)cc1Nc1nccc(-c2cn(C)c3ccccc23)n1,6.38,1
Cc1ccccc1Cc1cc2c(Nc3cccc(Br)c3)nc(N)nc2[nH]1,5.04,0
Cc1ccc(-c2c(CN3CCOCC3)nc3scc(C(=O)NN)n23)cc1,6.61,1
CCOc1cc2ncc(C#N)c(Nc3cccc(Br)c3)c2cc1NC(=O)/C=C/CN1CCOCC1,4.99,0
C=CC(=O)Nc1cccc(N2C(=O)N(c3ccc(-c4ccccc4)cc3)Cc3cnc(Nc4ccc(N5CCN(C)CC5)cc4OC)nc32)c1,8.85,1
Nc1ncnc2c1c(-c1cccc(OCc3ccccc3)c1)cn2[C@H]1C[C@@H](CN2CCC2)C1,5.28,0
Nc1nc(Nc2cccc(Br)c2)c2cc(Cc3ccc(Cl)c(Cl)c3)[nH]c2n1,4.7,0
C#Cc1cccc(Nc2ncnc3cc(O[C@H]4CCOC4)c(NC(=O)C=C)cc23)c1,7.49,1
COc1cc(C(N)=O)ccc1-c1cc2c(N[C@H](C)c3ccccc3)ncnc2[nH]1,9.4,1
N#CC(=Cc1cc(Cc2ccccc2)c(O)c(Cc2ccccc2)c1)C(N)=O,6.22,1
CC(=O)Nc1nc(C(=O)NNC(=O)CCN2CCCCC2)cs1,5.04,0
COC(=O)CCCC(=O)Nc1cccc(C#Cc2cncnc2Nc2ccc(OCc3cccc(F)c3)c(Cl)c2)c1,7.51,1
COc1cc2c(Oc3ccc(C4SCC(=O)N4NC(=O)Nc4ccc(F)cc4F)cc3)ccnc2cc1OCCCN1CCOCC1,5.47,0
COc1cc2ncnc(Nc3ccc(F)c(Cl)c3)c2cc1OCCCCCCNCc1c(OC)cc(OCc2cccc(-c3ccccc3)c2C)cc1OC,6.08,1
COc1cc2ncnc(Nc3ccc(O[C@H]4CO[C@H]5[C@@H]4OC[C@@H]5O)c(Cl)c3)c2cc1OC,8.28,1
Nc1ncnc2c1c(-c1ccccc1)cn2-c1ccccc1CNCCO,5.19,0
C=CC(=O)Nc1cccc(-n2c(=O)cc(C)c3cnc(Nc4cnn(CCN(C)C)c4)nc32)c1,6.35,1
Fc1ccc(Nc2ncnc3nc(Nc4ccc(CN5CCCCC5)cc4)sc23)cc1Cl,8.0,1
Cc1ccc(-n2cc(NC(=O)c3cccc(NS(=O)(=O)c4ccc(Cl)cc4)c3)cn2)cc1,5.06,0
O=C(NCCn1ccc2ncnc(Nc3ccc(Oc4cccc5sncc45)c(Cl)c3)c21)C1CCCN1,8.52,1
CCN(CC)CCn1c([Se][Se]c2c(C(=O)NC)c3ccccc3n2CCN(CC)CC)c(C(=O)NC)c2ccccc21,5.16,0
NC(=O)CN1CCC(n2cc(-c3cccc(O)c3)c3c(N)ncnc32)C1,6.4,1
COc1cc(Nc2ncnc3[nH]nc(OCCN4CCC(O)CC4)c23)ccc1OCc1cccc(F)c1,7.89,1
C=CC(=O)Nc1ccc(-n2c(=O)cnc3cnc(Nc4ccc(OC)cc4)nc32)cc1,5.29,0
Nc1ncnc2c1c(-c1ccc(F)c(O)c1)nn2CC1CCNCC1,4.0,0
C=C1CC(c2ccccc2)(C(Br)c2ccccc2)OC1=O,4.695,0
COc1cc(-c2nn(C(C)C)c3ncnc(N)c23)ccc1F,5.41,0
N#CC(=Cc1ccc(O)c(O)c1)C(=O)NCCCNC(=O)C(C#N)=Cc1ccc(O)c(O)c1,5.94,0
C[C@H](Nc1ncnc2c1[nH]c1ccccc12)c1ccccc1,6.38,1
COc1cc2ncnc(Nc3ccc(-c4nc5ccccc5s4)cc3)c2cc1OC,5.82,0
COc1ccc(-c2c3c4cc(OC)c(OCCCN(C)C)cc4[nH]c(=O)c3n3ccc4cc(O)c(OC)cc4c23)cc1O,8.025,1
C=CC(=O)NC1=CC=C2N=CN=C(Nc3ccc(Oc4ccccc4)cc3)C21,8.24,1
ON=C(O)c1ccc(-c2ccc3ncnc(Nc4ccc(OCc5cccc(F)c5)c(Cl)c4)c3c2)o1,8.41,1
CS(=O)(=O)CCNCCCOc1ccc2ncnc(Nc3ccc(OCc4ccccc4)cc3)c2c1,6.98,1
OCCCc1nc(-c2ccc(F)cc2)c(-c2ccnc3[nH]c(-c4ccccc4)cc23)[nH]1,7.68,1
C=CC(=O)Nc1cccc(-n2c(=O)cc(C)c3cnc(Nc4ccc(N5CCN(C)CC5)cc4OCCC)nc32)c1,6.57,1
COc1ccc2c(c1)SCc1cnc(-c3ccccc3)nc1-2,5.33,0
OC1(c2nc(-c3ccc(F)cc3)c(-c3ccnc(NC4CCCCC4)c3)o2)CCNCC1,5.83,0
N#C/C(=C\c1cc(O)c(O)c(Br)c1)S(=O)(=O)/C(C#N)=C/c1cc(O)c(O)c(Br)c1,5.96,0
O=c1c(O)c(-c2ccc(O)c(O)c2)oc2cc(O)cc(O)c12,5.44,0
Cc1cccc(Cl)c1NC(=O)c1cnc(NC(=O)C2CC2)s1,5.0,0
CO[C@H]1[C@@H](N(C)C(=O)c2cccc(Cl)c2)C[C@@H]2O[C@@]1(C)n1c3ccccc3c3c4c(c5c6ccccc6n2c5c31)C(=O)NC4,5.34,0
Cc1ccc(C2=NN(c3nc(-c4ccccc4)cs3)C(c3ccc([N+](=O)[O-])cc3)C2)cc1C,5.42,0
O=C(Nc1nccs1)C(c1ccccc1)N1Cc2ccccc2C1=O,7.62,1
CCOc1cc(-c2nn(CCO)c3ncnc(N)c23)ccc1OC,5.1,0
COc1ccc(C(=O)Nc2ccc(Nc3ncnc4cc(OCCCN5CCN(C)CC5)c(OC)cc34)cc2)cc1,5.96,0
CNc1ncc2cc(-c3c(Cl)cccc3Cl)c(=O)n(C)c2n1,5.12,0
COc1cc2nccc(Nc3ccc(F)c(Cl)c3)c2cc1NC(=O)/C=C/CN1CCOCC1,4.87,0
CN1CCN(c2ccc3c(n2)nc(-c2ccc(F)cc2)n3-c2ccnc(NC3CCCC3)n2)CC1,5.06,0
C=c1cc(C(=O)NCCN(CC)CC)[nH]c1=Cc1c(O)[nH]c2ncnc(Nc3ccc(F)c(Cl)c3)c12,8.92,1
CCOc1ccc(C2=NN(C(C)=O)C(c3ccc(C(=O)OCCn4c([N+](=O)[O-])cnc4C)cc3)C2)cc1,4.82,0
COc1ccc(-c2nn(C[C@@H](C)CO)c3ncnc(N)c23)cc1OC,4.75,0
CN1C(=O)C(=C(C#N)C#N)c2cc(O)ccc21,4.58,0
COCCOc1cc2ncnc(Nc3ccc(OCc4ccccn4)cc3)c2cc1NC(=O)/C=C/CN(C)C,8.0,1
C=CC(=O)Nc1cc2c(Nc3cccc(Br)c3)ncnc2cc1OCCCn1ccnc1,8.52,1
N#Cc1cnc(Nc2cccc(Br)c2)c2cc(NC(=O)CCc3cc4ccccc4[nH]3)ccc12,4.55,0
Nc1ncnc2c1c(-c1cccc3[nH]ccc13)nn2C1CCCC1,5.85,0
CS(=O)(=O)CCNCc1cc(-c2cc3ncnc(Nc4ccc(OCc5cccc(F)c5)c(Cl)c4)c3s2)co1,8.4,1
COc1ccc2c(c1)CNc1c(NCc3ccccc3)ncnc1O2,5.7,0
COc1cc(OC)c2c(c1)Oc1ncnc(Nc3cccc(Br)c3)c1NC2,5.2,0
CCOC(=O)CCCn1c(=O)oc2cc3ncnc(Nc4ccc(Cl)cc4)c3cc21,5.92,0
CN(C)CCN(C)c1c(Br)cccc1Nc1ncnc2ccncc12,7.39,1
COc1cc2ncnc(Nc3ccc(F)c(Cl)c3)c2cc1CN1CCC(C(N)=O)C1,8.22,1
CN1CCC(Oc2cccc3ncnc(Nc4ccc(OCc5ccccn5)cc4)c23)CC1,5.68,0
N#CC(C#N)C=Nc1ccc2ncnc(Nc3ccc(OCc4ccccn4)c(Cl)c3)c2c1,5.52,0
CNS(=O)(=O)c1cccc(N(C)c2cc(Nc3cccc(C)c3)ncn2)c1,5.7,0
COc1cccc(-c2cn(C3CCNC3)c3ncnc(N)c23)c1,5.95,0
Cc1ccc(NC(=O)c2ccc(CN3CCN(C)CC3)cc2)cc1C(=O)Nc1nccc(-c2cccc(F)c2)n1,5.22,0
O=[N+]([O-])c1ccc(C2CC(c3ccc(Br)cc3)=NN2c2nc(-c3ccccc3)cs2)cc1,4.8,0
NC1CCc2c(c3cc(OCCc4ccc(O)cc4)ccc3n2CCCc2ccccc2)C1,5.6,0
CCOc1cc(N)c(C(=O)Nc2ccc(OCc3cccc(F)c3)c(Cl)c2)cc1NC(=O)/C=C/CN(C)C,5.82,0
O=C(Nc1ccc(Cl)cc1)c1ccccc1NCc1ccncc1,5.14,0
Nc1cc2ncnc(Nc3ccccc3N)c2cn1,5.27,0
C=CC(=O)Nc1cccc(Nc2nc(Nc3ccc(C=Cc4ccc(C)cc4C)cc3)ncc2Cl)c1,6.0,0
CC(C)n1nc(-c2ccc(F)c(O)c2)c2c(N)ncnc21,5.85,0
C[C@@H](Nc1ncnc2[nH]c(-c3ccc(C(=O)O)cc3)cc12)c1ccccc1,8.96,1
COCCOc1cc2ncnc(Nc3ccc(F)c(Cl)c3)c2cc1NC(=O)/C=C/CN1CCCCC1,8.68,1
Cc1ccc(-n2cc(C(=O)c3c(C)[nH]c(-c4ccccc4)c3-c3ccccc3)c(C(=O)Nc3ccccc3)n2)cc1,5.35,0
Cc1cccc(Nc2ncnc3cnc(NCCCN4CCOCC4)cc23)c1,8.74,1
CN(CC(O)CO)c1c(Br)cccc1Nc1ncnc2ccncc12,8.49,1
[2H]C([2H])([2H])n1cc(-c2ccnc(Nc3cc(NC(=O)C=C(C)C)c4c(cnn4CCN(C)C)c3)n2)c2ccccc21,6.69,1
O=C(Nc1cnn(-c2ccccc2)c1)c1ccc(NS(=O)(=O)c2ccc(Cl)cc2)cc1,4.73,0
Cc1cccc(C)c1NC(=O)C(C#N)=Cc1ccc(O)c(O)c1,4.99,0
Cc1ccccc1-c1cn(-c2ccccc2)c2ncnc(N)c12,5.58,0
COc1cc(N2CCOCC2)c(-c2cn[nH]c2)cc1Nc1ncc(Cl)c(Nc2ccccc2P(C)(C)=O)n1,8.25,1
Cc1cc(=O)n(-c2ccc(F)cc2)nc1C(=O)Nc1ccc(Oc2ncnc3ccsc23)c(F)c1,5.16,0
OCCN(CCO)CCNc1cc2ncnc(Nc3cccc(Br)c3)c2cn1,8.04,1
COc1cc(O)c2c(=O)c(-c3cccc(Cl)c3)cn(CCc3ccccc3)c2c1,5.61,0
Fc1ccc(Nc2ncnc3nc(Nc4ccccc4)sc23)cc1Cl,7.23,1
COc1cc2ncnc3c2cc1OCCOCCOc1c(Cl)cccc1N3,5.845000000000001,0
CC#CC(=O)Nc1cnc2ncc(C#N)c(Nc3cccc(Br)c3)c2c1,5.2,0
C=CC(=O)Nc1cccc(N2C(=O)N(C)Cc3cnc(Nc4ccccc4)nc32)c1,8.16,1
CN(C)C(=O)O[C@@H]1CN[C@@H](C#Cc2cc3ncnc(Nc4ccc(OCc5cccc(F)c5)c(Cl)c4)c3s2)C1,7.4,1
Nc1ncnc2c1c(-c1ccc(F)c(O)c1)nn2[C@@H]1CCNC1,4.81,0
CCOC(C)Oc1cc2ncnc(Nc3ccc(F)c(C#N)c3)c2c2c1OCCO2,6.45,1
COc1ccc(C(Nc2ccc(Cl)cc2)n2c(=O)ccc3cc(O)ccc32)cc1,5.95,0
Nc1ncnc(Nc2ccc3c(cnn3Cc3cccc(F)c3)c2)c1C=NO,7.92,1
COc1ccc(-c2c3c4cc(OCCCN(C)C)c(O)cc4[nH]c(=O)c3n3ccc4cc(O)c(OC)cc4c23)cc1O,7.705,1
COc1ccc(C2=NN(c3nc(-c4ccccc4)cs3)C(c3ccc(OC)cc3)C2)cc1,5.16,0
Cn1cc(NC(=O)c2cccc(NS(=O)(=O)c3ccc(Cl)cc3)c2)cn1,4.52,0
O=C(Nc1ccccc1)c1ccc(Nc2ncnc3[nH]ccc23)cc1,4.52,0
O=C(Nc1ccccc1)NN1C(=O)c2c(c3c4cccc(O)c4n(C4OC(CO)C(O)C(O)C4O)c3c3[nH]c4c(O)cccc4c23)C1=O,4.02,0
C=CC(=O)Nc1cccc(N2C(=O)CN(Cc3ccccc3)C(=O)c3cnc(Nc4ccc(N5CCN(C)CC5)cc4OC)nc32)c1,8.2,1
Cc1ncc([N+](=O)[O-])n1CC(=O)NS(=O)(=O)c1ccc(F)cc1,6.41,1
COc1cc2c(Nc3cccc(Br)c3)ncnc2cc1OCCCn1ccnc1[N+](=O)[O-],9.31,1
O=C(O)CNc1c(Br)cccc1Nc1ncnc2ccncc12,8.82,1
C=CC(=O)Nc1cc2c(Nc3cccc(Br)c3)ncnc2cc1OCCCN1CCOCC1,8.44,1
COc1cccc2c1sc1c(Nc3cccc(Br)c3)ncnc12,7.9,1
Brc1ccc2c(c1)CNc1c(Nc3ccccc3)ncnc1O2,5.0,0
C=c1c(C(=O)NCCN(CC)CC)c(C)[nH]c1=Cc1c(O)[nH]c2ccc(Cl)cc12,5.52,0
COc1cc(C2=C(c3cn(COCC[Si](C)(C)C)c4ccccc34)CNC2=O)cc(OC)c1OC,4.66,0
COc1ccc2c(c1)CCc1c-2nc(N)c(C#N)c1-c1ccc(OC)cc1OC,6.89,1
CN(C)C(=O)CCc1c(SSc2[nH]c3ccccc3c2CCC(=O)N(C)C)[nH]c2ccccc12,4.92,0
Cc1cccc(Nc2ncnc3cnc(Cl)nc23)c1,6.42,1
Cc1cc2cc(Nc3ccnc4cc(-c5ccc(CN6CCOCC6)cc5)sc34)ccc2[nH]1,5.9,0
Nc1ncnc2c1c(-c1ccc(Cl)c(O)c1)nn2C1CCC1,5.94,0
O=C(Nc1nccs1)Nc1cc(-c2cncnc2)ccc1OC(F)(F)F,7.14,1
CN1CCC(O)(c2nc(-c3ccc(F)cc3)c(-c3ccncc3)o2)CC1,6.1,1
CCOC(=O)CCCc1ccc(Nc2ncc3cc(-c4c(Cl)cccc4Cl)c(=O)n(C)c3n2)cc1,6.16,1
C=CC(=O)Nc1cccc(Oc2nc(Nc3ccc(N4CCN(C)CC4)cc3OC)ncc2Cl)c1,8.425,1
CC(C)n1nc(-c2ccc(C=O)c(F)c2)c2c(N)ncnc21,5.05,0
O=C(/C=C/C(=O)Nc1cc2c(Nc3cccc(Br)c3)ncnc2cn1)NCCCn1ccnc1,9.25,1
COc1ccc(-c2c3c4cc(OCCN(C)C)c(OCCN(C)C)cc4oc(=O)c3n3ccc4cc(O)c(OC)cc4c23)cc1O,6.675,1
C#Cc1cccc(Nc2ncnc3cc4oc(=O)n(CCCC(=O)OCC)c4cc23)c1,5.24,0
OCCCNc1cncc(-c2cncc(Nc3cccc(Cl)c3)n2)c1,5.87,0
O=C1NCCc2ccc(O)c(c2)Oc2c(Br)cc(cc2Br)CCNC(=O)C(=NO)Cc2cc(Br)c(O)c(c2)Oc2c(Br)cc(cc2Br)CC1=NO,5.54,0
C#Cc1cccc(Nc2ncnc3cc4c(cc23)N(C(=O)/C=C/CN2CCCC2)CCO4)c1,8.52,1
NC1CCN(Cc2ccn3ncnc(Nc4ccc(F)c(Cl)c4)c23)CC1,8.0,1
COc1cc2c(Nc3ccc(Br)cc3F)ncnc2cc1OCCC1CCN(C)CC1,6.7,1
CC(C)N(CCC(=O)c1ccc2ccccc2c1)Cc1ccccc1,5.6,0
COc1cc(N2CCC(N3CCN(C)CC3)CC2)c(C)cc1Nc1nccc(-n2cc(CN[C@H](C)CO)c(-c3ccccc3)n2)n1,7.14,1
CC(C)N1CCC(n2cc(CNc3cc(Cl)c4ncc(C#N)c(Nc5ccc(F)c(Cl)c5)c4c3)nn2)CC1,4.66,0
CN(C)C/C=C/C(=O)N1CCc2c(sc3ncnc(N[C@H](CO)c4ccccc4)c23)C1,7.16,1
O=c1[nH]nc(-c2c[nH]c(-c3ccccc3)c2-c2ccccc2)c2cn(-c3ccc(Cl)cc3)nc12,5.36,0
CN(C)C/C=C/C(=O)Nc1ccc(-c2cncc(C#N)c2Nc2ccc(OCc3cccc(F)c3)c(Cl)c2)cc1,6.18,1
C#Cc1cccc(Nc2ncnc3cc(OC)c(NC(=O)/C=C/CNC4CC4)cc23)c1,8.1,1
CCNc1cc2sc3c(Nc4cccc(Br)c4)ncnc3c2cc1F,8.1,1
N#CC(=Cc1cc(O)c(O)c(CSCc2ccccc2)c1)C(N)=O,6.19,1
O=C(O[C@H]1CN[C@H](C#Cc2cc3ncnc(Nc4ccc5c(ccn5Cc5ccccc5)c4)c3s2)C1)N1CCOCC1,7.05,1
COc1ccc(C2=NN(C(C)=O)C(c3ccc(C(=O)OC(C)Cn4c([N+](=O)[O-])cnc4C)cc3)C2)cc1,4.67,0
Cn1c(-c2csc(N/N=C\c3ccccc3)n2)nc2ccccc21,5.91,0
COc1ccc(C2=NN(c3nc(-c4ccc(Cl)cc4)cs3)C(c3ccc(Cl)cc3)C2)cc1,5.11,0
CCN(CC)CCOc1c(C(=O)OC)c2c3c(oc2c2ccccc12)C(=O)c1ccccc1C3=O,5.29,0
CC(=O)NCCNCc1ccc(-c2cc3nccc(Nc4ccc5[nH]ccc5c4)c3s2)cc1,8.7,1
CCOc1cc2nc(C)nc(Nc3cccc(-c4csc(C)n4)c3)c2cc1OCC,5.05,0
CCN(CC)CCNC(=O)c1c([Se][Se]c2c(C(=O)NCCN(CC)CC)c3ccccc3n2C)n(C)c2ccccc12,5.33,0
Nc1ncnc2c1c(-c1ccc3c[nH]nc3c1)nn2C1CCCC1,6.12,1
C=CC(=O)Nc1cccc(N2C(=O)OCc3cnc(Nc4ccc(N5CCN(C)CC5)cc4OC)nc32)c1,7.54,1
N#Cc1c(-c2ccc3ncc(C(N)=O)c(Nc4cccc(Br)c4)c3c2)csc1N,6.31,1
COc1cc(Nc2c(C#N)cnc3cc4cc(OCCN5CCOCC5)c(OC)cc4cc23)c(Cl)cc1Cl,5.57,0
Cc1ccc(-n2cc3c(-c4c[nH]c(-c5ccccc5)c4-c4ccccc4)n[nH]c(=O)c3n2)cc1,5.46,0
OC[C@@H](Nc1ncnc2[nH]c(-c3cccnc3)cc12)c1ccccc1,8.66,1
CN(C)CCn1ncc2cc(Nc3nccc(-c4cn(C)c5ccccc45)n3)ccc21,6.43,1
C=CC(=O)Nc1ccc(Nc2ncnc3cc(OC)c(OCCN4CCOCC4)cc23)cc1,7.675,1
COc1cccc(-c2cn(C3CCN(CCN(C)CCO)CC3)c3ncnc(N)c23)c1,6.53,1
COc1cc2ncnc(Nc3cc(Cl)ccc3F)c2cc1OCCCN1CCOCC1,7.29,1
C[C@H](Nc1ncnc2c1sc1ccccc12)c1ccccc1,6.27,1
CNC(=O)c1c([Se][Se]c2[nH]c3ccccc3c2C(=O)NC)[nH]c2ccccc12,4.89,0
Nc1ncnc2c1c(-c1ccc3ncccc3c1)nn2C1CCCC1,5.68,0
Clc1ccc(C2=NN(c3ccccc3)C(c3ccc4ccccc4c3)C2)cc1,6.96,1
COc1ccc(/C=C/C(=O)c2ccc(NC(=O)c3cc4cc5cc(C)ccc5nc4s3)cc2)cc1OC,6.3,1
C=CC(=O)Nc1cc2c(Nc3ccc(F)c(Br)c3)ncnc2cc1OCCCN1CCOCC1,8.74,1
N#CCCc1c(SSc2[nH]c3ccccc3c2CCC#N)[nH]c2ccccc12,4.33,0
C=CC(=O)Nc1cc(Nc2nccc(-c3cn(C)c4cccnc34)n2)c(OC)cc1NCCN(C)C,4.82,0
CNC(=O)c1nn(C)c2c1C(C)(C)Cc1cnc(Nc3ccc(N4CCN(C)CC4)cc3)nc1-2,5.51,0
O=C(Nc1cccc(Nc2cc(Nc3cccc(C(F)(F)F)c3)ncn2)c1)C1CC1,7.68,1
COC(=O)c1ccc(C(=O)N(C)[C@H]2C[C@@H]3O[C@](C)([C@H]2OC)n2c4ccccc4c4c5c(c6c7ccccc7n3c6c42)C(=O)NC5)cc1,5.13,0
Brc1cccc(Nc2ncnc3sccc23)c1,7.46,1
C#Cc1cccc(Nc2ncnc3cc(OCCCCn4ccnc4[N+](=O)[O-])c(OC)cc23)c1,9.59,1
COc1cc(-c2nc(=O)c3c([nH]2)sc2ccc(C)cc23)ccc1OCC(=O)O,5.62,0
COc1cc(N2CCN(C(C)=O)CC2)ccc1Nc1ncc(Cl)c(Nc2cccc(NC(=O)CCl)c2)n1,6.02,1
C=CC(=O)Nc1cccc(Nc2nc(Nc3ccc(SCC(=O)N4CCOCC4)cc3)ncc2Cl)c1,8.04,1
Nc1ncnc2c1ncn2CC(=O)c1ccccn1,4.05,0
c1ccc(Cn2ncc3cc(Nc4ncnn5ccc(COC[C@@H]6CNCCO6)c45)ccc32)nc1,6.3,1
c1cncc(Cn2ncc3cc(Nc4ncnn5ccc(COC[C@@H]6CNCCO6)c45)ccc32)c1,6.09,1
CCOC(=O)CNc1cccc(Oc2cc(Nc3ccc(OCc4cccc(F)c4)c(Cl)c3)ncn2)c1,6.43,1
CCN(CC)CCNC(=O)c1c(C)[nH]c(C=C2CNc3ccc(F)cc32)c1C,5.23,0
FC(F)(F)c1ccc(/C=N/Nc2nc(-c3ccc(Cl)cc3Cl)cs2)cc1,5.26,0
C[C@@H](Nc1ncnc2[nH]c(-c3ccncc3)cc12)c1ccccc1,9.22,1
Cc1ccc(-n2cc(NC(=O)c3cccc(NS(=O)(=O)c4ccccc4)c3)cn2)cc1,5.02,0
CCOc1cc2ncnc(Nc3cccc(-c4csc(C)n4)c3)c2cc1OCC,5.32,0
CC(=O)N1N=C(c2ccc(C)cc2)CC1c1ccc(C(=O)OCCn2c([N+](=O)[O-])cnc2C)cc1,4.96,0
CCOc1cc([N+](=O)[O-])c(C(=O)Nc2ccc(F)c(Cl)c2)cc1NC(=O)c1ccc(CN2CCN(C)CC2)cc1,5.3,0
CC(C)Oc1cccc(Nc2ncnc3cc4oc(=O)n(CCCN5CCOCC5)c4cc23)c1,5.52,0
O=C(O)CCc1c(SSc2[nH]c3ccccc3c2CCC(=O)O)[nH]c2ccccc12,5.32,0
COc1cc2c(Oc3ccc(NS(=O)(=O)c4ccccc4C(F)(F)F)cc3F)ccnc2cc1OCCCN1CCC(C)CC1,6.23,1
C=CC(=O)N[C@H]1CCCN(c2nc(Nc3ccccc3)nc3cnc(Nc4ccc(N5CCN(C)CC5)cn4)cc23)C1,7.85,1
CCOC(=O)CCCn1c(=O)oc2cc3ncnc(Nc4ccc(F)c(F)c4)c3cc21,6.85,1
COc1ccccc1Nc1nccc(-c2cc3c([nH]2)C2(CCN(C(=O)C#CN(C)C)CC2)CNC3=O)n1,8.415,1
N#CC(=Cc1ccc(O)c(O)c1)C(=O)NCCN1CCN(C(=O)C(C#N)=Cc2ccc(O)c(O)c2)CC1,5.33,0
CCOc1ccc(Nc2ncnc3cc4oc(=O)n(CCCN5CCOCC5)c4cc23)cc1,5.85,0
NS(=O)(=O)c1ccc(Nc2nc(Cl)nc3cc4c(cc23)OCO4)cc1,4.46,0
C=CC(=O)NCCOc1cc(Cc2ccccc2)cc2[nH]c(-c3[nH]nc4cc(C(F)F)ccc34)cc12,5.63,0
COC[C@H]1Oc2cc3ncnc(Nc4cccc(I)c4)c3cc2O[C@@H]1COC,8.78,1
COc1cc(C2=C(c3c[nH]c4ccccc34)CNC2=O)cc(OC)c1OC,4.64,0
CN(C)C/C=C/C(=O)N1CCc2c(sc3ncnc(NCCO)c23)C1,5.31,0
C=CC(=O)Nc1cc2c(Nc3cccc(Cl)c3F)ncnc2cc1OCc1cn(CCCCC(O)=NO)nn1,8.92,1
NC1CCc2c(c3cc(OCCc4ccc(O)cc4)ccc3n2CCCCCc2ccccc2)C1,6.0,0
CN1CCN(c2ccc(Nc3ncc4nc(Nc5ccccc5)n([C@@H]5CCN(S(=O)(=O)C6CC6)C5)c4n3)cc2)CC1,7.575,1
C#Cc1cccc(Nc2ncnc3cc(OCC4CCCO4)c4c(c23)OCCO4)c1,7.56,1
COC(=O)CN1CCC(n2cc(-c3cccc(O)c3)c3c(N)ncnc32)C1,6.13,1
COc1cc2ncnc3c2cc1OCCOCCOCCOc1c(Cl)cccc1N3,6.35,1
CN1CCN(c2ccc(Nc3ncc4cc(CNc5ccccc5)n(C5CCCC5)c4n3)cc2)CC1,7.77,1
O=C(/C=C/CN1CC[S+]([O-])CC1)Nc1cc2c(Nc3ccc(F)c(Cl)c3)ncnc2cc1O[C@H]1CCOC1,6.96,1
O=C1NN(c2ccc(F)c(Cl)c2)C(=O)/C1=C\c1cccc(OC(=O)c2cccs2)c1,5.46,0
C=CC(=O)Nc1ccc2ncnc(Nc3ccc4[nH]cc(Br)c4c3)c2c1,9.04,1
CN(C)CCCNc1cc2ncnc(Nc3cccc(Br)c3)c2cn1,8.06,1
O=C(/C=C/c1ccccc1)Nc1cc2c(Nc3cccc(Br)c3)ncnc2cn1,8.04,1
CC(OC(=O)CCCC(=O)N(CCS(C)(=O)=O)Cc1ccc(-c2ccc3ncnc(Nc4ccc(OCc5cccc(F)c5)c(Cl)c4)c3c2)o1)c1cc2c(o1)C(=O)c1ccccc1C2=O,8.13,1
CCOc1cc(N)c(C(=O)Nc2ccc(OCc3cccc(F)c3)c(Cl)c2)cc1NC(=O)c1ccc(CN2CCN(C)CC2)cc1,5.3,0
O=C(Nc1ccc(C(F)(F)F)cc1)Nc1ncnc2nn3ccccc3c12,5.0,0
COc1cc2ncnc(Oc3cccc(Br)c3)c2cc1OC,5.12,0
COc1cc2ncnc(Nc3ccc(F)c(Cl)c3)c2cc1NC(=O)/C(F)=C\CN1CCOCC1,9.52,1
CN(C)CCCC(=O)Nc1ccc2c(C#N)cnc(Nc3cccc(Br)c3)c2c1,5.39,0
C=CC(=O)Nc1cccc(Nc2nc(Nc3ccc(N4CCN(CC(=O)NCCNc5cccc6c5CN(C5CCC(=O)NC5=O)C6=O)CC4)cc3OC)ncc2C(F)(F)F)c1,5.815,0
C=CC(=O)Nc1cccc(N2C(=O)CN(c3ccccc3)C(=O)c3cnc(Nc4ccc(N5CCN(C)CC5)cc4OC)nc32)c1,8.16,1
CN1CCN(Cc2ccc(C(=O)Nc3ccc(-c4cncc(C#N)c4Nc4ccc(OCc5cccc(F)c5)c(Cl)c4)cc3)cc2)CC1,5.6,0
COc1ccc(C=O)cc1-c1cc2c(N[C@H](C)c3ccccc3)ncnc2s1,8.52,1
Nc1nc(Nc2cccc(Br)c2)c2cc(Cc3ccccc3)[nH]c2n1,5.78,0
COc1cc(N2CCC(N)CC2)ccc1Nc1ncc(C(=O)OC(C)C)c(-c2cn(C)c3ccccc23)n1,9.25,1
COC(=O)c1c(OCCCN(C)C)c2ccccc2c2oc3c(c12)C(=O)c1ccccc1C3=O,4.87,0
C=CC(=O)Nc1cc(-c2c(-c3ccccc3)oc3ncnc(NC4CCCC4)c23)ccc1N(C)CCN(C)C,7.825,1
COc1ccccc1CNc1ncc(C(=O)NC2CCN(C)CC2)c(NC2CCCC2)n1,4.52,0
C[C@H](CN)n1nc(-c2ccc(F)c(O)c2)c2c(N)ncnc21,4.0,0
CN(C)CCn1ccc2cc(Nc3nccc(-c4sc(NS(=O)(=O)c5ccc(F)cc5)nc4-c4ccc(F)cc4)n3)ccc21,7.82,1
COc1cc(C2=C(c3c[nH]c4ccc(I)cc34)C(=O)NC2=O)cc(OC)c1OC,5.77,0
CCc1cc(Nc2ncc(Br)c(Nc3ccn4ncnc4c3P(C)(C)=O)n2)c(OC)cc1N1CCC(N2CCN(CC)CC2)CC1,9.585,1
Cc1ccc2ccc(-c3nn(C(C)C)c4ncnc(N)c34)cc2n1,4.75,0
COc1cc2ncnc(Nc3ccc(F)c(Cl)c3)c2cc1OCCCCCCNCc1ccc(-c2cccc(-c3ccccc3)c2C)nc1OC,6.48,1
Cc1ncnc(Nc2ccc(OCc3cccc(F)c3)c(Cl)c2)c1C#Cc1ccc(CNCCS(C)(=O)=O)o1,7.35,1
NS(=O)(=O)c1ccc(Nc2nc3ncnc(Nc4ccccc4)c3s2)cc1,7.09,1
CC(=O)Nc1nc(-c2ccc(F)cc2)c(-c2ccnc(Nc3ccc4c(ccn4CCN(C)C)c3)n2)s1,8.08,1
COc1cc2c(cc1OC)Oc1ncnc(Nc3ccc(F)c(Cl)c3)c1NC2,5.92,0
CS(=O)(=O)CCNCc1ccc(-c2ccc3ncnc(Nc4ccc(OCc5cccc(C(F)(F)F)c5)cc4)c3c2)o1,7.04,1
COc1ccc(-c2nc(-c3ccc(-c4nc(-c5nnc(-c6ccncc6)o5)c[nH]4)cc3)no2)cc1,5.97,0
Cc1ccc(NC(=O)/C=C/CN(C)C)cc1C(=O)Nc1ccc(OCc2cccc(F)c2)c(Cl)c1,6.35,1
Cc1ncc([N+](=O)[O-])n1CC(=O)NS(=O)(=O)c1ccc(Br)cc1,5.66,0
CCOC(=O)c1ccc(N2CCOCC2)c(NS(=O)(=O)c2cc(Br)c(Cl)s2)c1,4.96,0
COc1cc2ncnc(Nc3cc(Cl)ccc3F)c2cc1OC1CCN(C)CC1,6.97,1
CC1CCCCN1C/C=C/C(=O)N1CCOc2cc3ncnc(Nc4ccc(F)c(Cl)c4)c3cc21,8.52,1
Cc1cccc(C)c1Nc1ncc(-c2ccc(OCC3CCCN(C)C3)cc2)n2cncc12,5.56,0
Cn1cc(-c2ccnc(Nc3cc(OCCOCCn4ccnc4[N+](=O)[O-])ccc3F)n2)c2ccccc21,5.91,0
CN1CCN(C/C=C/C(=O)N2CCOc3cc4ncnc(Nc5ccc(OCc6cccc(F)c6)c(Cl)c5)c4cc32)CC1,8.22,1
COc1cc2c(Nc3c(F)cc(Cl)cc3F)ncnc2cc1OCC1CCNCC1,6.3,1
CCN(CC)CCCNc1ncc2cc(-c3c(Cl)cccc3Cl)c(=O)n(C)c2n1,5.859999999999999,0
COc1ccc(-n2cc(NC(=O)c3cccc(NS(=O)(=O)c4ccc(Cl)cc4)c3)cn2)cc1,4.81,0
C=CC(=O)N1CCC[C@H](n2nc(C(=O)c3ccc(CC(=O)N(C)C)c(C)c3C)c3c(N)ncnc32)C1,7.19,1
COc1cc2c(Oc3ccc(NS(=O)(=O)c4cccc(-c5cnn(C)c5)c4)cc3F)ccnc2cc1OCCCN1CCOCC1,5.86,0
CC(C)n1nc(-c2ccc3c(ccn3C(=O)OC(C)(C)C)c2)c2c(N)ncnc21,6.75,1
NCCCNC(=O)c1cccc(Nc2nccc(-c3cccnc3)n2)c1,4.35,0
CCOC(=O)c1ccc(-c2cn(-c3ccccc3)c3ncnc(N)c23)cc1,5.89,0
COCCOc1cc2ncnc(Nc3ccc(OCc4ccccn4)c(Cl)c3)c2cc1NC(=O)/C=C/CN(C)C,8.27,1
Nc1nc(Nc2cccc(Br)c2)c2cc(Cc3ccc(-c4ccccc4)cc3)[nH]c2n1,5.21,0
OCc1ccc(-c2cc3c(N[C@H](CO)c4ccccc4)ncnc3[nH]2)cc1F,9.22,1
CC(C)n1nc(-c2ccc(C(N)=O)c(Cl)c2)c2c(N)ncnc21,4.0,0
COc1cc2ncnc(Nc3cccc(Cl)c3F)c2cc1CN(C)C1(C(N)=O)CN(C)C1,7.7,1
COc1cc2ncnc(Nc3ccc(F)c(Cl)c3)c2cc1NC(=O)/C=C/CN1CCCCC1,8.22,1
CC(=O)NC(Cc1c(SSc2[nH]c3ccccc3c2CC(NC(C)=O)C(=O)NCc2ccccc2)[nH]c2ccccc12)C(=O)NCc1ccccc1,4.29,0
COc1cc(/C=N/NC(=O)COc2nc(C)nc3c2c(C)nn3-c2ccccc2)cc(OC)c1OC,5.38,0
CCNC(=O)Nc1nc2nc(NCCCCN(CC)CC)ncc2cc1-c1c(Cl)cccc1Cl,5.895,0
Cc1[nH]c2ncnc(Nc3cccc(C(=O)O)c3)c2c1C,4.79,0
COc1ccc(C2=NN(C(C)=O)C(c3ccc(C(=O)OCCn4c([N+](=O)[O-])cnc4C)cc3)C2)cc1,5.07,0
COc1ccc(CCCCCn2cc(CCN)c3cc(OCCc4ccc(O)cc4)ccc32)cc1,5.36,0
COc1ccc(-c2cc3c(N(C)Cc4ccccc4)ncnc3[nH]2)cc1,7.14,1
O=c1oc2cc3ncnc(NCc4ccccc4)c3cc2n1CCCN1CCOCC1,4.19,0
CC(=O)N1N=C(c2ccccc2)CC1c1ccc(C(=O)OC(C)Cn2c([N+](=O)[O-])cnc2C)cc1,4.91,0
