smiles,pchembl,label
Brc1c[nH]nc1-c1nc(-c2ccc(Oc3ccccc3)cc2)no1,,0
Brc1ccc(Cn2ccc3nc(-c4cc(Br)cc(Br)c4)nc-3c2)cc1,,0
Brc1cccc(Nc2ncnc3cnc(NCCCN4CCOCC4)cc23)c1,9.0,1
C#CCN(C[C@@H]1C(C(=O)OC)C(C(=O)OC)C[C@@H](OC(=O)NC2CCCC2)[C@H]1OC(=O)NC1CCCC1)S(=O)(=O)c1ccc(C)cc1,,0
C#CCN(NC(=O)C(C)N)C(=O)N1CCCC1C(=O)NC(c1ccccc1)c1ccccc1,,0
C#CCNC/C=C/C(=O)Nc1cc2c(Nc3ccc(F)c(Cl)c3)c(C#N)cnc2cc1OCC,10.52,1
C#CCNc1cc(O)c2c(O)c3c(c(O)c2c1O)=C[C@](C)(O)[C@H](O)C=3,,0
C#CCOc1c(Br)cc(Br)cc1Oc1ccc(Br)cc1Br,,0
C#Cc1cccc(Nc2ncnc3cc(OCCO)c(OCCOC)cc23)c1,9.0,1
C#Cc1cccc(Nc2ncnc3cc(OCCOC(=O)c4ccc(C(=O)Nc5ccc6c(c5)C(C)(C)CCC6(C)C)cc4)c(OCCOC)cc23)c1,7.5,1
C#Cc1cccc(Nc2ncnc3ccc(S(=O)(=O)n4ccc(/C=C/C(=O)Nc5ccccc5N)c4)cc23)c1,6.5,1
C#Cc1cccc(Nc2ncnn3ccc(CN4CCC(N)CC4)c23)c1,8.0,1
C(=C/c1ccccc1)\CN1CCN(C(c2cccs2)c2nnnn2Cc2ccccc2)CC1,,0
C/C(=C/C[C@@]12OC(C)(C)[C@@H]3CC(=CC4C(=O)c5c(O)cccc5O[C@]431)C2=O)COC(=O)c1ccccc1,,0
C/C(=C/[C@@H](O)[C@H](O)C(C)(C)O)[C@H]1CC[C@]2(C)[C@@H]1[C@H](O)C[C@@H]1[C@@]3(C)CC[C@H](O)C(C)(C)[C@@H]3[C@@H](O[C@@H]3O[C@H](CO)[C@@H](O)[C@H](O)[C@H]3O)C[C@]12C,,0
C/C(=C\Cc1c(CCC(=O)c2ccc(O)cc2O)ccc(O)c1O)CCCC(C)(C)O,,0
C/C(=C\c1csc(C)n1)[C@H]1C[C@@H]2O[C@]2(C)CCC[C@H](C)C(O)C(C)C(=O)C(C)(C)[C@@H](O)CC(=O)O1,,0
C/C(=N\NC(=O)CNC(=O)C(c1ccccc1)c1ccccc1)c1ccc(C(C)(C)C)cc1,,0
C/C(=N\OCC(C)C)c1ccc2c(c1)c1c3c(c4c(c1n2CC(C)C)CCc1nn(C)cc1-4)C(=O)NC3,,0
C/C(=N\OCc1ccc(-c2ccc(C(F)(F)F)cc2)cc1)c1ccc(CNCCC(=O)O)cc1,,0
C/C(=N\OCc1ccc(-c2ccccc2F)c(C(F)(F)F)c1)c1ccc(CNCCC(=O)O)cc1,,0
C/C=C(\C)C(=O)O[C@@H](C[C@@]1(C)[C@H](C)C[C@H](OC(C)=O)[C@]2(COC(C)=O)[C@@H]1[C@H](O)CC[C@@]2(C)OC)C1=CC(=O)OC1,,0
C/C=C(\C)C(=O)O[C@H]1C[C@@H](OC(C)=O)[C@@]2(C)CO[C@H]3[C@@H](O)[C@@]4(C)C5=C(C)[C@H](c6ccoc6)C[C@@H]5OC=C[C@@H]4[C@]1(C)[C@@H]32,,0
C/C=C(\C)C(=O)O[C@H]1[C@@]2(C)C[C@@]3(OC(C)=O)[C@](C)([C@H]4CC[C@]5(C)C(=C4[C@H](OC(C)=O)[C@@]13OC(C)=O)C(OC(C)=O)C(=O)O[C@H]5c1ccoc1)[C@H]2CC(=O)OC,,0
C/C=C/C=C\C=C\CN(C1Cc2cc(C#N)ccc2N(Cc2cncn2C)C1)S(=O)(=O)c1ccccn1,,0
C/C=C/CCC(=O)O[C@H]1C=CC2=CC(=O)C(/C(C=O)=C\OC)C[C@]2(C)[C@H]1C,,0
C/C=C/[C@H]1C(C(=O)c2c(OC)[nH]cc(-c3ccc(O)cc3)c2=O)=CC(C)[C@H]2CC[C@H](C)C[C@@H]21,,0
C/N=c1\scc(-c2cccs2)n1N=C(C)c1ccco1,,0
C=C(C(=O)OCc1cn(Cc2ccccc2F)nn1)[C@@H]1CCC(C)=C2CC(=O)C(C)C2C1,,0
C=C(C)C(CC[C@@]1(C)C(CC[C@H]2[C@]3(C)CC[C@H](O)C(C)(C)O[C@H]3CC[C@@]2(C)O)=C(C)CC[C@H]1O)OO,,0
C=C(C)C1CC[C@H]2[C@@H]3CC[C@H]([C@H](C)CCC(=O)N4CCCC4)[C@@]3(C)CC[C@@H]2[C@@]1(C)CCC(=O)N1CCCC1,,0
C=C(C)[C@@H]1CC[C@]2(C(=O)O)CC[C@]3(C)[C@H](CC[C@@H]4[C@@]5(C)Cc6nc7ccccc7nc6C(C)(C)[C@@H]5CC[C@]43C)[C@@H]12,,0
C=C(C)[C@@]12C[C@@H](C)[C@@]34OC(Cc5ccccc5)(O[C@@H]1[C@@H]3C=C(COC(=O)Cc1ccccc1F)C[C@]1(O)C(=O)C(C)=CC41)O2,,0
C=C(C)c1c(O)c2c3c(cc4c5c(n1c42)[C@@]1(C)C(CC[C@H]2[C@](C)(/C=C/C=C(\C)C(=O)OCCOCCO)[C@@H](O)CC[C@@]21C)C5)C1=CC(C)(C)OC(C)(C)C1[C@@H]3O,,0
C=C(C)c1cc(C#N)cc2nc(-c3ccc(C(=O)NCC4CCN(c5ccc(C(F)(F)F)cn5)CC4)cc3)oc12,,0
C=C(CC)C(=O)c1ccc(OCC(=O)N2CCN(c3ccc(O)cc3)CC2)c(Cl)c1Cl,,0
C=C(CC)C(=O)c1ccc(OCC(=O)N2CCN(c3ccc(OP(=O)(OCC)OCC)cc3)CC2)c(Cl)c1Cl,,0
C=C(C[N+]1(C)CCN(c2ccc(C=CC(=O)CC(=O)/C=C/c3ccc(N4CC[N+](C)(CC(=C)C(=O)OCCCC)CC4)cc3)cc2)CC1)C(=O)OCCCC,,0
C=C(c1ccc(C)cc1)C1COC(c2cc(C(C)CC)c3oc(=O)c(C(=O)OCC)cc3c2)OO1,,0
C=C(c1ccc(F)cc1)[C@@H]1CO[C@@]2(CC[C@@]3(C)[C@H](CC[C@@H]4[C@@H]3CC[C@]3(C)[C@@H](C(C)C(C)=O)CC[C@@H]43)C2)OO1,,0
C=C/C(=N\c1ccc(C2=NNC(=O)C[C@H]2C)cc1)c1ccccc1,,0
C=C/C=C\C(C)C(OC(N)=O)[C@@H](C)[C@H](O)C(C)C/C(C)=C\C(C)[C@@H](O)[C@@H](C)/C=C\C(C[C@@H]1OC(=O)C(C)[C@@H](OC(C)=O)[C@H]1C)OC(C)=O,,0
C=C1C(=O)O[C@H]2C3=CC[C@@H]4C(C)(C)[C@H](O)CC[C@@]4(C)[C@@H]3CC[C@@H]12,,0
C=C1C(=O)O[C@H]2[C@H]1CC/C(COC(=O)NCCCCCNC(=O)OC/C1=C/CC[C@@]3(C)O[C@H]3[C@H]3OC(=O)C(=C)[C@@H]3CC1)=C\CC[C@@]1(C)O[C@@H]21,,0
C=C1C(C)=NOC1=Nc1cc(Nc2onc(C)c2C)c2ccccc2c1O,,0
C=C1C=C(c2c(O)n(CC)c(=S)n(CC)c2=O)C=C(C)N1Cc1ccco1,,0
C=C1C=CC=C(C)[C@H](O)[C@@H](C)[C@@H](O)[C@@H](C)[C@H](OC(C)=O)[C@H](C)[C@@H](OC)/C=C/O[C@@]2(C)Oc3c(C)c(NC)c4c(O)c(cc(O)c4c3C2=O)NC1=O,,0
C=C1CCCCC1OC[C@H](Cc1c[nH]cn1)Nc1nccc(-c2ccc3ccccc3c2)n1,,0
C=C1CC[C@@H](Cl)[C@@](O)(COC(=O)c2ccc(Br)cc2)C[C@H]2O[C@@]23[C@H](C(C)(C)O)CC[C@@]3(C)CC1,,0
C=C1CC[C@H]2C(=CC(C)C(=O)[C@@]3(O)C[C@H](C)[C@H](OC(=O)CC)[C@@H]3[C@H]1OC(=O)Cc1cccc3ccccc13)C2(C)C,,0
C=C1CC[C@H]2C(C)(C)[C@H](O)CC[C@]2(C)[C@@H]1COc1ccc2ccc(=O)oc2c1,,0
C=C1CC[C@H]2[C@@H](/C=C(\C)[C@H](OC(C)=O)[C@H](OC(C)=O)[C@@H]1OC(C)=O)C2(C)C,,0
C=C1CC[C@H]2[C@@](C)(CCC[C@]2(C)C(=O)NCCOC)[C@@H]1CCc1ccoc1,,0
C=C1CN(S(=O)(=O)c2ccc(C)cc2)CCc2cc(CC)cc(n2)CCN(S(=O)(=O)c2ccc(C)cc2)C1,,0
C=C1CN(S(=O)(=O)c2ccc(C)cc2)CCc2cc(OCC)cc(n2)CCN(S(=O)(=O)c2ccc(C)cc2)C1,,0
C=C1[C@@H](OC(=O)/C=C/c2ccccc2)C[C@H](OC(C)=O)[C@@]2(COC(C)=O)[C@@H](OC(C)=O)[C@H](O)[C@]3(O)[C@@]4(C)CO[C@]3(C)C(=O)C[C@H]4[C@@H](OC(C)=O)[C@H]12,,0
C=C1[C@@H](OC(=O)C(C)C)[C@H]2[C@@H](OC(C)=O)[C@@H](C)C[C@]2(O)C(=O)C(C)=CCC(C)(C)[C@H](OC(C)=O)[C@H](OC(C)=O)[C@H]1OC(=O)c1ccccc1,,0
C=C1[C@@H](OC(=O)C[C@H](c2ccccc2)N(C)C)C[C@H](OC(C)=O)[C@]2(C)[C@@H]1C[C@@H]1C[C@H](OC(C)=O)C(C)=C([C@@H](OC(C)=O)[C@@H]2OC(C)=O)C1(C)C,,0
C=C1[C@@H](OC(C)=O)CC[C@@]2(C)C[C@H](OC(C)=O)C3=C(C)C[C@H](OC(=O)CC)[C@@H]([C@@H](OC(C)=O)[C@H]12)C3(C)C,,0
C=C1[C@@H](OC(C)=O)[C@@H](OC(=O)c2ccccc2)[C@@H](OC(C)=O)C(C)(C)C2O[C@](O)(C(C)C2=O)[C@@]2(OC(C)=O)C[C@@](C)(O)[C@H](OC(C)=O)[C@@H]2[C@H]1OC(C)=O,,0
C=C1[C@@H]([C@@]2(C)C=CC(=O)OC(C)(C)[C@@H]2CC(=O)OC)[C@@H](OC(C)=O)[C@H](OC(C)=O)[C@@]2(C)[C@@H](c3ccoc3)C[C@H]3O[C@]132,,0
C=C1[C@H](OCC(C)C)[C@@H](OCC(C)C)[C@@H](O)C(C)(C)C=CC(C)C(=O)[C@@]2(O)C[C@H](C)[C@H](O)[C@@H]2[C@H]1OCC(C)C,,0
C=CC(=C)CCC1(C)C(C)CC(=O)C23C(=C[C@H](OC(=O)C(C)C)CC12)[C@@H](OC(C)=O)O[C@H]3OC(C)=O,,0
C=CC(=C)CC[C@]1(C)[C@H](C)C[C@H](OC)[C@@]23C(=C[C@H](OC(=O)CC)C[C@@H]12)[C@@H](OC(=O)CCC)O[C@H]3OC(C)=O,,0
C=CC(=C)CC[C@]1(C)[C@H](C)C[C@H](OC)[C@@]23C(=C[C@H](OC(=O)CC)C[C@@H]12)[C@@H](OC)O[C@H]3OC(C)=O,,0
C=CC(=C)CC[C@]1(C)[C@H](C)[C@@H](OC(=O)C=Cc2ccc(O)cc2)[C@H](O)[C@@]23C(=C[C@H](OC(=O)CCC)C[C@@H]12)[C@H](OC)O[C@H]3OC,,0
C=CC(=O)N(c1ccc(Cl)c(Cl)c1)c1ncnc2cc(OC)c(OCCCN3CCOCC3)cc12,7.5,1
C=CC(=O)N1CCC(C2CCNc3c(C(N)=O)c(-c4cc(OC)c5ccsc5c4)nn32)CC1,7.0,1
C=CC(=O)Nc1cc(Nc2nccc(-c3cn(C)c4ccccc34)n2)c(OC)cc1N(C)CC[N+](C)(C)[O-],6.5,1
C=CC(=O)Nc1cc2c(Nc3ccc(OCc4ccccn4)cc3)ncnc2cc1O[C@H]1CCOC1,7.0,1
C=CC(=O)Nc1ccc(OC)c(Nc2cc(-c3nc(SC)n(C)c3-c3ccc(F)cc3)ccn2)c1,9.0,1
C=CC(=O)Nc1ccc2ncnc(Nc3cc(F)c(Cl)c(Cl)c3)c2c1,10.43,1
C=CC(=O)Nc1cccc(-c2c(-c3ccc(N4CCOCC4)cc3)oc3ncnc(NC4CCCC4)c23)c1,7.5,1
C=CC(=O)Nc1cccc(-n2c(=O)c(Cc3ccccc3)cc3cnc(Nc4ccc(N5CCN(C)CC5)cc4OC)nc32)c1,9.0,1
C=CC(=O)Nc1cccc(Oc2nc(Nc3ccc(N4CCN(CC(=O)OCCCOc5no[n+]([O-])c5S(=O)(=O)c5ccccc5)CC4)cc3OC)ncc2Cl)c1,7.0,1
C=CC(=O)Nc1cccc(Oc2nc(Nc3ccc(N4CCN(CC(=O)OCCOCCOc5no[n+]([O-])c5S(=O)(=O)c5ccccc5)CC4)cc3OC)ncc2Cl)c1,7.0,1
C=CC(C)(C)O[C@H]1COc2ccc(/C=C/[C@H](OC)[C@@H](C)/C(=C\OC)C(=O)OC)cc2OC1(C)C,,0
C=CC(C)(C)c1cc2cc3c(cc2oc1=O)O[C@@H](C(C)(C)OC(=O)OCCc1ccc(CC)cn1)C3,,0
C=CC(COCc1ccccc1)N(C(=O)OC(C)(C)C)S(=O)(=O)c1ccccc1Br,,0
C=CCC(=O)NC1CC(C)(C)Cc2c1cnn2-c1ccc(C)cc1,,0
C=CCC1=CC(C)C[C@H](C)C[C@H](OC)[C@@H](O)[C@@H](OC)C[C@@H](C)CC(=O)C(=O)N2CCCCC2C(=O)O[C@H](/C(C)=C/[C@@H]2CC[C@@H](O)[C@H](OC)C2)[C@H](C)[C@@H](O)CC1=O,,0
C=CCC1C=CCC(CC=C)N1C(=O)c1ccccc1[N+](=O)[O-],,0
C=CCC1Oc2ccc(F)c(OC)c2-c2ccc3c(c21)C(C)=CC(C)(C)N3,,0
C=CCN1C(=O)/C(=C/c2cccs2)N=C1SC1OC(COC(=O)c2ccccc2)C(OC(=O)c2ccccc2)C1OC(=O)c1ccccc1,,0
C=CCN1CC(=O)N2C(Cc3ccc(O)cc3)C(=O)N(Cc3cccc4c(-c5ccc(C(=O)N6CCSCC6)cc5)cn(C)c34)C[C@@H]2N1C(=O)NCc1ccccc1,,0
C=CCNC(=O)C(Cc1cc(Br)c(OC)c(Br)c1O)=NO,,0
C=CCNC(=S)N1CCN(CCN=CC2C(=O)CC(c3ccc(Cl)cc3)CC2=O)CC1,,0
C=CCNc1nc(NCC=C)nc(N2CCC(NC(c3ccccc3)c3ccc(F)cc3)CC2)n1,,0
C=CCOC(=O)C1C(C)=NC(SCC)=C(C#N)C1c1ccc(Cl)cc1,,0
C=CCO[C@@H]1CO[C@H]2[C@@H]1OC[C@H]2Oc1nc2cc(Cl)c(-c3ccc(-c4ccccc4)cc3)nc2[nH]1,,0
C=CCSSc1ncnc2c1ncn2[C@H]1O[C@@H](CO)[C@H](O)[C@@H]1O,,0
C=CCSc1ccc2c3c(cccc13)C1=NC(=O)C(C(=O)OCC(=O)OCC(F)(F)C(F)(F)F)=C12,,0
C=CCSc1nn2c(/C=N/N=c3\sc(C(=O)OCC)c(C)n3-c3ccc(O)cc3)c(-c3ccccc3)nc2s1,,0
C=CC[C@@]1(C#N)C[C@H](C[C@]2(C#N)C[C@H](CCl)OC(C)(C)O2)OC(C)(C)O1,,0
C=CCc1cc(C=C2SC(=O)NC2=O)c(O)c(-c2cc(C=C3SC(=O)NC3=O)c(O)c(CC=C)c2)c1,,0
C=CCn1c(C)cc(C(=O)CSc2nnc(-c3cccc(S(=O)(=O)N(CC)CC)c3)o2)c1C,,0
C=CCn1c(SCC(=O)N2CC(=O)Nc3ccccc32)nc2scc(-c3ccccc3)c2c1=O,,0
C=CCn1c(SCc2ccc(NC(C)=O)cc2)nc2c(c1=O)C1(CCCCC1)Cc1ccccc1-2,,0
C=CCn1c(SSc2nc(=O)c3cc([N+](=O)[O-])ccc3n2CC=C)nc(=O)c2cc([N+](=O)[O-])ccc21,,0
C=C[C@@H]1C[C@]1(NC(=O)C1CN(c2cc(Cl)nc(OC)n2)CN1C(=O)C(NC(=O)OC1CCCC1)C(C)(C)C)C(=O)NS(=O)(=O)C1CC1,,0
C=C[C@@H]1C[C@]1(NC(=O)C1C[C@@H](Oc2nccc3cc(OC)ccc23)CN1C(=O)C(CC(=O)NC(C)(C)C)C(C)(C)C)C(=O)NS(=O)(=O)C1CC1,,0
C=C[C@@H]1C[C@]1(NC(=O)C1C[C@@H]2CN1C(=O)C(C(C)(C)C)NC(=O)OCCCCC/C=C/c1nc3ccccc3cc1O2)C(=O)NS(=O)(=O)C1CC1,,0
C=C[C@@H]1C[C@]1(NC(=O)C1C[C@@H]2CN1C(=O)C(C(C)(C)C)Nc1nc(cs1)CCCCc1ccc3ccnc(c3c1)O2)C(=O)NS(=O)(=O)C1CC1,,0
C=C[C@@H]1C[C@]1(NC(=O)C1C[C@@H]2CN1C(=O)C(C1CCCC1)NC(=O)O[C@@H]1CCC[C@H]1CCCCCc1nc3ccccc3cc1O2)C(=O)NS(=O)(=O)C1CC1,,0
C=C[C@@H]1C[C@]1(NC(=O)C1C[C@@H]2CN1C(=O)C(C1CCCCC1)NC(=O)OCC(C)(C)CCCc1cc3c(cc4nccn4c3cc1OC)O2)C(=O)NS(=O)(=O)C1CC1,,0
C=C[C@@H]1C[C@]1(NC(=O)C1C[C@@H]2CN1C(=O)C(C1CCCCC1)NC(=O)O[C@@H]1C[C@H]1CCCCCc1c(nc3ccccc3c1OCCCNC1CCC1)O2)C(=O)NS(=O)(=O)C1(C)CC1,,0
C=C[C@@H]1C[C@]1(NC(=O)C1C[C@@](O)(c2cccc(CN3CCOCC3)c2)CN1C(=O)C(NC(=O)OC(C)(C)C)C(C)(C)C)C(=O)NS(=O)(=O)C1CC1,,0
C=C[C@@H]1C[C@]1(NC(=O)C1C[C@@](OC)(c2ccc(-c3ccccc3)cc2)CN1C(=O)C(NC(=O)OC(C)(C)C)C(C)(C)C)C(=O)NS(=O)(=O)C1CC1,,0
C=C[C@@]1(C)CC=C2[C@@H](CC[C@@H]3[C@](C)(C(=O)OCc4cn(Cc5ccc(C)cc5)nn4)CCC[C@@]23C)C1,,0
C=C[C@]1(C)C[C@@H](OC(=O)CSC(C)(C)CNC(=O)c2cccc(C)c2)[C@]2(C)[C@H](C)CC[C@]3(CCC(=O)[C@H]32)[C@@H](C)[C@@H]1O,,0
C=C[S+]([O-])c1sc(Cl)c(N2CCN(c3c(Cl)sc([S+]([O-])C=C)c3[N+](=O)[O-])CC2)c1[N+](=O)[O-],,0
C=Cc1cc(Oc2c(I)cc(CC(N)C(=O)O)cc2I)ccc1O,,0
C=Cc1ccc(C(=O)Nc2nc3cc(N(C)C(=O)c4ccccc4)ccc3n2CCC(N)=O)s1,,0
C=Cc1ccc(CSc2nc(-c3ccc(Cl)cc3)nc3c2Cc2c(CO)cnc(C)c2O3)cc1,,0
C=Cc1ccccc1S(=O)(=O)NC[C@@H]1C[C@@H]2O[C@H](COCc3ccccc3)[C@@H](OCc3ccccc3)[C@@H]2O1,,0
C=c1c(=CCC(C)C)c(OC2(CCC(C)C)C(=O)C(=O)c3ccccc3C2=O)c(O)c2ccccc12,,0
C=c1c(=Cc2sc(=S)n(CCCCCC(O)=NO)c2O)cc(C)n1-c1ccccc1,,0
C=c1c(C(=O)NCCc2ncc[nH]2)c(C)[nH]c1=Cc1c(O)[nH]c2ccc(-c3cnn(-c4ccccc4)c3)cc12,,0
CC#CCn1c(N[C@@H](C)c2ccc(C(F)(F)F)cc2)nc2c(c1=O)CN(C(=O)c1ccc(-n3ccnc3)cc1)CC2,,0
CC(=NC(=O)C12CC3CC(CC(C3)C1)C2)C(=O)NNC=C1CCC(Cc2ccccc2)=C1N1CCOCC1,,0
CC(=NNC(=O)C(C#N)C(=S)S)c1ccc(NS(=O)(=O)c2ccc(Cl)cc2)cc1,,0
CC(=NNc1nc(-c2ccc(C#N)cc2)cs1)c1ccncc1,,0
CC(=Nn1c(/N=C/c2ccccc2Cl)c(C#N)c(-c2ccccc2O)c(C#N)c1=O)c1nc2ccccc2[nH]1,,0
CC(=O)/C(C)=N/Oc1ccc(C(F)(F)F)cc1C(=O)/N=c1\sc(C(C)(C)C)cn1C[C@H]1CCCO1,,0
CC(=O)C(C)Sc1nnc(-c2ccccc2F)n1C1CC1,,0
CC(=O)C1=NN(c2ccccc2)/C(=C2\S/C(=N/c3nc(-c4c(C)n(C)n(-c5ccccc5)c4=O)cs3)N(c3ccccc3)C2=O)S1,,0
CC(=O)N(C)C[C@H](O)COc1cc(-c2cnn(C)c2)c2c(c1)C(O)(C(F)(F)F)c1ccccc1-2,,0
CC(=O)N(CC(=O)N(CC(=O)N1CCCC1C(=O)N1CCCC1C(=O)N(CC(=O)N(CC(=O)N(C(C)C)C(C)C)C(C)C)C(C)C)C(C)C)Cc1ccccc1,,0
CC(=O)N1CC(C(=O)Nc2ccc(C)cc2C)[C@@H](c2nnc([C@H]3C[C@@H](CC(C)C)C3)n2C2CC2)C1,,0
CC(=O)N1CCC(C(=O)N2CCC(C(=O)N(C)Cc3cc(C(F)(F)F)cc(C(F)(F)F)c3)[C@@H](c3ccc(C)cc3)C2)CC1,,0
CC(=O)N1CCC(C(=O)N2CCC(C(=O)N(C)Cc3cc(C(F)(F)F)cc(C(F)(F)F)c3)[C@@H](c3cccc(C)c3)C2)CC1,,0
CC(=O)N1CCCc2cc(S(=O)(=O)N(C)CC(=O)Nc3ccc(Cl)cc3C)ccc21,,0
CC(=O)N1CCN(c2c(/C=N/Nc3nc4ccccc4[nH]c3=O)c(C)nn2-c2ccccc2)CC1,,0
CC(=O)N1CCN(c2ccc(N3C[C@H](CN(C(=O)OC(C)C)C(=O)C(C)C)OC3=O)cc2F)CC1,,0
CC(=O)N1N=C(c2ccc(I)cc2)CC1c1ccc(C(=O)OCCn2c([N+](=O)[O-])cnc2C)cc1,,0
CC(=O)N1N=C(c2ccc([N+](=O)[O-])cc2)CC1c1ccc(C(=O)OC(C)Cn2c([N+](=O)[O-])cnc2C)cc1,,0
CC(=O)N1N=C(c2ccc3ccccc3c2O)CC1c1ccc(N(C)C)cc1,,0
CC(=O)N1c2ccc(S(=O)(=O)NCC3CCC(C(=O)Nc4cccc(C)c4)CC3)cc2CC1C,,0
CC(=O)N1c2ccccc2N=C2CCCC(=O)C2C1c1ccc([N+](=O)[O-])cc1,,0
CC(=O)NC(=S)NC[C@@H]1C[C@@H]2c3cccc4[nH]cc(c34)C[C@H]2N(C)C1,,0
CC(=O)NC(C(=O)NC(C(=O)C1C[C@H](Sc2ccc(Br)cc2)CC1C(=O)CC1(C(=O)O)CC1)C(C)C)C1CCCCC1,,0
CC(=O)NC(C(=O)N[C@@H](Cc1ccccc1)CC(O)[C@H](Cc1ccccc1)NC(=O)C1CN(c2cccc(C(F)(F)F)c2)C(=O)O1)C(C)C,,0
CC(=O)NC(C)Cc1ccc(C#Cc2cccc(C(C)=O)c2)cc1,,0
CC(=O)NC(CCCCNC(=O)OC(C)(C)C)C(=O)NCc1ccc(S(N)(=O)=O)cc1,,0
CC(=O)NC(Cc1ccc(C(F)(F)P(=O)(O)O)cc1)C(=O)NC(CCCNC(=O)c1cccc(I)c1)C(N)=O,,0
CC(=O)NC(Cc1ccc2ccccc2c1)C(=O)OCc1cc(C)cc(C)c1,,0
CC(=O)NC1(C(=O)N2CC[C@](c3ccc(C(OCc4c(F)cccc4F)(C(F)(F)F)C(F)(F)F)cc3)(S(=O)(=O)c3ccc(F)cc3)C2)CCOCC1,,0
CC(=O)NC1(C(F)(F)F)C(=O)Nc2c1c(=O)[nH]c(=O)n2CC(C)C,,0
CC(=O)NC1(C)CCCN(c2c(NC(=O)c3nc(-c4ncccc4F)sc3N)cnn2C)CC1,,0
CC(=O)NC12CC3CC(C1)CC(C(=O)Oc1ccc(N(C)S(=O)(=O)c4cc(C)ccc4C)cc1)(C3)C2,,0
CC(=O)NCCc1c[nH]c2ccc(OC(=O)NCCCCNc3c4c(nc5ccccc35)CCCC4)cc12,,0
CC(=O)N[C@@H](C)c1ccc(C2CN(c3ccc(OCCCF)cn3)C2)cc1,,0
CC(=O)N[C@H]1[C@H]([C@H](O)[C@H](O)CNC(=O)Cc2ccccc2)O[C@@](OCCCn2cc(-c3ccc(-c4ccccc4)cc3)nn2)(C(=O)O)C[C@@H]1O,,0
CC(=O)Nc1c(I)c(NC(C)=O)c(I)c(C(=O)N(C)CC(=O)N(C)C[C@H](O)[C@@H](O)[C@H](O)[C@H](O)CO)c1I,,0
CC(=O)Nc1cc(-c2ccc(N(C)C(=O)c3c(C)cccc3F)c(N3CC4CC4C3)c2)n(C(C)C)n1,,0
CC(=O)Nc1cc(NC(C)(C)C(=O)Nc2nc3c(C(F)(F)F)cc4[nH]ncc4c3s2)ccc1Cl,,0
CC(=O)Nc1ccc(C2CC(C(C)(C)C)=NN2c2ccc(Cl)cc2)cc1,,0
CC(=O)Nc1ccc(N(C(=O)c2ccccn2)C(C(=O)NC2CCCCC2)c2ccc(F)cc2)cc1,,0
CC(=O)Nc1ccc(N(C(=O)c2ccco2)C(C(=O)NC2CCCC2)c2ccc(N(C)C)cc2)cc1,,0
CC(=O)Nc1ccc(N2C(=O)CSC2c2ccc([N+](=O)[O-])cc2)cc1,,0
CC(=O)Nc1ccc(NC(=O)C(C)OC(=O)C2CCN(S(=O)(=O)c3cccs3)CC2)cc1,,0
CC(=O)Nc1ccc(NC(=O)C(C)OC(=O)CN(C)S(=O)(=O)c2ccc(Cl)cc2)cc1,,0
CC(=O)Nc1ccc(NC(=O)CS(=O)(=O)c2cn(CC(=O)N3CCC(C)CC3)c3ccccc23)cc1,,0
CC(=O)Nc1ccc(S(=O)(=O)Oc2ccc(/C=N/NC(=O)c3ccc(Cl)cc3)cc2)cc1,,0
CC(=O)Nc1ccc(S(=O)(=O)n2cc(-c3ccccc3)c3c2C=CC(=O)C3=O)cc1,,0
CC(=O)Nn1c(Cc2c(NC(=O)CCl)sc3c2CCCC3)nnc1SCC(=O)NN,,0
CC(=O)OC(C(=O)O[C@@H]1O[C@@H]2O[C@@]3(C)CC[C@H]4[C@H](C)CC[C@@H]([C@H]1C)[C@@]24OO3)[C@@H](NC(=O)c1ccccc1)c1ccccc1,,0
CC(=O)OC(C)(C)/C=C/C(=O)[C@](C)(O)[C@H]1[C@H](O)C[C@@]2(C)[C@@H]3CC=C4C(=CC(OC(C)C)C(=O)C4(C)C)[C@]3(C)C(=O)C[C@]12C,,0
CC(=O)OC(C)(C)CCC(=O)[C@](C)(O)[C@H]1[C@H](OC(=O)n2ccnc2)C[C@@]2(C)[C@@H]3CC=C4[C@@H](CC(OC(=O)n5ccnc5)C(=O)C4(C)C)[C@]3(C)C(=O)C[C@]12C,,0
CC(=O)OC(C=C(C(C)=O)C(C)=O)C(OC(=O)c1ccccc1)C(COC(=O)c1ccccc1)OC(C)=O,,0
CC(=O)OC1=C2C(C)[C@@H](OC(=O)C(=O)C(CC(C)C)NC(=O)OC(C)(C)C)C[C@@](O)([C@@H](OC(=O)c3cccc(Cl)c3)[C@@H]3[C@]4(OC(C)=O)CO[C@@H]4C[C@H](O)[C@@]3(C)C1=O)C2(C)C,,0
CC(=O)OC1=C2C(C)[C@@H](OC(=O)C(O)C(NC(=O)c3ccc(Cl)cc3)c3ccccc3)C[C@@](O)([C@@H](OC(=O)c3ccccc3)C3[C@@]4(OC(C)=O)CO[C@@H]4C[C@H](O)[C@@]3(C)C1=O)C2(C)C,,0
CC(=O)OC1=C2C(C)[C@@H](OC(=O)C(O)C(NC(=O)c3ccc(N=[N+]=[N-])cc3)c3ccccc3)C[C@@](O)([C@@H](OC(=O)c3ccccc3)[C@H]3[C@](C)(C1=O)[C@@H](O)C[C@@]1(C)OC[C@@]31OC(C)=O)C2(C)C,,0
CC(=O)OC1=C2C(C)[C@@H](OC(=O)C(O)C(NC(=O)c3ccccc3)c3ccc(N=[N+]=[N-])cc3)C[C@@](O)([C@@H](OC(=O)c3ccccc3)[C@@H]3[C@]4(OC(C)=O)CC[C@@H]4C[C@H](O)[C@@]3(C)C1=O)C2(C)C,,0
CC(=O)OC1=C2C(C)[C@@H](OC(=O)C(O)C(NC(=O)c3ccccc3)c3ccccc3)C[C@@](O)([C@@H](OC(=O)c3ccc(Cl)cc3)[C@@H]3[C@]4(OC(C)=O)CO[C@@H]4C[C@H](O)[C@@]3(C)C1=O)C2(C)C,,0
CC(=O)OC1=C2C(C)[C@@H](OC(=O)C(O)C(NC(=O)c3ccccc3)c3ccccc3)C[C@@](O)([C@@H](OC(=O)c3ccc4ccccc4c3)[C@@H]3[C@]4(OC(C)=O)CO[C@@H]4C[C@H](O)[C@@]3(C)C1=O)C2(C)C,,0
CC(=O)OC1=C2C(C)[C@@H](OC(=O)C(O)C(NC(=O)c3ccccc3)c3ccccc3)C[C@@](O)([C@@H](OC(=O)c3ccccc3)C3[C@](C)(C1=O)[C@@H](O)C[C@H]1OC[C@@]31OC(=O)C(C)C)C2(C)C,,0
CC(=O)OC1=C2C(C)[C@@H](OC(=O)C(O)C(NC(=O)c3ccccc3)c3ccccc3)C[C@@](O)([C@@H](OC(=O)c3ccccc3)C3[C@](C)(C1=O)[C@@H](O)C[C@H]1OC[C@@]31OC(=O)C1CCC1)C2(C)C,,0
CC(=O)OC1=C2C(C)[C@@H](OC(=O)C(O)C(NC(=O)c3ccccc3)c3ccccc3)C[C@@](O)([C@@H](SCc3ccccc3)[C@@H]3[C@]4(OC(C)=O)CO[C@@H]4C[C@H](O)[C@@]3(C)C1=O)C2(C)C,,0
CC(=O)OC1C(=O)[C@@]2(O)C[C@@H]3O[C@@H]3[C@H](OC(=O)CC(C)C)[C@]2(C)[C@H]2C[C@H](OC(C)=O)[C@@]3(C)[C@@H]([C@@H](OC(C)=O)[C@@H]4[C@@H]3[C@H](C)[C@@H]3O[C@@]35OC(=O)[C@@](C)(O)[C@]45C)[C@H]12,,0
CC(=O)OC1C(=O)[C@]23C[C@H]2CC2OC[C@@]2(OC(C)=O)C3[C@H](OC(=O)c2ccccc2)[C@]2(O)CC(OC(=O)C(O)C(NC(=O)NC(C)(C)C)c3ccccc3)=C(C)C1C2(C)C,,0
CC(=O)OCC(=O)[C@@]12N=C(C)O[C@@H]1C[C@H]1[C@@H]3CC=C4CC(=O)C=C[C@]4(C)[C@@]3(F)[C@@H](O)C[C@@]12C,,0
CC(=O)OCC1OC(OC2C(COC(C)=O)OC(Sc3ccccc3C)C(OC(C)=O)C2OC(C)=O)C(OC(C)=O)C(OC(C)=O)C1OC(C)=O,,0
CC(=O)OCC1OC(n2c(-c3ccc(C)cc3)cc(-c3ccco3)c(C#N)c2=O)C(OC(C)=O)C(OC(C)=O)C1OC(C)=O,,0
CC(=O)OCC1OC(n2c(=S)n(-c3ccc(C)cc3)c(=O)c3ccccc32)C(OC(C)=O)C(OC(C)=O)C1OC(C)=O,,0
CC(=O)OC[C@@]12[C@@H](OC(C)=O)C[C@@H](C)[C@](C)([C@@H]3C[C@H]4C=CO[C@H]4O3)[C@H]1CC[C@H](OC(C)=O)[C@]21CO1,,0
CC(=O)OC[C@@]12[C@@H](OC(C)=O)[C@@H](OC(C)=O)[C@@H]3OC(=O)C(C)[C@@H](C)c4ncccc4C(=O)OC[C@@]4(C)OC1([C@H](OC(C)=O)C4[C@H](OC(C)=O)[C@@H]2OC(C)=O)[C@@]3(C)O,,0
CC(=O)OC[C@H]1C2=CC3C(=O)c4c(O)cccc4O[C@@]34[C@@H]1COC4(CC=C(C)C)C2=O,,0
CC(=O)OC[C@H]1O[C@@H](SC(=S)C2C(=O)CC(C)(C)CC2=Nc2ccc(Br)cc2)[C@H](OC(C)=O)[C@@H](OC(C)=O)[C@@H]1OC(C)=O,,0
CC(=O)O[C@@H]1[C@@H](OC(C)=O)[C@H](S(N)(=O)=O)O[C@H](COP(=O)(OCCSC(=O)C(C)(C)C)OCCSC(=O)C(C)(C)C)[C@H]1OC(C)=O,,0
CC(=O)O[C@@H]1[C@@H](OCc2ccccc2)[C@H](OC(C)=O)[C@@H](COCc2ccccc2)O[C@H]1Cc1ccccc1,,0
CC(=O)O[C@@H]1[C@@H]2[C@@H](OC(C)=O)[C@]3(OC2(C)C)[C@H](C)C[C@H](OC(C)=O)[C@H](OC(C)=O)[C@@]3(CO)[C@H]1OC(=O)c1ccccc1,,0
CC(=O)O[C@@]12CO[C@@H]1C[C@H](O)[C@@]1(C)C(=O)C(=O)C3C(C)[C@@H](OC(=O)/C=C/c4ccc(Sc5ccccc5)cc4)C[C@@](O)([C@@H](OC(=O)c4ccccc4)[C@H]21)C3(C)C,,0
CC(=O)O[C@H]1C=C([C@H](C)[C@H]2CC(C)=C(C)C(=O)O2)[C@@]2(C)CC[C@H]3[C@@H](C[C@H]4O[C@]45[C@@H](OC(=O)/C=C/C(=O)N4CCCC4)C=CC(=O)[C@]35C)[C@]12O,,0
CC(=O)O[C@H]1CC[C@@]2(C)C(=CC[C@@H]3[C@@H]2CC[C@]2(C)C(c4c[nH]cn4)=CC[C@@H]32)C1,,0
CC(=O)O[C@H]1CC[C@](C)(O)[C@]23OC(C)(C)[C@H]([C@H](OC(=O)/C=C\c4ccccc4)[C@H](OC(=O)c4ccccc4)[C@]12C)[C@H]3OC(=O)c1cnccn1,,0
CC(=O)O[C@H]1CC[C@]2(C)[C@H]3CC=C4[C@@H]5CC(C)(C)CC[C@]5(C(=O)OCCCC[N+](=O)[O-])CC[C@@]4(C)[C@]3(C)CC[C@H]2C1(C)CO,8.0,1
CC(=O)O[C@H]1[C@@H](OC(=O)c2ccco2)C[C@@H](C)[C@]23OC(C)(C)[C@H](C[C@H](OC(=O)c4ccccc4)[C@]12C)[C@H]3OC(=O)c1ccco1,,0
CC(=O)O[C@H]1[C@@H](OC(C)=O)C(C)(C)C=CC(C)C(=O)[C@@]2(OC(C)=O)C[C@@](C)(O)[C@H](OC(C)=O)[C@@H]2[C@H]2OC(=O)CC[C@@]2(OC(C)=O)[C@@H]1OC(=O)C(C)C,,0
CC(=O)Oc1c(Br)cc(Cl)cc1/C=C/c1ccc2c(Cl)cc(Cl)c(OC(C)=O)c2n1,,0
CC(=O)Oc1cc(C)c2c(c1C)C[C@H](C(C)C(=O)OCc1cn(-c3ccc(CC#N)cc3)nn1)CC2,,0
CC(=O)Oc1cc(OC(C)=O)c2c(c1)O[C@H](c1ccc(OC(C)=O)c(OC(C)=O)c1)[C@H](OC(C)=O)C2,,0
CC(=O)Oc1ccc(COP(=O)(OCc2ccc(OC(=O)c3ccc(C(F)(F)F)cc3)cc2)OP(=O)(O)OC[C@@H]2C=C[C@H](n3cc(C)c(=O)[nH]c3=O)O2)cc1,,0
CC(=O)Oc1cccc(/C=C2\C=C(c3ccc(C)cc3)OC2=O)c1,,0
CC(=O)[C@@]1(Cc2ccc(Cl)cc2)CC[C@]2(C)OO[C@@]1(C)O2,,0
CC(=O)c1c(C)oc2ccc(N(C(=O)C3CCCCC3)S(=O)(=O)c3cc([N+](=O)[O-])ccc3C)cc12,,0
CC(=O)c1c(C)oc2ccc(N(C(=O)Oc3ccccc3)S(=O)(=O)c3ccc(C(C)(C)C)cc3)cc12,,0
CC(=O)c1c(O)c(C(C)=O)c(O)c(C(c2c(O)c(C(C)=O)c(O)c(C(C)=O)c2O)c2ccnc3ccccc23)c1O,,0
CC(=O)c1ccc(N(Cc2cn(-c3ccccc3C(F)(F)F)nn2)S(=O)(=O)c2ccccc2)cc1,,0
CC(=O)c1ccc(NC(=O)CCS(=O)(=O)c2ccc3c(c2)n(C)c(=O)c(=O)n3C)cc1,,0
CC(=O)c1ccc(S(=O)(=O)Nc2ccc(S(=O)(=O)N3CCCCC3)cc2)cc1,,0
CC(=O)c1cnc2n(c1=O)[C@@H]1[C@H](O2)O[C@H](CO[Si](C)(C)C(C)(C)C)[C@H]1O[Si](C)(C)C(C)(C)C,,0
CC(C(=O)CC[C@@H](C)CO[C@@H]1OC[C@@H](O)[C@H](O)[C@H]1O)C1C(=O)C[C@H]2[C@@H]3CC=C4C[C@@H](O[C@@H]5O[C@H](CO)[C@@H](O)[C@H](O)[C@H]5O)CC[C@]4(C)[C@H]3CC[C@]12C,,0
CC(C(=O)N(C)Cc1ccccc1)[C@H]1CC[C@@H](C[C@@H](C)n2cc(C#Cc3cccc4ccccc34)nn2)O1,,0
CC(C(=O)N1CCCC1)[C@H]1CC[C@@H](C[C@@H](C)n2cc(C#CCOc3ccc(C(F)(F)F)cc3)nn2)O1,,0
CC(C(=O)NCc1cc(C(C)(C)C)nn1-c1cccc(Cl)c1)c1cc(F)c(NS(C)(=O)=O)c(F)c1,,0
CC(C(=O)NCc1cc(C(C)(C)C)nn1-c1ccccn1)c1ccc(CNS(C)(=O)=O)c(F)c1,,0
CC(C(=O)NCc1ccc(C(F)(F)F)nc1N1Cc2ccccc2C1)c1ccc(NS(C)(=O)=O)c(F)c1,,0
CC(C(=O)Nc1nnc(CCCCc2ccc(NC(=O)Cc3cccc(CNC(=O)CC(O)C(F)(F)F)c3)nn2)s1)c1ccccc1,,0
CC(C(=O)Nc1nnc(CCCCc2ccc(NC(=O)Cc3ccccc3)nn2)s1)c1cccc(C(=O)c2ccccc2)c1,,0
CC(C(O)Cc1ccccc1)N(C)/N=N/c1ccc([N+](=O)[O-])cc1,,0
CC(C(OC(=O)c1ccc(S(=O)(=O)N(C)C)cc1)c1ccccc1)N(C)S(=O)(=O)c1ccc(Cl)cc1,,0
CC(C)(C)C(=O)/C(C#N)=c1/s/c(=C\c2cn(-c3ccccc3)nc2-c2cccnc2)c(=O)n1-c1ccc(F)cc1,,0
CC(C)(C)C(=O)OCOP(=O)(C/C=C/Cn1cnc2c(N)nc(N)nc21)OCOC(=O)C(C)(C)C,,0
CC(C)(C)C(=O)c1ccc(COCc2cccc(COCc3ccc(C(=O)C(C)(C)C)cc3)n2)cc1,,0
CC(C)(C)C1=NN(c2ccc(Cl)cc2)[C@]2(C(=O)Nc3cc(Cl)c(F)cc32)[C@H]1c1cccc(Cl)c1F,,0
CC(C)(C)C1CCC2(CC1)C(C#N)=C(SCC(=O)Nc1ccccc1)NC(=O)C2C#N,,0
CC(C)(C)CC1NC(=O)CN(CCCc2ccc(F)cc2F)C(=O)C2CCCN2C(=O)C(Cc2cscn2)NC(=O)C(CC(C)(C)C)NC(=O)C(Cc2ccccc2)NC1=O,,0
CC(C)(C)CNC(=O)C1N(C(=O)C(O)C(Cc2ccccc2)NC(=O)C(NC(=O)C(NC(=O)CN)c2ccccc2)C(C)(C)C)CSC1(C)C,,0
CC(C)(C)CNC(=O)CC(NC(=O)C(CCc1ccccc1)NC(=O)N1CCC(C(=O)Nc2cnccn2)CC1)C(=O)NCc1ccccc1Cl,,0
CC(C)(C)CNC(=O)c1ccc(Br)c(S(=O)(=O)N2CCCCC2)c1,,0
CC(C)(C)N(Cc1cc2ccccc2[nH]c1=O)C(=O)C1CCCCC1,,0
CC(C)(C)N(Cc1ccccc1)C(=O)CSc1nc(=O)c2ccccc2[nH]1,,0
CC(C)(C)N1CCC(N(Cc2ccc(-c3ccc(C(F)(F)F)cc3)cc2)C(=O)Cn2c(CCc3cccc(F)c3F)nc(=O)c3cccnc32)CC1,,0
CC(C)(C)NC(=O)C(c1c(C(=O)O)[nH]c2cc(Cl)ccc12)N(C=O)Cc1ccc(OCc2ccc(I)cc2)cc1,,0
CC(C)(C)NC(=O)C(c1ccc(F)cc1)N(Cc1ccco1)C(=O)c1csnn1,,0
CC(C)(C)NC(=O)C1C[C@@H]2CCCC[C@@H]2CN1C[C@@H](O)[C@H](Cc1ccccc1)NC(=O)C(CC(=O)O)NC(=O)c1ccc2ccccc2n1,,0
CC(C)(C)NC(=O)CCC(NC(=O)N1CCC(C(=O)Nc2cnccn2)CC1)C(=O)NC(CCc1ccccc1)C(=O)NCc1ccccc1Cl,,0
CC(C)(C)NC(=O)CN1C(=O)C(NC(=O)Nc2ccc(Cl)cc2)C[C@H](c2ccccc2)c2ccccc21,,0
CC(C)(C)NC(=O)Cn1c(-c2ccccc2)cc2cc(C(C)(C)C(=O)NC(C)(C)C)ccc21,,0
CC(C)(C)NS(=O)(=O)c1cccc2c(NC(=O)C(Cc3ccccc3)NC(=O)c3ccccc3)cccc12,,0
CC(C)(C)OC(=O)C1=C(COC(=O)OC(Cl)C(Cl)(Cl)Cl)CS[C@@H]2C(NC(=O)Cc3ccccc3)C(=O)N12,,0
CC(C)(C)OC(=O)CC1C/C=C\CC(CC(=O)N(CCO)Cc2ccccc2)C(=O)N[C@H](C(C)(C)C)COC1=O,,0
CC(C)(C)OC(=O)N1CCC2(CC1)CC2CNC(=O)c1cc2cnccc2[nH]1,,0
CC(C)(C)OC(=O)N1CCC2(CC1)CCN2C(=O)c1cc(Cc2n[nH]c(=O)c3ccccc23)ccc1F,,0
CC(C)(C)OC(=O)N1CCn2c(CCc3ccccc3)c(C(F)(F)F)c3cccc(c32)C1,,0
CC(C)(C)OC(=O)N=C(N)c1ccc(CC2c3nc4cc(C5(C(=O)N6CCCC6)CCCC5)ccc4n3CCN2C(=O)OC(C)(C)C)cc1,,0
CC(C)(C)OC(=O)NC(Cc1ccccc1)C(=O)NC1CCc2ccccc2N(CC2CC2)C1=O,,0
CC(C)(C)OC(=O)NC1CCCCC/C=C\[C@@H]2C[C@@]2(C(=O)NS(=O)(=O)C2CC2)NC(=O)C2C[C@@H](NC(=O)c3sc4cccc(Cl)c4c3Cl)CN2C1=O,,0
CC(C)(C)OC(=O)NC1CCCCC/C=C\[C@@H]2C[C@@]2(C(=O)NS(=O)(=O)Nc2ccc(C(F)(F)F)cc2)NC(=O)C2C[C@@H](OC(=O)N3Cc4ccccc4C3)CN2C1=O,,0
CC(C)(C)OC(=O)NCCCCNC(=O)Cc1c2cccc(O)c2c(O)c2c(O)cccc12,,0
CC(C)(C)OC(=O)NCCCNc1nc(-c2ccncc2)cn2c(-c3ccc(C(=O)NC4CC4)cc3)cnc12,,0
CC(C)(C)OC(=O)NC[C@H]1CCCN(C(=O)C2CCC(=O)N2Cc2ccc(C#N)cc2)C1,,0
CC(C)(C)OC(=O)N[C@@H](Cc1ccccc1)[C@@H](O)C(NCc1ccc(CNC(=O)OCc2ccccc2)cc1)C(=O)N[C@H]1c2ccccc2C[C@H]1O,,0
CC(C)(C)OC(=O)N[C@@H](Cc1ccccc1)[C@@H](O)CC(Cc1cccc(O)c1)C(=O)N[C@H]1c2ccccc2C[C@H]1O,,0
CC(C)(C)OC[C@H](NC(=O)OC(C)(C)C)c1nnc([C@H](CCCCNC(=O)OC(C)(C)C)NC(=O)C2CCN(C(=O)OC(C)(C)C)CC2)o1,,0
CC(C)(C)Oc1ccc(C[C@@H]2NC3(C(=O)N(Cc4ccc(Cl)c(Cl)c4)c4ccccc43)c3c2c(O)n(-c2ccc(Br)cc2)c3O)cc1,,0
CC(C)(C)S(=O)(=O)CCNC(=O)c1ccc2ccccc2c1,,0
CC(C)(C)[S@@+]([O-])N1Cc2cc(C(=O)N3CCc4ccccc4C3)nc(-c3cccc(-c4ccncc4)c3)c2[C@H]1CCO,,0
CC(C)(C)[Si](C)(C)OCC#C[C@@]1(O)CCCCC1CC(Sc1ccccc1)Sc1ccccc1,,0
CC(C)(C)[Si](C)(C)OCC1OC(n2cc(I)c(N)nc2=O)C(O[Si](C)(C)C(C)(C)C)C1O[Si](C)(C)C(C)(C)C,,0
CC(C)(C)c1cc(CN(C(=O)CN(Cc2ccc(Cl)cc2)S(=O)(=O)c2c(F)c(F)c(F)c(F)c2F)c2ccc(C(=O)O)c(O)c2)cc(C(C)(C)C)c1,,0
CC(C)(C)c1cc(NC(=O)Nc2cnc(Oc3ccc(-c4cnc(N5CCCC5=O)s4)cc3)nc2)n(-c2ccc3c(c2)CCO3)n1,,0
CC(C)(C)c1cc2c(O)c(c1)Cc1cc(C(C)(C)C)cc(c1OCCN=C(N)N)Cc1cc(C(C)(C)C)cc(c1O)Cc1cc(C(C)(C)C)cc(c1OCCN)C2,,0
CC(C)(C)c1ccc(-c2cn(CC(=O)NC34CC5CC(CC(C5)C3)C4)nn2)cc1,,0
CC(C)(C)c1ccc(Cn2nnc3c(=O)[nH]c(C4CCCN(C(=O)Cc5cccs5)C4)nc32)cc1,,0
CC(C)(C)c1ccc(Cn2nnc3c(=O)[nH]c(C4CCN(C(=O)Cc5cccs5)CC4)nc32)cc1,,0
CC(C)(C)c1ccc(NC(=O)N2CCCN(C(=O)CCC3CCCC3)CC2)cc1,,0
CC(C)(C)c1ccc(NS(=O)(=O)c2ccc(N3CCNC3=O)cc2)cc1,,0
CC(C)(C)c1ccc(S(=O)(=O)N(Nc2ccccc2)C(=O)Oc2ccc(OCc3ccccc3)cc2)cc1,,0
CC(C)(C)c1ccc(S(=O)(=O)Nc2ccc(Cl)c3c2C(=O)N(CCc2cccnc2)C3=O)cc1,,0
CC(C)(CN1C(=O)c2cccc3cccc(c23)C1=O)C[N+](C)(C)CCCCCC[N+](C)(C)CC#CCN1OCCC1=O,,0
CC(C)(CN1C(=O)c2cccc3cccc(c23)C1=O)C[N+](C)(C)CCCCCC[N+](C)(C)CC#CCOC1=NOCC1,,0
CC(C)(CN1CCCCC1)C(C=Cc1ccccc1)=NNC(=O)NN=C(C=Cc1ccccc1)C(C)(C)CN1CCCCC1,,0
CC(C)(CNC(=O)C1(NC(=O)Nc2ccc([N+](=O)[O-])cc2)CCc2[nH]c3ccccc3c2C1)c1ccccn1,,0
CC(C)(CNCc1ccc(OC(F)(F)F)cc1)c1nc(-c2ccc(Cl)c(O)c2)c(-c2ccncc2)[nH]1,,0
CC(C)(CO)Cn1ncn(-c2ccc(N3CCN(c4ccc(OC[C@H]5CO[C@](Cn6cncn6)(c6ccc(F)cc6F)O5)cc4)CC3)cn2)c1=O,,0
CC(C)(Cc1ccc(C(=O)Oc2ccc(C(=N)N)cc2F)s1)C(=O)N1CCCC1C(=O)O,,0
CC(C)(F)Cc1cccc(S(=O)(=O)C2(c3ccc(C(F)(C(F)(F)F)C(F)(F)F)cc3)CCN(C(=O)C3CCC(C(=O)O)CC3)C2)c1,,0
CC(C)(F)[C@H](F)CNC(=O)c1cnc(-n2ncc3cc(C#N)cnc32)cc1Nc1cnn(CC(F)F)c1,,0
CC(C)(NC(=O)C1(C(F)(F)F)CC1)C(=O)Nc1nc(C(C)(C)c2ccc(F)cc2)n(-c2ccc(F)cc2)n1,,0
CC(C)(NP(=O)(OC[C@H]1O[C@@H](n2cnc3c(=O)[nH]c(N)nc32)[C@](C)(O)[C@@H]1O)Oc1cccc2ccccc12)C(=O)OCc1ccccc1,,0
CC(C)(Nc1ccc(Cl)c(NS(C)(=O)=O)c1)C(=O)Nc1nc2c(C(F)(F)F)cc3[nH]ncc3c2s1,,0
CC(C)(O)C#Cc1cc2c(cc1F)OCCn1c-2nc(C(N)=O)c1C(=O)NCC1CCOC1,,0
CC(C)(O)C1CCC(C(=O)N2CC[C@@]3(C)c4ccccc4C[C@@H]2C3(C)C)CC1,,0
CC(C)(O)CC(=O)NCCn1ccc2ncnc(Nc3ccc(Oc4cccc(C(F)(F)F)c4)c(Cl)c3)c21,9.0,1
CC(C)(O)CC(=O)N[C@@H]1CC[C@@]2(S(=O)(=O)c3ccc(F)cc3)c3ccc(C(F)(C(F)(F)F)C(F)(F)F)nc3CC[C@@H]12,,0
CC(C)(O)CC[C@H]1OC(C)(C)O[C@]1(C)[C@H]1C=CC2=C3CC(=O)N[C@@H]4C[C@H]5OC(C)(C)O[C@H]5C[C@]4(C)[C@H]3CC[C@@]21C,,0
CC(C)(O)Cn1cc(-c2ccc(-c3cnc(N)c(Cl)c3N3CCC4(CCNC4=O)CC3)cc2)cn1,,0
CC(C)(O)[C@@H]1CC[C@@](C)([C@H]2[C@@H](O)C[C@@]3(C)C4C[C@H](OC5OC(CO)C(O)C(O)C5O)C5C(C)(C)[C@@H](OC6OCC(O)C(O)C6O)CC[C@@]56C[C@@]46CC[C@]23C)O1,,0
CC(C)(O)[C@H](F)CNC(=O)c1cnc(-n2ccc3cc(C#N)cnc32)cc1N[C@@H]1CCNC1,,0
CC(C)(O)[C@H]1CC[C@H](NC(=O)c2cnc(-n3ncc4cc(C#N)cnc43)cc2Nc2cnn(CC(F)F)c2)CC1,,0
CC(C)(O)c1cccc(CN[C@H]2CS(=O)(=O)C[C@@H](Cc3cc(F)c(N)c(OC(C(F)(F)F)C(F)(F)F)c3)[C@@H]2O)c1,,0
CC(C)(c1cc(O)cc(O)c1)C(C)(C)c1cc(O)cc(O)c1,,0
CC(C)=CC(=O)N1CC(NC(=O)Nc2ccc(F)cc2F)CC1C(=O)NC(Cc1c[nH]c2ccccc12)C(N)=O,,0
CC(C)=CCC/C(C)=C/CO/N=C1/C[C@@H](O)[C@@H](O)[C@@H]2c3c(c(O)n(C[C@@H]4CCCO4)c3O)CC[C@@H]12,,0
CC(C)=CCC/C(C)=C/Cc1c(O)cc(O)c2c(=O)c(O)c(-c3ccc(O)c(O)c3)oc12,,0
CC(C)=CCC[C@]1(C)[C@@H](CC=C(C)C)C[C@]2(C)C(=O)C3=C(O[C@@H](C(C)(C)O)C3)[C@@]1(C(=O)c1ccccc1)C2=O,,0
CC(C)=CCCc1ccc(C=O)c(-c2ccc([N+](=O)[O-])cc2)c1,,0
CC(C)=CCOC1(C(F)(F)F)OC(=O)Nc2ccc(Cl)cc21,,0
CC(C)=c1nc(N(C)S(C)(=O)=O)nc(-c2ccc(F)cc2)c1=CC[C@H]1C[C@H](OCc2ccccc2)CC(OC(C)C)O1,,0
CC(C)C(=O)CC[C@@H]1CC(=O)C[C@@H]2C(C)(C)[C@H](O)CC[C@@]12C,,0
CC(C)C(=O)N1CCC(CN(C2Cc3cc(C#N)ccc3N(Cc3cncn3C)C2)S(=O)(=O)c2ccccn2)CC1,,0
CC(C)C(=O)OCC(=O)[C@@]12OC(C3CCCCC3)O[C@@H]1CC1C3CC=C4CC(=O)C=C[C@]4(C)C3[C@@H](O)C[C@@]12C,,0
CC(C)C(C)(C)C(C)CC[C@@H](C)[C@H]1CC[C@H]2[C@@H]3C[C@H](OS(=O)(=O)O)C4C[C@H](OS(=O)(=O)O)[C@@H](OS(=O)(=O)O)C[C@]4(C)[C@H]3CC[C@]12C,,0
CC(C)C(CC(=O)NCCc1cccc2ncccc12)C(=O)N[C@H]1CC(=O)O[C@@H]1OC1CCCC1,,0
CC(C)C(NC(=O)C1CCCN1C(=O)C(NC(=O)OCc1ccccc1)C(C)C)C(=O)c1ccccn1,,0
CC(C)C(NC(=O)C[C@@H](C)O)C(=O)N1CC[C@](O)(c2ccc(Cl)cc2)C(C)(C)C1,,0
CC(C)C(NC(=O)OC(C)(C)C)C(=O)Nc1nnc(CCSCCc2nnc(NC(=O)C(NC(=O)OC(C)(C)C)C(C)C)s2)s1,,0
CC(C)C(NC(=O)c1ccc(S(N)(=O)=O)cc1)C(=O)O[C@H]1CC[C@H]2[C@@H]3CCc4cc(O)ccc4[C@H]3CC[C@]12C,,0
CC(C)C(OC(=O)c1nsc(Cl)c1Cl)C(=O)NCc1ccc2c(c1)OCO2,,0
CC(C)C1=CC23CCC4C(C)(C(=O)O)CCCC4(C)C2CC1c1c3c(O)n(-c2ccc(-n3c(O)c4c(c3O)C35C=C(C(C)C)C4CC3C3(C)CCCC(C)(C(=O)O)C3CC5)cc2)c1O,,0
CC(C)C1=CC23CCC4C(C)(C(=O)O)CCCC4(C)C2CC1c1c3c(O)n(-c2cccc(-n3c(O)c4c(c3O)C35C=C(C(C)C)C4CC3C3(C)CCCC(C)(C(=O)O)C3CC5)c2)c1O,,0
CC(C)C1=CC[C@H](Cn2cc(CN(c3ncccn3)S(=O)(=O)c3ccc(N)cc3)nn2)[C@@]12C=CC(=O)CC2,,0
CC(C)C1C(=O)N(Cc2cn(CCC3OCCCO3)nn2)CCS(=O)(=O)N1Cc1ccc(-c2cccc(N(C)C)c2)cc1,,0
CC(C)CC#Cc1ccc2c(c1)O[C@H](CN(C)C(=O)Nc1ccccc1)[C@@H](C)CN([C@H](C)CO)S2(=O)=O,,0
CC(C)CC(C)N1Cc2c(n(CC(=O)c3ccccc3)c3cc(-c4ccccc4)nn3c2=O)C1=O,,0
CC(C)CC(NC(=O)C(CCc1ccccc1)CP(=O)(O)CNC(=O)C(C)NC(=O)C1CCCN1C(=O)c1ccccc1)C(=O)Nc1ccccc1,,0
CC(C)CC(NC(=O)OC(C)(C)C)C(=O)N1CC2(CC1C(=O)NCCCCCC(O)=NO)SCCS2,,0
CC(C)CC(NC(=O)OC(C)(C)C)C(=O)N1C[C@@H](n2cc(-c3ccccc3)nn2)CC1C(=O)NC(Cc1ccccc1)C(=O)NS(=O)(=O)C1CC1,,0
CC(C)CC(NC(=O)OCc1ccccc1)C(=O)NC(C)C(=O)COC(=O)c1c(Cl)ccc(S(=O)(=O)N2CCOCC2)c1Cl,,0
CC(C)CC(NS(=O)(=O)c1ccc(-c2ccccc2)cc1)C(=O)N[C@H](C#N)Cc1ccccc1,,0
CC(C)CC1(CO)CCN(C(=O)c2ccc(NS(=O)(=O)c3cccc4cccnc34)cc2)CC1,,0
CC(C)CC1(O)CCN(C(=O)c2ccc(NS(=O)(=O)c3cc(F)cc4scnc34)cc2)CC1,,0
CC(C)CC1(O)CCN(C(=O)c2ccc(NS(=O)(=O)c3cccc4snnc34)cc2)CC1,,0
CC(C)CC1C(=O)N(Cc2cn(CCC3OCCO3)nn2)CCS(=O)(=O)N1Cc1ccc(-c2cccc(CO)c2)cc1,,0
CC(C)CC1C(=O)N(Cc2cn(Cc3ccco3)nn2)CCS(=O)(=O)N1Cc1ccc(-c2ccccc2)cc1,,0
CC(C)CC1C(=O)NC(C2Cc3ccccc3C2)C(=O)N1C(C(=O)NC(C)C)c1ccc(Br)s1,,0
CC(C)CC1C(=O)NCCC(NC(=O)C(N)Cc2ccc(O)cc2)C(=O)NC(Cc2ccccc2)C(=O)NC(Cc2ccccc2)NC1=O,,0
CC(C)CC1NC(=O)C(NC(=O)c2cccc(OCc3ccccc3)c2)COCCCCOCC(C(=O)N(C)C)NC(=O)C2CCCN2C(=O)C(C)NC1=O,,0
CC(C)CCN1C(=O)c2ccccc2CC1(C)C(=O)NC1CCC(C)CC1,,0
CC(C)CCNC(=O)C(c1ccncc1)N(CC1CCCO1)C(=O)Cn1nnc(-c2ccc(F)cc2)n1,,0
CC(C)CCNC(=O)Cn1c2c(c(-c3ccccc3Cl)cc1=O)CCC2,,0
CC(C)CN(CCc1ccc(Cl)cc1)C1CCN(c2n[nH]c(N)n2)CC1,,0
CC(C)CN(C[C@@H](O)[C@H](Cc1ccccc1)NC(=O)Cc1cc2ccc(O)cc2oc1=O)S(=O)(=O)c1ccc(N)cc1,,0
CC(C)CN(C[C@@H](O)[C@H](Cc1ccccc1)NC(=O)O[C@H]1CO[C@H]2OCC[C@H]21)S(=O)(=O)c1ccc2[nH]c(O)c(C=NCC3CCCCC3)c2c1,,0
CC(C)CN(Cc1ccccc1)S(=O)(=O)c1ccc(N2CCN(S(=O)(=O)N(C)C)CC2)cc1,,0
CC(C)COC(=O)C(=O)OCn1c(-c2ccc(Cl)cc2)c(C#N)c(Br)c1C(F)(F)F,,0
CC(C)CON=Cc1c(N)ncnc1Nc1ccc2c(cnn2Cc2cccc(F)c2)c1,7.5,1
CC(C)C[C@H](NC(=O)C(C)NC(=O)C(Cc1ccccc1)NC(=O)OC(C)(C)C)[C@@H](O)CSC(C)C,,0
CC(C)C[C@H]1CN(CCCC[C@H]2CNC(=O)C(=O)N2CC2CCCCC2)C(=O)C(=O)N1CCC1CCCCC1,,0
CC(C)C[C@H]1CN([C@@H](CC(C)C)CN2CCCC2CN2C(=S)NC[C@@H]2Cc2ccccc2)C(=S)N1CC1CCCCC1,,0
CC(C)C[C@H]1CNC(=S)N1CC1CCCN1C[C@H](Cc1ccccc1)N1C[C@H](Cc2ccc(O)cc2)N(CC2CCCCC2)C1=S,,0
CC(C)C[C@H]1CNC(=S)N1C[C@H]1CCCN1C[C@H](Cc1ccccc1)N1C[C@H](Cc2ccc(O)cc2)N(CCc2ccccc2)C1=S,,0
CC(C)Cc1nc(-c2ccsc2)sc1C(=O)NCc1ccc(F)cc1,,0
CC(C)Cn1c(N)c(C(=O)COC(=O)c2ccccc2C(=O)c2ccccc2)c(=O)n(C)c1=O,,0
CC(C)Cn1nc(NS(=O)(=O)c2ccccc2)c2cc3ccccc3nc21,,0
CC(C)N(C(=O)C1CCCN(Cc2ccc(CN3CCCC(C(=O)N(C(C)C)C(C)C)C3)cc2)C1)C(C)C,,0
CC(C)N(C(=O)CN1C(=O)C(NC(=O)c2ccccc2)C(=O)N(c2ccccc2)c2ccccc21)c1ccccc1,,0
CC(C)N(CCNCCO[C@H]1O[C@@H]2O[C@@]3(C)CC[C@H]4[C@H](C)CC[C@@H]([C@H]1C)[C@@]24OO3)C(C)C,,0
CC(C)N1C(=O)C(CC(=O)N2CCC(N3Cc4ccccc4NC3=O)CC2)SC1c1ccccc1,,0
CC(C)N1C(=O)C(NC(=O)C(Cc2ccccc2F)NC(=O)OC(C)(C)C)CN(CC2CC2)c2ccccc21,,0
CC(C)N1C(=O)CC2(CCN(CCOC(=O)C(O)(c3ccccc3)c3ccccc3)CC2)C1=O,,0
CC(C)N1CCN(C(=O)CCC(C(=O)NCc2cccc(C(F)(F)F)c2)N2C(=O)C(N3C(=O)OC[C@@H]3c3ccccc3)[C@H]2/C=C/c2ccccc2)CC1,,0
CC(C)N1CCN(c2ccc(N3CCN(c4ccc(OC[C@@H]5OC[C@@](Cn6cncn6)(c6ccc(F)cc6F)O5)cc4)CC3)cc2)C1=O,,0
CC(C)N=C(N)c1ccc2cc(CCCCCc3cc4ccc(C(=N)NC(C)C)cc4o3)oc2c1,,0
CC(C)N=C(N)c1ccc2oc(CCCCCc3cc4cc(C(=N)NC(C)C)ccc4o3)cc2c1,,0
CC(C)NC(=O)C(C)[C@H]1CC[C@@H](C[C@@H](C)n2cc(C#Cc3cccc4ccccc34)nn2)O1,,0
CC(C)NC(=O)Cn1c(SCC(=O)N2c3ccccc3CC2C)nc2ccccc21,,0
CC(C)NC(=O)N1C(=O)N(c2cccc(C(F)F)c2)C2=C(C(=O)CC2)C1c1ccc(C#N)cc1S(C)(=O)=O,,0
CC(C)NC(=O)NC(=O)CSc1nnc(-c2ccccc2F)n1N,,0
CC(C)NC(=O)Nc1ccc2c(c1)C(=O)N([C@H](C)CO)C[C@@H](C)[C@H](CN(C)S(=O)(=O)c1ccc(Cl)cc1)O2,,0
CC(C)NC(=O)Nc1cccc2c1O[C@H](CN(C)C(=O)NC1CCCCC1)[C@H](C)CN([C@H](C)CO)C2=O,,0
CC(C)NC(=O)c1c(CSc2ccc(Cl)cc2)noc1C(=O)NCc1ccccc1,,0
CC(C)Nc1cc(-c2ncn(/C=C\C(=O)OC(C)C)n2)cc(Cl)n1,,0
CC(C)Nc1nnc(-c2cc3c(-c4nccc(C5CC5)n4)c[nH]c3cc2F)o1,,0
CC(C)OC(=O)C(C)N[P@](=O)(OC[C@H]1O[C@@H](n2ccc(=O)[nH]c2=O)[C@](Cl)(Br)[C@@H]1OC(=O)C(N)C(C)C)Oc1ccccc1,,0
CC(C)OC(=O)c1cc(N2C(=O)C3=C(CCCC3)S2(=O)=O)ccc1Cl,,0
CC(C)OC(=O)c1cc(NC(=S)Nc2ccc([N+](=O)[O-])cc2)cc(C(=O)OC(C)C)c1,,0
CC(C)OC(=O)c1sc(N(COP(=O)(OC(C)(C)C)OC(C)(C)C)c2ncccn2)nc1-c1ccccn1,,0
CC(C)Oc1cc2ncnc(Nc3ccc(F)c(C#N)c3)c2c2c1OCCO2,6.5,1
CC(C)Oc1ccc(CNC(=O)C2CCCCN2S(=O)(=O)c2ccc(F)cc2)cc1,,0
CC(C)Oc1cccc(-c2c[nH]c3ccc(-c4nnco4)cc23)n1,,0
CC(C)S(=O)(=O)CC[C@@H]1OCC[C@@]2(S(=O)(=O)c3ccc(Cl)cc3)c3c(F)ccc(F)c3OC[C@@H]12,,0
CC(C)S(=O)(=O)N1CCCC(Oc2ccc(C(F)(F)F)cc2)(C(=O)N2CCN(c3ccccn3)CC2)C1,,0
CC(C)Sc1nc2sc3c(c2c2nnc(SCC(=O)NCc4ccco4)n12)CCCC3,,0
CC(C)[C@@H](O)C[C@H](O)[C@H](CC1CCCCC1)NC(=O)C(Cc1c[nH]cn1)NC(=O)c1cc2ccccc2s1,,0
CC(C)[Si](Oc1ccc(CC2N(C(=O)c3ccc([N+](=O)[O-])cc3)C(CCc3ccccc3)CC2(C)C=O)cc1)(C(C)C)C(C)C,,0
CC(C)[Si]1(C(C)C)OC[C@H]2O[C@@H](n3ccc(=O)n(C(=O)c4ccccc4)c3=O)[C@H](O)[C@@H]2O[Si](C(C)C)(C(C)C)O1,,0
CC(C)c1cc2c(cc1Br)[C@@]1(C)CCC[C@@](C)(C(=O)O)[C@@H]1C/C2=N\OCCNS(=O)(=O)c1ccc(Br)c(C(F)(F)F)c1,,0
CC(C)c1ccc(C(=O)N2CCCC(c3cc(C(=O)NCc4ccccc4)no3)C2)cc1,,0
CC(C)c1ccc(N(CC(=O)Nc2ccc(S(=O)(=O)N3CCOCC3)cc2)S(C)(=O)=O)cc1,,0
CC(C)c1ccc(N2C(=O)N(Cc3cccc([N+](=O)[O-])c3)c3ccccc3S2(=O)=O)cc1,,0
CC(C)c1ccc(S(=O)(=O)N2CCN(C(=O)c3ccc(N4CCCC4)c([N+](=O)[O-])c3)CC2)cc1,,0
CC(C)c1ccc2nc3ccc(C(=O)NC(C)(C)CCCc4cccnc4)cn3c(=O)c2c1,,0
CC(C)c1cccc(C(C)C)c1N1C(=O)c2ccc(O)cc2C1=O,,0
CC(C)c1cccc(C(C)C)c1N1C(=O)c2cccc(O)c2C1=O,,0
CC(C)c1cccc(C2CCN(C(=O)C3CC[C@@H](CC(=O)N4CCCCC4)CC3C(O)=NO)CC2)c1,,0
CC(C)c1cccc(C2CCN(C(=O)C3CC[C@H](CC(=O)N4CCCCC4)CC3C(O)=NO)CC2)c1,,0
CC(C)c1cccc(CN(C)C(=O)NC(C(=O)N[C@@H](Cc2ccccc2)[C@@H](O)C[C@H](Cc2ccccc2)NC(=O)OCc2cccnc2)C(C)C)n1,,0
CC(C)c1cccc(COC(=O)NC(C(=O)N[C@@H](Cc2ccccc2)[C@@H](O)C[C@H](Cc2ccccc2)NC(=O)OCc2cccnc2)C(C)C)n1,,0
CC(C)c1csc(-c2nnc(SCC(=O)NN=Cc3ccc(O)cc3)n2-c2ccccc2)n1,,0
CC(C)c1nc(CN(C)C(=O)NC(C(=O)N2CCC(NC(=O)OCc3cncs3)CC2)C(C)C)cs1,,0
CC(C)c1nc(CN(C)C(=O)NC(C(=O)N[C@H](CC[C@H](Cc2ccccc2)N(C)C(=O)OCc2cncs2)Cc2ccccc2)C(C)C)cs1,,0
CC(C)c1nc2c3ccccc3nc(SCc3cc(=O)n4cc(Cl)ccc4n3)n2c1O,,0
CC(C)c1nc2ccc(Br)cn2c1NC1CCCC1,,0
CC(C)n1nccc1-c1ncccc1COc1cccnc1C=O,,0
CC(C)n1ncn(-c2ccc(N3CCN(c4ccc(OC[C@@H]5COC(Cn6cncn6)(c6ccc(Cl)cc6Cl)O5)cc4)CC3)cc2)c1=O,,0
CC(C=C/C=C(C)/C=C/C1=C(C)CCCC1(C)C)=CC=C1C(=O)CC(c2ccc(C(F)(F)F)cc2)CC1=O,,0
CC(C=NNC(=O)CSc1nc2ccccc2n1C)=Cc1ccco1,,0
CC(CC(=O)Nc1ccccc1C(F)(F)F)C(=O)NC1C(=O)N2CCCN2Cc2ccccc21,,0
CC(CCO)n1ncn(-c2ccc(N3CCN(c4ccc(OC[C@H]5CO[C@](Cn6cncn6)(c6ccc(F)cc6F)O5)cc4)CC3)nc2)c1=O,,0
CC(CCc1ccccc1)NC(=O)CSc1nc2sc3c(c2c(=O)n1CCc1ccccc1)CC(C(C)C)OC3,,0
CC(CNC(=O)c1ccc(Cn2c(=O)c3cccn3c3cccnc32)cc1)c1ccccc1,,0
CC(CNC(=O)c1ccc2nc(CCc3ccccc3)oc2c1)c1ccccc1,,0
CC(CS(=O)(=O)c1cc(C(F)(F)F)cc(C(F)(F)F)c1)C(=O)Nc1ccc([N+](=O)[O-])cc1C(F)(F)F,,0
CC(Cc1cccc(NC(=O)c2cccc(N(C)C(=O)CCN3CCC(OC(=O)Nc4ccccc4-c4ccccc4)CC3)c2)c1)NC[C@H](O)c1ccc(O)c2[nH]c(=O)ccc12,,0
CC(NC(=O)C(=O)Nc1cc(C(F)(F)F)ccc1N1CCOCC1)C(=O)NC(CC(=O)O)C(=O)COP(=O)(c1ccccc1)c1ccccc1,,0
CC(NC(=O)C(CC(=O)NCC(C)(C)C)NC(=O)CCc1ccccc1)C(=O)NCc1ccccc1Cl,,0
CC(NC(=O)C(CCCCN)NC(=O)OCc1ccccc1)C(=O)NC(c1ccc(C(N)N)cc1)P(=O)(Oc1ccccc1)Oc1ccccc1,,0
CC(NC(=O)C(Cc1ccccc1)NC(=O)c1ccccc1)C(=O)NC(C(=O)C(=O)NC1CCCCC1)C(C)(C)C,,0
CC(NC(=O)CSc1nc(-c2ccccc2F)nc2cc(=O)[nH]n12)c1nc2ccccc2n1C,,0
CC(NC(=O)Cc1ccc(OP(=O)(OCc2ccc([N+](=O)[O-])o2)N(C)CCCCCl)cc1)c1ccc(OCC2CCCCC2)c(C(N)=O)c1,,0
CC(NC(=O)NCCS(C)(=O)=O)c1ccc2c(c1)CCC(=O)N2,,0
CC(NC(=O)OC(C)(C)C)c1cccc(CC(=O)Nc2ccc(CCCCc3nnc(NC(=O)Cc4ccccc4)s3)nn2)c1,,0
CC(NC(=O)OCc1ccccc1)C(=O)NC(Cc1ccccc1)C(=O)n1nnc2ccccc21,,0
CC(NC(=O)OCc1csc(C(C)C)n1)C(=O)N[C@@H](Cc1ccccc1)C[C@H](O)[C@H](Cc1ccccc1)NC(=O)OCc1cncs1,,0
CC(NC[C@H](Cc1ccccc1)NC(=O)c1cc(C(=O)N[C@H](C)c2ccc(F)cc2)cc(N(C)S(C)(=O)=O)c1)C(=O)N1CCCC1C(=O)O,,0
CC(NCc1c(O)ccc2c(-c3ccccc3)cc(=O)oc12)C(=O)O,,0
CC(N[P@](=O)(OC[C@H]1O[C@@H](n2ccc(N)nc2=O)[C@@]2(CCO2)[C@@H]1O)Oc1ccccc1)C(=O)OCc1ccccc1,,0
CC(Nc1cc(C(N)=O)nc(-c2ccc(Oc3ccc(C(F)(F)F)c(C#N)c3)cc2)n1)C(N)=O,,0
CC(Nc1ccc(Br)cc1)c1nc(C2CC2)no1,,0
CC(O)C(NC(=O)OC(C)(C)C)C(=O)N[C@H](COc1ccc(/C=C/C(O)=NO)cc1)Cc1c[nH]c2ccccc12,,0
CC(Oc1ccc(Cl)cc1)C(=O)OCn1c(-c2ccc(Cl)cc2)c(C#N)c(Br)c1C(F)(F)F,,0
CC(Oc1ccccc1)(C(=O)NC1CCCCC1)C(F)(F)F,,0
CC(Oc1ccccc1)C(=O)N1CCN(S(=O)(=O)c2ccc(OC(F)(F)F)cc2)CC1,,0
CC(Oc1ccccc1Cl)C(=O)Nn1c(=O)cc(O)n(-c2ccc(Cl)cc2)c1=S,,0
CC(SCc1ccccc1)C(=O)N/N=C/c1cc2c(cc1Br)OCO2,,0
CC(Sc1nnnn1C)C(=O)Nc1ccc(Oc2ccccc2)cc1,,0
CC(c1ccccc1)N1C(=O)C(CC(=O)N2CCC(N3Cc4ccccc4NC3=O)CC2)SC1c1ccccc1,,0
CC/C=C\[C@H](O)[C@H](O)C1=C(C)C(=O)[C@]2(O1)C(=O)N[C@@](OC)(C(=O)c1ccccc1F)[C@@H]2O,,0
CC1(C(=O)NCc2ccc(OC(F)(F)F)cc2)c2ccccc2C(=O)N1CCc1ccccn1,,0
CC1(C(=O)NS(=O)(=O)c2cccs2)CCN1C(=O)C1(c2ccc(Cl)cc2)CC1,,0
CC1(C)C(=O)N(c2ccc(C#N)c(C(F)(F)F)c2)C(=O)N1Cc1ccc(-n2cc(COCCOCCOC(=O)CC34CC5CC(CC(C5)C3)C4)nn2)cc1,,0
CC1(C)C(=O)N(c2ccc(C#N)c(C(F)(F)F)c2)C(=S)N1Cc1ccc(-c2cn(CCOc3cc(O)c4c(=O)c(-c5ccc(O)cc5)coc4c3)nn2)cc1,,0
CC1(C)C(C=C(Cl)Cl)C1C(=O)N(Cc1ccc(Cl)cc1)C1CCS(=O)(=O)C1,,0
CC1(C)C(c2cc(N)nc(N)n2)[C@H]1c1cc(Cl)cc(Cl)c1,,0
CC1(C)C2CCC(C2)C1n1cc(CN2CCC3(CC2)CN(c2ccc(C(=O)O)cc2)C(=O)O3)c(-c2ccc(F)c(F)c2F)n1,,0
CC1(C)C2CCC1(CS(=O)(=O)Nc1ccc(S(=O)(=O)NC3CCCCC3)cc1)C(=O)C2,,0
CC1(C)C=C2C(C(=O)C1)C(c1ccc(F)cc1)C(C#N)=C(NC(=O)CCl)N2c1ccc(S(N)(=O)=O)cc1,,0
CC1(C)CC(NC(=S)Nc2cccc([N+](=O)[O-])c2)c2cc(F)ccc2O1,,0
CC1(C)CC=C(c2cc(C3(C#N)CCCCC3)ccc2NC(=O)c2nc(C#N)c[nH]2)CC1,,0
CC1(C)CCc2cc(S(=O)(=O)N(CC(=O)O)Cc3ccccc3Oc3ccccc3)ccc2O1,,0
CC1(C)COP(=O)(C(CCC(=O)c2ccccc2)P2(=O)OCC(C)(C)CO2)OC1,,0
CC1(C)OC(c2ccccc2)=C/C(=C/C=N/NC(=O)c2ccncc2)O1,,0
CC1(C)Oc2nc([N+](=O)[O-])cn2CC1OCc1ccc(OC(F)(F)F)cc1,,0
CC1(C)[C@@H]2CC[C@]3(C)[C@H](CC[C@@H]4CC=C(O[Si](C)(C)C(C)(C)C)C[C@]43C=N)[C@@]2(C)CCC12OCCO2,,0
CC1(C)c2nc(C(=O)NCc3ccc(F)cc3)c(O)c(=O)n2CCN1CC(=O)N1CCCC1,,0
CC1(N)CN(c2cc3c(cc2F)c(=O)c(C(=O)O)cn3C(C)(C)C)C1,,0
CC1(OC(=O)C2CCCC2)C(=O)C=C2C=C(c3ccsc3)N(Cc3ccc4c(c3)OCO4)C=C2C1=O,,0
CC1(OC(=O)CCc2ccccc2)C(=O)C=C2C=C(c3ccc(C#N)cc3)N(Cc3ccc4c(c3)OCO4)C=C2C1=O,,0
CC1(OC(=O)CCc2ccccc2)C(=O)C=C2C=C(c3ccc(C#N)cc3)N(Cc3ccccc3)C=C2C1=O,,0
CC1(c2ccccc2)CC(c2ccc(NC(=O)NC(=O)c3c(F)cccc3F)cc2)=NO1,,0
CC1(c2ccccc2)NC(=O)N(CC(=O)N(c2ccccc2)C2CCS(=O)(=O)C2)C1=O,,0
CC12CCC(C(NC(=O)C(CC3CCCCC3)NC(=O)NC(CCCN)C(=O)O)C1)C2(C)C,,0
CC1=C(C#C/C(C)=C/C=C/C(C)=C/C=C/C=C(C)/C=C/C=C(\C)C(=O)C[C@@]23O[C@]2(C)C[C@@H](O)CC3(C)C)C(C)(C)C[C@H](O)C1,,0
CC1=C(C(=O)OC2CCCCCC2)C(c2ccc(C)o2)C2C(=O)CCCC2=N1,,0
CC1=C(C(=O)OCC2CCCO2)C(c2ccncc2)C2C(=O)CC(C)(C)CC2=N1,,0
CC1=C(C(=O)OCc2ccc([N+](=O)[O-])cc2)N2C(=O)C(NC(=O)Cc3ccccc3)C2SC1,,0
CC1=C(C(C)c2cccc(Oc3ccccc3)c2)OC2C(=NO)CCN2C1=O,,0
CC1=C(CC(=O)OC(CO[N+](=O)[O-])CO[N+](=O)[O-])c2cc(F)ccc2C1=Cc1ccc([S+](C)[O-])cc1,,0
CC1=C(CC(=O)OCCOc2ccc3ccc(=O)oc3c2)c2cc(F)ccc2C1=Cc1ccc([S+](C)[O-])cc1,,0
CC1=C(CC[C@H]2[C@]3(C)CC[C@H](O)C(C)(C)O[C@H]3CC[C@@]2(C)O)[C@](C)(C/C=C/C(C)(C)O)[C@H](O)CC1,,0
CC1=C(CO)C(=O)OC([C@@H](C)C2CC[C@H]3C4C[C@H]5O[C@]56[C@@H](O)C=CC(=O)[C@]6(C)C4CC[C@]23C)C1,,0
CC1=C(I)C(C)=[N+]2C1=Cc1c(C)c(I)c(C)n1[B-]2(OCCc1cc[n+](C)cc1)OCCc1cc[n+](C)cc1,,0
CC1=C(I)C(C)=[N+]2C1=Cc1c(C)c(I)c(C)n1[B-]2(OCc1cc[n+](C)cc1)OCc1cc[n+](C)cc1,,0
CC1=C(N2CCC3(CCN(CC(O)c4ccc5c(c4Cl)COC5=O)CC3)C2=O)COC1=O,,0
CC1=C(SCCC(=O)OC(C[Se]c2ccccc2)C(=O)NCCCCCC(=O)OCc2ccccc2)C(=O)c2ccccc2C1=O,,0
CC1=C2C[C@H]3O[C@@]3(C)[C@@H]2[C@H]2OC(=O)C(CNCc3cn(-c4cc(Cl)c(Cl)cc4Cl)nn3)[C@@H]2CC1,,0
CC1=CCCC(C)(C)C1C=CC(C)=NNC(=O)c1ccncc1,,0
CC1=CC[C@@H]2C(C)(C)[C@H](O)CC[C@@]2(C)[C@@H]1COc1ccc2ccc(=O)oc2c1,,0
CC1=C[C@@]2(C)[C@H]([C@@H](C)[C@H](O)C[C@H]2O)[C@@H](/C=C(\C)C(=O)O)[C@@H]1/C(C)=C/C[C@H](O)C[C@@H](O)C[C@@H](O)[C@H](C)[C@@H](O)C(C)C,,0
CC1=C[C@]23C(=O)C(=CC(CO)[C@@H](O)[C@]2(O)[C@H]1OC(=O)c1ccccc1Nc1ccccc1)[C@H]1[C@@H](C[C@H]3C)C1(C)C,,0
CC1=C[C@]23C(=O)C(=CC(CO)[C@@H](O)[C@]2(O)[C@H]1OC(=O)c1ccccc1Oc1ccccc1)[C@H]1[C@@H](C[C@H]3C)C1(C)C,,0
CC1=NC(=O)CC(c2c(F)cccc2Cl)C1C(=O)OC1CCCCCC1,,0
CC1=NN(C(=O)CCc2ccccc2)C(c2ccccc2O)C1,,0
CC1=NN(C(=O)c2ccc([N+](=O)[O-])cc2)C(c2ccccc2O)C1,,0
CC1=NN(c2ccccc2)C(=O)C1=Cc1ccc(Nc2nncs2)cc1,,0
CC1=Nc2cc(C(F)(F)F)nn2[C@H](c2ccc(Cl)c(Cl)c2)C1c1ncnn1-c1cccc(C)n1,,0
CC1=Nc2nc3ccccc3n2C(c2ncco2)C1C(=O)OC(C)C,,0
CC1C(=O)N(Cc2cn(Cc3ccco3)nn2)CCS(=O)(=O)N1Cc1ccc(-c2ccc(Cl)c(Cl)c2)cc1,,0
CC1CC(C)CN(C(=O)C2CCN(S(=O)(=O)c3ccc4c(c3)CC(C)N4C(=O)C3CC3)CC2)C1,,0
CC1CC(Oc2[nH]nc3cc(NC(=O)N[C@@H](c4ccc(F)cc4)C(C)(C)O)ncc23)CC(C)O1,,0
CC1CC(c2ccc([N+](=O)[O-])cc2)=Nc2ccccc2[S+]1[O-],,0
CC1CC/C(=C\c2ccc(F)cc2)C2=C1C(c1ccc(F)cc1)n1c(s/c(=C\c3ccc(Cl)cc3)c1=O)=N2,,0
CC1CCC(C(C)C)c2c(-c3c(O)cc(C=Cc4ccc(O)c(O)c4)oc3=O)c(C=O)c(O)c(O)c21,,0
CC1CCC(C(O)(C(=O)c2ccccc2)c2ccccc2)C(=O)C1,,0
CC1CCCCN1C(=O)CSc1nnc(-c2c[nH]c3ccccc23)o1,,0
CC1CCCN(C(=O)CCNC(=O)c2ccccc2Cl)C1,,0
CC1CCCN(C(=O)Nc2ccc(Cc3ccc(NC(=O)N4CCCC(C)C4)cc3)cc2)C1,,0
CC1CCCN(C(=O)c2ccc(CSc3nc4ccncc4n3Cc3ccccc3)cc2)C1,,0
CC1CCN(C(=O)CCNC(=O)c2ccccc2Cl)CC1,,0
CC1CCN(C(=O)c2ccc3c(c2)NC(=O)/C(=C/c2ccccc2)S3)CC1,,0
CC1CCN(S(=O)(=O)c2cc(Br)cc(C(=O)N=C3NCCS3)c2)CC1,,0
CC1CCN(c2c(NCC3CCC(C(=O)N4CCc5ccccc5C4)CC3)c(=O)c2=O)CC1,,0
CC1CCN(c2nnc(Cl)cc2C(=O)c2ccccc2)CC1,,0
CC1CCc2c(sc(NC(=O)CCc3nc(=O)c4ccccc4[nH]3)c2C#N)C1,,0
CC1CCc2sc(NC(=O)c3ccccc3[N+](=O)[O-])c(C(N)=O)c2C1,,0
CC1CN(C(=O)c2ccc(Oc3ccccc3)cc2)CC(C)O1,,0
CC1CN(C(=O)c2cccc(C(F)(F)F)c2Cl)C(C)c2nnn(-c3ccc(F)cc3)c21,,0
CC1CN(S(=O)(=O)c2cccc(C(=O)N(Cc3nnc(-c4ccccc4Cl)o3)C3CC3)c2)CC(C)O1,,0
CC1CN(c2ccc(S(C)(=O)=O)cc2)C(C)CN1C(=O)C1CCCCC1C(=O)NC1(C#N)CC1,,0
CC1CN(c2nc(SCCc3ccc(NC(=O)C(F)(F)F)cc3)c(C#N)c3c2COC(C)(C)C3)CC(C)O1,,0
CC1CN(c2oc(-c3ccccc3Cl)nc2C#N)CC(C)O1,,0
CC1C[C@H]2OC(=O)[C@]13CCC1=C4C(C(=O)[C@H]2C43)[C@@H](C)C[C@H](O)C1,,0
CC1Cc2cc(S(=O)(=O)CCC(=O)NCc3ccc(Cl)cc3)ccc2N1C(=O)C1CC1,,0
CC1Cc2cc(S(=O)(=O)CCC(=O)NCc3ccccc3Cl)ccc2N1C(=O)C1CC1,,0
CC1Cc2cc(S(=O)(=O)N3CCC(C(=O)N(C)Cc4ccco4)CC3)ccc2N1C(=O)C1CCC1,,0
CC1Cc2ccccc2N1C(=O)CSc1nnc(NC(=O)Cc2cccs2)s1,,0
CC1NC(=O)OC12CCN(CC(O)C1COc3ccccc3O1)CC2,,0
CC1OC(O[C@H]2C[C@](O)(COC(=O)Nc3ccccc3)C=C3C(=O)c4c(c(O)c5ccccc5c4O)C(=O)C32)CC(N)C1OCc1ccccc1,,0
CCC(/C=C/C=C/C=C/C(=O)c1c(O)[nH]cc(-c2ccc(O)cc2)c1=O)CO,,0
CCC(=O)CCCCCC1NC(=O)C2CCCCN2C(=O)C([C@@H](C)CC)NC(=O)C(Cc2cn(OC)c3ccc(Br)cc23)NC1=O,,0
CCC(=O)N(C)CCc1cc2c(c(OC)c1/C=N/NC(=O)C1C[C@@H]1c1ccccc1)OCO2,,0
CCC(=O)N(Cc1ccc(C(F)(F)F)cc1)c1cccc(-c2nn[nH]n2)c1,,0
CCC(=O)N1CCc2cc(Br)cc(S(=O)(=O)N3CCCC(C(=O)NCc4ccc(C)cc4)C3)c21,,0
CCC(=O)N1CCc2cc(Br)cc(S(=O)(=O)N3CCN(C(=O)c4ccco4)CC3)c21,,0
CCC(=O)N1CCc2cc(S(=O)(=O)NC(Cc3ccccc3)C(=O)Nc3ccc(Cl)cc3)ccc21,,0
CCC(=O)N1Cc2nc(-c3ccccc3)nn2-c2cc(C)ccc21,,0
CCC(=O)NCc1cnc(C(F)F)c(C(=O)Nc2nc(-c3ccc(C(F)(F)F)cc3)c(C)[nH]2)c1,,0
CCC(=O)NS(=O)(=O)c1ccc(-n2nc(C(F)(F)F)cc2-c2ccc(Br)cc2)cc1CO,,0
CCC(=O)Nc1ccc(N2C(=O)C(Cl)C2c2ccc(SC)cc2)cc1,,0
CCC(=O)Nc1ccccc1N1CCN(C(=O)C2(Oc3ccc(C(F)(F)F)cc3)CCCN(C(=O)c3cnccc3C(F)(F)F)C2)CC1,,0
CCC(=O)OC1=C2C(C)[C@@H](OC(=O)C(O)C(CC(C)C)NC(=O)OC(C)(C)C)C[C@@](O)([C@@H](OC(=O)c3cccc(Cl)c3)[C@@H]3[C@]4(OC(C)=O)CO[C@@H]4C[C@H](O)[C@@]3(C)C1=O)C2(C)C,,0
CCC(=O)OCC(=O)[C@@]1(OC(=O)CC)[C@@H](C)C[C@H]2C3CC=C4CC(=O)C=C[C@]4(C)[C@@]3(F)[C@@H](O)[C@@H](OC(=O)CC)[C@@]21C,,0
CCC(=O)O[C@@H]1[C@@H]2[C@@H](OC(C)=O)[C@@]34CO[C@@](C)([C@H](OC(C)=O)[C@@]2(OC(C)=O)C[C@@H]1C)[C@@H]3[C@@H]1[C@@H](C[C@]1(C)OC(C)=O)C(OC(=O)C(C)C)C4=O,,0
CCC(=O)O[C@@H]1[C@@H]2[C@@H](OC(C)=O)[C@@]34CO[C@@](C)([C@H](OC(C)=O)[C@@]2(OC(C)=O)C[C@]1(C)OC(=O)c1ccccc1)[C@@H]3[C@@H]1[C@@H](C[C@]1(C)OC(C)=O)C(OC(=O)C(C)CC)C4=O,,0
CCC(=O)O[C@H]1C=CC(=O)[C@]2(C)[C@H]3CC[C@]4(C)C([C@H](C)[C@H]5CC(C)=C(C)C(=O)O5)=C[C@H](OC(C)=O)[C@@]4(O)[C@@H]3C[C@H]3O[C@]132,,0
CCC(C(=O)NC(C)(C)C)n1c(-c2ccc3c(c2)OCO3)nc2ccccc21,,0
CCC(C(=O)NC1CCCC1)N(Cc1ccc2c(c1)OCO2)C(=O)c1snc(C(N)=O)c1N,,0
CCC(C)(C(=O)NC1CCCC1)N(Cc1ccco1)C(=O)c1ccccn1,,0
CCC(C)(C)C(=O)Nc1cc(C)c(C)c(S(=O)(=O)N2CCCCCC2)c1,,0
CCC(C)(C)NC(=O)C(c1ccc(OC)cc1)N(C(=O)CCC(=O)Nc1cc(C)on1)C(C)(C)C,,0
CCC(C)(C)NC(=O)C(c1ccccc1Cl)N(C(=O)CCC(=O)Nc1cc(C)on1)C1CC1,,0
CCC(C)(C)OC(=O)OCOP(=O)(OCOC(=O)OC(C)(C)CC)c1ccc(-c2cc(=O)o[nH]2)o1,,0
CCC(C)(CC)CN1CC[C@H](CNC(=O)c2ccc(Cl)c(Cl)c2)NC(CCN)C1=O,,0
CCC(C)C(=O)NC(C)C(=O)O[C@H]1C/C=C/C=C/C=C/[C@H](OC)CC(=O)Nc2cc(O)cc(c2)CC/C=C(/C)[C@H](O)[C@H]1C,,0
CCC(C)C(=O)O[C@H]1[C@H](O)C[C@@H]2[C@@](C)([C@@H]3C[C@H]4C=CO[C@H]4O3)C(C)=C[C@H](OC(C)=O)[C@@]2(COC(C)=O)[C@@]12CO2,,0
CCC(C)C(NC(=O)CNC(=O)C(Cc1ccccc1)NC(=O)C1CCCN1C(=O)c1ccc(-c2ccc(Cl)cc2Cl)o1)C(=O)OC,,0
CCC(C)C(NC(=O)c1ccccc1NC(=O)c1ccco1)C(=O)NNC(=O)c1ccc(OC)cc1,,0
CCC(C)C1(O)C(C)C(=O)c2c(c(OC)c3ccc(-c4ccc5c(Cl)c6c(c(O)c5c4O)C(=O)C(C)C(O)(C(C)C)C6=C(CC(=O)O)OC)c(O)c3c2O)C1/C(C)=C\C(=O)O,,0
CCC(C)N(C(=O)CSc1ncnc2c1cnn2-c1ccccc1)C1CCS(=O)(=O)C1,,0
CCC(C)NC(=O)c1cn(CC)c2ccc(S(=O)(=O)N3CCCCC3)cc2c1=O,,0
CCC(C)Sc1nc2c(c(=O)[nH]c(=O)n2C)n1CC(O)COc1cccc2ccccc12,,0
CCC(C)[C@H]1O[C@]2(C=C[C@@H]1C)C[C@@H]1C[C@@H](C/C=C(\C)[C@@H](O[C@H]3C[C@H](OC)[C@H](NC(C)=O)[C@H](C)O3)[C@@H](C)/C=C/C=C3\CO[C@@H]4[C@H](O)C(C)=CC(C(=O)O1)[C@]34O)O2,,0
CCC(C)[C@H]1O[C@]2(CC[C@@H]1C)C[C@@H]1C[C@@H](C/C=C(\C)[C@@H](OC(=O)/C(=N\OC)c3ccccc3)[C@@H](C)/C=C/C=C3\CO[C@@H]4[C@H](O)C(C)=CC(C(=O)O1)[C@]34O)O2,,0
CCC(C)c1ccccc1OC(=O)c1coc(-c2ccccc2)n1,,0
CCC(C)n1ncn(-c2ccc(N3CCN(c4ccc(OC[C@@H]5CO[C@@](CN(C)C)(c6ccc(Cl)cc6Cl)O5)cc4)CC3)cc2)c1=O,,0
CCC(C)n1ncn(-c2ccc(N3CCN(c4ccc(OC[C@@H]5CO[C@@](Cn6ccnc6C)(c6ccc(Cl)cc6Cl)O5)cc4)CC3)cc2)c1=O,,0
CCC(C)n1ncn(-c2ccc(N3CCN(c4ccc(OC[C@@H]5CO[C@@](Cn6cncn6)(c6ccc(Cl)cc6Cl)O5)cc4)CC3)nc2)c1=O,,0
CCC(C)n1ncn(-c2ccc(N3CCN(c4ccc(OC[C@H]5CO[C@](Cn6cncn6)(c6ccc(F)cc6F)O5)cc4)CC3)nc2)c1=O,,0
CCC(CC)(NC(=O)c1c(C)nn2c1N[C@H](c1ccccc1)CC2(C)C)c1ccc(C)cc1,,0
CCC(CC)C1C(C(=O)c2ccc(C(=O)N(C)C)cc2)C(=O)C(=O)N1c1ccc(-c2noc(C)n2)cc1,,0
CCC(CC)NC(=O)c1cnn(-c2ccccc2)c1NS(=O)(=O)c1ccc(-c2cnco2)cc1,,0
CCC(CC)Nc1c([N+](=O)[O-])cc2c(c1[N+](=O)[O-])CCCC21CCCCC1,,0
CCC(CC)Nc1c([N+](=O)[O-])cc2c(c1[N+](=O)[O-])CCCC2C,,0
CCC(CC)Oc1cc(C)c2nn(CC(=O)c3cc(OCCO)cc(C(C)(C)C)c3)c(=N)n2n1,,0
CCC(CC)c1nnc(NC(=O)c2cc(C(=O)OC)cc([N+](=O)[O-])c2)s1,,0
CCC(Cc1c(O)[nH]c(=O)[nH]c1=O)C(=O)C(CC)C(=O)C(C)=Nc1nc2ccc(C)cc2s1,,0
CCC(NC(=O)C1(C)CC1(Br)Br)c1ccc(C)cc1,,0
CCC(Sc1nnc(C)n2c1cc1occc12)C(=O)Nc1ccccc1F,,0
CCC(c1cc(=O)[nH]c(SC2CCCC2)n1)c1c(Cl)cccc1Cl,,0
CCC(c1cc(F)c(OC(C)=O)c(OC(C)=O)c1)C(C)c1cc(F)c(OC(C)=O)c(OC(C)=O)c1,,0
CCC/N=C1\S/C(=C\c2ccc(C(=O)NCC(=O)N(C)C)cc2)C(=O)N1c1ccccc1O,,0
CCC1(C(=O)N2CC[C@](c3ccc(C(OCc4c(F)cccc4F)(C(F)(F)F)C(F)(F)F)cc3)(S(=O)(=O)c3ccc(F)cc3)C2)CCN(C(C)=O)CC1,,0
CCC1(C)Cc2c(sc3[nH]c(=S)n(Cc4ccccc4)c(=O)c23)CO1,,0
CCC1(c2cccs2)Oc2cccnc2-n2cccc2C1=O,,0
CCC12C=CCN3CC[C@@]4(c5ccc(OC)cc5N(C)[C@H]4[C@@](O)(C(=O)OC)[C@@H]1OC(C)=O)[C@@H]32,,0
CCC1=C[C@@H]2CN(CCc3c([nH]c4ccccc34)[C@@](C(=O)OC)(c3cc4c(cc3OC)N(C)[C@H]3[C@@](O)(CNC(=O)c5cccc(Cl)c5)[C@H](OC(C)=O)[C@]5(CC)C=CCN6CC[C@]43[C@@H]65)C2)C1,,0
CCC1CCC(c2cc(C(=O)N3CCN(C(=O)c4cc(F)cc(N5CCNCC5)c4)CC3)ccc2O[C@H]2CCNC2)CC1,,0
CCC1CCCCN1C(=S)NC(=O)c1ccc([N+](=O)[O-])cc1,,0
CCC1OC(=O)C(C)[C@@H](O[C@H]2C[C@@](C)(OC)C(O)C(C)O2)C(C)[C@@H](O[C@@H]2OC(C)CC(N(C)C)C2O)[C@@](C)(O)CC(C)C(=O)C(C)C(O)[C@]1(C)O,,0
CCCC(=O)NCC(c1cccs1)S(=O)(=O)c1ccc(Cl)cc1,,0
CCCC(=O)O[C@H]1CC[C@@]2(C)C(=CC[C@@H]3[C@@H]2CC[C@]2(C)C(C(=O)Cn4cncn4)=CC[C@@H]32)C1,,0
CCCC(=O)O[C@H]1C[C@@H](C)[C@@]23C[C@@H](C[C@H](OC(=O)/C=C/c4ccccc4)[C@]2(COC(C)=O)[C@@H]1OC(C)=O)C(C)(C)O3,,0
CCCC(=O)c1c2c(c(OC(C)=O)c(Cc3c(OC)c(C)c(OC(C)=O)c(C(C)=O)c3OC(C)=O)c1OC(C)=O)C=CC(C)(C)O2,,0
CCCC(Br)C(=O)OC(Cn1cncn1)(Cn1cncn1)c1ccc(F)cc1F,,0
CCCC(C(=O)NC1CCCC1)N(C(=O)c1snc(C(N)=O)c1N)c1ccc(OCC)cc1,,0
CCCC(C(=O)NCCC(C)C)N(Cc1ccc(F)cc1)C(=O)c1snc(C(N)=O)c1N,,0
CCCC(NC(=O)C1C[C@@H](OC(=O)N2CCc3ccccc3C2)CN1C(=O)C(NC(=O)C(NC(=O)c1cnccn1)C(C)C)C(C)C)C(=O)C(=O)N1CCC1,,0
CCCC12CN(C(=O)c3ccc([N+](=O)[O-])cc3)CC(C)(CN(C(=O)c3ccc([N+](=O)[O-])cc3)C1)C2=O,,0
CCCC=C1C=C2C(=CN1Cc1ccco1)C(=O)C(C)(OC(=O)c1ccc(OC)cc1)C(=O)C2c1ccco1,,0
CCCC=c1ncc(=Cc2c(O)[nH]c(=O)n2CCCC)n1Cc1ccc(S(=O)(=O)NC(F)(F)F)cc1,,0
CCCC=c1ncc(=Cc2c(O)n(CCCC)c(=O)n2Cc2ccc(C(F)(F)F)cc2)n1Cc1ccc(C(=O)OC)cc1,,0
CCCC=c1ncc(=Cc2c(O)n(CCCC)c(=O)n2Cc2cscn2)n1Cc1ccc(C(=O)OC)cc1,,0
CCCCC#Cc1nc(NCc2cccc(I)c2)c2ncn([C@H]3[C@H](O)[C@H](O)[C@@H]4C[C@@H]43)c2n1,,0
CCCCC(=O)NC[C@@]1(O)[C@H](OC(C)=O)[C@]2(CC)C=CCN3CC[C@@]4(c5cc([C@@]6(C(=O)OC)C[C@@H]7C=C(CC)CN(Cc8c6[nH]c6ccccc86)C7)c(OC)cc5N(C)[C@@H]14)[C@@H]32,,0
CCCCC(=O)O[C@]1(C(=O)CO)C(C)CC2C3CC=C4CC(=O)C=CC4(C)[C@@]3(F)C(O)CC21C,,0
CCCCC(=O)O[C@]1(C(=O)CO)[C@H](C)C[C@H]2[C@@H]3CC=C4CC(=O)C=C[C@]4(C)[C@@]3(F)[C@@H](O)C[C@@]21C,,0
CCCCC(CC)C(=O)OCC1(CO)C/C(=C/c2ccc(OC(F)(F)F)cc2)C(=O)O1,,0
CCCCC(NC(=O)C(C)NC(=O)C(NC(=O)c1ccccc1)C(C)(C)C)C(=O)C(=O)NC1CCCCC1,,0
CCCCC(Sc1nc(OCCc2ccc(C(F)(F)F)cc2)cc(OCCc2ccc(C(F)(F)F)cc2)n1)C(=O)O,,0
CCCCC1=NC2(CCC2)C(=O)N1Cc1ccc(-c2ccccc2C(=O)O)cc1,,0
CCCCC1=NC2(CCCC2)C(=O)N1Cc1ccc(-c2ccccc2S(=O)(=O)NC(=O)c2ccccc2)cc1,,0
CCCCC1NC(=O)C(CCC(N)=O)=NC(=O)CCC(=O)NC(C(N)=O)CCCCNC(=O)C(Cc2ccc(C(=O)c3ccccc3)cc2)NC1=O,,0
CCCCCC(=C1C(=O)CC(=O)C=C1C)c1c(O)cc2c(O)c3cc(Oc4cc(C)cc(O)c4)cc(O)c3c(O)c2c1O,,0
CCCCCC(=O)N1CCN(C(C(=O)N[C@H](C(C)C)P(=O)(Oc2ccc(SC)cc2)Oc2ccc(SC)cc2)c2ccc(F)cc2)CC1,,0
CCCCCC(=O)O[C@@H]1C[C@H](OC(C)=O)[C@@]2(C)C(=C1C)C(=O)C(C(C)C(=O)OC)=CCC(C)CC[C@@H]2OC(=O)CCC,,0
CCCCCCC(=O)NC(Cc1ccccc1)C(=O)NC1/C=C/CCNC(=O)/C=C/[C@H](C(C)C)NC1=O,,0
CCCCCCCC(=O)C1C(=O)O[C@@]2(C)C(=O)C(C=O)=C3C=C(C)OC=C3[C@H]12,,0
CCCCCCCC(=O)OCC(=O)[C@@]1(O)CC[C@H]2[C@@H]3CC=C4CC(=O)CC[C@]4(C)[C@H]3[C@@H](O)C[C@@]21C,,0
CCCCCCCC(=O)O[C@H]1/C(=C/C(=O)OC)C[C@H]2C[C@H](CO)OC(=O)CCOc3ccc(-c4ccc(C(=O)N(CC)CC)cc4)cc3C(=O)OCC(C)(C)[C@]1(O)O2,,0
CCCCCCCC(=O)SCC/C=C/[C@@H]1CC(=O)NCc2cc(ccn2)C2=N[C@@](C)(CS2)C(=O)NC(C(C)C)C(=O)O1,,0
CCCCCCCC(=O)SCC/C=C/[C@@H]1CC(=O)NCc2cccc(n2)C2=N[C@@](C)(CS2)C(=O)NC(C(C)C)C(=O)O1,,0
CCCCCCCCCC(=O)O[C@@H]1[C@@H](C)[C@]2(O)C3=CC(C)C(=O)[C@@]3(O)CC(CO)=C[C@H]2[C@@H]2C(C)(C)[C@]12O,,0
CCCCCCCCN1C(=O)C(CC(=O)N2CCC(c3ccccc3)CC2)C[C@@]2(C(=O)OC)CC(C)(C)CC=C12,,0
CCCCCCCCOc1nc(N)nc2c1ncn2/C=C1/CC1(CO)CO,,0
CCCCCCCS(=O)(=O)c1c(N2CCN(S(=O)(=O)Cc3ccccc3)CC2)cnn(-c2ccccc2)c1=O,,0
CCCCCCCc1nnc(Cc2cc([C@@H]3O[C@H](CO)[C@@H](O)[C@H](O)[C@H]3O)ccc2Cl)s1,,0
CCCCCCOC(C)c1c(C)c2[nH]c1=CC1=NC(Cc3[nH]c4c(c3C)C(C)=CC4=C3N=C(C=2)[C@@H](C)[C@@H]3CCC(=O)NO[C@@H]2O[C@H](O)[C@H](O)[C@H](O)[C@H]2O)C(CC)=C1C,,0
CCCCCCOP(=O)(O)OCCSC(=S)N1CCCCC1,,0
CCCCCC[C@H](C)[C@H]1OC(=O)C(C(C)C)=NC(=O)C(C)NC(=O)CCC(C)=NC(=O)C1CCO,,0
CCCCCCc1ccnc(N2CCc3cc(S(=O)(=O)Nc4ccccc4)ccc32)n1,,0
CCCCC[C@@H]1[C@H]2c3c(c(O)n(-c4ccccc4)c3O)CC(=O)C2[C@H](c2ccccc2)N1S(=O)(=O)c1ccc(C)cc1,,0
CCCCCc1ccc(-c2cn(C3COC4=C(Br)C(=O)C(=O)c5cccc3c54)nn2)cc1,,0
CCCCCc1ccc(-c2cn([C@@H]3O[C@@H]4O[C@]5(C)CC[C@H]6[C@H](C)CC[C@@H]([C@H]3C)[C@@]46OO5)nn2)cc1,,0
CCCCCc1ccc(C#Cc2cn(C/C=C/CN3C(=O)c4ccccc4C3=O)c(=O)[nH]c2=O)cc1,,0
CCCCCc1ccc(C#Cc2cn(C/C=C\CN3C(=O)c4ccccc4C3=O)c(=O)[nH]c2=O)cc1,,0
CCCCCn1cc(C(=O)NC2CCCCCC2)c(=O)c2c(C)csc21,,0
CCCCN(C(=O)c1c(CC)noc1C)c1c(N)n(CCC)c(=O)[nH]c1=O,,0
CCCCN(CC)c1cc(C)nc2c1NC(=O)CN2c1c(Cl)cc(C#N)cc1Cl,,0
CCCCN(CCCC)C(=O)c1cc(C)n(-c2ccc(NS(=O)(=O)C(C)C)cc2C(=O)N2Cc3ccccc3C[C@H]2CO)n1,,0
CCCCN(CCCC)CC(O)c1cc(/C=C/c2ccc(C(F)(F)F)cc2)nc(C(=O)c2ccc(C(F)(F)F)cc2)c1,,0
CCCCN(c1sc2ccccc2c1C(=O)N(C)C)S(=O)(=O)c1ccc(C(=O)OC)cc1,,0
CCCCNC(=O)C(C1CCCCC1)N(Cc1cn([C@@H]2O[C@H](CO)[C@@H](O)[C@H](O)[C@H]2NC(C)=O)nn1)C(=O)c1ccccc1I,,0
CCCCNC(=O)CC1C[C@@]2(C(=O)OCC)CCCC=C2N(CCC2=CCCCC2)C1=O,,0
CCCCNc1c[nH]nc1-c1nc(-c2ccc(Oc3ccc(C(F)(F)F)cc3)cc2)no1,,0
CCCCNc1ccc(C(CC(N)=O)NC(=O)c2ccccc2)cc1[N+](=O)[O-],,0
CCCCNc1ccc2c3c(cccc13)C(=O)N(C[C@@]1(C)CCC[C@]3(C)c4ccc(C(C)C)cc4CCC13)C2=O,,0
CCCCOC(=O)N1CCN(C(=O)C(CCC(=O)O)NC(=O)c2cc(N3CCC(C(=O)N(CC)CC)CC3)nc(-c3ccccc3)n2)CC1,,0
CCCCOC(=O)NS(=O)(=O)c1sc(CC(C)C)cc1-c1ccc(CN(CC)C(C)=O)cc1,,0
CCCCOC[C@@]1(O)CC2C(=O)N(c3ccc(OC(F)(F)F)cc3)C[C@@H]2C1,,0
CCCCOc1ccc(C[C@@H]2CN(Cc3cncn3C)c3ccc(C#N)cc3CN2S(=O)(=O)c2ccc(OC)cc2)cc1,,0
CCCCS(=O)(=O)CC(O)CSc1nc(-c2ccc(C)cc2)cc(-c2ccccc2)c1C#N,,0
CCCCS(=O)(=O)N1CCN(c2ccc(OCC3CCN(C(=O)OC(C)C)CC3)cn2)CC1,,0
CCCCSCC(=O)N1N=C(c2cc3ccccc3oc2=O)C[C@@H]1c1ccc(C(F)(F)F)cc1,,0
CCCC[C@@H](C)CC(C)C(=O)N(C)C(C=C(C)C)C(=O)NC(C(=O)N(C)C(C(=O)N1C[C@@H](O)CC1C(=O)N1C(=O)C=C[C@@H]1C)C(C)C)[C@@H](C)OC(C)=O,,0
CCCC[C@@]12CCC(=O)C(CC)=C1c1ccc3[nH]nnc3c1C2,,0
CCCC[C@H](C)[C@@H]1CC(=O)NC(Cc2ccccc2)C(=O)NC(CC(N)=O)C(=O)NC(C[C@H](C)CC)C(=O)O1,,0
CCCC[C@H](C)[C@@H]1CC(=O)NC(Cc2ccccc2)C(=O)NC(CC(N)=O)C(=O)NC(Cc2ccccc2)C(=O)O1,,0
CCCC[C@]1(CC)CS(=O)(=O)c2cc(OCCCS(=O)(=O)O)c(OC)cc2[C@@H](c2ccccc2)N1,,0
CCCC[PH](CCCC)(CCCC)Cc1ccc(NC(=O)C2Cc3ccccc3CN2C(=O)CN=C(NC2CCCCC2)NC2CCCCC2)cc1,,0
CCCCc1c(C(=O)OC(C)(C)C)cc(C#Cc2cc(C(=O)OC(C)(C)C)c(CCCC)c(C(=O)OC(C)(C)C)c2)cc1C(=O)OC(C)(C)C,,0
CCCCc1c[n+](Cc2ccc(-c3ccccc3C(=O)[O-])cc2)cn1Cc1ccc(-c2ccccc2C(=O)O)cc1,,0
CCCCc1ccc(N2C(=O)CC([C@H]3O[C@@H]4OC(C)(C)O[C@@H]4[C@H]3OC)N(Cc3ccccc3)C2=O)cc1,,0
CCCCc1ccc(N2C(=O)CC([C@H]3O[C@@H]4OC(C)(C)O[C@@H]4[C@H]3OC)N(c3ccco3)C2=O)cc1,,0
CCCCc1ccc(NS(=O)(=O)c2ccc(N3CCCCS3(=O)=O)cc2)cc1,,0
CCCCc1ccc(S(=O)(=O)n2cc(/C=N/N=C/N(C)C)c3c([N+](=O)[O-])cccc32)cc1,,0
CCCCc1nc(C)c(Cc2n[nH]c(-c3ccc(F)cc3)n2)c(=O)n1Cc1ccc(-c2ccccc2-c2nc(=O)o[nH]2)cc1,,0
CCCCc1nc(Cl)c(C(=O)OC(C)OC(C)=O)n1Cc1cccc2c1ccn2-c1ccccc1-c1nn[nH]n1,,0
CCCCc1nc(Cl)c(CC(=O)OC)n1Cc1ccc(NC(=O)C(Cc2cccs2)n2cccc2C(=O)OC)cc1,,0
CCCCc1nn(-c2ccccc2C(F)(F)F)c(=O)n1Cc1ccc(-c2ccccc2S(=O)(=O)NC(=O)c2sccc2Br)cc1,,0
CCCCn1/c(=N/C(=O)c2cc3ccccc3o2)c(C(=O)OCC)cc2c(=O)n3ccccc3nc21,,0
CCCCn1c(CNC(=O)C23CC4CC(CC(C4)C2)C3)nnc1SCC(=O)Nc1ccccc1,,0
CCCCn1c(N)c(C(=S)NC(=O)CC(C)(C)C)c(=O)n(C)c1=O,,0
CCCCn1c(N)c(N(CCC(C)C)C(=O)COC(=O)/C=C/c2ccc(F)cc2)c(=O)[nH]c1=O,,0
CCCCn1c(N)c(N(CCOC)C(=O)c2ccc(-c3ccc(C(C)=O)cc3)o2)c(=O)[nH]c1=O,,0
CCCCn1c(N)c(S(=O)(=O)c2ccccc2)c2nc3ccccc3nc21,,0
CCCCn1cc(S(=O)(=O)c2ccccc2)c(=O)c2cc(F)c(N3CCC(C)CC3)cc21,,0
CCCCn1nc(C(=O)N2CCN(S(=O)(=O)c3ccccc3)CC2)c2ccccc2c1=O,,0
CCCN(C(=O)c1cc(S(=O)(=O)N2CCCCC2)ccc1Cl)C1CCS(=O)(=O)C1,,0
CCCN(CC(=O)Nc1ccccc1C)C(=O)c1ccc2c(c1)OCO2,,0
CCCN(CC1CC1)c1nc(C)nc(Nc2c(Cl)cc(I)cc2Cl)c1Cl,,0
CCCN(CCC)C(=O)Cn1c(=O)n(-c2ccc(Cl)c(Cl)c2)c(=O)c2c(C)c(C(=O)N(C)C)sc21,,0
CCCN(CCOC)c1nc(C)nc2c1c(C)nn2-c1ccc(OC)cc1C,,0
CCCN(CC[C@H]1CC[C@H](NS(=O)(=O)c2cnccc2Cl)CC1)[C@H]1CCc2nc(N)sc2C1,,0
CCCN1CCC2(CC1)Oc1cc(O)ccc1C1C2=CCn2c(=O)n(-c3ccccc3)c(=O)n21,,0
CCCNC(=O)OC[C@H]1O[C@H](CCO/N=C/[C@@H](NS(=O)(=O)c2ccc(C)cc2)[C@H](C)/C=C/CC(=O)OC)C=C[C@@H]1Oc1ccc(OC)cc1,,0
CCCNC(=O)c1c(NC(=O)c2c(F)cccc2C(F)(F)F)sc2c1CCOC2,,0
CCCNC(=O)c1ccc2c(c1)ncn2-c1ccc(C)cc1C,,0
CCCOC(=O)CCCC=C(c1cc(C)c(OC)c(C(=O)OC)c1)c1cc(C)c(OC)c(C(=O)OC)c1,,0
CCCOCCc1ccc(Cc2cc3c(cc2Cl)CO[C@]32O[C@H](C)[C@@H](O)[C@H](O)[C@H]2O)s1,,0
CCCOc1c2cccc1Cc1cc3cc(c1OCCC)Cc1cccc(c1OCCC)Cc1cc(cc(c1OCCC)C2)C(=O)NC(C)C(=O)NCCNCCNC(=O)C(C)NC3=O,,0
CCCOc1cc(O)c2c(c1)CCCCCCC[C@@H](C)OC2=O,,0
CCCOc1ccc(-c2ccc(-c3noc(CC)n3)cc2)cc1,,0
CCCOc1ccc(N(C(=O)c2ccco2)c2cc(O)n(-c3ccc(OCCC)cc3)c2O)cc1,,0
CCCOc1ccc(NS(=O)(=O)c2ccc3c(c2)CN(C(=O)Nc2ccc(C(C)(C)C)cc2)C3)c(F)c1,,0
CCCS(=O)(=O)N(CC)c1cccc2c3nc4ccc(N(CC)CC)cc4sc-3c/c(=N\CC)c12,,0
CCCS(=O)(=O)N(CC1CCN(C(=O)OC)CC1)C1Cc2cc(C#N)ccc2N(Cc2cncn2C)C1,,0
CCCS(=O)(=O)c1ccc2[nH]c(-c3cccc(-c4ccccc4)c3)cc2c1,,0
CCCSc1nc(N2CCN(C(=O)OC(C)(C)C)CC2)c2nc(Nc3ccccn3)sc2n1,,0
CCC[C@@H]1O[C@@H]2C[C@H]3[C@@H]4C[C@H](F)C5=CC(=O)CC[C@]5(C)[C@@]4(F)[C@@H](O)C[C@]3(C)[C@]2(C(=O)CO)O1,,0
CCC[C@H](c1ccc(C(=O)O)c(Oc2cccc(Cl)c2)c1)N1CCC[C@H](n2cc(C)c(=O)[nH]c2=O)C1,,0
CCCc1c(Cc2ccc(-c3ccccc3-c3nc(=O)o[nH]3)cc2)c(=O)n([C@H]2CC[C@@]3(CCCO3)CC2)c2ncnn12,,0
CCCc1c(Cc2ccc(-c3ccccc3-c3nc(=O)o[nH]3)cc2)c(=O)n([C@H]2CC[C@H](OCC(C)(C)O)CC2)c2ccnn12,,0
CCCc1cc(=O)oc2c(C(=O)C(C)[C@H](C)O)c(O)c3c(c12)OC(C)(C)C=C3,,0
CCCc1cc2c(cc1OS(N)(=O)=O)CC[C@@H]1[C@@H]2CC[C@]2(C)C(OS(N)(=O)=O)CC[C@@H]12,,0
CCCc1ccc(-c2csc(NC(=O)c3ccc([N+](=O)[O-])o3)n2)cc1,,0
CCCc1ccc(C(=O)NC(c2ccccc2)C(O)C(=O)O[C@H]2C[C@@]3(O)[C@@H](OC(=O)c4ccccc4)[C@@H]4[C@]5(OC(C)=O)CO[C@@H]5C[C@H](O)[C@@]4(C)C(=O)C(OC(C)=O)=C(C2C)C3(C)C)cc1,,0
CCCc1cn(CC[C@@H]2CC[C@@H](NS(=O)(=O)c3ccc(-c4ccccc4)cc3)[C@@H](CO)O2)nn1,,0
CCCc1cn(CC[C@@H]2CC[C@H](NS(=O)(=O)c3ccc(-c4ccccc4)cc3)[C@H](CO)O2)nn1,,0
CCCc1cn(CC[C@H]2CC[C@H](NS(=O)(=O)c3ccc(-c4ccccc4)cc3)[C@@H](CO)O2)nn1,,0
CCCc1cnc(N2CCC(C3Cc4c(F)c(C5=CCN(S(=O)(=O)CCC(C)(C)O)CC5)cc(F)c4O3)CC2)nc1,,0
CCCn1c(=O)c2[nH]c(-c3cc(NC(=O)C(C)c4ccccc4)nn3C)nc2n(CCC)c1=O,,0
CCCn1c(=O)c2[nH]c(-c3cc(OCc4nc5c(C(F)(F)F)cc(C(F)(F)F)cc5[nH]4)nn3C)nc2n(CCC)c1=O,,0
CCCn1c(=O)c2[nH]c(-c3cc(OCc4nc5ccccc5[nH]4)nn3C)cc2n(CCC)c1=O,,0
CCCn1c(=O)c2[nH]c(-c3ccc(OCC(=O)N4CCN(c5c(Cl)cncc5Cl)CC4)cc3)cc2n(CCC)c1=O,,0
CCCn1c(SCC(=O)N2c3ccccc3CCc3ccccc32)nc2c1c(=O)n(C)c(=O)n2C,,0
CCCn1cnc2c(c1=O)c1nc3ccccc3nc1n2CCC1=CCCCC1,,0
CCN(C(=O)COC(=O)CCCOc1ccc(Cl)cc1C)c1c(N)n(Cc2ccccc2)c(=O)[nH]c1=O,,0
CCN(C(=O)COC(=O)c1c2c(nc3ccccc13)CCC2)c1c(N)n(Cc2ccccc2)c(=O)[nH]c1=O,,0
CCN(C(=O)CSc1nc(=O)c(S(=O)(=O)c2ccc(C)c(Cl)c2)c[nH]1)c1cccc(C)c1,,0
CCN(C(=O)c1cc2c(=O)[nH]c3ccc(C)cc3c2s1)c1ccc(F)cc1,,0
CCN(CC(=O)Nc1c(F)cccc1F)C(=O)c1ccc(C)c(S(=O)(=O)N2CCCCC2)c1,,0
CCN(CC(=O)Nc1c(F)cccc1F)C(=O)c1ccc(S(=O)(=O)N2CCCCCC2)cc1,,0
CCN(CC(=O)Nc1ccc(NC(C)=O)cc1)C(=O)c1cn(-c2ccccc2)nc1-c1cccs1,,0
CCN(CC)C(=O)C(Cc1ccccc1)C[C@H](O)CNS(=O)(=O)c1ccc([N+](=O)[O-])cc1,,0
CCN(CC)C(=O)C1CC2c3cccc4[nH]cc(c34)C[C@H]2N(C(=O)Nc2ccccc2)C1,,0
CCN(CC)C(=O)CSc1nc(=O)c2sc(=S)n(-c3ccc(C)cc3C)c2[nH]1,,0
CCN(CC)C(=O)CSc1nnc(-c2cnccn2)n1-c1ccccc1,,0
CCN(CC)C(=O)Cn1cc(S(=O)(=O)CC(=O)NCc2ccc3c(c2)OCO3)c2ccccc21,,0
CCN(CC)C(=O)Cn1cnc2sc(C(=O)N3CCN(c4ccc(F)cc4)CC3)c(C)c2c1=O,,0
CCN(CC)CC/C=C/c1ccccc1S(=O)(=O)Nc1ccc2c(c1C(=O)O)CCCC2,,0
CCN(CC)CCCNc1ncc(C)c2[nH]c3ccc4cc(O)ccc4c3c12,,0
CCN(CC)CCNC(=O)c1[nH]c2ccc(N(Cc3ccc(Br)cc3)S(=O)(=O)c3ccc(Br)cc3)cc2c1C,,0
CCN(CC)S(=O)(=O)c1ccc(C(=O)Nc2nc3c(C)ccc(Cl)c3s2)cc1,,0
CCN(CC)S(=O)(=O)c1ccc(S(=O)(=O)Nc2ccc3c(c2)oc2ccccc23)cc1,,0
CCN(CC)S(=O)(=O)c1cccc(-c2nnc(SCC(N)=O)n2CCc2ccccc2)c1,,0
CCN(CC)S(=O)(=O)c1cccc(-c2nnc(SCc3ncc(-c4ccccc4)o3)n2C)c1,,0
CCN(CC)c1ccc(-n2nc3cc(C)c(NC(=O)c4ccccc4C)cc3n2)c(C)c1,,0
CCN(CC)c1ccc(/C=C2\Oc3ccc(O)cc3C2=O)cc1,,0
CCN(CC)c1ccc(C2=NC(P(=O)(O)O)(P(=O)(O)O)C(=S)c3ccccc32)cc1,,0
CCN(CC)c1ccc(C=C(c2nnnn2-c2ccccc2)c2nnnn2-c2ccccc2)cc1,,0
CCN(CC)c1ccc(NC(=O)Cc2csc(NC(=O)c3cc(OC)cc(OC)c3)n2)c(C)c1,,0
CCN(CC)c1ccc(OS(=O)(=O)c2ccc(C)cc2)c2c1C(=O)c1ccccc1C2=O,,0
CCN(CC)c1ccc2c(-c3ccc(S(=O)(=O)NCCSS(C)(=O)=O)cc3S(=O)(=O)[O-])c3ccc(=[N+](CC)CC)cc-3oc2c1,,0
CCN(CC)c1ccc2c(-c3ccccc3C(=O)N3CCNCC3)c3ccc(=[N+](CC)CC)cc-3oc2c1,,0
CCN(CC)c1ccccc1C[S+]([O-])c1nccn1-c1ncccc1OC,,0
CCN(Cc1c[nH]cn1)c1ccc(Oc2ccc(Cl)cc2)c(Cl)c1,,0
CCN(Cc1ccccc1)S(=O)(=O)c1ccc(C(=O)N(CCCN(C)C)c2nc3c(F)cccc3s2)cc1,,0
CCN(c1cccc(C)c1)S(=O)(=O)c1ccc2[nH]cc(C(=O)NCCCOC)c(=O)c2c1,,0
CCN(c1ccccc1)S(=O)(=O)c1ccc(Cl)c(C(=O)N(CC2CCCO2)C2CCS(=O)(=O)C2)c1,,0
CCN(c1nc(C)nc2c1nnn2-c1ccc(C(C)C)cc1Br)C(COC)COC,,0
CCN1/C(=C\C(=C/c2sc3ccccc3[n+]2CCCS(=O)(=O)[O-])OC)Sc2ccc(OC)cc21,,0
CCN1C(=O)C(C)(C)C(=O)N(C)c2cc(OCCCN(CCc3cccnc3)S(=O)(=O)c3ccccc3)ccc21,,0
CCN1C(=O)CCC1C(=O)NCc1ccc(Cl)c(Cl)c1,,0
CCN1C(C(=O)c2ccccc2)=C(OC(=O)COc2ccc(OC)cc2)c2ccccc2S1(=O)=O,,0
CCN1CCN(CC/C=C/c2ccc3c(Nc4ccc(Sc5nccn5C)c(Cl)c4)c(C#N)cnc3c2)CC1,8.0,1
CCN1C[C@@H]([C@H](O)[C@H](CC2CCCCC2)NC(=O)C(Cc2c[nH]cn2)NC(=O)C(Cc2ccccc2)NC(=O)OC(C)(C)C)NS1(=O)=O,,0
CCN1C[C@@]2(COC)[C@H]3[C@@H](OC)[C@@H]4C1[C@]3([C@@H](OC)C[C@H]2OC(C)=O)[C@@H]1C[C@]2(OC(C)=O)[C@@H](OC)C[C@@]4(OC(C)=O)[C@H]1[C@H]2OC(=O)c1ccccc1,,0
CCNC(=O)C(CC(C)C)NP(=O)(O)CNC(=O)OCc1ccccc1,,0
CCNC(=O)N1C2CCC1CN(C(=O)OC1([C@H]3COC[C@@H](CC4CC4)N3S(=O)(=O)c3ccc(Cl)cc3)CC1)C2,,0
CCNC(=O)N1C[C@H](C)C[C@@](C)(OC)[C@H](O[C@@H]2O[C@H](C)C[C@H](N(C)C)[C@H]2O)[C@@H](C)[C@H](O[C@H]2C[C@@](C)(OC)[C@@H](O)[C@H](C)O2)C(C)C(=O)O[C@H](CC)[C@@](C)(O)[C@H](O)[C@H]1C,,0
CCNC(=O)Nc1ccc(-c2nc(N3CCOC[C@@H]3C)nc3c2C(=O)N(CC)CC(C)(C)O3)cc1,,0
CCNC(=O)ON(C)C(=O)COC(c1ccc(F)c(F)c1)P(=O)(OCOC(=O)C(C)(C)C)OCOC(=O)C(C)(C)C,,0
CCNC(=O)ON=Cc1ccc(C2=C3C4=C(CCC3[C@@H]3CC[C@](COC)(OC)[C@@]3(C)C2)CC(=O)CC4)cc1,,0
CCNC(=O)O[C@H]1CN[C@@H](C#Cc2cc3ncnc(Nc4ccc(OCc5cccc(F)c5)c(Cl)c4)c3s2)C1,7.5,1
CCNC(=O)O[C@H]1CN[C@H](C#Cc2cc3ncnc(Nc4ccc(OCc5cccc(F)c5)c(Cl)c4)c3s2)C1,7.5,1
CCNC(=O)c1noc(-c2cc(C(C)C)c(O)cc2O)c1NC(=O)c1cc(-c2ccccc2)on1,,0
CCNc1c(NS(=O)(=O)c2ccc(Cl)s2)c(=O)oc2ccccc12,,0
CCNc1cc(C(=O)N[C@@H](Cc2ccccc2)[C@H](O)CNC23CCC(CC2)C3)cc(N2CCCCS2(=O)=O)c1,,0
CCNc1ccc(C(=O)OCC)cc1NC(=O)c1cc(S(=O)(=O)N2CCOCC2)ccc1C,,0
CCNc1nc(NCC)n2c(SC(C(=O)Nc3cc(Cl)cc(Cl)c3)c3ccccc3)nnc2n1,,0
CCO/C(=N\OCc1ccccc1/C(=C\OC)C(=O)OC)c1cc(C(F)(F)F)cc(C(F)(F)F)c1,,0
CCO/N=C1\C(=O)N(CCCCCOc2ccc3oc(-c4ccc(OC)cc4)c(C(=O)OCC)c3c2)c2ccc(F)cc21,,0
CCO/N=C1\CC(NC)CN(c2c(F)cc3c(=O)c(C(=O)O)cn(C4CC4)c3c2OC)C1,,0
CCOC(=O)/C=C/[C@H]1CC[C@@]2(O)[C@@H]3CC[C@H]4C[C@@H](O[C@@H]5O[C@H](CO)[C@@H](O)[C@H](O)[C@H]5O)CC[C@]4(C)[C@H]3CC[C@]12C,,0
CCOC(=O)/C=C1\CC[C@H]2[C@@H]3CCc4cc(OS(N)(=O)=O)c(CC)cc4[C@H]3CC[C@]12C,,0
CCOC(=O)C#Cc1cn([C@H](C)C[C@@H]2CC[C@H](C(C)C(=O)NC(C)C)O2)nn1,,0
CCOC(=O)C(=NC(=O)CCC(=O)N1C/C(=C\c2ccc([N+](=O)[O-])cc2)C(=O)/C(=C/c2ccc([N+](=O)[O-])cc2)C1)C(C)C,,0
CCOC(=O)C(C(C)=O)c1c(Br)c(O)c(O)c2c(C(=O)c3ccc(C)cc3)coc12,,0
CCOC(=O)C(C)Sc1nc(-c2ccccc2)ccc1C#N,,0
CCOC(=O)C(CC(=O)c1cccc2c1C(=O)c1ccccc1C2=O)=NNC(=S)Nc1ccc(C)cc1,,0
CCOC(=O)C(CCCCn1cnc2c1N=CNCC2O)(Cc1ccccc1C(F)(F)F)C(=O)OCC,,0
CCOC(=O)C(Cc1ccccc1)NC(=O)CCc1nnc2ccc(N3CCCC3)nn12,,0
CCOC(=O)C(Cl)=C1CCN(c2ccc(N3C[C@H](Cn4ccnn4)OC3=O)cc2F)CC1,,0
CCOC(=O)C(O)C(CC1CCCCC1)NC(=O)C(NC(=O)Cc1ccccc1F)C(C)C,,0
CCOC(=O)C1(Br)C(c2ccccc2)NC(=O)N(C2OC(COC(=O)c3ccccc3)C(OC(=O)c3ccccc3)C2OC(=O)c2ccccc2)C1(C)Br,,0
CCOC(=O)C1(C(=O)OCC)CCC(C(OC)OC)C(CC(=O)OC)C1,,0
CCOC(=O)C1(CCOC)CCN(C(=O)Cc2ccc3ccccc3c2)CC1,,0
CCOC(=O)C1(Cc2cccc(OC)c2)CCCN(C(=O)CCSC)C1,,0
CCOC(=O)C1=C(C)N(Cc2ccccc2)C(=O)NC1c1ccccc1OS(=O)(=O)c1ccccc1[N+](=O)[O-],,0
CCOC(=O)C1=C(C)N(c2ccccc2[N+](=O)[O-])C(C)=C(C(=O)OCC)C1c1ccc2c(c1)OCO2,,0
CCOC(=O)C1=C(C)N=C(C)C(C(=O)OCCCN2C(=O)c3ccccc3S2(=O)=O)C1c1cccc(Cl)c1Cl,,0
CCOC(=O)C1=C(C)N=C(C)C(C(=O)OCN2C(=O)c3ccccc3S2(=O)=O)C1C,,0
CCOC(=O)C1=C(CSc2nc(-c3ccccc3)ccc2C#N)OC(=N)C(C#N)C1c1ccc(OC)cc1,,0
CCOC(=O)C1=Cc2ccccc2OC1(OCc1cc(-c2ccc([N+](=O)[O-])cc2)no1)C(F)(F)F,,0
CCOC(=O)C1C(=O)CC(c2ccccc2)N(C(O)CSc2nc3ccccc3o2)C1c1ccccc1,,0
CCOC(=O)C1C(C(=O)c2ccc(OC)cc2)C12C(=O)Nc1ccc(Br)cc12,,0
CCOC(=O)C1C(C[Se]C(=O)c2ccc(C)cc2)=NC(=O)NC1c1ccc(C)cc1,,0
CCOC(=O)C1CCCN(C(=O)Cn2ncc3c(C)n(Cc4ccc(Cl)cc4)c(C)c3c2=O)C1,,0
CCOC(=O)C1CCN(C(=O)CCS(=O)(=O)c2ccc3c(c2)CC(C)N3C(=O)CC)CC1,,0
CCOC(=O)C1CCN(C(=O)COc2ccc(N(C)S(=O)(=O)c3ccc(OCC)cc3)cc2)CC1,,0
CCOC(=O)C1C[C@@H]2/C(=N/OCc3ccccc3)CCCC[C@@H]2N1S(=O)(=O)c1ccc(C)cc1,,0
CCOC(=O)C1Cc2ccc3cc(S(=O)(=O)c4ccccc4)c(=O)[nH]c3c2N1Cc1ccc(C)cc1,,0
CCOC(=O)CC1(CCc2ccccc2)Oc2ccccc2O1,,0
CCOC(=O)CC1C(=O)NCCN1c1nc2c(C)cccn2c(=O)c1/C=C1\SC(=S)N(CC(C)C)C1=O,,0
CCOC(=O)CCC(NC(=O)c1ccc(NCc2ccc3ccc4[nH]c(C)nc(=O)c4c3c2)cc1F)C(=O)NC(Cc1c[nH]c2ccccc12)C(=O)OCC,,0
CCOC(=O)CCC1CC2(CCN(C(=O)C(CCCc3ccccc3)NC(=O)C(C)(C)N)CC2)c2ccccc21,,0
CCOC(=O)CCN(Cc1sccc1C)S(=O)(=O)c1ccc(F)cc1,,0
CCOC(=O)CCSc1nc(C)c2cc(C)c(C)cc2n1,,0
CCOC(=O)CS(=O)(=O)c1ccc([C@@H](C)NC(=O)c2cc3c(Cl)cc(C)cc3n2C)cc1,,0
CCOC(=O)CSc1nc2c(sc(=S)n2CCc2ccccc2)c(=O)n1Cc1ccco1,,0
CCOC(=O)CSc1nc2c(sc(=S)n2Cc2ccco2)c(=O)n1-c1ccc(F)cc1,,0
CCOC(=O)CSc1nc2cc(-n3nc(C)n(C(F)F)c3=O)c(Br)cc2s1,,0
CCOC(=O)Cc1ccccc1OC(=O)Cc1ccc(OCC)c(OCC)c1,,0
CCOC(=O)Cc1csc(NC(=O)CCN2C(=O)c3ccccc3C2=O)n1,,0
CCOC(=O)Cc1csc(NC(=O)CSc2nc(-c3ccccc3)c(C#N)c(=O)[nH]2)n1,,0
CCOC(=O)Cn1c(=O)oc2cc(S(=O)(=O)N3CCN(c4cccc(C)c4C)CC3)ccc21,,0
CCOC(=O)Cn1c(C)c(Cc2ccccc2S(=O)(=O)c2ccccc2)c2c1CCNC2=O,,0
CCOC(=O)N1CCC(NC(=O)c2ccc(C[S+]([O-])c3ccc(Cl)cc3)o2)CC1,,0
CCOC(=O)N1CCN(C(=O)CC2C[C@@]3(C(=O)OCC)CCC=C3N(Cc3ccc4c(c3)OCO4)C2=O)CC1,,0
CCOC(=O)N1CCN(C(=O)CC2C[C@@]3(C(=O)OCC)CCCC=C3N(Cc3ccccc3)C2=O)CC1,,0
CCOC(=O)N1CCN(C(=O)CN(c2ccc(Oc3ccccc3)cc2)S(C)(=O)=O)CC1,,0
CCOC(=O)N1CCN(C(=O)CSc2nnc(Cc3cccn3C)n2CCc2ccccc2)CC1,,0
CCOC(=O)NC(Cc1c[nH]c2ccccc12)C(=O)NC(CC(C)C)C(=O)N1CC(=O)N[C@@H](Cc2ccccc2)C1,,0
CCOC(=O)NC1CCc2ccc(OCCNS(=O)(=O)c3ccc(Cl)s3)cc2C1Cc1cccc(Cl)c1,,0
CCOC(=O)[C@]12CCC=C1N(Cc1cccc3ccccc13)C(=O)C(CC(=O)NCc1cccs1)C2,,0
CCOC(=O)[C@]12CCCC=C1N(Cc1ccc(Cl)cc1Cl)C(=O)C(CC(=O)NCCc1ccccc1OC)C2,,0
CCOC(=O)[C@]12CCCC=C1N(Cc1ccc3c(c1)OCO3)C(=O)C(CC(=O)NCc1cccc3ccccc13)C2,,0
CCOC(=O)c1[nH]c2ccccc2c1CNNC(=O)C1CCNCC1,,0
CCOC(=O)c1c(C(C(=O)NCc2ccccc2)N(CC(C)C)C(C)=O)c2ccc(Cl)cc2n1C(=O)OC(C)(C)C,,0
CCOC(=O)c1c(C(F)(F)C(F)(F)C(F)(F)C(F)(F)F)n[nH]c1C,,0
CCOC(=O)c1c(C)nc(C)c(=C(O)OCC)c1=C(O)OCC(=O)N1CCCCC1CC,,0
CCOC(=O)c1c(C)nc(C)c(=C(O)OCC)c1=C(O)OCC(=O)N1CCc2ccccc21,,0
CCOC(=O)c1c(C)oc2c1c(C=NCC1CCCO1)c(O)c1ccccc12,,0
CCOC(=O)c1c(C)oc2cc(Br)c(O)c(Br)c12,,0
CCOC(=O)c1c(C)oc2ccc(N(C(=O)c3ccncc3)S(=O)(=O)c3ccc(F)cc3)cc12,,0
CCOC(=O)c1c(CC)nc2ccccc2c1SCCC#N,,0
CCOC(=O)c1c(CSc2nc(C)cc(C)c2C#N)n(C)c2cc(Br)c(OC(C)=O)cc12,,0
CCOC(=O)c1c(N=Cc2c(O)[nH]c(=S)n(-c3ccc(F)cc3)c2=O)sc2c1CCCC2,,0
CCOC(=O)c1c(NC(=O)CC2Nc3cc(C)c(C)cc3NC2=O)sc(C)c1C,,0
CCOC(=O)c1c(NC(=O)CSc2cn(CCNC(=O)c3ccccc3F)c3ccccc23)sc2c1CCCC2,,0
CCOC(=O)c1c(O)c2c(n(Cc3ccco3)c1=O)CCCC2,,0
CCOC(=O)c1c(S(=O)(=O)N2CCC(C(=O)Nc3cccc(C)n3)CC2)c(C)n(C)c1C,,0
CCOC(=O)c1c(S(=O)(=O)N2CCCC(C(=O)N3CCN(c4cccc(C)c4C)CC3)C2)c(C)n(C)c1C,,0
CCOC(=O)c1c2c(c(C)n1Cc1ccccc1)-c1[nH]c(=O)c(S(=O)(=O)c3ccccc3)cc1CC2,,0
CCOC(=O)c1c2c(n(-c3ccc(C)cc3)c1C)-c1ccccc1C(=O)C2(C(=O)OCC)C(=O)OCC,,0
CCOC(=O)c1c[nH]c2ccc(C3(CCC(=O)NCCC(C)C)CCC(=O)NC3=O)cc2c1=O,,0
CCOC(=O)c1cc2c(=O)n3ccccc3nc2n(CC2CCCO2)/c1=N\C(=O)c1cc(C)cc(C)c1,,0
CCOC(=O)c1cc2c(=O)n3ccccc3nc2n(Cc2ccco2)/c1=N\C(=O)c1cccc(Br)c1,,0
CCOC(=O)c1cc2c(=O)n3ccccc3nc2n(Cc2ccco2)/c1=N\C(=O)c1cccc(C)c1,,0
CCOC(=O)c1cc2c([N+](=O)[O-])c(NC(C)=O)ccc2s1,,0
CCOC(=O)c1cc2cc(-c3cc(C(=O)OC)nn3C)ccc2[nH]1,,0
CCOC(=O)c1ccc(N2C(=O)c3[nH]nc(-c4ccco4)c3C2c2ccc(O)cc2)cc1,,0
CCOC(=O)c1ccc(NC(=O)NC(Cc2ccc(C(=O)c3ccccc3)cc2)C(=O)N[C@H]2CC[N+](C)(Cc3ccc4c(c3)OCO4)C2)cc1,,0
CCOC(=O)c1ccccc1NC(=O)CSc1nnc(Cc2cccn2C)n1-c1ccc(C)cc1,,0
CCOC(=O)c1ccccc1NS(=O)(=O)c1c(-c2ccc(C)cc2)csc1C(=O)OC,,0
CCOC(=O)c1oc2cc(OCc3ccc(C(=O)OC)o3)ccc2c(=O)c1-c1ccc(C(=O)OC)o1,,0
CCOC(=O)c1sc(=S)n(C)c1NC(=O)c1ccc(C(C)(C)C)cc1,,0
CCOC(=O)c1sc(N(Cc2ccccc2)C(=O)COC(=O)c2ccc([N+](=O)[O-])o2)nc1C,,0
CCOC(=O)c1sc(N)c(C#N)c1COC(=O)CNC(=O)c1ccccc1,,0
CCOC(=O)c1sc(NC(=O)CSc2nc3c(cc2C#N)CCCCCC3)c(C#N)c1C,,0
CCOC(=O)c1sc(SC(C)C)c(C#N)c1-c1cc(O)c(O)c(O)c1,,0
CCOC(=O)c1sc2c(C(=O)OCC)n3cc(C)cc(C)c3c2c1O,,0
CCOC1=C2[C@H](c3ccccc3)N(S(=O)(=O)c3ccc(C)cc3)[C@H](C(C)C)[C@H]2C(C#N)(C#N)C(C#N)(C#N)C1,,0
CCOC1Oc2ccccc2C(=O)C1C=Nc1ccc(S(=O)(=O)Nc2nc(C)cc(C)n2)cc1,,0
CCOCCC1(Oc2ccc(Oc3ccc(-c4nc(-c5ccccc5C#N)co4)cc3)cc2)C(=O)NC(=O)NC1=O,,0
CCOCCCNC(=O)c1cc2cccc(NC(=O)Nc3cc(C(C)(C)C)nn3-c3ccc(C)cc3)c2[nH]1,,0
CCOCCOC(=O)C(=O)OCn1c(-c2ccc(Cl)cc2)c(C#N)c(Br)c1C(F)(F)F,,0
CCOCCSc1nnc(-c2nnn(-c3ccccc3Cl)c2-c2nnc(SCCOCC)o2)o1,,0
CCOP(=O)(CCCn1cc(Cn2c(=O)n(C(=O)c3ccccc3)c(=O)c3ccccc32)nn1)OCC,,0
CCOP(=O)(COc1ccc(CCc2cnc3c(c2)C(=O)N(C)c2cccnc2N3CC)cc1)OCC,,0
CCOP(=O)(C[C@H](O)[C@H](CC1CCCCC1)NC(=O)C(Cc1c[nH]cn1)NC(=O)C(Cc1ccccc1)NC(=O)OC(C)(C)C)OCC,,0
CCOP(=O)(Cn1cc(Cn2c(=O)n(C(=O)c3ccccc3)c(=O)c3ccccc32)nn1)OCC,,0
CCOP(=O)(OC/C=C\[C@@]1(C)O[C@@H]2O[C@@]3(C)CC[C@H]4[C@H](C)CC[C@@H]1[C@@]24OO3)OC/C=C/[C@@]1(C)O[C@@H]2O[C@@]3(C)CC[C@H]4[C@H](C)CC[C@@H]1[C@@]24OO3,,0
CCOP(=O)(OCC)C(F)(F)c1ccc(C(C)CC(=O)N=C2CCc3cccc4c3N(C2=O)C(C(=O)N[C@H](C)CCC(N)=O)C4)cc1,,0
CCOP(=O)(OCC)OC[C@H]1O[C@@H](c2ccc(C3CC3)c(Cc3ccc4c(c3)OCCO4)c2)[C@H](O)[C@@H](O)[C@@H]1O,,0
CCOP(=O)(OCC)[C@@H]1C[C@H](n2cc(-c3ccccc3F)nn2)ON1C,,0
CCOS(=O)(=O)/C=C/c1ccc(OCC2=CC[C@@H]3C(C(=O)OC)=CO[C@@H](OCc4ccccc4)[C@H]23)cc1,,0
CCO[C@H]1OC(OC)C23CCC[C@@]1(C(=O)OC)[C@@H]2CC[C@H]1[C@@H](C)C2=CC(=O)O[C@]2(OCC)C[C@@H]13,,0
CCOc1cc(=O)[nH]cc1-c1ccc(CC(=O)Nc2cc(C(C)(C)C(F)(F)F)no2)c(F)c1,,0
CCOc1cc(=O)n(C)cc1-c1cc(N(CC2CCOCC2)S(=O)(=O)CC)ccc1Oc1ccc(F)cc1F,,0
CCOc1cc(C(=O)N(CC2CCCO2)C2CCS(=O)(=O)C2)cc(OCC)c1OCC,,0
CCOc1cc(C(c2c(C)[nH][nH]c2=O)c2c(C)[nH][nH]c2=O)ccc1OS(=O)(=O)c1ccc(C)cc1,,0
CCOc1cc(C=C2C(=O)OC(C)(c3ccccc3)OC2=O)ccc1O,,0
CCOc1cc(C=NNc2nc(-c3cccc(S(=O)(=O)N4CCCC4)c3)cs2)ccc1O,,0
CCOc1ccc(-c2nc(C#N)c(NCc3ccc4c(c3)OCO4)o2)cc1,,0
CCOc1ccc(-n2c(=S)sc3c(=O)[nH]c(SCC(=O)C(C)(C)C)nc32)cc1,,0
CCOc1ccc(C(=O)O[C@H]2[C@H](Cc3ccccc3)NS(=O)(=O)[C@H]3C[C@H]4C=C[C@]23O4)cc1,,0
CCOc1ccc(CCNC(=O)c2cn(CC)c3ccc(S(=O)(=O)N4CCc5ccccc5C4)cc3c2=O)cc1OCC,,0
CCOc1ccc(N(C(=O)c2snc(C(N)=O)c2N)C(C)C(=O)NC2CCCCC2)cc1,,0
CCOc1ccc(N(C)C(=O)C2CCN(S(=O)(=O)c3ccc4c(c3)CCCN4C(C)=O)CC2)cc1,,0
CCOc1ccc(N(CC(=O)N2CC=C(c3ccccc3)CC2)S(=O)(=O)c2c(C)noc2C)cc1,,0
CCOc1ccc(N2C(=O)/C(=C/c3ccccc3OCC(=O)OC)N(CC(=O)OC)C2=S)cc1,,0
CCOc1ccc(N2C(=O)/C(=C\c3ccccc3OC)S(=O)(=O)C2c2cccc([N+](=O)[O-])c2)cc1,,0
CCOc1ccc(N2C(=O)C(=Cc3ccc(O)c(OC)c3)S(=O)(=O)C2c2cccc([N+](=O)[O-])c2)cc1,,0
CCOc1ccc(N2C[C@@]3(CCC[C@](C)(Cn4cnc5ccc(C#N)cc54)C3)OC2=O)cn1,,0
CCOc1ccc(NC(=O)CN2C(=O)C3(SCC(=O)N3c3ccc(F)cc3)c3ccccc32)cc1,,0
CCOc1ccc(NC(=O)N(C2CCCC2)C2CCN(C(C)=O)CC2)cc1,,0
CCOc1ccc(NCn2nc(C34CC5CC(CC(C5)C3)C4)n(-c3ccc(Cl)cc3)c2=S)cc1,,0
CCOc1ccc(NS(=O)(=O)c2ccc(-c3coc(C)n3)cc2)cc1,,0
CCOc1ccc(NS(=O)(=O)c2ccc(C(=O)N3CC(C)OC(C)C3)cc2)cc1,,0
CCOc1ccc(NS(=O)(=O)c2ccc3c(c2)CCCN3C(=O)C2CCC2)cc1,,0
CCOc1ccc([C@@H]2CC=C(C(=O)O)[C@H](c3ccc(Cl)cc3)N2S(=O)(=O)c2ccc(C)cc2)cc1,,0
CCOc1ccc2[nH]c(=O)c(CN3CCCC(CO)(CO)C3)cc2c1,,0
CCOc1ccc2[nH]c(S[C@@H]3c4cc(C#N)ccc4OC(C)(C)[C@H]3O)nc2c1,,0
CCOc1cccc2sc(N(CCCN(C)C)C(=O)c3ccc(S(=O)(=O)N4CCCCCC4)cc3)nc12,,0
CCOc1ccccc1N(C(=O)c1snc(C(N)=O)c1N)C(CC)C(=O)NC1CCCC1,,0
CCOc1ccccc1N(CC(=O)NCCSc1ccccn1)S(=O)(=O)c1ccc(C)cc1,,0
CCOn1c(N[C@H](C)c2ccc(C(F)(F)F)cc2)nc2c(c1=O)CN(C(=O)c1cc3cccnc3s1)CC2,,0
CCS(=O)(=O)N1CCC([C@@H](C)n2c(C)c(C(=O)NCc3c(C)cc(C)[nH]c3=O)c3ccccc32)CC1,,0
CCS(=O)(=O)Nc1ccc(-c2ccc(C#N)n2C)c(C#N)c1,,0
CCS(=O)(=O)Nc1nc(-c2ccc(F)cc2)c(-c2ccnc(Nc3cc(C)c(N4CCC(N5CCN(C)CC5)CC4)cc3OC)n2)s1,8.0,1
CCS(=O)(=O)c1ccc(C(=O)NC2CC2)c(Cl)c1Cl,,0
CCS(=O)(=O)c1ccc(Oc2cc(-c3c(C)noc3C)ccc2C)c(-c2cn(C)c(=O)c3cncn23)c1,,0
CCS(=O)(=O)c1ccc(Oc2ccc(Cl)c(-c3c(C)noc3C)c2)c(-c2cn(C)c(=O)c3cncn23)c1,,0
CCS(=O)(=O)c1nc(S(=O)(=O)c2ccc(Cl)cc2)c(N2CCC3(CC2)OCCO3)s1,,0
CCSc1nnc(NC(=O)c2c(-c3ccccc3Cl)noc2C)s1,,0
CCSc1nnc(NC(=O)c2csc3c2CCCC3)s1,,0
CC[C@@H](NC(=O)c1cc(C(=O)NCCc2ccc(F)cc2)n2c1CCCC2)c1ccccc1,,0
CC[C@H](C)C(NC(=O)C(Cc1ccc(O)cc1)NC(=O)C(N)C(C)C)C(=O)N1Cc2ccccc2CC1C(=O)N1CCCC1C(=O)NC(Cc1ccccc1)C(=O)O,,0
CC[C@H](C)C(NC(=O)C(Cc1ccc(O)cc1)NC(=O)OC(C)(C)C)C(=O)Nc1cccc2ccccc12,,0
CC[C@H](C)C(NP(=O)(OC[C@H]1O[C@@H](n2cnc3c(=O)[nH]c(N)nc32)[C@](C)(O)[C@@H]1O)Oc1cccc2ccccc12)C(=O)OCc1ccccc1,,0
CC[C@H](C)C1C(=O)[N+]([O-])([O-])[C@](Oc2cccc(-c3c(O)c(O)c(-c4ccc(O)cc4)c(OC(C)=O)c3OC(C)=O)c2)([C@@H](C)CC)C(=O)N1OC,,0
CC[C@H](C)Cn1c(-c2c(F)cccc2F)c(Cl)nc(-n2ccnn2)c1=O,,0
CC[C@H](C)[C@H](NC(=O)c1csc(CNC(=O)OC(C)(C)C)n1)c1nc(C(=O)OC)cs1,,0
CC[C@H](C)[C@H]1O[C@]2(CC[C@@H]1C)C[C@@H]1C[C@@H](C/C=C(C)/C(=N\OC)[C@@H](C)/C=C/C=C3\CO[C@@H]4[C@H](O)C(C)=CC(C(=O)O1)[C@]34O)O2,,0
CC[C@H](CC[C@@H](C)[C@H]1CC[C@H]2[C@@H]3CC=C4C[C@@H](O[C@@H]5O[C@H](CO)[C@@H](O[C@@H]6O[C@@H](C)[C@H](O)[C@@H](O)[C@H]6O)[C@H](O)[C@H]5O)CC[C@]4(C)[C@H]3CC[C@]12C)C(C)C,,0
CC[C@H]1CN2CCc3cc(OC)c(OC)cc3[C@@H]2C[C@@H]1C[C@@H]1c2cc(OC)c(OC)cc2CCN1C(=O)/C=C(/C)C(=O)O,,0
CC[C@H]1OC(=O)C(C)C(=O)C(C)[C@@H](O[C@@H]2O[C@H](C)C[C@H](N(C)C)[C@H]2O)[C@](C)(O)CC(C)C(=O)C(C)[C@H]2N(C3CN(Cc4ccnc5ccccc45)C3)C(=O)O[C@]12C,,0
CC[C@H]1OC(=O)C(C)C(=O)C(C)[C@@H](O[C@@H]2O[C@H](C)C[C@H](N(C)C)[C@H]2O)[C@](C)(OC)C[C@@H](C)/C(=N\OC/C=C/c2cnc3ccccc3c2)[C@H](C)[C@H]2OC(=O)O[C@@]21C,,0
CC[C@H]1OC(=O)C(C)C(=O)C(C)[C@@H](O[C@@H]2O[C@H](C)C[C@H](N(C)C)[C@H]2O)[C@](C)(OCC(O)CN2CCN(c3ccc(C(C)=O)cc3)CC2)C[C@@H](C)NC(=O)C(C)[C@@H](O)[C@]1(C)O,,0
CC[C@H]1OC(=O)C(C)C(=O)C(C)[C@@H](O[C@@H]2O[C@H](C)C[C@H](N(C)C)[C@H]2O)[C@](C)(OCC(O)CNCCCCc2ccccc2)C[C@@H](C)NC(=O)C(C)[C@@H](O)[C@]1(C)O,,0
CC[C@H]1OC(=O)C(C)C(=O)C(C)[C@@H](O[C@@H]2O[C@H](C)C[C@H](N(C)C)[C@H]2OC(C)=O)[C@](C)(OC)CC(C)C(=O)[C@]2(CC=NN2)[C@H]2NC(=O)O[C@]12C,,0
CC[C@H]1OC(=O)C(C)[C@@H](O)[C@H](C)[C@@H](OCc2cn(CCN=C(N)NC(=O)NC)nn2)[C@](C)(O)C[C@@H](C)[C@@H]2OC(C)(C)O[C@H]([C@H]2C)C1(C)C,,0
CC[C@H]1OC(=O)C(C)[C@@H](OC/C=C/c2cncnc2)[C@H](C)[C@@H](O[C@@H]2O[C@H](C)C[C@H](N(C)C)[C@H]2O)[C@](C)(OC)C[C@@H](C)/C(=N\OCc2ccccc2)[C@H](C)[C@H]2OC(=O)O[C@@]21C,,0
CC[C@H]1OC(=O)C(C)[C@@H](O[C@H]2C[C@@](C)(OC)[C@@H](O)[C@H](C)O2)[C@H](C)[C@@H](O[C@@H]2O[C@H](C)C[C@H](N(C)C(C)C)[C@H]2O)[C@](C)(O)C[C@@H](C)[C@H](OCC(N)=O)[C@H](C)[C@@H](O)[C@]1(C)O,,0
CC[C@H]1OC(=O)C(C)[C@H]2OC3(CCN(CCc4ccc(Cl)cc4)CC3)O[C@](C)(C[C@@H](C)CN[C@H](C)[C@@H](O)[C@]1(C)O)[C@H](O[C@@H]1O[C@H](C)C[C@H](N(C)C)[C@H]1O)[C@H]2C,,0
CC[C@H]1OC(=O)C[C@@H](O)[C@H](C)[C@@H](O[C@@H]2O[C@H](C)[C@@H](O)[C@H](N(C)C)[C@H]2O)[C@@H](CCN2C[C@H](C)C[C@H](C)C2)CC(C)C(=O)C=CC(C)=CC1CO[C@@H]1O[C@H](C)[C@@H](O)[C@@H](OC)[C@H]1OC,,0
CC[C@H]1O[C@@H]2O[C@H](/C=C/C=C/C=C/c3oc(=O)cc(OC/C=C(\C)C(=O)OC)c3C)[C@H](O)[C@]2(C)[C@@]1(C)O,,0
CC[C@H]1[C@H](/C=C/c2ccc(-c3ccoc3)cn2)[C@@H]2[C@@H](C)OC(=O)[C@]2(O)C[C@@H]1C,,0
CC[C@]1(CC(=O)O)C[C@H](c2cccc(Cl)c2)C(c2ccc(Cl)cc2)N([C@H](CN(C)S(=O)(=O)C2CC2)C2CC2)C1=O,,0
CC[C@]12C=CCN3CC[C@@]4(c5ccc(OC)cc5N(C)[C@H]4[C@@](O)(C(=O)OC)[C@@H]1OC(C)=O)[C@@H]32,,0
CC[C@]12CCCN3CC[C@]4([C@@H](N[C@@H]5CCCC[C@@H]54)C(C(=O)OC)C1)[C@@H]32,,0
CC[C@]12c3[nH]c4cc(-c5ccco5)ccc4c3CCN1C(=O)C(CC(=O)NCc1ccc(OC)c(OC)c1)CC2C(=O)N1CCN(C(=O)C2CC2)CC1,,0
CC[N+]1(CCCOC(=O)C2[C@H](c3ccccc3)C(C(=O)OCCC[N+]3(CC)CCCCC3)[C@H]2c2ccccc2)CCCCC1,,0
CCc1[nH]c(COC)nc1-c1cc(C(=O)N2CCC(c3ccc(C#N)cc3)CC2)ccc1C,,0
CCc1c(C(=O)NCCc2ccc(N3CCCCC3)cc2)[nH]c2ccc(N=C=S)cc12,,0
CCc1c(C(C#N)c2c(Cl)cccc2Cl)[nH]c(SCc2ccc([N+](=O)[O-])cc2)nc1=O,,0
CCc1c(C)[nH]c(=O)c(C(F)(F)F)c1Oc1cc(C)cc(C)c1,,0
CCc1c(C)[nH]c(=O)c(N(C)C)c1O[C@@H]1C[C@H](C)C[C@H](C)C1,,0
CCc1c(C)c(C(=O)NN2CCCCC2)nn1-c1ccc(Cl)cc1Cl,,0
CCc1c(C)sc(NC(=O)/C=C/c2ccc3c(c2)OCO3)c1C(=O)OC,,0
CCc1c(CC2CCCCC2)[nH]c(SCC(=O)c2ccccc2)nc1=O,,0
CCc1c(F)c(N2CCC(N)C2)cc2c1c(=O)c(C(=O)O)cn2C1CC1,,0
CCc1c(N(Cc2ccc(OC(F)(F)F)cc2)S(=O)(=O)c2ccc(-n3cccn3)cc2)nc2ccc(Cl)cn12,,0
CCc1c(Sc2ccccc2)n(C/C=C/c2cccs2)c(=O)[nH]c1=O,,0
CCc1c2c(nc3cnc(C#CCN(C)C)cc13)-c1cc3c(c(=O)n1C2)COC(=O)[C@]3(O)CC,,0
CCc1cc(-c2ccc(C)o2)n(-c2ccc3c(c2)nc(-c2cc(C(=O)N(C)C)ccc2O)n3Cc2ccc(=O)[nH]c2)n1,,0
CCc1cc(-c2noc(-c3cc(C)nc(CC(C)C)c3)n2)cc(C)c1OC[C@@H](O)CNC(=O)CO,,0
CCc1cc(-c2noc(-c3cnc(CC(C)C)c(C)c3)n2)cc(C)c1OCC(O)CNC(=O)CO,,0
CCc1cc(-c2noc(-c3cnc(CC(C)C)c(C)c3)n2)cc(C)c1OC[C@H](O)CNC(=O)CO,,0
CCc1cc(=O)c2ccc3c(c2o1)[C@@H](OC(=O)N(CC)CC)[C@@H](OC(=O)N(CC)CC)C(C)(C)O3,,0
CCc1cc(C(=O)N(Cc2ccc(Oc3ccc(C#N)cc3)cc2)C(=O)C(C)(C)C)n(C)n1,,0
CCc1cc(C(=O)N[C@@H]2CC(C(=O)N(CC)CC)N(C(=O)c3coc4ccccc34)C2)n(C)n1,,0
CCc1cc(CCc2nc3c(C)ccc(C)c3o2)c(=O)[nH]c1C,,0
CCc1cc(O)ccc1-c1ccc2c(-c3nc4c([nH]3)CCN(C(=O)c3cnc(N5CCCCC5)cn3)C4)[nH]nc2c1,,0
CCc1cc2cc(-c3c(C)nc(NCC(C)(C)C)nc3N[C@@H]3C[C@H](CO)[C@@H](O)[C@H]3O)oc2cn1,,0
CCc1cc2cc(C)c(C)cc2nc1SCC(=O)NNC(=O)c1ccco1,,0
CCc1ccc(-c2cc(C(F)(F)F)n3nc(C(=O)Nc4cnn(Cc5ccc(C)cc5)c4)cc3n2)s1,,0
CCc1ccc(-c2cc(C)no2)cc1S(=O)(=O)Nc1ccc(Cl)cn1,,0
CCc1ccc(-n2cc(C(=O)c3cc(Br)ccc3O)cc(C#N)c2=O)cc1,,0
CCc1ccc(C(=O)N(N(SOc2ccc(OC)cc2)C(=O)c2cc(C)cc(C)c2)C(C)(C)C)cc1,,0
CCc1ccc(C(=O)N(SOCC(F)(F)F)N(C(=O)c2cc(C)cc(C)c2)C(C)(C)C)cc1,,0
CCc1ccc(C(=O)NN(C(=O)c2cccc3ccccc23)C(C)(C)C)cc1,,0
CCc1ccc(CCC(=O)Nc2ncc(Cc3ccccc3Cl)s2)o1,,0
CCc1ccc(CCOc2cc3c(cc2OC)-c2[nH]nc(-c4ccc(C#N)cc4)c2C3)nc1,,0
CCc1ccc(CNC(=O)c2cccc(-n3cnc4cccnc43)c2C)cc1,,0
CCc1ccc(Cc2c(Cl)ccc3c2CO[C@]32O[C@H](CF)[C@@H](O)[C@H](O)[C@H]2O)cc1,,0
CCc1ccc(OCC(=O)NC(=S)Nc2ccc(S(=O)(=O)NC3CCCCC3)cc2)cc1,,0
CCc1ccc(S(=O)(=O)NCCCC2C(=O)N(c3ccc(C)cc3)[C@@H]2c2ccc(NS(=O)(=O)c3ccc(C)cc3)cc2)cc1,,0
CCc1cccc(C)c1NC(=O)C(NS(=O)(=O)c1ccc2c(c1)CCC(=O)N2)c1ccccc1,,0
CCc1cccc(C)c1NC(=O)CCc1nnc2s/c(=C\c3cccc4ccccc34)c(=O)n12,,0
CCc1ccccc1N(C(=O)c1snc(C(N)=O)c1N)C(C(=O)NCC1CCCO1)c1c[nH]c2ccccc12,,0
CCc1ccccc1N(Cc1nnc(Cc2ccc(Cl)cc2)o1)S(=O)(=O)c1ccc(C)cc1,,0
CCc1ccccc1N1CSC2=C(C#N)C(c3cc(OC)c(OC)cc3OC)CC(=O)N2C1,,0
CCc1ccccc1NC(=O)/C(C#N)=C/c1ccc(Sc2ccccc2)o1,,0
CCc1ccccc1NC(=O)CSc1nc2[nH]c(=O)cc(O)c2s1,,0
CCc1ccccc1NC(=O)CSc1nnc([C@@H](NC(=O)OC(C)(C)C)C(C)C)o1,,0
CCc1ccnc(NS(=O)(=O)c2ccc3c(c2)CCO3)c1,,0
CCc1nc(CN(C)C(=O)NC(C(=O)N[C@@H](Cc2ccccc2)C[C@H](O)[C@H](Cc2ccccc2)NC(=O)OCc2cncs2)C(C)C)cs1,,0
CCc1nc(N)nc(N)c1-c1ccc2c(c1)N(CCCOC)C(=O)C(C)(c1cc(F)cc(F)c1)O2,,0
CCc1nc(N2CCN(S(=O)(=O)c3ccc(Br)cc3)CC2)c2c(C)c(C)sc2n1,,0
CCc1nc2ccccc2n1-c1ccc(C(=O)NC2CC2)s1,,0
CCc1nccn1CCCNc1nccc(-c2c(C)nn(C)c2C)n1,,0
CCc1nnc(NC(=O)C(NC(=O)c2cccc(S(=O)(=O)N(CC)CC)c2)C(C)C)s1,,0
CCc1nnc(NS(=O)(=O)c2ccc(NC(=O)c3ccc(S(=O)(=O)N4CCCCC4C)cc3)cc2)s1,,0
CCc1noc(C)c1C(=O)Nc1nc(-c2ccc(Cl)cc2Cl)c(C)s1,,0
CCn1c(=O)c2sccc2n2c(CCC(=O)NCc3ccc(Cl)cc3)nnc12,,0
CCn1c(=O)c2sccc2n2c(CCCC(=O)N3CCN(c4cccc(Cl)c4)CC3)nnc12,,0
CCn1c(=O)n(Cc2cc(C)on2)c(=O)c2cc(S(=O)(=O)NC3(CF)CC3)ccc21,,0
CCn1c(CN(C)C(=O)c2ccc(=O)[nH]c2)nc2ccccc21,,0
CCn1c(Nc2ccncc2F)nc2c(C3CCCN(C(=O)C(C)(C)CO)C3)csc2c1=O,,0
CCn1c(SC/C=C/c2ccccc2)nnc1-c1cnccn1,,0
CCn1c(SCC(=O)N2CCCc3ccccc32)nnc1-c1ccoc1C,,0
CCn1c(SCC(=O)N=C2NCCS2)nnc1C(C)NC(=O)c1ccc(Cl)cc1,,0
CCn1c(SCc2ccc(C#N)cc2)nnc1-c1ccc(S(=O)(=O)N2CCCCC2)cc1,,0
CCn1c(SCc2ccccc2F)nnc1-c1ccncc1,,0
CCn1cc(C(=O)NC2CCCc3c2cnn3-c2cccc(C)c2C)cn1,,0
CCn1cc(C(=O)NCC(OC)OC)c(=O)c2cc(S(=O)(=O)N3CCCC3)ccc21,,0
CCn1cc(C(=O)NCCc2ccccc2)c(=O)c2cc(S(=O)(=O)N3CCCCCC3)ccc21,,0
CCn1cc(C(=O)NCc2ccccc2Cl)c(=O)c2cc(S(=O)(=O)N3CCc4ccccc4C3)ccc21,,0
CCn1cc(C(CC)(CC)c2ccc(C#CC(O)(CC)CC)c(C)c2)cc1C(=O)NCC(=O)OC,,0
CCn1cc(CCC(=O)NCCc2ccccc2)c2ccccc21,,0
CCn1ccc(Nc2ncc3c(n2)-c2c(nn(C)c2-c2ccc(-c4cnn(CCO)c4)cc2)CC3)n1,,0
CCn1ccc2cc(S(=O)(=O)N3CCC(C(=O)NCCc4ccccc4)CC3)ccc21,,0
CCn1nc2c(c1C)C(c1ccc(Cl)cc1F)N(c1cc(C)c3nnc(C)n3c1)C2=O,,0
CCn1ncc(S(=O)(=O)N[C@H](C)c2nc3ccc(C(F)(F)F)cc3n2CC)c1C,,0
CN(C(=O)C1CCCCC1)c1ccc(C(O)(C(F)(F)F)C(F)(F)F)cc1,,0
CN(C(=O)CCN1CCC(OC(=O)Nc2ccccc2-c2ccccc2)CC1)c1cccc(C(=O)Nc2ccc(CNC[C@H](O)c3ccc(O)c4[nH]c(=O)ccc34)cc2)c1,,0
CN(C(=O)c1ccc(NC(=O)Cc2ccc(NC(=O)C3CCN(C(=O)C4CCCC4)CC3)cc2)cc1)C1CC1,,0
CN(C(=O)c1cccs1)c1ccc(C(O)(C(F)(F)F)C(F)(F)F)cc1,,0
CN(C)/C=C1\CC(C(=O)NCc2ccc(Cl)cc2Cl)N(c2cccs2)C1=O,,0
CN(C)/C=N/c1nsc2ccc(NS(=O)(=O)c3cccc4cccnc34)cc12,,0
CN(C)C(=O)C(c1ccc(NS(=O)(=O)c2ccccc2)cc1)C(N)C(=O)N1CC[C@H](F)C1,,0
CN(C)C(=O)CCC(=O)NCC1Cc2cccc(-c3ccccc3C(F)(F)F)c2O1,,0
CN(C)C(=O)CCc1ccc2c3c([nH]c2c1)[C@]1(CCC2CCCC2)C(C(=O)N2CCOCC2)CC(CC(=O)NCCc2ccccn2)C(=O)N1CC3,,0
CN(C)CCCN(C(=O)c1ccc(S(=O)(=O)N2CCCCCC2)cc1)c1nc2cc3c(cc2s1)OCCO3,,0
CN(C)CCCNC(=O)c1ccc2c(c1O)C(=O)c1ccccc1C2=O,,0
CN(C)CCOC(=O)c1c(-c2ccc[nH]c2=O)c2c3occc3c(F)cc2n1Cc1cc2c(N)[nH]nc2cc1F,,0
CN(C)CCn1ncc2cc(Nc3ncc([N+](=O)[O-])c(-c4cn(C)c5ccccc45)n3)cc(Cl)c21,7.0,1
CN(C)c1ccc(/C=C/C(=O)c2ccc(OC(=O)N3CCCC3)cc2O)cc1,,0
CN(C)c1ccc(/C=C2\CN(C(=O)C(=O)N3C/C(=C\c4ccc(N(C)C)cc4)C(=O)/C(=C/c4ccc(N(C)C)cc4)C3)C/C(=C\c3ccc(N(C)C)cc3)C2=O)cc1,,0
CN(C)c1ccc(/C=N/NC(=O)c2ccc3c(c2)OCCO3)cc1,,0
CN(C)c1ccc(C(=O)O[C@H]2CN(C(=O)OC(C)(C)C)C[C@@H]2Nc2nc3cc(F)ccc3[nH]2)cc1,,0
CN(C)c1ccc(C(CC(=NO)c2ccc(F)cc2)c2ccccc2)cc1,,0
CN(C)c1ccc(Cl)c(C(=O)N2CCN(c3ccc(C(=O)NCCC4CC4)nn3)CC2)c1,,0
CN(C)c1ccc2nc(-c3ccc(C(C)(C)C)cc3)oc(=O)c2c1,,0
CN(C)c1cccc2c(S(=O)(=O)Oc3cccc4oc(=O)n(CCc5ccccc5)c34)cccc12,,0
CN(C)c1nc(N2CC3CCN(C(=O)c4ccc(F)cc4-n4nccn4)CC32)cc(C(F)(F)F)n1,,0
CN(C)c1nc(NC(=O)C(c2ccccc2)c2ccccc2)n2nc(-c3ccco3)nc2n1,,0
CN(C)c1nc2c(c(NCc3nnc4n3CCCCC4)n1)CCNC2,,0
CN(C)c1ncc(S(=O)(=O)c2ccc(CNC(=O)N3Cc4ccncc4C3)nc2)s1,,0
CN(C1CCCCC1)S(=O)(=O)c1ccc(C(=O)N2CCN(c3nc4ccccc4s3)CC2)cc1,,0
CN(CC(=O)N(C)CC(=O)N1CC[N+](Cc2ccccc2)(Cc2ccc([N+](=O)[O-])cc2)CC1)C(=O)C[N+]1(Cc2ccc([N+](=O)[O-])cc2)CCCCC1,,0
CN(CC(=O)N(Cc1ccccc1)Cc1ccccc1)C(=O)c1ccc(S(C)(=O)=O)c([N+](=O)[O-])c1,,0
CN(CC(=O)Nc1c(Cl)cccc1Cl)C(=O)CNC(=O)c1sc2ccccc2c1Cl,,0
CN(CC1CCCO1)S(=O)(=O)c1ccc(C(=O)Nc2nc3c(s2)CSc2ccccc2-3)cc1,,0
CN(CCN(C)Cc1ccc(C(=O)Nc2ccc3ncnc(Nc4cccc(Cl)c4)c3c2)cc1)CCn1nc(-c2ccc(Cl)cc2)c2c(N)ncnc21,6.5,1
CN(CCN1CCCC1)Cc1nnc(Cn2c(SCc3ccc(F)cc3)nc(=O)c3c2CCC3)n1Cc1ccc(-c2ccc(C(F)(F)F)cc2)cc1,,0
CN(CCOc1ccccc1)C(=O)c1ccc(N2CCCC2)c([N+](=O)[O-])c1,,0
CN(Cc1ccc(-c2ccc(Cl)cc2)cc1)C(=O)Cn1cc(Cc2cnn(C)c2)c(=O)nc1SCc1ccc(F)cc1,,0
CN(Cc1ccc(OC(F)F)cc1)C(=O)c1ccc(S(=O)(=O)N(C)c2ccccc2)cc1,,0
CN(Cc1ccccc1F)C(=O)CCNC(=O)c1ccc(C(C)(C)C)cc1,,0
CN(Cc1ccccc1N(CCO)S(=O)(=O)c1ccc(C#N)cc1)C(=O)/C=C/c1ccc(C(F)(F)F)cc1,,0
CN(Cc1cccnc1)C(=S)SCC(CSC(=S)N(C)Cc1cccnc1)C(=O)c1cnc2ccccc2c1,,0
CN(Cc1cn(-c2ccccc2)nn1)C(=O)N=C(N)NCCCC(NC(=O)C(c1ccccc1)c1ccccc1)C(=O)NCc1ccc(O)cc1,,0
CN(c1cc2oc(-c3ccc(F)cc3)c(C(N)=O)c2cc1-c1ccc2c(n1)-c1cc3c(F)cccc3n1CO2)S(C)(=O)=O,,0
CN(c1ccc(C(=O)NCc2ccc3c(c2)OCO3)cc1)S(=O)(=O)c1ccccc1,,0
CN(c1ccccc1)S(=O)(=O)c1ccc(Cl)c(C(=O)NCCc2c[nH]c3ccccc23)c1,,0
CN(c1ccccc1)S(=O)(=O)c1ccc(NC(=O)c2cccs2)cc1,,0
CN1/C(=C/C=C(Cl)/C=C/C2=[N+](C)c3ccc4ccccc4c3C2(C)C)C(C)(C)c2c1ccc1ccccc21,,0
CN1C(=O)C(C)(C)c2cc(S(=O)(=O)NCC3CCC(C(=O)NC4CCCCC4)CC3)ccc21,,0
CN1C(=O)C(F)=C[C@]2(C)[C@H]3CC[C@]4(C)C(C(=O)NCc5nc6cccnc6[nH]5)CC[C@H]4[C@@H]3CC[C@@H]12,,0
CN1C(=O)C(NC(=O)C(Cc2ccc(Cl)c(Cl)c2)c2ccccc2)N=C(c2ccccc2)c2ccccc21,,0
CN1C(=O)C(NC(=O)C(Cc2ccccc2F)NC(=O)OC(C)(C)C)CN(CC(F)(F)F)c2ccccc21,,0
CN1C(=O)C(NC(=O)C(Cc2ccccc2F)NC(=O)OC(C)(C)C)N=C(c2ccccc2)c2ccccc21,,0
CN1C(=O)CC[C@@]2(C)C1CC[C@H]1[C@@H]3CC[C@H](O)[C@@]3(C)CC[C@@H]12,,0
CN1C(=O)COc2ccc(OC[C@H]3CO[C@](Cn4ccnc4)(c4ccc(Cl)cc4Cl)O3)cc21,,0
CN1C(=O)[C@]2(N=C1N)c1cc(-c3cccc(OC(F)F)c3)c(F)cc1O[C@H]1CCOC[C@@H]12,,0
CN1C=C([C@H]2SCc3c(C(=O)c4cn(C(=O)N(C)C)c5cc(-c6ccc(F)cc6)ccc45)ccn32)C=CC1,,0
CN1CCN(CC(=O)Nc2ccc3ncnc(Nc4cccc(Br)c4)c3c2)CC1,7.5,1
CN1C[C@@H](c2ccc(F)cc2)[C@@]2(CCC/C(=C\c3ccc(F)cc3)C2=O)[C@@]12C(=O)N(CN1CCCCC1)c1ccccc12,,0
CN1N=C(c2ccccc2)[C@@H](n2ccnc2)[C@H]1c1ccccc1,,0
CN=NNc1ccc2ncnc(Nc3cccc(Cl)c3)c2c1,7.0,1
CNC(=O)C(CC(C)C)NP(=O)(O)CNC(=O)OCc1ccccc1,,0
CNC(=O)C(NC(=O)C(CC(C)C)C(C(O)=NO)C1CCCC1)C(C)(C)C,,0
CNC(=O)C(NC(=O)C(CC(C)C)C(OCc1cccc2cccnc12)C(O)=NO)C(C)(C)C,,0
CNC(=O)C(NC(=O)[C@@](O)(CCCN(Cc1ccc(Br)cc1)NC(=O)C(NC(=O)OC)C(C)(C)C)Cc1ccccc1)C(C)(C)C,,0
CNC(=O)C(NC(=O)c1ccc(-c2ccc(NC(=O)c3cc(C)c(C)o3)cc2)o1)C1CCCCC1,,0
CNC(=O)CCCC1CCN(C(=O)C(Cc2cccc(C(=N)N)c2)NS(=O)(=O)c2cccc(-c3ccccc3F)c2)CC1,,0
CNC(=O)CCCCC[C@H](NC(=O)c1cncs1)c1nc(-c2ccc(-c3cc[nH]n3)cc2)c[nH]1,,0
CNC(=O)CCCCC[C@H](NC(=O)c1cncs1)c1nc(-c2ccc3[nH]nnc3c2)c[nH]1,,0
CNC(=O)CN(Cc1ccccc1OC(F)F)C(=O)c1c[nH]c(C(=O)N2CC3CCCCC3C2)n1,,0
CNC(=O)[C@@]12C[C@@H]1[C@@H](n1cnc3c(NC)nc(C#Cc4ccc(Cl)s4)nc31)[C@H](O)[C@@H]2O,,0
CNC(=O)c1c(-c2ccc(C)nc2)oc2cc(N(C)S(C)(=O)=O)c(-c3ccc4c(n3)-c3cc5c(F)cccc5n3C(CCN3CC(F)C3)C4)cc12,,0
CNC(=O)c1c(-c2ccc(F)cc2)oc2cc(N(C)S(C)(=O)=O)c(-c3ccc4c(n3)-c3cc5c(F)cccc5n3C(CNS(C)(=O)=O)O4)cc12,,0
CNC(=O)c1c(-c2ccc(F)cc2)oc2cc(N(Cc3ccc(B(O)O)cc3)S(C)(=O)=O)c(-c3ccc4c(n3)-c3cc5c(F)cccc5n3CO4)cc12,,0
CNC(=O)c1c(-c2ccc(F)cc2)oc2cc3c(cc12)C(C)OC1(CC1)CN3S(C)(=O)=O,,0
CNC(=O)c1c(C2=CCCC2)oc2cc(N(C)S(C)(=O)=O)c(-c3ncc4c(n3)-c3cc5ccccc5n3CO4)cc12,,0
CNC(=O)c1ccc(N2C(=S)N(c3ccc(C#N)c(C(F)(F)F)c3)C(=O)C23CCC3)cc1,,0
CNC(=O)c1ccnc(C#Cc2ccc(F)c([C@]3(CF)C[C@@H](C(F)(F)F)OC(=N)N3)c2)c1,,0
CNC(=S)N(CCc1c(C)[nH]c2ccc(C)cc12)Cc1cc(OC)c(OC)c(OC)c1,,0
CNCC(O)CCN1c2ccccc2N(c2ccccc2)S1(=O)=O,,0
CNS(=O)(=O)c1ccc2c(c1)=C(c1c(O)n([C@@H]3O[C@H](COC(C)=O)[C@@H](OC(C)=O)[C@H](OC(C)=O)[C@H]3OC(C)=O)c3ccccc13)C(=O)N=2,,0
CNS(=O)(=O)c1ccc2nc(-c3ccc(Cl)cc3)c(CN3CCN(C(C)=O)CC3)n2c1,,0
CN[C@@](C)(CO[C@H]1[C@H](n2ncnc2-c2ccncc2)C[C@@]23COC[C@]1(C)[C@@H]2CC[C@H]1C3=CC[C@@]2(C)C(C(=O)O)[C@@](C)([C@H](C)C(C)C)CC[C@]12C)C(C)(C)C,,0
CNc1ccc(CC2=Nc3ccc(I)cc3C2=O)cc1,,0
CNc1ccc(CC2CCCN(C(=O)c3cccc(C)n3)C2)nn1,,0
CNc1ccc([N+](=O)[O-])cc1-n1cnc(-c2ccc(C(F)(F)F)cc2)c1,,0
CNc1nc(-c2ccccc2)nc2c1nnn2Cc1ccccc1Cl,,0
CNc1nc(C)c(C(=O)/C=C/c2cccc(Cl)c2Cl)s1,,0
CNc1nc(C)c2cc(-c3cnn(C)c3)c(=O)n(C3CCCC3)c2n1,,0
CNc1nc(Nc2c(C)cc(C)cc2C)nc(NC2CCN(C(=O)c3ccc([N+](=O)[O-])cc3)CC2)n1,,0
CNc1nc(OCC2CCC2)nc2c1ncn2Cc1c(F)cccc1F,,0
CO/C=C(/C(=O)OC)[C@H](C)[C@H](/C=C/c1ccc2c(c1)OC(C)(C)[C@@H](OCC=C(C)C)CO2)OC,,0
CO/C=C(/C(=O)OC)c1ccccc1CO/N=C(\OC)c1cc(C(F)(F)F)cc(C(F)(F)F)c1,,0
CO/C=C(/C(=O)OC)c1ccccc1Cn1c(C)nn(-c2cc(NS(C)(=O)=O)c(Cl)cc2Cl)c1=O,,0
CO/N=C(/C(=O)OC)c1ccccc1Cn1c(C)nn(-c2cc(NS(=O)(=O)c3ccccc3)c(Cl)cc2F)c1=O,,0
CO/N=C(\F)c1cc(/C(=C\CCCc2nc(C)no2)c2cc(C)c3oc(=O)n(C)c3c2)cc(C)c1OC,,0
CO/N=C(\F)c1cc(/C(=C\CCCc2nnc(C)o2)c2cc(C)c3oc(=O)n(C)c3c2)cc(C)c1OC,,0
COC(=O)/C=C/c1cn([C@H]2C[C@H](O)[C@@H](CO[P@](=O)(NC(C)C(=O)OCc3ccccc3)Oc3cccc4ccccc34)O2)c(=O)[nH]c1=O,,0
COC(=O)C(Cc1c[nH]c(-c2ccc(C)cc2)n1)NC(=O)C(Cc1c[nH]c2ccccc12)NC(=O)C(N)Cc1c[nH]c(-c2ccc(C)cc2)n1,,0
COC(=O)C(Cc1c[nH]c(C(C)C)n1)NC(=O)C(Cc1c[nH]c2ccccc12)NC(=O)OC(C)(C)C,,0
COC(=O)C(Cc1ccc(OC(C)=O)c(OC(C)=O)c1)NC(=O)CCC(=O)NC(Cc1ccc(OC(C)=O)c(OC(C)=O)c1)C(=O)OC,,0
COC(=O)C(Cc1ccccc1)NC(=O)N1CCCCC1C,,0
COC(=O)C(Cc1ccccc1)NP(=O)(Oc1ccccc1)Oc1cc(O)c2c(=O)cc(-c3ccccc3)oc2c1,,0
COC(=O)C(N=[N+]=[N-])[C@@H]1O[C@@H](n2cnc3nc(NC(C)=O)nc(Cl)c32)[C@@H]2OC[C@H](OCc3ccccc3)[C@]2(OCc2ccccc2)[C@@H]1OCc1ccccc1,,0
COC(=O)C(NC(=O)C(CCC(=O)OC(C)(C)C)NC(=O)C(CC(C)C)NC(=O)C1CCCN1C(=O)C12CC3CC(CC(C3)C1)C2)C(C)C,,0
COC(=O)C(OC(C)=O)[C@H]1[C@]2(C)C[C@]3(O)[C@@](OC(=O)C(C)C)([C@H]4OC5(C)O[C@]46[C@@]47C[C@@]4([C@H](c4ccoc4)OC(=O)C7OC(C)=O)[C@@H](O)[C@@H](O)[C@]6(O5)[C@]13C)[C@H]2OC(C)=O,,0
COC(=O)C(Oc1ccc(NC(C)=O)cc1)c1ccc(Oc2ccc(Cl)cc2)cc1,,0
COC(=O)C1=C(C)N(c2ccc(F)cc2)C(C)=C(C(=O)OC)C1[C@@H]1O[C@H]2OC(C)(C)O[C@H]2[C@@H]1OCc1ccccc1,,0
COC(=O)C1=C(c2cccc(OCc3ccccc3)c2)C[C@@H]2CC[C@H]1N2C(=O)NCCCc1ccccc1,,0
COC(=O)C1=CN(CCOC23CC4CC(CC(C4)C2)C3)C=C(C(=O)OC)C1c1ccsc1,,0
COC(=O)C1C(=O)C2=C(CC1C)N=C(C)C(C(=O)OCc1ccc(OC)cc1)C2c1ccc(C)o1,,0
COC(=O)C1CC(OC(=O)C(NC(=O)OCC2c3ccccc3-c3ccccc32)C(C)C)C(=O)C2[C@@]1(C)CCC1C(=O)O[C@H](c3ccoc3)C[C@@]12C,,0
COC(=O)C1CCCN1C(=O)C(Cc1c[nH]cn1)NC(=O)c1cc(I)c(-c2nc3cc(C)c(C)cc3[nH]2)c(I)c1,,0
COC(=O)C1O[C@]12[C@@H](CO[Si](C)(C)C(C)(C)C)O[C@@H](n1cc(C)c(=O)[nH]c1=O)[C@@H]2O[Si](C)(C)C(C)(C)C,,0
COC(=O)CC(NC(=O)OC(C)(C)C)C(=O)N(Cc1ccc(C(F)(F)F)cc1)C1(C(=O)NCc2ccccc2)CCN(Cc2ccccc2)CC1,,0
COC(=O)CCC[C@H]1CC2(C[C@H](CCCO[Si](C)(C)C(C)(C)C)N1C(=O)OC(C)(C)C)OCCO2,,0
COC(=O)CC[C@@H](C)[C@H]1CC[C@H]2[C@@H]3CC=C4C(C)(C)c5nccnc5C[C@]4(C)[C@H]3CC[C@]12C,,0
COC(=O)CC[C@@H](C)[C@H]1CC[C@H]2[C@@H]3[C@H](OC(C)=O)C[C@@H]4C[C@@H](OC(=O)C[C@H]5O[C@@H]6O[C@@]7(C)CC[C@H]8[C@H](C)CC[C@@H]([C@H]5C)[C@@]68OO7)CC[C@]4(C)[C@H]3C[C@H](OC(C)=O)[C@]12C,,0
COC(=O)CC[C@@H](OC1O[C@@H]2O[C@]3(C)CC[C@H]4[C@H](C)CC[C@@H]([C@H]1C)[C@@]24OO3)c1ccc(Cl)cc1,,0
COC(=O)C[C@H]1C(C)(C)[C@H](O)[C@H](O)[C@@H]2OC3=C(C)C4=CC(=O)O[C@@H](c5ccoc5)[C@]4(C)CC3[C@@]21C,,0
COC(=O)C[C@H]1C(Sc2ccccc2)C(=O)O[C@@H]1CCO[Si](c1ccccc1)(c1ccccc1)C(C)(C)C,,0
COC(=O)Cc1c([C@@H]2Nc3ccccc3[C@H]2CC(=O)OC)[nH]c2ccccc12,,0
COC(=O)N(OC)c1ccccc1CO/N=C(\OC)c1cc(C(F)(F)F)cc(C(F)(F)F)c1,,0
COC(=O)N/N=C/c1c(C)c(C(=O)c2ccc(F)cc2)n2ccccc12,,0
COC(=O)N1CCC(CN(C2Cc3cc(C#N)ccc3N(Cc3cncn3C)C2)S(=O)(=O)c2cccc3nonc23)CC1,,0
COC(=O)N1CCC(CN(C2Cc3cc(C#N)ccc3N(Cc3cncn3C)C2)S(=O)(=O)c2ccccc2Cl)CC1,,0
COC(=O)NC(C(=O)N1CC2(C[C@H]1c1nc(-c3ccc4cc(-c5ccc6c(=O)[nH]c([C@@H]7C[C@H]8C[C@H]8N7C(=O)C(NC(=O)OC)C(C)C)nc6c5)ccc4c3)c[nH]1)OCCO2)C(C)C,,0
COC(=O)NC(C(=O)N1CCCC1C(=O)Nc1ccc([C@@H]2CC[C@@H](c3ccc(NC(=O)C4CCCN4C(=O)C(NC(=O)OC)[C@@H](C)OC)cc3)N2c2ccc(F)cc2)cc1)[C@@H](C)OC,,0
COC(=O)NC(C(=O)N1CCC[C@H]1c1nc(-c2cc(F)c(C#CC#Cc3cnc([C@@H]4CCCN4C(=O)C(NC(=O)OC)C(C)C)[nH]3)c(-c3ccccc3)c2)c[nH]1)C(C)C,,0
COC(=O)NC(C(=O)N1CCC[C@H]1c1nc(-c2ccc([C@H]3CC[C@H](c4c[nH]c([C@@H]5CCCN5C(=O)C(NC(=O)OC)C5CC5)n4)CC3)cc2)c[nH]1)C1CC1,,0
COC(=O)NC(C(=O)N1CCC[C@H]1c1nc2cc(C#Cc3ccc4[nH]c([C@@H]5CCCN5C(=O)C(NC(=O)OC)c5ccccc5)nc4c3)ccc2[nH]1)c1ccccc1,,0
COC(=O)NC(C(=O)N1[C@H](c2nc(-c3ccc4c(c3)-c3ccc(-c5c[nH]c([C@@H]6C[C@@H]7CCC[C@@H]7N6C(=O)C(NC(=O)OC)[C@@H](C)OC)n5)cc3-4)c[nH]2)C[C@@H]2CCC[C@@H]21)[C@@H](C)O,,0
COC(=O)NC(C(=O)NN(CCC[C@@](O)(Cc1ccccc1)C(=O)N[C@H]1c2ccccc2C[C@H]1O)Cc1ccc(Br)cc1)C(C)(C)C,,0
COC(=O)NC(C(=O)NN(CCC[C@@]1(Cc2ccccc2)C(=O)N([C@H]2c3ccccc3C[C@H]2O)C[C@H]1O)Cc1ccc(-c2ccncc2)cc1)C(C)(C)C,,0
COC(=O)NC(C(=O)NN(CC[C@]1(Cc2ccccc2)C(=O)N([C@H]2c3ccccc3C[C@H]2O)C[C@H]1O)Cc1ccc(Br)cc1)C(C)(C)C,,0
COC(=O)NC(C(=O)Nc1ccccc1CC[C@@H]1CN[C@H](COC(=O)N[C@@H]2CCc3ccccc32)CO1)C(c1ccccc1)c1ccccc1,,0
COC(=O)NC(C(=O)Nc1ccccc1CC[C@@H]1CN[C@H](COC(=O)N[C@H]2CCc3ccccc32)CO1)C(c1ccccc1)c1ccccc1,,0
COC(=O)Nc1ccc2c(c1)NC(=O)C[C@@H](C)CCC[C@H](NC(=O)/C=C/c1cc(Cl)ccc1-n1cnnn1)c1nc-2c[nH]1,,0
COC(=O)Nc1nc2cc(C3(O)c4ccccc4C(=O)N3c3cccc(C(=O)c4ccccc4)c3)ccc2[nH]1,,0
COC(=O)OC1=C2C(C)[C@@H](OC(=O)C(O)C(NC(=O)OC(C)(C)C)c3ccccc3)C[C@@](O)([C@@H](OC(=O)c3ccccc3)[C@@H]3[C@]4(OC(C)=O)CO[C@@H]4C[C@H](OC)[C@@]3(C)C1=O)C2(C)C,,0
COC(=O)[C@@]1(C)CCC[C@]2(C)c3cc(OC(=O)CCCCBr)ccc3CC[C@@H]12,,0
COC(=O)[C@@]1(Cc2ccc(F)cc2)[C@H]2c3cc(C(=O)N4CCCC4)n(CCF)c3C[C@H]2CN1C(=O)c1ccccc1,,0
COC(=O)[C@@]12CC(CC(=O)N3CCCCC3)C(=O)N(Cc3cccc4ccccc34)C1=CCC(C)(C)C2,,0
COC(=O)[C@@]12CC(CC(=O)N3CCSCC3)C(=O)N(CCc3ccc(OC)c(OC)c3)C1=CCC(C)(C)C2,,0
COC(=O)[C@@]12OC[C@@]34[C@@H](CC5=C(C)C(OC(=O)C[C@H](C)NC(=O)OC(C)(C)C)C(=O)C[C@]5(C)[C@H]3[C@@H](O)[C@@H]1O)OC(=O)C(OC(=O)C=C(C)C)[C@@H]24,,0
COC(=O)[C@]12CCCCC=C1N(Cc1ccc3c(c1)OCO3)C(=O)C(CC(=O)N1CCC(c3ccccc3)CC1)C2,,0
COC(=O)[C@]12CO[C@H](C(C)(C)C)N1C(=O)C(C)(C)[C@@]2(O)C#CCCCCn1cc(CNC(=O)C(C)(C)C(O)CCCCc2ccccc2)nn1,,0
COC(=O)c1[nH]c(C(=O)OC)c(-c2c[nH]c3ccc(O)cc23)c1-c1c[nH]c2ccc(O)cc12,,0
COC(=O)c1c(C)cc(C)cc1NC(=O)c1sccc1S(=O)(=O)Nc1onc(C)c1Cl,,0
COC(=O)c1c(NC(=O)Cc2coc3cc(C)ccc23)sc2c1CCCC2,,0
COC(=O)c1c(Nc2ccc(C)cc2)sc(C(=O)c2ccc(C)cc2)c1C,,0
COC(=O)c1cc(C(=CCCCC(=O)N2CCCCC2)c2cc(Cl)c(OC)c(C(=O)OC)c2)cc(Cl)c1OC,,0
COC(=O)c1cc(OC)c(OC)cc1NCc1c(C)noc1C,,0
COC(=O)c1cc2c3c(ccc2[nH]1)N(C(=O)c1cc2c4c(ccc2[nH]1)N(C(=O)c1cc2c5c(ccc2[nH]1)N(C(N)=O)CC5)CC4)CC3,,0
COC(=O)c1ccc(C)c(NC(=O)CCc2ccc3c(c2)OCCO3)c1,,0
COC(=O)c1ccc(CN2C(=O)C[C@@H](c3ccccc3Cl)C([N+](=O)[O-])[C@H]2c2ccc(O)cc2)cc1,,0
COC(=O)c1ccc(CN2C(=O)S/C(=C\c3ccc(/C=C/C(=O)c4ccc(C)cc4)cc3)C2=O)cc1,,0
COC(=O)c1ccc(CN2C(=O)S/C(=C\c3ccc(/C=C/C(=O)c4ccccc4Br)cc3)C2=O)cc1,,0
COC(=O)c1ccc(NC(c2ccc(Cl)cc2)P(=O)(OC)OC)cc1,,0
COC(=O)c1ccc(O)c(CSc2ccc(Cl)cc2)c1,,0
COC(=O)c1ccc(Oc2nc(NC(C)C)nc(SC)n2)cc1,,0
COC(=O)c1cccc(NC(=O)c2cccc3c2C(=O)c2ccccc2-3)c1C,,0
COC(=O)c1ccccc1CON1C(=O)C(C)(C)N(OCc2ccccc2C(=O)OC)C(=O)C1(C)C,,0
COC(=O)c1nnn(CC(=O)Nc2c(C(C)C)ccc3c2CC[C@H]2[C@](C)(C(=O)OC)CCC[C@]32C)c1C(=O)OC,,0
COC(c1ccccc1)c1nnc(CCC(=O)N(C)CCc2ccccc2)o1,,0
COC/C=C/C1=CC2=CC(=O)C(C)(OC(=O)c3cnc4ccccc4n3)C(=O)C2=CN1Cc1ccco1,,0
COC/C=C/C=C/C(C)=C/[C@@H]1Cc2nc(cs2)CCCCC(=O)O[C@@H](C)C=C(C)C=CCC(=O)O1,,0
COC1=C(Br)[C@@H](O)[C@]2(C=C1Br)CC(C(=O)NCCCOc1c(Br)cc(CC(=NO)C(=O)NCCc3c[nH]cn3)cc1Br)=NO2,,0
COC1=C(OC)C(=O)C(CNC(=O)c2ccc(Oc3ccc(C(C)(C)C)cc3)cc2)=C(C)C1=O,,0
COC1=CC(=O)c2c(c(CSc3ccc(I)cc3)c(C)n2C)C1=O,,0
COC1C(O)C(C)OC(OC2C(Oc3cccc4c(O)c5c(=O)oc6ccc(C)c7c(=O)oc(c34)c5c67)OC(C)C3O[C@H](c4ccccc4)OC32)C1O,,0
COC1CCC(c2ccc(C3COC(=O)N3c3ccc4[nH]cnc4c3)cc2)CC1,,0
COC1OC(C(=O)NCCCNC(=O)C2=CC3=C(C(=O)c4ccccc4C3=O)C(OC)O2)=CC2=C1C(=O)c1ccccc1C2=O,,0
COCC(=O)N[C@H]1CCc2c(Cl)c(OC)c(OC)c(OC)c2-c2ccc(SC)c(=O)cc21,,0
COCC(O)CN(C(C)=O)c1c(I)c(C(=O)NCC(O)CO)c(I)c(C(=O)NCC(O)CO)c1I,,0
COCCCN(c1c(OC)nn2c(-c3c(OC)cc(C4CC4)cc3OC)csc12)C1CCCC1,,0
COCCCN1C(=O)N(c2cccc(C(F)(F)F)c2)C2=C(C(=O)CC2)C1c1ccc(C#N)cc1S(C)(=O)=O,,0
COCCCOc1ccccc1C1C(C(=O)C(C)C)C(=O)C(=O)N1c1ccc(-c2noc(C)n2)cc1,,0
COCCCOc1ncccc1C1C(C(=O)C(C)C)C(=O)C(=O)N1c1ccc(-c2ccc(C)o2)cc1,,0
COCCCn1c(Cc2ccccc2)nnc1SCC(=O)N1CCCCC1,,0
COCCCn1ncn(-c2nc3c(s2)C(C)Sc2sccc2-3)c1=O,,0
COCCN(C(=O)COC(=O)c1ccc(C)s1)c1c(N)n(Cc2ccccc2)c(=O)[nH]c1=O,,0
COCCN(Cc1cc2c(Nc3cccc(Cl)c3F)ncnc2cc1OC)C(C)C(N)=O,8.0,1
COCCN(Cc1ccc(C)c(Br)c1)C(=O)Cn1cnc(S(=O)(=O)N2CCCC2)c1,,0
COCCN1C=C2C(=O)C(C)(OC(=O)CCC(=O)OC)C(=O)C(Br)=C2C=C1c1ccc(OC)cc1,,0
COCCN1CC(=O)N2C(Cc3c([nH]c4ccccc34)C2c2cccc(OC)c2)C1=O,,0
COCCOCCOCCOCCO[C@H]1CC[C@@]2(C)C(=CC[C@H]3[C@@H]4C[C@@H]5O[C@]6(CC[C@@H](C)CO6)[C@@H](C)[C@@H]5[C@@]4(C)CC[C@@H]32)C1,,0
COCCOCCOCc1n(Cc2ccc3ccccc3c2)c2cc(C)c(C)cc2[n+]1Cc1ccc2ccccc2c1,,0
COCCS(=O)(=O)CCC(=O)N1C/C(=C\c2ccc(F)cc2)C(=O)/C(=C/c2ccc(F)cc2)C1,,0
COCCn1c(C)cc(C(=O)COC(=O)/C=C/c2cccc(OC)c2)c1C,,0
COCCn1c(Cc2ccccc2)nnc1SCC(=O)N1CCCCC1C,,0
COCCn1c(N)c(C(=S)NC(=O)c2cccs2)c(=O)[nH]c1=O,,0
COCc1[nH]nc2c1C1(C(=O)Nc3ccc(F)cc31)C(C#N)C(=N)O2,,0
COCc1c(C(=O)NC2CCOC(C)(C)C2)cnn1-c1nccc(-c2cccs2)n1,,0
COCc1cc(OC)c(-c2csc3c(N(CC4=CCOCC4)CC4CC4)c(OC)nn23)c(OC)c1,,0
COCc1cc(OC)c(-c2csc3c(N(CC4CC4)CC4C5COCC54)c(OC)nn23)c(OC)c1,,0
COCc1ccc(C(=O)N2CCCC(Nc3ccc(C(C)C)cc3)C2)s1,,0
COCc1nc(-c2ccc(C(=O)NCc3ccc(NS(=O)(=O)C(F)(F)F)cc3)cc2)no1,,0
CON([C@H]1CC[C@@]2(C)[C@H](CC[C@@H]3[C@@H]2CC[C@]2(C)[C@@H](C4=CC(=O)OC4)CC[C@]32O)C1)[C@@H]1OC[C@@H](O)[C@H](N=[N+]=[N-])[C@H]1O,,0
CON=C(c1ccon1)c1ccccc1COc1ccccc1,,0
CON=CC1=CC[C@](C)(CCC=C(C)C)/C=C/[C@@H](OC(=O)C=C(C)C)[C@](C)(O)/C=C/C1=O,,0
COP(=O)(OC)C(Nc1ccccc1)c1ccc([N+](=O)[O-])cc1,,0
CO[C@@H](Cc1cc(C[C@@H]2CS(=O)(=O)C[C@H](NCc3cccc(C(C)(C)C)c3)[C@H]2O)cc(F)c1N)C(F)(F)F,,0
CO[C@@H]1C=CC=C(C)C(=O)Nc2cc(O)c(NCCCCCCOc3ccc4c(=O)cc(N5CCOCC5)oc4c3)c(c2O)C=C(C)C[C@@H](OC)[C@@H](O)[C@H](C)/C=C(\C)[C@H]1OC(N)=O,,0
CO[C@@H]1CCN(c2nc(-c3c(C)ccc4[nH]nc(C)c34)nc3c2CN(c2cc(C4(C)COC4)ccc2C)CC3)[C@H](C)C1,,0
CO[C@@H]1CO[C@@H](OCC[C@@H](CC[C@@H](C)[C@H]2[C@@H](O)[C@@H](O)[C@H]3[C@@H]4C[C@H](OS(=O)(=O)O)[C@H]5[C@@H](O)[C@@H](O)CC[C@]5(C)[C@H]4CC[C@]23C)C(C)C)[C@H](O)[C@H]1O,,0
CO[C@@H]1C[C@@H](C[C@H]2CC[C@H](C)[C@H]([C@@H](C)COC(=O)C(C)C)O2)OC2(O[C@](C)([C@H]3CC[C@@](C)([C@@H]4O[C@@H]([C@H]5O[C@@](O)(CO)[C@H](C)C[C@@H]5C)C[C@@H]4C)O3)C[C@H]2C)[C@@H]1C,,0
CO[C@@H]1[C@@H](O)[C@@H](NC(=O)/C(C)=C/c2cc(F)c(OCCCF)cc2F)[C@@H](O)[C@@H]2OCO[C@H]12,,0
CO[C@@H]1[C@H]2OC(C)(C)O[C@H]2O[C@@H]1[C@@H]1CC(=O)N(Cc2ccccc2)C(=O)N1Cc1ccccc1,,0
CO[C@H]1C=C(CC[C@H]2/C(=C/OS(=O)(=O)O)CC[C@H]3[C@]2(C)CC[C@H]2C(C)(C)CCC[C@]32C)[C@@H](OC)O1,,0
CO[C@H]1C=CCCC=CC(=O)O[C@H](C(C)C(=O)CCCC2CC(=O)NC(=O)C2)C(C)=C[C@@H](C)[C@@H]1O,,0
CO[C@H]1CC(C)=Cc2c(O)c(cc(O)c2NCCF)NC(=O)C(C)=CC=C[C@H](OC)[C@@H](OC(N)=O)/C(C)=C/[C@H](C)C1=NO,,0
CO[C@H]1C[C@H](O[C@H]2CC[C@]3(C=O)[C@H]4CC[C@]5(C)[C@@H](C6=CC(=O)OC6)CC[C@]5(O)[C@@H]4CC[C@]3(O)C2)O[C@H](C)[C@H]1O[C@@H]1O[C@H](CO)[C@@H](O)[C@H](O)[C@H]1O,,0
CO[C@H]1O[C@@]2(C)OOC13CCCC[C@@H]3CC2Cc1ccccc1,,0
CO[C@H]1O[C@]2(C)OO[C@]13CCCC[C@@H]3C[C@H]2c1ccccc1,,0
CO[C@]1(C)C[C@@H](C)[C@H](O)[C@H](C)CN(C)[C@@H](COCc2ccccc2)COC(=O)C(C)[C@@H](O[C@H]2C[C@@](C)(OC)[C@@H](O)[C@H](C)O2)[C@H](C)[C@H]1O[C@@H]1O[C@H](C)C[C@H](N(C)C)[C@H]1O,,0
COc1c(Br)c(Br)cc(Br)c1Oc1cc(Br)cc(Br)c1O,,0
COc1c(Br)cc(Br)cc1Oc1c(Br)cc(Br)c(Br)c1O,,0
COc1c(C=Cc2ccc(NS(C)(=O)=O)cc2)cc(-c2cc(F)c[nH]c2=O)cc1C(C)(C)C,,0
COc1c(Cl)c2c(c(OC)c1OC)-c1ccc(OC)c(=O)cc1[C@@H](NC(=O)c1ccc([N+](=O)[O-])cc1)CC2,,0
COc1cc(/C=C/C(C)(C)C(=O)NC(C)(C)CO)ccc1Cc1cc([C@@H]2O[C@H](CO)[C@@H](O)[C@H](O)[C@H]2O)c(C)cc1C,,0
COc1cc(/C=C/c2ccc(N(C)C)cc2)cc(OC)c1OC,,0
COc1cc(/C=C/c2ccc3c(c2)[C@@H](c2cc(OC)cc(OC)c2)[C@H](c2ccc(O)cc2)O3)cc(OC)c1,,0
COc1cc(/C=C2/C[C@H]3[C@@H]4CC=C5C[C@@H](O)CC[C@]5(C)[C@H]4CC[C@]3(C)NC2=O)cc(OC)c1OC,,0
COc1cc(/C=C2\CC/C(=C\c3ccc(OC4CCCCO4)c(OC)c3)C2=O)ccc1OC1CCCCO1,,0
COc1cc(/C=C2\CCC/C(=C\c3ccc(OC4CCCCO4)c(OC)c3)C2=O)ccc1OC1CCCCO1,,0
COc1cc(/C=C2\CCCC3C2=Nc2ccccc2N=C3c2cc(OC)c(OC)c(OC)c2)cc(OC)c1OC,,0
COc1cc(C#CC(C)(C)C)c(F)cc1-n1c(=O)ccc2cc(S(=O)(=O)Nc3ccon3)ccc21,,0
COc1cc(C(O)(CC#N)c2cc3c(cc2Br)OCO3)cc(OC)c1OC,,0
COc1cc(C2CC2)cc(OC)c1-c1csc2c(N(CC3CC3)CC3CCOC3)c(OC)nn12,,0
COc1cc(C2N=c3ccc4ccccc4c3=C3CC(C)(C)CC(=O)C32)ccc1Oc1ccc([N+](=O)[O-])cc1C#N,,0
COc1cc(C2S/C(=C/c3ccccc3)C(=O)N2c2cccc([N+](=O)[O-])c2)cc(OC)c1OC,,0
COc1cc(C=CC(=O)C2C(C=Cc3ccc(O)c(OC)c3)=NC(=O)NC2c2ccc([N+](=O)[O-])cc2)ccc1O,,0
COc1cc(C=CC(=O)C2C(C=Cc3ccc(O)c(OC)c3)=NC(=O)NC2c2cccc([N+](=O)[O-])c2)ccc1O,,0
COc1cc(C=CC(=O)C2C(C=Cc3ccc(O)c(OC)c3)=NC(=S)NC2c2ccc(C)cc2)ccc1O,,0
COc1cc(CSc2nc(-c3ccc(F)cc3F)c(C#N)c(=O)[nH]2)cc(OC)c1,,0
COc1cc(Cn2c(N)nc3cc(-c4cnn(C)c4)cnc32)ccc1OCc1ccc(OC(F)(F)F)cc1,,0
COc1cc(F)c(-c2ccc(C(=O)O)cc2C)cc1-c1ccc(C(F)(F)F)cc1[C@@H]1CC[C@H]2[C@@H](c3cc(C)cc(C(F)(F)F)c3)OC(=O)N12,,0
COc1cc(N2CCC(N3CC(N(C)C)C3)CC2)c(C)cc1Nc1ncc(Br)c(Nc2ccc3nccnc3c2P(C)(C)=O)n1,10.135000000000002,1
COc1cc(N2CCC(N3CCCN(C)CC3)CC2)c(C)cc1Nc1ncc(Br)c(Nc2ccc3c(c2P(C)(C)=O)OCCO3)n1,10.15,1
COc1cc(N2CCN(C)CC2)ccc1Nc1ncc(C(=O)Oc2ccccc2)c(-c2cn(C)c3ccccc23)n1,10.19,1
COc1cc(NC(=O)Nc2nccs2)cc(-c2cccnc2)c1OC,6.5,1
COc1cc(O)c(-c2cc(-c3cc(-c4c(O)cc(O)c5c4C[C@@H](C)N[C@@H]5C)c4cc(C)cc(OC)c4c3O)c(O)c3c(OC)cc(C)cc23)c2c1[C@@H](C)N[C@H](C)C2,,0
COc1cc(OC)c(C2CC(=O)N3CN(c4ccc(C)cc4)CSC3=C2C#N)cc1OC,,0
COc1cc(OC)c2c(c1)[C@@H]([C@@H](OC)c1ccc(O)cc1)C(c1cc(O)cc(O)c1)[C@H]2c1ccc(O)cc1,,0
COc1cc(OC)cc(C(=O)O[C@H]2c3cc(OC)c(OC)c(OC)c3-c3c(cc4c(c3OC)OCO4)C[C@H](C)[C@]2(C)O)c1,,0
COc1cc(OC)cc(C2c3ccc(OC(C)C)cc3Nc3coc(O)c32)c1,,0
COc1cc(OC)cc(N(CC#Cc2cc(C#N)ccn2)c2ccc3ncc(-c4cnn(C)c4)nc3c2)c1,,0
COc1cc(OC)cc(N(CC#Cc2ccncc2)c2ccc3ncc(-c4cnn(C(C)C)c4)nc3c2)c1,,0
COc1cc(OC)cc(N(CC#Cc2nccc(OC(C)C)n2)c2ccc3ncc(-c4cnn(C)c4)nc3c2)c1,,0
COc1cc(OC)cc([C@H]2C(C(O)c3ccc(O)cc3)c3cc(O)cc(O)c3[C@@H]2c2ccc(O)cc2)c1,,0
COc1cc(OC)nc(NCCCn2c3c(c4cc(S(C)(=O)=O)ccc42)CCCC3)n1,,0
COc1cc(OCc2cncc(-c3ccoc3)c2)c2cc(-c3cn4nc(OC)sc4n3)oc2c1,,0
COc1cc(OCc2csc(-c3ccc(C(=O)N(C)C(C)(C)C)cc3)n2)c2cc(-c3cn4nc(OC)sc4n3)oc2c1,,0
COc1cc(OCc2csc(C3=CCC(C(=O)OC(C)(C)C)CC3)n2)c2cc(-c3cn4nc(OC)sc4n3)oc2c1,,0
COc1cc(OCc2csc(C3CCCCC3)n2)c2cc(-c3cn4nc(OC)sc4n3)oc2c1,,0
COc1cc([C@@H]2[C@@H](COC(C)=O)[C@H]3[C@@H]2c2c(c4ccccc4[nH]c2=O)OC3(C)C)cc(OC)c1OC,,0
COc1cc([C@@H]2c3cc4c(cc3C[C@H]3COC(=O)C32)OCO4)cc(OC)c1OC(=O)C(CCSC)NC(=O)Cn1cc(F)c(=O)[nH]c1=O,,0
COc1cc([C@@H]2c3cc4c(cc3C[C@H]3COC(=O)C32)OCO4)cc(OC)c1OC(=O)NC(C(=O)NC1CCCC1)C(C)C,,0
COc1cc([C@@H]2c3cc4c(cc3[C@@H](NC(=O)C(C)(C)OC(=O)C3=CC(C)(C)N(O)C3(C)C)[C@H]3COC(=O)C23)OCO4)cc(OC)c1OC,,0
COc1cc([C@@H]2c3cc4c(cc3[C@@H](NC(=O)c3ccc(-n5c(O)c6c(c5O)C5CCC6O5)cc3)[C@H]3COC(=O)C23)OCO4)cc(OC)c1O,,0
COc1cc([C@@H]2c3cc4c(cc3[C@@H](OC(=O)NC3CC3)[C@H]3COC(=O)C23)OCO4)cc(OC)c1O,,0
COc1cc([C@H]2C(C(=O)O[C@@H]3C[C@@H]4[C@@H](CN(CC5CC5)C[C@@H]4C)[C@@H]3C)[C@H](c3ccc(O)c(OC)c3)C2C(=O)O[C@@H]2C[C@@H]3[C@@H](CN(CC4CC4)C[C@@H]3C)[C@@H]2C)ccc1O,,0
COc1cc([C@H]2O[C@@H](c3cc(OC)c4c(c3)OCO4)[C@@H](COC(C)=O)[C@@H]2CO)cc2c1OCO2,,0
COc1cc2c(Nc3ccc(-c4nc5ccccc5s4)c(C)c3)ncnc2cc1OCCCN1CCN(C)CC1,7.5,1
COc1cc2c(c(OC)c1OC)-c1c(cc(OC)c(OC)c1OC)CC(C)(C(C)I)C2,,0
COc1cc2c(c(OC)c1OC)-c1c(cc(OC)c(OC)c1OC)[C@H](OCC(C)C)[C@@H](C)[C@@H](C)C2,,0
COc1cc2c(c(OC)c1OC)-c1c(cc3c(c1OC)OCO3)C[C@H](C)[C@](C)(O)C2,,0
COc1cc2c(c(OC)c1OC)-c1c(cc3c(c1OC)OCO3)C[C@H](C)[C@](C)(O)[C@H]2OC(=O)c1ccc(F)cc1,,0
COc1cc2c(cc1OC)C1OC(CCCCN3C(=O)c4ccccc4C3=O)(C2)OC2=C1C(=O)CCC2,,0
COc1cc2c(cc1OC)CN(CCc1ccc(NC(=O)c3cc(OC)c(OC)cc3NS(=O)(=O)c3ccc(C(F)(F)F)cc3)cc1)CC2,,0
COc1cc2c(cc1OC)[C@@H]1c3cccc(OC)c3N(CCCn3c(C)[n+](Cc4ccc(C)cc4)c4ccccc43)C[C@@H]1C2,,0
COc1cc2c(cc1OS(N)(=O)=O)CC[C@@H]1[C@@H]2CC[C@]2(C)[C@@H](NS(N)(=O)=O)CC[C@@H]12,,0
COc1cc2cc(C(O)NC(Cc3c[nH]c4ccccc34)C(=O)NC3CCCc4ccccc43)[nH]c2cc1OC,,0
COc1cc2ncnc(Nc3cc(Cl)ccc3F)c2cc1OC1CCN(S(C)(=O)=O)CC1,9.0,1
COc1cc2ncnc(Nc3ccc(Cl)c(Cl)c3)c2cc1OCCCN1CCOCC1,9.0,1
COc1cc2ncnc(Nc3ccc(F)c(Cl)c3)c2cc1OC1CCN(C)CC1,8.0,1
COc1ccc(-c2c(C(C)=O)c(-c3ccccc3)n(C3OC(COC(C)=O)C(OC(C)=O)C(OC(C)=O)C3OC(C)=O)c(=S)c2C#N)cc1,,0
COc1ccc(-c2c3c4cc(O)c(OC)cc4oc(=O)c3n3ccc4cc(O)c(OC)cc4c23)cc1O,6.5,1
COc1ccc(-c2ccc3c(N4CCOC[C@@H]4C)nc(C4=CCOCC4)nc3n2)cc1CO,,0
COc1ccc(-c2ccc3c(N4CCOC[C@@H]4C)nc(N4CCC(c5cccc(O)c5)CC4)nc3n2)cc1CO,,0
COc1ccc(-c2ccc3c(N4CCOC[C@@H]4C)nc(N4CCCCO4)nc3n2)cc1CO,,0
COc1ccc(-c2ccn3ncc(/C=N/N(C)S(=O)(=O)c4cc([N+](=O)[O-])ccc4C)c3n2)cc1OC,,0
COc1ccc(-c2nc3c(c(SCC(=O)N4CCCCC4)n2)Cc2c(CO)cnc(C)c2O3)cc1,,0
COc1ccc(-c2nnc(-n3c(-c4ccccc4)nc4cc(Cl)ccc4c3=O)s2)cc1,6.5,1
COc1ccc(-n2c(C)nnc2-c2cnc(Oc3ccccc3C)cn2)cn1,,0
COc1ccc(-n2cc(C=O)c(C3=CC[C@H]4[C@@H]5CC=C6C[C@@H](OC(C)=O)CC[C@]6(C)[C@H]5CC[C@]34C)n2)cc1,,0
COc1ccc(-n2nc(C(F)(F)F)c3c2C(=O)N(c2ccc(C4(CN(C)S(C)(=O)=O)CC4)cc2)CC3)cc1,,0
COc1ccc(-n2nc(C(F)(F)F)c3c2C(=O)N(c2ccc(C4(c5ncc[nH]5)CC4)cc2)CC3)cc1,,0
COc1ccc(-n2sc3c(c2=S)-c2cc(OC)ccc2NC3(C)C)cc1,,0
COc1ccc(/C(=C\c2cc(OCc3ccsc3)ccc2C#N)C(=O)O)cc1,,0
COc1ccc(/C=C/C(=O)N2CC(CBr)c3c2cc([N+](=O)[O-])c2cc(S(=O)(=O)NCCO)ccc32)cc1,,0
COc1ccc(/C=C/C(=O)N2CC(COS(=O)(=O)Cc3ccccc3)c3c2cc([N+](=O)[O-])c2cc(C#N)ccc32)cc1O,,0
COc1ccc(/C=C/C(=O)N2C[C@H](CC(C)C)NC(=O)C2CC(C)C)cc1,,0
COc1ccc(/C=C/C(=O)NCCCCCCNc2c(O)cc3c(O)c2C=C(C)C[C@H](OC)[C@H](O)[C@@H](C)/C=C(\C)[C@H](OC(N)=O)[C@@H](OC)C=CC=C(C)C(=O)N3)c(OC)c1OC,,0
COc1ccc(/C=C/C(=O)O[C@@H]2O[C@@H]3O[C@@]4(C)CC[C@H]5[C@H](C)[C@H](OC(=O)/C=C/c6ccc(OC)c(OC)c6)C[C@@H]([C@H]2C)[C@@]35OO4)cc1OC,,0
COc1ccc(/C=C/C(=O)O[C@H]2CC[C@@]3(C)C(=CC[C@]4(O)[C@@H]3C[C@@H](OC(=O)/C=C(\C)C(C)C)[C@@]3(C)[C@]4(O)CC[C@@]3(O)C(C)=O)C2)c(OC)c1OC,,0
COc1ccc(/C=C/c2nc(C)c3c(c2C)COC(C)(C)O3)c(OC)c1OC,,0
COc1ccc(/C=C/c2onc(C)c2S(=O)(=O)N2CCC(C(=O)N3CCC(C)CC3)CC2)cc1,,0
COc1ccc(/C=N/NC(=O)CC[C@@H](C)[C@H]2CC[C@H]3[C@@H]4[C@H](O)C[C@@H]5C[C@H](O)CC[C@]5(C)[C@H]4C[C@H](O)[C@]23C)cc1,,0
COc1ccc(Br)c(C(=O)NCC2CCCCC2)c1,,0
COc1ccc(Br)cc1CNn1cn[nH]c1=S,,0
COc1ccc(C#CC(=O)c2cc(C)cc([N+](=O)[O-])c2O)cc1OC,,0
COc1ccc(C#Cc2ccc3c(c2)O[C@H](CN(C)S(=O)(=O)c2ccccc2F)[C@H](C)CN([C@H](C)CO)S3(=O)=O)cc1,,0
COc1ccc(C(=O)N2CCc3cc(OC)c(OC)cc3C2c2cccc([N+](=O)[O-])c2)cc1,,0
COc1ccc(C(=O)NN(C(=O)c2ccc(OC)cc2)C(C)(C)C)cc1,,0
COc1ccc(C(=O)OCC(=O)N2CC(=O)Nc3ccccc32)cc1Br,,0
COc1ccc(C(C(=O)NC2CCCCC2)N(C(=O)c2cccs2)c2ccc3c(c2)OCO3)cc1,,0
COc1ccc(C(C(=O)Nc2cc(F)c([Si](C)(C)C)c(F)c2)N(C)C(=O)c2cc(=O)[nH]o2)cc1,,0
COc1ccc(C(C)C)cc1-c1ccc(C(F)(F)F)cc1CN1C(=O)O[C@@H](c2cc(C(F)(F)F)cc(C(F)(F)F)c2)[C@@H]1C,,0
COc1ccc(C2(NC(=O)C3CC(=O)N(C)C3)CCCC2)cc1,,0
COc1ccc(C2=NN(CCCCOc3cccc(C4=NNC(=O)CC4C)c3)C(=O)CC2C)c2cc(C(F)(F)F)nn12,,0
COc1ccc(C2CC(=O)N(CC(=O)NCC3CCCO3)c3ccccc3S2)cc1,,0
COc1ccc(C2NC(c3ccc(OC)cc3)C3C(=NO)C2C(c2ccc(OC)cc2)NC3c2ccc(OC)cc2)cc1,,0
COc1ccc(C2Nc3ccccc3C(=O)N2Cc2ccco2)cc1CN1C(=O)c2ccccc2C1=O,,0
COc1ccc(CCCNC(=O)C2CCC(=O)N(CC3CCCCC3)C2)cc1,,0
COc1ccc(CCn2cc(CCCCc3cn(CCc4ccc(OC)c(Br)c4)nn3)nn2)cc1Br,,0
COc1ccc(CN(C)C(=O)CCc2ccc(S(=O)(=O)N3CCCCCC3)cc2)c(OC)c1,,0
COc1ccc(CNC(=O)C(C)N2C(=O)N3CCc4c([nH]c5ccc(OC)cc45)[C@@]3(C)C2=O)cc1,,0
COc1ccc(CNC(=O)C23CC4CC(CC(Br)(C4)C2)C3)cc1,,0
COc1ccc(CNS(=O)(=O)c2cc3c(cc2Cl)N(C(C)=O)CCO3)cc1,,0
COc1ccc(COC[C@H](C)N2C[C@@H](C)[C@H](CN(C)S(=O)(=O)c3ccc(F)cc3)OCCCC[C@H](C)Oc3c(cnn3C)C2=O)cc1,,0
COc1ccc(COc2ccc(C(C)n3c(N)nc4cc(-c5cnn(C)c5)ccc43)cc2OC)cn1,,0
COc1ccc(Cn2cc(/C=N\NC(=O)c3c[nH]c4ccc(Br)cc34)c3cc(OC)ccc32)cc1,,0
COc1ccc(F)c(-c2ccc(C3CCc4ccc([C@@H](CC(=O)O)C5CC5)cc4O3)cc2C2=CCCC2(C)C)c1,,0
COc1ccc(N(C(=O)c2cc3ccccc3[nH]2)C(C(=O)NC2CCCCC2)c2ccc([N+](=O)[O-])cc2)cc1OC,,0
COc1ccc(N(C(=O)c2cccc([N+](=O)[O-])c2)S(=O)(=O)c2ccc3c(c2)n(C)c(=O)n3C)cc1,,0
COc1ccc(N(CC(=O)N2CCN(c3cccc(C)c3C)CC2)S(=O)(=O)c2c(C)noc2C)cc1,,0
COc1ccc(N(CC(=O)NC(C)c2ccccc2)S(=O)(=O)c2c(C)noc2C)cc1,,0
COc1ccc(N(Cc2noc(-c3ccc(Br)cc3)n2)C(=O)CCCCCC(O)=NO)cc1,,0
COc1ccc(NS(=O)(=O)c2ccc(N=C(C=Cc3ccc(O)c(OC)c3)CC(=O)C=Cc3ccc(O)c(OC)c3)cc2)nn1,,0
COc1ccc(NS(=O)(=O)c2ccc(O)c(NS(=O)(=O)c3ccc(NC(C)=O)cc3)c2)cc1,,0
COc1ccc(OC)c(S(=O)(=O)NCC(c2ccco2)S(=O)(=O)c2ccccc2)c1,,0
COc1ccc(OC2C=CC(c3ccccc3)OC2COC(=O)CCC(C)=NOC(C)CN2CCCc3nc(C)c(C)cc32)cc1,,0
COc1ccc(OC2C=CC(c3ccccc3)OC2CON=C(C)CCN2CCCCc3nc(C)c(C)cc32)cc1,,0
COc1ccc(OP(C)(=O)Nc2ccc(SC(F)(F)F)cc2)cc1,,0
COc1ccc(OS(=O)(=O)c2ccc3[nH]c4ccncc4c3c2)cc1,,0
COc1ccc(S(=O)(=O)N(C)C[C@@H]2OCCCC[C@@H](C)Oc3ccc(NS(=O)(=O)c4cccs4)cc3C(=O)N([C@H](C)CO)C[C@@H]2C)cc1,,0
COc1ccc(S(=O)(=O)N(CC(C)C)C[C@@H](O)[C@H](Cc2ccccc2)NC(=O)Oc2c3occc3cc3ccc(=O)oc23)cc1,,0
COc1ccc(S(=O)(=O)N(CC(C)C)C[C@@H](O)[C@H](Cc2ccccc2)NC(=O)c2ccc(C(=O)N(C)Cc3nc(C)oc3C)cc2)cc1,,0
COc1ccc(S(=O)(=O)NCCSC(C)(C)C)c(Cl)c1Cl,,0
COc1ccc(S(=O)(=O)Oc2ccc(CO[C@H]3c4cc5c(cc4[C@@H](c4cc(OC)c(OC)c(OC)c4)[C@@]4(Cl)C(=O)OC[C@H]34)OCO5)cc2)cc1,,0
COc1ccc(S(=O)(=O)c2cc(OC)ccc2S(=O)(=O)c2ccc([C@H](C)NS(C)(=O)=O)cc2)cc1,,0
COc1ccc(S(=O)(=O)n2c(COc3ccc([N+](=O)[O-])cc3)nc3ccc(Br)cc32)c(OC)c1,,0
COc1ccc([C@@H](O)[C@@H](C)Oc2ccc([C@H]3O[C@H](c4ccc(O[C@H](C)[C@H](O)c5ccc6c(c5)OCO6)c(OC)c4)[C@H](C)[C@H]3C)cc2OC)cc1OC,,0
COc1ccc([C@@H]2COc3c(cc(/C=C/C(=O)c4cc(OC)c(OC)c(OC)c4)c4c3C=CC(C)(C)O4)C2)c(OC)c1,,0
COc1ccc([C@H]2O[C@@]3(C)C[C@H](c4ccc(OC)c(OC)c4OC)OC4C(=O)C(C)[C@@H]2C[C@H]43)c(OC)c1OC,,0
COc1ccc([C@](C)(NC[C@H](O)c2ccc(O)c(NS(C)(=O)=O)c2)C(=O)Nc2ccc(Oc3ccccc3)cc2)cc1,,0
COc1ccc2c(C(=O)C(=O)NCCc3c[nH]c4ccccc34)c[nH]c2c1,,0
COc1ccc2c(O[C@@H]3CC4C(=O)N[C@]5(C(=O)NS(=O)(=O)C6CC6)C[C@H]5/C=C\CCCCCC(NC(=O)N5CCC(O)CC5)C(=O)N4C3)cc(-c3nc(C(C)C)cs3)nc2c1C,,0
COc1ccc2c(O[C@@H]3CC4C(=O)N[C@]5(C(=O)NS(=O)(=O)C6CC6)C[C@H]5/C=C\CCCCCC(NC(=O)N5CCCCC5)C(=O)N4C3)cc(-c3nc(C(C)C)cs3)nc2c1C,,0
COc1ccc2c(O[C@@H]3CC4C(=O)N[C@]5(C(=O)NS(=O)(=O)C6CC6)C[C@H]5/C=C\CCCCCCS(=O)(=O)N4C3)cc(-c3nc(C(C)C)cs3)nc2c1C,,0
COc1ccc2c(c1)C(=O)N(C[C@@]1(C#Cc3ccc(C(C)(C)C(N)=O)cc3)NC(=O)NC1=O)C2,,0
COc1ccc2c(c1)CCCN2C(=O)c1cccc(N(C)C)c1,,0
COc1ccc2c(c1)OCCC/C=C\CC[C@@H](C)CN(C[C@@H](O)[C@H](Cc1ccccc1)NC(=O)O[C@H]1CO[C@H]3OCC[C@H]31)S2(=O)=O,,0
COc1ccc2c(c1)O[C@@H](c1ccc3c(c1)OCO3)C(OC(=O)Nc1ccc(OC(F)F)cc1)C2=O,,0
COc1ccc2c(c1)[C@@H]1C[C@]1(C(=O)N1CC34CCC3(CN(C(=O)N3CCCC3)C4)C1)Cn1c-2c(C2CCCCC2)c2ccc(C(=O)NS(=O)(=O)N(C)C)cc21,,0
COc1ccc2c(c1)c(/C=C1/C(=O)Nc3ccc(F)cc31)cn2Cc1cn([C@@H]2O[C@H](COC(C)=O)[C@@H](OC(C)=O)[C@H](OC(C)=O)[C@H]2OC(C)=O)nn1,,0
COc1ccc2c(c1)c(C(=O)N/N=C/c1ccc(Br)cc1)c(C)n2C,,0
COc1ccc2c(c1)c(CC(=O)O[C@@H]1C[C@H](C)CC[C@H]1C(C)C)c(C)n2C(=O)c1ccc(Cl)cc1,,0
COc1ccc2c3c1O[C@@H]1C3[C@@](O)(CC[C@H]1N(C)C(=O)/C=C/c1ccoc1)[C@H](N(CC1CC1)C(=O)OC(C)(C)C)C2,,0
COc1ccc2cc(/C=C/C(=O)C[C@@H]3O[C@H](COC(C)=O)[C@@H](OC(C)=O)[C@H](OC(C)=O)[C@H]3OC(C)=O)ccc2c1,,0
COc1ccc2cc(C(=O)NCCCNC(=O)c3ccc4cc(OC)ccc4c3)ccc2c1,,0
COc1ccc2cc3[n+](cc2c1OCCC[n+]1cccc(F)c1)CCc1cc2c(cc1-3)OCO2,,0
COc1ccc2ccc(OCC(CO[C@H]3O[C@H](CO)[C@@H](O)[C@H](O)[C@@H]3O)Oc3ccc4ccc(OC)cc4c3)cc2c1,,0
COc1ccc2nc(Cl)c(C3CC(c4ccc(C)cc4)=NN3c3nc(-c4ccc(F)cc4)cs3)cc2c1,7.5,1
COc1ccc2nc3c(c(NCCCCCCCN(CC(=O)NCCc4c[nH]c5ccc(OC)cc45)C(=O)C=Cc4ccc(O)c(OC)c4)c2c1)CCCC3,,0
COc1ccc2nc3c(c(NCCCCCCN(CC(=O)NCCc4c[nH]c5ccc(OC)cc45)C(=O)C=Cc4ccc(O)c(OC)c4)c2c1)CCCC3,,0
COc1cccc(-n2sc3c(c2=S)-c2cc(OC)ccc2NC3(C)C)c1,,0
COc1cccc(C(=O)O[C@@H]2[C@@H]3[C@@H](OC(=O)c4cccc(OC)c4)[C@]4(CC[C@H]5C(=CC(C)C(=O)[C@@]3(O)C[C@@H]2C)C5(C)C)CO4)c1,,0
COc1cccc(CNC(=O)c2ccc(C[S+]([O-])c3ccccc3)o2)c1,,0
COc1cccc(F)c1-n1cc(-c2ccccc2S(=O)(=O)c2ccc([N+](=O)[O-])cc2)nn1,,0
COc1cccc(S(=O)(=O)N(C)C[C@@H]2Oc3cc(C4=CCCCC4)ccc3S(=O)(=O)N([C@H](C)CO)C[C@H]2C)c1,,0
COc1cccc(S(=O)(=O)Oc2ccc(C(=O)/C=C/c3ccc4c(ccn4C)c3)c3c2C=CC(C)(C)O3)c1,,0
COc1cccc2c(O)c3c(c(O)c12)C(=O)C1=C(C[C@@](O)(/C(C)=N/NC(=O)c2ccc(Cl)cc2)C[C@@H]1O[C@H]1C[C@H](N)[C@H](O)[C@H](C)O1)C3=O,,0
COc1cccc2c(O)c3c(c(O)c12)C(=O)C1=C(C[C@@](O)(/C(C)=N/NC(=O)c2ccc(N(C)C)cc2)C[C@@H]1O[C@H]1C[C@H](N)[C@H](O)[C@H](C)O1)C3=O,,0
COc1cccc2c(O)c3c(c(O)c12)C(=O)C1=C(C[C@@](O)(C(=O)COC(=O)CCC(NC(C)=O)C(N)=O)C[C@@H]1OC1CC(NC(=O)C(F)(F)F)C(O)C(C)O1)C3=O,,0
COc1cccc2c(O)c3c(c(O)c12)C(=O)C1=C(C[C@@](O)(C(=O)COC(=O)CNC(C)=O)C[C@@H]1OC1CC(NC(=O)C(F)(F)F)C(O)C(C)O1)C3=O,,0
COc1cccc2c(O)c3c(c(O)c12)C(=O)C1=C(C[C@](O)(C(=O)CO)C[C@@H]1OC1CC(NC(=O)c2ccc(S(=O)(=O)F)cc2)C(O)C(C)O1)C3=O,,0
COc1cccc2c1-c1ccc(NS(C)(=O)=O)cc1C(c1ccc(C)cc1)O2,,0
COc1ccccc1-c1cc2c(N[C@H](CO)c3ccccc3)ncnc2s1,9.0,1
COc1ccccc1C(=O)Nc1c2c(nn1-c1cccc(C)c1C)CS(=O)(=O)C2,,0
COc1ccccc1C1c2c(C(C)(C)C)nn(C(=O)OC(C)(C)C)c2C(=O)N1c1ccc(Br)cc1,,0
COc1ccccc1CNC(=O)C(C)NC(=O)C1CCN(C(=O)C2CCCN2C(=O)OC(C)(C)C)CC1,,0
COc1ccccc1CNc1cc(C)cc2c(=O)cc(N3CCOCC3)[nH]c12,,0
COc1ccccc1N(CC(O)CN1C(=O)NC(C)(C)C1=O)S(=O)(=O)c1ccc(C)cc1,,0
COc1ccccc1S(=O)(=O)N(C)C[C@@H]1Oc2cc(C#CCC(C)C)ccc2S(=O)(=O)N([C@@H](C)CO)C[C@@H]1C,,0
COc1ccn2c(C(=O)N[C@H]3C(C)(C)[C@H](Oc4ccc(C#N)c(C)n4)C3(C)C)cnc2n1,,0
COc1cn(-c2ccc3c(c2F)C(C)(C)C(=O)N3CC2CC2)nc(-c2ccnn2-c2ccccc2)c1=O,,0
COc1nc(N(C)C)ncc1-c1cc2c(n1C(C)C)C(c1ccc(C#N)cc1)N(c1c[nH]c(=O)c(Cl)c1)C2=O,,0
COc1nc(N(C)C)ncc1-c1cc2c(n1C(C)C)C(c1ccc(Cl)cc1)N(c1cc(C)nn1C)C2=O,,0
COc1nc(NCCc2ccc(F)cc2)nc(-c2cccc3cccnc23)n1,,0
COc1nc(OC)nc(N2CCC(NC(=O)C(Cc3ccc(C(C)C)cc3)NC(C)=O)CC2)n1,,0
COc1ncc(-c2cc3c(c(NC(=O)C[C@@H]4C[C@@H](C)O[C@@H](C)C4)c2)COC3)cc1NS(C)(=O)=O,,0
COc1ncc(-c2cc3c(n2C(C)C)C(c2ccc(Cl)cn2)N(c2cc(Cl)cn(C)c2=O)C3=O)c(OC)n1,,0
COc1ncc(-c2ccc(C(=O)O)cc2C)cc1-c1cnc(N2CC(F)C2)nc1CN1C(=O)O[C@H](c2cc(C(F)(F)F)cc(C(F)(F)F)c2)[C@@H]1C,,0
COc1ncc(-c2nc3c(n2C(C)C)C(c2ccc(Cl)cc2)N(c2cc(Cl)c(=O)n(C)c2)C3=O)c(OC)n1,,0
COc1ncc(-n2nc3c(c2C(C)C)C(c2ccc(C#N)cc2)N(c2cc(Cl)cn(C)c2=O)C3=O)c(OC)n1,,0
COc1ncc(-n2nc3c(c2C(C)C)[C@H](c2ccc(Cl)cc2)N(c2cc(Cl)c[nH]c2=O)C3=O)c(OC)n1,,0
COc1noc2c(C)cc(/C(=C\CCN3CCOC3=O)c3cc(C)c4on(C)c(=O)c4c3)cc12,,0
COn1c(NC(c2ccc(Cl)cc2)C(C)C)nc2c(c1=O)CN(C(=O)c1ccc(Cl)cc1)CC2,,0
COn1c(N[C@@H](C)c2ccc(C(F)(F)F)cc2)nc2c(c1=O)CN(C(=O)c1ccc(C)c(F)c1)CC2,,0
CS(=O)(=O)CCNCc1ccc(-c2cc3ncnc(Nc4ccc(OCc5cccc(F)c5)c(Cl)c4)c3s2)o1,9.0,1
CS(=O)(=O)CC[C@@H]1OCC[C@@]2(S(=O)(=O)c3ccc(F)c(F)c3)c3c(F)ccc(F)c3OC[C@@H]12,,0
CS(=O)(=O)N(CCOCCOc1ccc(-c2cc(=O)c3ccccc3o2)cc1)CCOCCOc1ccc(-c2cc(=O)c3ccccc3o2)cc1,,0
CS(=O)(=O)N(c1cc(Cl)cc2c1OCC(=O)N2Cc1nnc(CCc2ccc(Cl)cc2)n1CCC(F)(F)F)S(C)(=O)=O,,0
CS(=O)(=O)N1CC2(CCN(C(=O)Nc3ccc(-c4ccccc4)cc3)CC2)c2ccccc21,,0
CS(=O)(=O)N1CCC(n2cc(-c3cccc(C(N)=S)c3)c3ccc(CNC(=O)Cc4ccc[nH]4)cc32)CC1,,0
CS(=O)(=O)NC(=O)C(Cc1ccccc1)N1C(=O)C(Cc2ccc(-c3ccc(Cl)c(Cl)c3)o2)=NC1=S,,0
CS(=O)(=O)NC(=O)Cc1cc(I)c(Oc2ccc(O)c(I)c2)c(I)c1,,0
CS(=O)(=O)NC(Cc1ccccc1)C(=O)OC[C@H](Cc1ccccc1)NC(=O)c1ccccc1,,0
CS(=O)(=O)NC(c1ccccc1)c1ccc2c(c1)CCCO2,,0
CS(=O)(=O)NCc1noc(C(CCCC2CCCCC2)CC(O)=NO)n1,,0
CS(=O)(=O)N[C@@H](Cc1ccc([C@@H]2CC(=O)NS2(=O)=O)cc1)c1nc2ccccc2[nH]1,,0
CS(=O)(=O)Nc1ccc(OC23CC4CC(CC(C4)C2)C3)cc1,,0
CS(=O)(=O)OC1C(Cl)CCCC1Cc1ccc(N2CC(=O)CS2(=O)=O)c(O)c1,,0
CS(=O)(=O)c1ccc(-c2[nH]c(C(F)(F)F)nc2C2CCCCC2)cc1,,0
CS(=O)(=O)c1ccc(-c2ccc3ncc(S(=O)(=O)NCC4CCCO4)n3n2)cc1,,0
CS(=O)(=O)c1ccc(C#CC(O)(c2ccc(N(CC3CC3)S(=O)(=O)c3ccccc3)cc2)C(F)(F)F)cc1,,0
CS(=O)(=O)c1ccc(C(=O)NC(CC2CCCCC2)C(=O)N2C[C@@H](n3cc(C4(O)COC4)nn3)CC2C(=O)NC2(C(=O)C(N)=O)CCCCC2)cc1,,0
CS(=O)(=O)c1ccc(C(=O)NNCc2ccc(O)c(O)c2O)cc1,,0
CS(=O)(=O)c1ccc(C(CC2CCCC2)C(=O)Nc2cnc([C@H](O)CO)cn2)cc1Cl,,0
CS(=O)(=O)c1ccc(F)cc1C(=O)N1CCC(N(C2CC2)S(=O)(=O)c2ccccc2C(F)(F)F)CC1,,0
CS(=O)(=O)c1cccc(CC2(c3cccc(OC(F)(F)F)c3)CN(C[C@@H](O)C(F)(F)F)c3ccccc32)c1,,0
CS(=O)(=O)c1ccnc(Oc2ccc(Cl)c(Cl)c2)c1,,0
CSCC(=O)N1CCCC(CO)(CCCc2ccccc2)C1,,0
CSCCC(NC(=O)OCc1ccccc1)C(=O)N1CCCC1C(=O)NC(C(C)C)P(=O)(Oc1ccc(SC)cc1)Oc1ccc(SC)cc1,,0
CSc1ccc(-c2nc(CSCC(=O)NCCCN3CCCC3=O)c(C)o2)cc1,,0
CSc1ccc(CSCC(=O)N2CCN(S(=O)(=O)c3ccc(C)cc3C)CC2)cc1,,0
CSc1cccc(C[C@@H]2[C@H](O)[C@@H](O)[C@@H](Cc3cccc(SC)c3)N(Cc3ccccc3)C(=O)N2Cc2ccccc2)c1,,0
CSc1cccc(N2CC(C(=O)N(Cc3nnc(-c4ccccc4Cl)o3)C3CC3)CC2=O)c1,,0
CSc1ccccc1NC(=O)c1ccc(N2CCCC2=O)cc1,,0
CSc1nc(C)cc(Oc2ccc(OCCOc3ccccc3)nn2)n1,,0
CSc1ncccc1C(=O)NC1CCCc2c1cnn2-c1ccc(C)c(C)c1,,0
CSc1ncccc1C(=O)NCC12CC3CC(CC(C3)C1)C2,,0
CSc1nn2cc(-c3nc4c(C)cccc4o3)nc2s1,,0
CSc1sc(C(=N)N)cc1S(=O)(=O)c1cccc(-c2c(C)cccc2NC(=O)NCCCCCC(=O)O)c1,,0
C[C@@H](CO)NC(=O)c1c(O)c2ncc(Cc3ccc(F)cc3)cc2n(CC(=O)N(C)C)c1=O,,0
C[C@@H](N1Cc2cc(-c3cccc(C#N)c3)sc2C1=O)[C@](O)(Cn1cncn1)c1ccc(F)cc1F,,0
C[C@@H](NC(=O)C1C[C@H]2C[C@H]2N1C(=O)Cn1nc(C(N)=O)c2ccncc21)[C@H]1CC1(Cl)Cl,,0
C[C@@H](NC(=O)c1ccc2c(ccn2Cc2ccc(F)cc2F)c1)c1ccc([N+](=O)[O-])cc1,,0
C[C@@H](NC[C@H](O)CP(=O)(O)CCCCCNC(=O)c1cc(I)c(N=[N+]=[N-])cc1O)c1cccc(C(=O)O)c1,,0
C[C@@H](Nc1nccc(N2C(=O)OC[C@H]2c2ccccc2)n1)c1ccccc1,,0
C[C@@H](O)C1C(=O)N2C(C(=O)O)=C(CN3c4cccc5cc(CC[N+]67CC[N+](CC(=O)Nc8ccccc8)(CC6)CC7)cc(c45)S3(=O)=O)[C@H](C)[C@H]12,,0
C[C@@H](OCc1ccccc1)[C@@H](C#N)NC(=O)C(Cc1cccc(Br)c1)NC(=O)Cc1ccc(-c2ccccc2)cc1,,0
C[C@@H](Oc1cc(-c2ccc3[nH]c(C(F)(F)F)nc3c2)cc2ncccc12)[C@H]1CNC(=O)C1,,0
C[C@@H](Oc1cc(-c2cnc3ccccn23)sc1C(N)=O)c1ccc(CNC(C)(C)C)cc1OC(F)F,,0
C[C@@H]([C@H](C/C=C/c1nc2ccccc2o1)c1ccc2c(c1)OCO2)N(Cc1ccc2ccccc2c1)C(=O)C1OC(C(=O)O)(C(=O)O)OC1C(=O)O,,0
C[C@@H](c1ccc(-c2ccc(=O)n(C)c2)cc1)N1CC[C@](CC(C)(C)C#N)(c2ccc(F)cc2)OC1=O,,0
C[C@@H](c1ccc(-c2ccc(=O)n(C)n2)cc1)N1CC[C@](CCCO)(c2ccc(F)cc2)OC1=O,,0
C[C@@H](c1ccc(Cl)cc1N)N1C(=O)c2cc(I)ccc2N(CCN2CCOCC2)C(=O)C1c1ccc(Cl)cc1,,0
C[C@@H]1CC(=O)C(OC(=O)c2ccoc2)[C@@]2(C)[C@@H](OC(=O)c3ccoc3)C[C@@H]3C[C@]12OC3(C)C,,0
C[C@@H]1CC/C=C\[C@@H]2C[C@@]2(C(=O)NS(=O)(=O)C2(C)CC2)NC(=O)C2C[C@@H](Oc3ccc(-c4nccs4)cn3)CN2C(=O)C(NC(=O)OC(C)(C)C(F)(F)F)[C@H](C)C1,,0
C[C@@H]1CCCCO[C@H](CN(C)C(=O)Nc2ccc3c(c2)OCO3)[C@H](C)CN([C@@H](C)CO)C(=O)c2cc(NS(=O)(=O)c3ccc(Cl)cc3)ccc2O1,,0
C[C@@H]1CC[C@@]2(OC1)O[C@H]1C[C@H]3[C@@H]4CC=C5C[C@@H](O[C@@H]6O[C@H](CO)[C@@H](O)[C@H](O)[C@H]6NC(=O)NC(C)(C)C)CC[C@]5(C)[C@H]4CC[C@]3(C)[C@H]1[C@@H]2C,,0
C[C@@H]1CN(C(=O)OC(C)(C)C)CCN1c1ncc(OCc2ccc(S(C)(=O)=O)cc2C#N)cn1,,0
C[C@@H]1CN(C(=O)c2ccccc2)CCN1C(=O)C(=O)c1c[nH]c2c(-c3cnccn3)ccnc12,,0
C[C@@H]1CN(C(=O)c2ccccc2)CCN1C(=O)C(=O)c1c[nH]c2c(-c3cncnc3)ccnc12,,0
C[C@@H]1CN([C@@H](C)CO)C(=O)CCCn2cc(nn2)CO[C@H]1CN(C)S(=O)(=O)c1ccc(-c2ccccc2)cc1,,0
C[C@@H]1CN([C@@H](C)CO)C(=O)CCCn2nncc2CO[C@@H]1CN(C)C(=O)c1ccccc1,,0
C[C@@H]1CN([C@@H](C)CO)C(=O)Cc2cc(NC(=O)Nc3ccc(C(F)(F)F)cc3)ccc2O[C@@H]1CN(C)C(=O)Nc1cccc2ccccc12,,0
C[C@@H]1CN([C@@H](C)CO)S(=O)(=O)c2ccc(C#CC3CCCC3)cc2O[C@H]1CN(C)C(=O)Cc1ccncc1,,0
C[C@@H]1CN(c2ccc(F)cc2C(F)(F)F)CCN1S(=O)(=O)c1ccc([C@@](O)(C(N)=O)C(F)(F)F)s1,,0
C[C@@H]1CN(c2ccc(F)cc2C(F)(F)F)CCN1S(=O)(=O)c1cccc([C@@](O)(C(N)=O)C(F)(F)F)c1,,0
C[C@@H]1CN(c2nc(-n3ccc(OCCC4(C(F)(F)F)CC4)n3)ccc2C(=O)NS(=O)(=O)c2ccccc2)C(C)(C)C1,,0
C[C@@H]1CN(c2nc(C(F)(F)F)no2)CCN1c1ncc(OCc2ccc(CS(C)(=O)=O)cc2F)cn1,,0
C[C@@H]1C[C@H](C)C[C@H](C)[C@@H](O)CC(=O)O[C@H]([C@@H]2CCCC2C(=O)OCc2ccccc2)C/C=C/C=C(/C#N)[C@H](O)[C@@H](C)C1,,0
C[C@@H]1Cc2c([nH]c3ccccc23)[C@@H](c2cnc(N3CCC4(CC3)CC(CN3CC5(CCN(c6ccc7c(c6)CN(C6CCC(=O)NC6=O)C7=O)CC5)C3)C4)nc2)N1CC(C)(C)F,,0
C[C@@H]1N=C[C@]23C[C@@H](O)[C@H]4[C@@H](CC=C5CC(=O)C=C[C@@]54C)[C@@H]2CC[C@H]13,,0
C[C@@H]1O[C@@H](OCCCc2c(-c3ccccc3)sc3ccccc23)CC[C@H]1O,,0
C[C@@H]1O[C@@H](O[C@@H]2C=C3CC[C@@H]4[C@H](CC[C@]5(C)[C@@H](c6ccc(=O)oc6)CC[C@]45O)[C@@]3(C)CC2)[C@H](O)[C@H](O)[C@H]1O[C@@H]1O[C@H](CO)[C@@H](O)[C@H](O)[C@H]1O,,0
C[C@@H]1[C@H](OC(=O)/C=C/c2ccc(Br)cc2)C[C@H]2[C@@H](C)[C@H](OC(=O)/C=C/c3ccc(Br)cc3)O[C@@H]3O[C@@]4(C)CC[C@@H]1[C@]32OO4,,0
C[C@@]1(O)CC[C@H]2[C@@H](CC[C@@H]3[C@@H]2CC[C@]2(C)C(C(=O)Cn4cccn4)CC[C@@H]32)C1,,0
C[C@@]1(O)CC[C@H]2[C@@H](CC[C@@H]3[C@@H]2CC[C@]2(C)C(C(=O)Cn4ccnc4)CC[C@@H]32)C1,,0
C[C@@]12CCC(=O)C(C(F)(F)F)=C1c1ccc3[nH]ncc3c1C2,,0
C[C@H](CCC(=O)NN=Cc1cc2ccccc2[nH]1)[C@H]1CC[C@H]2[C@@H]3[C@H](O)C[C@@H]4C[C@H](O)CC[C@]4(C)[C@H]3C[C@H](O)[C@]12C,,0
C[C@H](CCC(=O)Nc1nnc(S(N)(=O)=O)s1)[C@H]1CC[C@H]2[C@@H]3[C@H](O)C[C@@H]4C[C@H](O)CC[C@]4(C)[C@H]3C[C@H](O)[C@]12C,,0
C[C@H](CO)N1C[C@H](C)[C@@H](CN(C)S(=O)(=O)c2ccccc2F)Oc2ncc(C#Cc3cccnc3)cc2C1=O,,0
C[C@H](N(Cc1ccc(F)cc1)C(=O)CN1C(=O)N[C@]2(C[C@@H](F)c3cc(-c4cnn(C)c4)ccc32)C1=O)C(F)(F)F,,0
C[C@H](NC(=O)c1cnc(C2CC2)c(OCC2CC2)n1)c1ccccn1,,0
C[C@H](NC(=O)c1cncs1)c1ccc(O[C@@H]2CCN(c3ncc(OCC4CC4(F)F)cn3)C2)cc1,,0
C[C@H](Nc1nc(N)nc(N)c1C#N)c1nc2c(Cl)ccc(Cl)c2c(=O)n1-c1cccnc1,,0
C[C@H](Nc1nc2c(c(=O)n1N(C)C)CN(C(=O)c1c(F)cc(F)cc1F)CC2)c1ccc(C(F)(F)F)cc1,,0
C[C@H](Nc1nc2c(c(=O)n1N1CCCC1)CN(C(=O)c1ccc(C#N)cc1F)CC2)c1ccc(C(F)(F)F)cc1,,0
C[C@H](Nc1nccc(N2C(=O)OC[C@@H]2[C@@H](C)O)n1)c1nc(-c2ccc(Br)cc2)cs1,,0
C[C@H](Nc1nccc(N2C(=O)OC[C@]2(C)c2ccccc2)n1)C1CCCCC1,,0
C[C@H](c1ccc(F)cc1)N1C(=O)O[C@](Cc2ccccc2)(c2nc3cc(-c4cccnc4)ccc3[nH]2)C1=O,,0
C[C@H]1CC(C(=O)O)CCC1C(=O)N1CC[C@@]2(S(=O)(=O)c3ccccc3)c3cc(F)c(C(F)(C(F)(F)F)C(F)(F)F)cc3CC[C@@H]12,,0
C[C@H]1CCC/C=C/[C@@H]2C[C@H](OC(=O)CCCc3ccc(N(CCCl)CCCl)cc3)C[C@H]2[C@H](O)/C=C/C(=O)O1,,0
C[C@H]1CCCCO[C@@H](CN(C)S(=O)(=O)c2ccc(Cl)cc2)[C@@H](C)CN([C@@H](C)CO)C(=O)c2cc(NS(=O)(=O)c3ccccc3)ccc2O1,,0
C[C@H]1CC[C@H](Cn2c(N3CCCC3C(F)(F)F)nc3cc(-c4nc(=O)o[nH]4)nc(-c4cncc(Cl)c4)c32)CC1,,0
C[C@H]1CC[C@H]2C(C)(C)CCC[C@]2(C)[C@@]1(O)CCC1=CC(=O)OC1,,0
C[C@H]1CN(CCC(=O)N(CCc2ccccc2)C(Cc2ccccc2)C(=O)O)CC[C@@]1(C)c1cccc(O)c1,,0
C[C@H]1CN([C@@H](C)CO)C(=O)CCCn2nncc2CO[C@@H]1CN(C)C(=O)Nc1ccc(-c2cccs2)cc1,,0
C[C@H]1CN([C@@H](C)CO)C(=O)CCCn2nncc2CO[C@H]1CN(C)C(=O)c1ccccc1,,0
C[C@H]1CN([C@@H](C)CO)C(=O)c2c(c3ccccc3n2C)-c2ccccc2CO[C@H]1CN(C)S(=O)(=O)c1ccc(F)cc1,,0
C[C@H]1CN([S+]([O-])C(C)(C)C)[C@H](CCO)/C1=C\c1ccccc1,,0
C[C@H]1C[C@H](O)CN1c1nc2cc(-c3nc(=O)o[nH]3)nc(-c3cncc(Cl)c3)c2n1C[C@H]1CC[C@H](C)CC1,,0
C[C@H]1N(c2cc3c(cc2F)c(=O)c(C(=O)O)cn3C2CC2)C[C@]1(C)N,,0
C[C@H]1OC(=O)C2C[C@@H]3CC(C(=O)N4CC[C@@H](O)C4)CC[C@H]3[C@H](/C=C/c3ccc(-c4cccc(C(F)(F)F)c4)cn3)[C@@H]21,,0
C[C@H]1O[C@@H](OC2CC[C@]3(C=O)[C@H]4CC[C@]5(C)[C@@H](C6=CC(=O)OC6)CC[C@]5(O)[C@@H]4CC[C@]3(O)C2)CC2OC(C)(C)OC21,,0
C[C@H]1O[C@H](O[C@H]2CC[C@@]3(C)[C@H](CC[C@@H]4[C@@H]3CC[C@]3(C)[C@@H](C5=CC(=O)OC5)CC[C@]43O)C2)CC[C@@H]1O[C@@H]1CC[C@H](O[C@@H]2CC[C@H](O)[C@@H](C)O2)[C@@H](C)O1,,0
C[C@H]1[C@@H](OCC(O)CO[C@@H]2C[C@@H]3CC[C@@H](C)[C@@H]4CC[C@@]5(C)OO[C@@]34[C@H](O2)O5)O[C@@H]2O[C@@]3(C)CC[C@H]4[C@H](C)CC[C@@H]1[C@@]24OO3,,0
C[C@H]1[C@@H](OCCNC(=O)Nc2ccc(Cl)cc2)O[C@@H]2O[C@@]3(C)CC[C@H]4[C@H](C)CC[C@@H]1[C@@]24OO3,,0
C[C@H]1[C@@H](OCCOc2ccc(/C=C/C(=O)c3ccco3)cc2)O[C@@H]2O[C@@]3(C)CC[C@H]4[C@H](C)CC[C@@H]1[C@@]24OO3,,0
C[C@H]1[C@@H](OCc2ccc(C(=O)N(CCNc3ccnc4cc(Cl)ccc34)CC(=O)NC3CCCCC3)cc2)O[C@@H]2O[C@@]3(C)CC[C@H]4[C@H](C)CC[C@@H]1[C@@]24OO3,,0
C[C@H]1[C@@H](OCc2ccc(C(=O)NC(Cc3ccccc3)C(=O)N[C@H](/C=C/S(C)(=O)=O)CCc3ccccc3)cc2)O[C@@H]2O[C@@]3(C)CC[C@H]4[C@H](C)CC[C@@H]1[C@@]24OO3,,0
C[C@H]1[C@@H](OCc2cn(-c3cccc(C(=O)N4CCCC4)c3)nn2)O[C@@H]2O[C@@]3(C)CC[C@H]4[C@H](C)CC[C@@H]1[C@@]24OO3,,0
C[C@H]1[C@H](N)CN1c1cc2c(cc1F)c(=O)c(C(=O)O)cn2C(C)(C)C,,0
C[C@H]1[C@H](OC(=O)CCC(=O)OCCCCC[P+](c2ccccc2)(c2ccccc2)c2ccccc2)O[C@@H]2O[C@@]3(C)CC[C@H]4[C@H](C)CC[C@@H]1[C@@]24OO3,,0
C[C@H]1[C@H](n2cc(-c3cc(F)cc(F)c3)nn2)O[C@@H]2O[C@@]3(C)CC[C@H]4[C@H](C)CC[C@@H]1[C@@]24OO3,,0
C[C@H]1c2cccc(-c3cn[nH]c3)c2C[C@H](CO)N1C(=O)Cc1c(Cl)cccc1Cl,,0
C[C@]1(Cc2c[nH]c3ccccc23)NC(=O)CCCCSSCCC(C(=O)NC(CC(=O)O)C(=O)NC(Cc2ccccc2)C(N)=O)NC1=O,,0
C[C@]1(c2ccccc2)C[C@@H](c2cccc(-c3ccc(NS(C)(=O)=O)cc3C(=O)O)c2)Nc2ccc(C(=N)N)cc21,,0
C[C@]12CCC(=O)C=C1CC[C@@H]1[C@@H]2[C@@H](O)C[C@@]2(C)[C@H]1CC[C@]2(OC(=O)c1ccco1)C(=O)CSc1ncccn1,,0
C[C@]12CCC3c4ccc(O)cc4CCC3C1CCC2OC(=O)CCC1CCCC1,,0
C[C@]12CC[C@@H]3c4ccc(O)cc4CC[C@H]3[C@@H]1CC[C@@]2(O)c1cn(CCc2ccccc2)nn1,,0
C[C@]12CC[C@@H]3c4ccc(O)cc4CC[C@H]3[C@@H]1C[C@H](CCCCCCCCC(=O)OC[C@H]1O[C@@H](n3cnc4c(N)ncnc43)[C@H](O)[C@@H]1O)[C@@H]2O,,0
C[C@]12CC[C@H](OC(=O)c3ccc(NC(=O)C4CCCN4C(=O)CNC(=O)OCc4ccccc4)cc3)C[C@H]1CC[C@@H]1C2C(=O)C(O)[C@]2(C)[C@@H](c3ccc(=O)oc3)CC[C@]12O,,0
C[C@]12CC[C@H](SCCOCCOCCO)C[C@H]1CC[C@@H]1[C@@H]2CC[C@]2(C)[C@@H](C3=CC(=O)OC3)CC[C@]12O,,0
C[C@]12CC[C@H]3[C@@H]([C@@H](C/C=C/C[C@H]4C=C5CC(=O)CC[C@]5(C)[C@H]5CC[C@]6(C)[C@@H](O)CC[C@H]6[C@H]45)C=C4CC(=O)CC[C@@]43C)[C@@H]1CC[C@@H]2O,,0
C[N+](C)(CC(=O)c1ccc(-c2ccc(C(=O)C[N+](C)(C)CC3CCOCO3)cc2)cc1)CC1CCOCO1,,0
C[N+](C)(CC(=O)c1ccc(-c2ccc(C(=O)C[N+](C)(C)CC3OCCCO3)cc2)cc1)CC1OCCCO1,,0
C[N+](C)(CCNC(=O)C(=O)NCC[N+](C)(C)Cc1ccccc1Cl)Cc1ccccc1Cl,,0
C[N+]1(CCC(=O)Nc2cccc3c2C(=O)c2c(NC(=O)CC[N+]4(C)CCCC4)cccc2C3=O)CCCC1,,0
C[n+]1ccc(/C=N/NC(=O)c2ccc3ccc(C(=O)N/N=C/c4cc[n+](C)c5ccccc45)nc3n2)c2ccccc21,,0
Cc1[nH][nH]c(=O)c1[C@@H](c1ccc(Cl)cc1)c1c(O)[nH]c(=O)[nH]c1=O,,0
Cc1[nH]c(C)c(-c2ccc(-c3ccc(C#N)cc3)nc2)c(=O)c1Br,,0
Cc1[nH]c2[nH]c(N)nc(=O)c2c1Sc1ccc(Cl)cc1,,0
Cc1[nH]c2ccc(F)cc2c1CCNC(=O)C1CCCCC1C(=O)OCC(F)(F)F,,0
Cc1[nH]c2ccccc2c1-c1nc(-c2ccc(N(C)C)cc2)c(-c2ccc(N(C)C)cc2)[nH]1,,0
Cc1[nH]c2ccccc2c1C(=O)NS(=O)(=O)Nc1ccc(Cl)cc1,,0
Cc1[nH]c2ccccc2c1SCC(=O)N1CCCc2ccccc21,,0
Cc1[nH]cnc1C=c1[nH]c(=O)c(=Cc2[nH]cnc2C(C)(C)C)[nH]c1=O,,0
Cc1[nH]n(-c2ccccc2)c(=O)c1C(=O)c1ccc([N+](=O)[O-])cc1,,0
Cc1[nH]n(-c2ccccc2)c(=O)c1C(c1ccc([N+](=O)[O-])cc1)c1c(C)[nH]n(-c2ccccc2)c1=O,,0
Cc1[se]c(/C=C2\C(=O)Nc3cc(-c4ccccc4O)ccc32)cc1C(=O)NCCN1CCCCO1,,0
Cc1c(-c2c(F)cc(C(N)=O)c3[nH]c4cc(CCO)ccc4c23)cccc1-n1c(=O)cc2c(F)cccn2c1=O,,0
Cc1c(-c2ccc(-c3ccc(C(F)(F)F)cc3)nc2)[nH]c2ccccc2c1=O,,0
Cc1c(-c2ccc(C(C)(F)F)cc2)nsc1NC(=O)C1C[C@H]1C,,0
Cc1c(/C=C/c2ccccc2)nc2cc(F)cc(F)c2c1N1CC(C)(C)c2ncc(N3CCOCC3)cc21,,0
Cc1c(C#N)c(NC(=O)CCl)n(Cc2cccs2)c1C,,0
Cc1c(C(=O)N2CCC3(CC2)OCc2ccccc23)c2ccccc2n1Cc1ccccc1,,0
Cc1c(C(=O)NC(C)c2ccccc2)c(-c2ccccc2)nn1-c1ccccc1,,0
Cc1c(C(=O)NCC2CCCO2)oc2ccc(S(=O)(=O)N3CC(C)CC(C)C3)cc12,,0
Cc1c(C(=O)NCC2COc3ccccc3O2)oc2ccc(S(=O)(=O)N(C)C3CCCCC3)cc12,,0
Cc1c(C(=O)NCCS(C)(=O)=O)oc2ccc(N(Cc3ccc(Br)cc3)S(=O)(=O)c3ccc(Br)cc3)cc12,,0
Cc1c(C(=O)OC2CCCC2)[nH]c2c1C(=O)CC(c1ccc(Cl)cc1)C2,,0
Cc1c(C(c2ccc3c(c2)OCO3)c2c(C)n(C)n(-c3ccccc3)c2=O)c(=O)n(-c2ccccc2)n1C,,0
Cc1c(C)c2c(c(C)c1O)CCC(C)(C(=O)OC(C(=O)NCc1ccccc1)c1ccccc1)O2,,0
Cc1c(C)c2ccc(OCCCn3cc(CCO[C@H]4O[C@@H]5O[C@@]6(C)CC[C@H]7[C@H](C)CC[C@@H]([C@H]4C)[C@@]57OO6)nn3)cc2oc1=O,,0
Cc1c(C)n(C(=O)CSc2nc3ccccc3[nH]2)c2ccccc12,,0
Cc1c(C2=CCN(S(=O)(=O)c3ccc(Br)cc3)CC2)c2ccccc2n1C,,0
Cc1c(CCOCCCO[N+](=O)[O-])cc(-c2ccc(S(C)(=O)=O)cc2)n1-c1ccc(F)cc1,,0
Cc1c(CCOCCCO[N+](=O)[O-])cc(-c2ccc(S(C)(=O)=O)cc2)n1-c1cccc(F)c1,,0
Cc1c(CCOCCO[N+](=O)[O-])cc(-c2ccc(S(C)(=O)=O)cc2)n1-c1ccc(F)cc1,,0
Cc1c(Cc2c(F)cccc2F)[nH]c(N(C)C(C)C)nc1=O,,0
Cc1c(Cc2c(F)cccc2F)[nH]c(Sc2ccc(Cl)cc2)nc1=O,,0
Cc1c(Cl)cccc1-c1ccc(/C=N\Nc2nncn2/N=C/c2ccc(-c3cccc(Cl)c3C)o2)o1,,0
Cc1c(Cl)cccc1S(=O)(=O)NC(C)(C)CC(=O)N[C@H]1C2CC3CC1C[C@](S(C)(=O)=O)(C3)C2,,0
Cc1c(N(Cc2ccc(F)c(C(F)(F)F)c2)S(=O)(=O)c2ccc(-n3cccn3)cc2)nc2ccc(Cl)cn12,,0
Cc1c(N(Cc2ccc(F)c(C(F)(F)F)c2)S(=O)(=O)c2cccnc2Cl)sc2ccccc12,,0
Cc1c(N(Cc2ccc(OC(F)(F)F)cc2)S(=O)(=O)c2ccc(N(C)C)cc2)sc2ccccc12,,0
Cc1c(NP(=O)(c2ccc(Br)cc2)c2ccc(Br)cc2)c(=O)n(-c2ccccc2)n1C,,0
Cc1c(O)c(OC2OC(CO)C(O)C(O)C2O)cc2c1CC[C@H]1[C@]3(C)C[C@@H](O)[C@H]([C@@](C)(O)C(=O)CCC(C)(C)O)[C@@]3(C)CC(=O)[C@]21C,,0
Cc1c(OCC(=O)N2C(C)CCCC2C)ccc2c(=O)c3ccc(OCC(=O)N4C(C)CCCC4C)cc3oc12,,0
Cc1c(Oc2cnc(C(=O)NCC(C)O)cn2)ccc2c1B(O)OC2,,0
Cc1cc(-c2ccc(N3C(=O)C(=O)C(C(=O)C(C)C)C3c3ccccc3OCC3OCCO3)cc2)cs1,,0
Cc1cc(-c2nc(-c3ccc4[nH]cnc4c3)no2)cnc1N1CCCCC1C,,0
Cc1cc(-n2ccc(-c3nccs3)n2)c2[nH]c(=O)n(-c3ccc(C(F)(F)F)cc3C(F)(F)F)c2n1,,0
Cc1cc(-n2ccnc2)cc2[nH]c(-c3c(NCC(O)c4cccc(Cl)c4)cc[nH]c3=O)nc12,,0
Cc1cc(=O)oc2c(C3=NN(c4ccc(S(N)(=O)=O)cc4)C(c4cccc(O)c4)C3)c(O)ccc12,,0
Cc1cc(=O)oc2c3c(ccc12)OC(C)(C)[C@H](OC(=O)[C@@]12CC[C@](C)(C(=O)O1)C2(C)C)[C@@H]3OC(=O)[C@@]12CC[C@](C)(C(=O)O1)C2(C)C,,0
Cc1cc(=O)oc2cc(OCc3ccc(C(=O)N4CCN(c5ccc([N+](=O)[O-])cc5)CC4)cc3)ccc12,,0
Cc1cc(=O)oc2cc(O[C@H]3O[C@H](CO)[C@@H](O)[C@H](O)[C@@H]3O)ccc12,,0
Cc1cc(C(=O)CN(Cc2ccc(F)cc2)S(=O)(=O)c2ccc3c(c2)OCCO3)c(C)n1C,,0
Cc1cc(C(=O)CN2C(=O)NC(C)(C3CC3)C2=O)c(C)n1C(c1ccccc1)c1ccccc1,,0
Cc1cc(C(=O)COC(=O)C2CCN(C(=O)c3ccc(Cl)cc3)CC2)c(C)n1CC1CCCO1,,0
Cc1cc(C(=O)CSc2nnc(-c3ccco3)o2)c(C)n1-c1ccc2c(c1)OCCO2,,0
Cc1cc(C(=O)CSc2nnc(Cn3cnc4ccccc43)n2-c2ccccc2Cl)c(C)n1C,,0
Cc1cc(C(=O)N2CC(Nc3ccccn3)C2)ccc1NS(=O)(=O)c1cccc2cccnc12,,0
Cc1cc(C(=O)N2CCC(N3C(=O)OCc4ccccc43)CC2)cc2ccn(C[C@H]3CCCN3S(C)(=O)=O)c12,,0
Cc1cc(C(=O)N2CCC(O)(c3ccccc3Cl)CC2)ccc1NS(=O)(=O)c1cccc2cccnc12,,0
Cc1cc(C(=O)N2CCC3(CC2)CN(C(=O)Nc2ccc(OC(F)(F)F)cc2)CCO3)no1,,0
Cc1cc(C(=O)NCC#Cc2ccc3ncc4nc(C)n(C(C)C)c4c3c2)c(=O)n([C@H](C)c2ccc(F)c(F)c2)n1,,0
Cc1cc(C(=O)NCc2cccs2)nc(N2CCCC2)n1,,0
Cc1cc(C(=O)OCC(=O)N2CC(=O)Nc3ccccc32)c(C)n1-c1ccc(F)cc1,,0
Cc1cc(C(=O)OCC(C[C@H]2O[C@@H]3O[C@@]4(C)CC[C@H]5[C@H](C)CC[C@@H]([C@H]2C)[C@@]35OO4)C[C@H]2O[C@@H]3O[C@@]4(C)CC[C@H]5[C@H](C)CC[C@@H]([C@H]2C)[C@@]35OO4)cc(C)n1,,0
Cc1cc(C)c(C#N)c(SCC(=O)Nc2ccc(S(=O)(=O)Nc3onc(C)c3C)cc2)n1,,0
Cc1cc(C)c(N(C(=O)Cn2nnc3ccccc32)C(C(=O)NC(C)(C)C)c2ccsc2)c(C)c1,,0
Cc1cc(C)c(Oc2nc(N)nc(Nc3cc(F)cc(F)c3)n2)c(C)c1,,0
Cc1cc(C)c(S(=O)(=O)NN=Cc2ccncc2)c(C)c1,,0
Cc1cc(C)c2c(=O)n3c(nc2c1)C(C)NC(=O)c1cccnc1-3,,0
Cc1cc(C)cc(C(=O)C2(NC(=O)C(F)(F)F)CCCCC2)c1,,0
Cc1cc(C)cc(Cc2[nH]c(SCc3ccc([N+](=O)[O-])cc3)nc(=O)c2I)c1,,0
Cc1cc(C)cc(N(C(=O)Cn2nnc3ccccc32)C(C(=O)NCc2ccco2)c2ccncc2)c1,,0
Cc1cc(C)cc(OC(=O)C23CCC(C)(C(=O)O2)C3(C)C)c1,,0
Cc1cc(C)cc(S(=O)(=O)c2c(C(=O)NCC(=O)NCc3cccc(O)c3)[nH]c3ccc(Cl)cc23)c1,,0
Cc1cc(C)cc(S(=O)(=O)c2c(C(=O)NCCS(N)(=O)=O)[nH]c3ccc(Cl)cc23)c1,,0
Cc1cc(C)cc(S(=O)(=O)c2c(C(=O)NN(C)c3ccccc3)[nH]c3ccc(Cl)cc23)c1,,0
Cc1cc(C)cc(Sc2c(C(C)C)c(=O)[nH]c(=O)n2CC2CC=CC2)c1,,0
Cc1cc(C)n(-c2ccc(C(=O)NCc3ccc4c(c3)OCO4)cc2)n1,,0
Cc1cc(C)n(CC(O)Cn2c3ccccc3c3ccccc32)n1,,0
Cc1cc(C)n(C[C@H]2CC[C@H](NC(=O)c3cc(C(F)(F)F)cnc3C)CC2)n1,,0
Cc1cc(C)n2nc(C(=O)Nc3ccn(Cc4ccccc4C)n3)cc2n1,,0
Cc1cc(C)nc(N2CCC(C(=O)NCc3ccco3)CC2)n1,,0
Cc1cc(C2=NN=C(Nc3ccc(S(=O)(=O)N4CCOCC4)cc3)SC2)c(C)n1C,,0
Cc1cc(C2=NOC(c3cc(Cl)c(F)c(Cl)c3)(C(F)(F)F)C2)ccc1C(=O)NCc1ccc2c(c1)C(C)(C)OB2O,,0
Cc1cc(C2CCN(C(=O)C3CN(C(C)(C)C)C[C@H]3c3ccc(F)cc3F)CC2)n(-c2cc(Cl)ccc2Cl)n1,,0
Cc1cc(C2CCN(C(=O)C3CN(C(C)(C)C)C[C@H]3c3ccc(F)cc3F)CC2)n(-c2ccc(Cl)c(Cl)c2)n1,,0
Cc1cc(CC(NC(=O)N2CCC(N3Cc4ccccc4NC3=O)CC2)c2ccccn2)cc2c[nH]nc12,,0
Cc1cc(CN(CC2CCCCC2)[C@@H](CC(=O)O)c2ccc(Cl)cc2)ccc1OCCn1c(O)cn(C)c1=O,,0
Cc1cc(COc2ccc(S(=O)(=O)N3CCN(C(=O)C(C)(C)C)C(C(O)=NO)C3)cc2)c2c(n1)CCCC2,,0
Cc1cc(C[N+](C)(C)C)c(OS(=O)(=O)c2ccc([N+](=O)[O-])cc2[N+](=O)[O-])c(C[N+](C)(C)C)c1,,0
Cc1cc(Cl)c2nc(C)c(C)c(N3CC(C)(C)c4ccc(N5CCOCC5)cc43)c2c1,,0
Cc1cc(F)ccc1-c1nc(NCCCN2CCCC2=O)nc2c1ccc(=O)n2-c1c(F)cccc1F,,0
Cc1cc(N(CCC#N)CCC#N)ccc1/C(Sc1ccccc1)=C(\NC(=O)/C=C/c1ccccc1)C(=O)Sc1ccccc1,,0
Cc1cc(N2C(=O)N(c3ccc(-c4ccc(C(=O)O)cc4C)cc3)C(=O)C23CCN(Cc2ncccc2C)CC3)ncn1,,0
Cc1cc(N2CCOCC2)nc(N(CCCNc2ccnc3cc(Cl)ccc23)Cc2ccc3c(c2)OCO3)n1,,0
Cc1cc(NC(=O)CCC(=O)N(Cc2ccco2)C2(C(=O)NC3CCCCC3)CCCCC2)no1,,0
Cc1cc(NC(=O)CCN2CCC(OC(=O)Nc3ccccc3-c3ccccc3)CC2)ccc1CNC[C@H](O)c1ccc(O)c2[nH]c(=O)ccc12,,0
Cc1cc(NC(=O)CCSc2nc(-c3ccco3)cc(C(F)(F)F)n2)n(-c2ccccc2)n1,,0
Cc1cc(NC(=O)c2ccc(N3CCCC3)c([N+](=O)[O-])c2)no1,,0
Cc1cc(NC(=O)c2cnn3c(C(F)(F)F)cc(-c4ccc(Br)cc4)nc23)no1,,0
Cc1cc(NCc2c[nH]cn2)cc(C)c1OCC(=O)NC(Cc1ccccc1)C(O)C(=O)N1CSC(C)(C)C1C(=O)N[C@H]1c2ccccc2C[C@H]1O,,0
Cc1cc(Nc2cc(C3CC3)[nH]n2)nc(NCc2nc(C(=O)NCCc3ccccc3F)cs2)n1,,0
Cc1cc(O)cc(C)c1CC(C(=O)N1Cc2ccccc2CC1NC12CC3CC(CC(C3)C1)C2)N(C)C,,0
Cc1cc(O)cc(C)c1CC(N)C(=O)N1Cc2ccccc2CC1C(=O)NC(C(=O)NC(Cc1ccccc1)C(N)=O)[C@H](C)C1CCCCC1,,0
Cc1cc(O)cc(C)c1CC(N)C(=O)N[C@@H]1CCN(S(C)(=O)=O)c2ccc(Cc3cc4ccccc4o3)cc21,,0
Cc1cc(OCC(=O)N(Cc2ccc(N(C)C)cc2)C2CCS(=O)(=O)C2)cc(C)c1Cl,,0
Cc1cc(OCCCc2c3n(c4c(-c5c(C)nn(C)c5C)cc(Cl)cc24)CCCN(c2cc(C(=O)O)cc4c2ccn4C)C3=O)cc(C)c1Cl,,0
Cc1cc(Oc2nc(NCCSC(C)(C)C)nc(Oc3cc(C)c(Cl)c(C)c3)n2)cc(C)c1Cl,,0
Cc1cc(Oc2ncccc2C2CC2)ccc1-c1c(C)c(=O)[nH]c(=O)n1C,,0
Cc1cc(Oc2ncccc2OC(F)(F)F)ccc1-c1c(C)n[nH]c(=O)c1C,,0
Cc1cc(S(=O)(=O)N2CCCOC2CNC(=O)C(=O)NCc2cccs2)ccc1F,,0
Cc1cc([N+](=O)[O-])ccc1NS(=O)(=O)c1ccc(Cl)c(Cl)c1,,0
Cc1cc2c(c(-c3cc(C)cc4c3OP(=O)(OC[C@@H]3C=C[C@H](n5cc(C)c(=O)[nH]c5=O)O3)OC4)c1)OP(=O)(OC[C@@H]1C=C[C@H](n3cc(C)c(=O)[nH]c3=O)O1)OC2,,0
Cc1cc2c(c(=O)o1)C1OC(CCCCN3C(=O)c4ccccc4C3=O)(Cc3cc(C#N)ccc31)O2,,0
Cc1cc2c(cc(C(=O)OCC(=O)NCc3cccs3)n2C(C)C)o1,,0
Cc1cc2c(cc1C)[n+](CC(=O)c1ccc3ccccc3c1)cn2C(c1ccccc1)c1cc2ccccc2oc1=O,,0
Cc1cc2c(cc1S(=O)(=O)Oc1cccc(C(=O)N/N=C\c3ccccc3)c1)OCO2,,0
Cc1cc2cn(C)nc2cc1-c1ccc(C(=O)Nc2c(F)cccc2F)s1,,0
Cc1cc2nc(-c3ccccn3)c(-c3ccccn3)nc2cc1C,,0
Cc1ccc(-c2c(CN)c(CC(C)C)nc(C)c2C(=O)OCC2CCC(C(=O)O)CC2)cc1,,0
Cc1ccc(-c2c3n(c(=O)n(CCCCN4CCC(c5c(C)[nH]c6ccccc56)CC4)c2=O)CCCC3)cc1,,0
Cc1ccc(-c2cc(C(F)(F)F)n3ncc(C(=O)NCc4ccco4)c3n2)cc1,,0
Cc1ccc(-c2cc3c4nnc(CCC(=O)N5CCN(c6ccccc6F)CC5)n4ccn3n2)cc1C,,0
Cc1ccc(-c2ccc(CN(C)C(=O)Cn3cc(Cc4cnn(C)c4)c(=O)nc3SCc3ccc(F)cc3)cc2)cc1,,0
Cc1ccc(-c2ccc(CN3C(C(C)C)C(=O)N(Cc4cn(CC5CCCCC5)nn4)CCS3(=O)=O)cc2)cc1,,0
Cc1ccc(-c2ccc(CN3C(C)C(=O)N(Cc4cn(CC5CCCCC5)nn4)CCS3(=O)=O)cc2)cc1,,0
Cc1ccc(-c2ccc(N3C(=O)C(=O)C(C(=O)C(C)C)C3c3ccccc3OC(F)(F)F)cc2)o1,,0
Cc1ccc(-c2ccc(N3C(=O)C(=O)C(C(=O)CC(C)C)C3c3ccccc3C(=O)N(C)C)cc2)o1,,0
Cc1ccc(-c2cccc(C3CC=CC4C3C(=O)N(Cc3ccccc3)C4c3ccc(C(F)(F)F)cc3)c2)cc1,,0
Cc1ccc(-c2ccnc(-n3ncc(C(=O)N4CCCCC4c4cccnc4)c3C3CC3)n2)o1,,0
Cc1ccc(-c2cn([C@H](C)[C@](O)(Cn3cncn3)c3ccc(F)cc3F)nn2)cc1,,0
Cc1ccc(-c2cs/c(=N\c3ccccc3)n2NC(=O)c2ccncc2)cc1,,0
Cc1ccc(-c2nc3ncccn3c2Nc2ccc3c(c2)OCO3)o1,,0
Cc1ccc(-c2ncccn2)c(C(=O)N2CCC[C@@H](Nc3cc(C)nc(C(F)(F)F)n3)[C@@H]2C)c1,,0
Cc1ccc(-c2nn(-c3ccccc3)cc2/C=C2\SC(=S)N(C(Cc3ccccc3)C(=O)O)C2=O)cc1,,0
Cc1ccc(-c2nnc(-c3ccc(Br)cc3)o2)o1,,0
Cc1ccc(-c2nnc(SCCOc3ccccc3)o2)cc1,,0
Cc1ccc(-c2nnn(CC(=O)N(CCO)C(C(=O)NC3CCCC3)c3ccc(F)cc3)n2)o1,,0
Cc1ccc(-c2nnn(CC(=O)Nc3ccc(S(=O)(=O)N4CCC(C)CC4)cc3)n2)cc1,,0
Cc1ccc(-c2noc(CSc3ncc(-c4ccncc4)n3-c3ccccc3C)n2)cc1,,0
Cc1ccc(-n2c(C)cc(-c3nnc4n3CCCCC4)c2C)cc1,,0
Cc1ccc(-n2c([C@H]3O[C@@H]4OC(C)(C)O[C@@H]4[C@H]4OC(C)(C)O[C@H]43)nc(-c3ccccc3)c2-c2ccccc2)cc1,,0
Cc1ccc(-n2nc(-c3ccc(NS(C)(=O)=O)cc3)cc2NC(=O)c2cnn3cccnc23)cc1,,0
Cc1ccc(-n2ncc(C(=O)NCCc3ccsc3)c2C2CCN(C(=O)OC(C)(C)C)CC2)cc1C,,0
Cc1ccc(-n2nnnc2SCC(=O)Nc2ncc(Cc3ccccc3Cl)s2)cc1,,0
Cc1ccc(C(=O)N(C)Cc2ccco2)c(C2CCN(C(=O)c3cc4c(C)nn(C)c4s3)CC2)n1,,0
Cc1ccc(C(=O)N(CC(=O)NC2CCCCC2)c2ccccc2F)s1,,0
Cc1ccc(C(=O)NCC(=O)NNC(=O)CN(C)S(=O)(=O)c2ccc(Cl)cc2)s1,,0
Cc1ccc(C(=O)NCCSC2CCCCC2)cc1S(=O)(=O)Nc1ccccc1,,0
Cc1ccc(C(=O)NNC(=O)C(Cc2ccc(O)cc2)NC(=O)c2ccc(-c3ccccc3)o2)cc1,,0
Cc1ccc(C(=O)Nc2ccc3c(c2)-c2c(c(C(N)=O)nn2-c2ccc(S(C)(=O)=O)cc2)CC3)c(Cl)n1,,0
Cc1ccc(C(=O)Nc2ccccc2C(=O)NCc2ccco2)cc1S(=O)(=O)N1CCCCC1,,0
Cc1ccc(C(=O)OC(C(=O)N2CSC(C)(C)C2C(=O)NC(C)(C)C)[C@@H](N)Cc2ccccc2)cc1,,0
Cc1ccc(C(=O)c2cn(CC(=O)NCc3ccccc3Cl)c3nc(C)ccc3c2=O)cc1,,0
Cc1ccc(C(c2c[nH]c3ccc(C(=O)NNS(=O)(=O)c4cccc([N+](=O)[O-])c4)cc23)c2c[nH]c3ccc(C(=O)NNS(=O)(=O)c4cccc([N+](=O)[O-])c4)cc23)cc1,,0
Cc1ccc(C)c(Cn2cnc3c(oc4ccccc43)c2=O)c1,,0
Cc1ccc(C)c(NC(=O)COC(=O)c2cc(=O)c3ccccc3o2)c1,,0
Cc1ccc(C)c(NC(=O)COC(=O)c2ccc(S(=O)(=O)N3CCCC3)cc2)c1,,0
Cc1ccc(C)c(NC(=O)CSc2ncc3c(n2)-c2cc(Cl)ccc2N(Cc2ccccc2F)S3(=O)=O)c1,,0
Cc1ccc(C)c(OCC(=O)N[C@@H](Cc2ccccc2)[C@@H](O)CN(CCc2ccc3c(c2)OCO3)C(=O)CCN2C(=O)c3ccccc3C2=O)c1,,0
Cc1ccc(C)c(S(=O)(=O)N2CCN(C(=O)c3ccc(OCc4c(C)noc4C)cc3)CC2)c1,,0
Cc1ccc(C2=CC(=O)OC(C[P+](c3ccccc3)(c3ccccc3)c3ccccc3)(c3ccccc3)O2)cc1,,0
Cc1ccc(C2=Nc3c(ncnc3[S+]([O-])c3ccc(C)cc3)Sc3ccc(C)cc32)cc1,,0
Cc1ccc(C=CC(=NNC(=O)c2snnc2C)c2ccc(O)cc2)cc1,,0
Cc1ccc(C=NNC(=O)COc2ccc(C)cc2[N+](=O)[O-])cc1,,0
Cc1ccc(CCNC(=O)C2CCN(S(=O)(=O)c3ccc4c(c3)NC(=O)C(C)S4)CC2)cc1,,0
Cc1ccc(CCNC(=O)c2c[nH]c3ccc(S(=O)(=O)Nc4ccc(C)cc4C)cc3c2=O)cc1,,0
Cc1ccc(CCNC(=O)c2ccc3c(c2)N(Cc2ccccc2)C(=O)c2ccccc2[S+]3[O-])cc1,,0
Cc1ccc(CN(Cc2ccco2)C(=O)c2oc3cc(Br)ccc3c2C)cc1,,0
Cc1ccc(CN2C(=O)C3CCCN3c3ccc(C#N)cc32)cc1,,0
Cc1ccc(CNC(=O)CN(Cc2cccs2)C(=O)C2(C)CC(=O)N=C3C=CC=CN32)cc1,,0
Cc1ccc(CNC(=O)Cn2ccc3cc(S(=O)(=O)N4CCCCCC4)ccc32)cc1,,0
Cc1ccc(CNC(=O)c2ccc3c(c2)NC(=O)C(CS(=O)(=O)Cc2cccc(C)c2)N3)cc1,,0
Cc1ccc(CNC(=O)c2ccc3c(c2)c(C)c(C)n3Cc2ccccc2)o1,,0
Cc1ccc(CNC(=O)c2ccc3cc(Oc4ccc(C#N)cc4)ccc3n2)o1,,0
Cc1ccc(CO/N=C\Cc2snc(Sc3ncc(C(F)(F)F)cc3Cl)c2C#N)cc1,,0
Cc1ccc(COc2ccc3nc([C@@H]4[C@H](C(O)=P)C4(C)C)n(Cc4ccc(OC(F)(F)F)cc4)c3c2)nc1,,0
Cc1ccc(CS(=O)(=O)CCC(=O)NCc2cccs2)cc1,,0
Cc1ccc(Cc2nnc(-c3c[nH]c4c3Cc3ccccc3-4)o2)cc1,,0
Cc1ccc(Cl)cc1N1CCN(C(=O)c2ccc(C[S+]([O-])Cc3ccc(Cl)cc3)o2)CC1,,0
Cc1ccc(Cn2c(C)c3cnn(CC(=O)N4CCN(c5cc(C)ccc5C)CC4)c(=O)c3c2C)cc1,,0
Cc1ccc(F)cc1C1N2CCN(Cc3ccc(Cl)nc3)C2=C([N+](=O)[O-])C(c2ccco2)C1(C#N)C#N,,0
Cc1ccc(N(C(=O)c2nnsc2C)C(C(=O)NC(C)C)c2ccccc2F)cc1F,,0
Cc1ccc(N(C(=O)c2nnsc2C)C(C(=O)NC(C)C)c2ccccc2[N+](=O)[O-])cc1F,,0
Cc1ccc(N(CC(=O)N/N=C/c2ccc(OCC(N)=O)cc2)S(C)(=O)=O)cc1Cl,,0
Cc1ccc(N(Cc2cn(-c3cc4cc(Br)ccc4oc3=N)nn2)C2=CC(=O)c3ccccc3C2=O)cc1,,0
Cc1ccc(N2CCN(C(=O)C3CCN(S(=O)(=O)c4cccc5nsnc45)CC3)CC2C)cc1,,0
Cc1ccc(N2CCN(C(=O)c3ccc(Cl)c([N+](=O)[O-])c3)CC2)c(C)c1,,0
Cc1ccc(N=CC2C(=O)CC(c3ccccc3Cl)CC2=O)cc1,,0
Cc1ccc(NC(=O)C2CCN(S(=O)(=O)c3ccc4c(c3)CCCN4C(=O)C3CCC3)CC2)cc1,,0
Cc1ccc(NC(=O)CCc2ccc(C)o2)c(Br)c1,,0
Cc1ccc(NC(=O)CN2C(=O)C(c3ccc(C(C)(C)C)cc3)=NC2(C)C)cc1,,0
Cc1ccc(NC(=O)CSCC(=O)N(CCC(C)C)c2c(N)n(Cc3ccccc3)c(=O)[nH]c2=O)cc1,,0
Cc1ccc(NC(=O)CSc2nc3ccccc3c3nc(CCc4c(C)n[nH]c4C)nn23)cc1F,,0
Cc1ccc(NC(=O)Cn2c(=O)n(CCCCC(=O)NCCc3ccccc3)c(=O)c3ccccc32)cc1,,0
Cc1ccc(NC(=O)Oc2ccc3c(c2)[C@]2(C)CC[N+](C)([O-])[C@@H]2N3C)cc1,,0
Cc1ccc(NC(=O)c2c([N+](=O)[O-])c(C(C)(C)C)nn2C)c(C)c1,,0
Cc1ccc(NC(=O)c2ccccc2SCC(=O)N2CCCC2)cc1S(=O)(=O)N(C)C,,0
Cc1ccc(NC(=O)c2sc(=S)n(-c3cc(C)ccc3F)c2N)cc1,,0
Cc1ccc(NCc2nnc(SCC(=O)c3ccccc3)n2Cc2ccco2)c(C)c1,,0
Cc1ccc(NS(=O)(=O)c2ccc(C(=O)N3CCCCCCC3)cc2)cc1,,0
Cc1ccc(O)c(C(=O)c2ccc3onc(-c4ccccc4)c3c2)c1,,0
Cc1ccc(OCc2sccc2S(=O)(=O)Nc2onc(C)c2Br)cc1,,0
Cc1ccc(S(=O)(=O)Cc2ccc(C(=O)NCc3ccc4c(c3)OCO4)o2)cc1,,0
Cc1ccc(S(=O)(=O)N(/N=C/C=C/c2ccccc2)c2nnc(-c3ccccc3)c(-c3ccccc3)n2)cc1,,0
Cc1ccc(S(=O)(=O)N(C)C[C@@H]2OCCCC[C@@H](C)Oc3ccc(NS(=O)(=O)c4c(C)noc4C)cc3C(=O)N([C@H](C)CO)C[C@@H]2C)cc1,,0
Cc1ccc(S(=O)(=O)N(C)C[C@@H]2OCc3ccccc3-c3c(n(C)c4ccccc34)C(=O)N([C@H](C)CO)C[C@@H]2C)cc1,,0
Cc1ccc(S(=O)(=O)N(C)C[C@@H]2Oc3cc(Br)ccc3S(=O)(=O)N([C@H](C)CO)C[C@@H]2C)cc1,,0
Cc1ccc(S(=O)(=O)N(C)c2ccc(C(=O)NCc3ccccc3F)cc2)cc1,,0
Cc1ccc(S(=O)(=O)N2CC(C(=O)O)[C@H](SCCC(C)C)C[C@H]2c2ccc3c(c2)OCO3)cc1,,0
Cc1ccc(S(=O)(=O)N2CC(C(=O)O)[C@H](SCc3ccc(Cl)cc3)C[C@H]2c2ccc(Cl)cc2)cc1,,0
Cc1ccc(S(=O)(=O)N2CC3C(=O)C[C@@H](c4cccc(Cl)c4)N(S(=O)(=O)c4ccc(C)cc4)[C@H]3C[C@H]2c2cccc(Cl)c2)cc1,,0
Cc1ccc(S(=O)(=O)N2CCCC2C(=O)Nc2ccc(Br)cc2)cc1,,0
Cc1ccc(S(=O)(=O)N2CCN(C(=O)COC(=O)COc3ccc(Cl)c(C)c3)CC2)c(C)c1,,0
Cc1ccc(S(=O)(=O)N2CCSCCSCCN(S(=O)(=O)c3ccc(C)cc3)CCN(S(=O)(=O)c3ccc(C)cc3)CC2)cc1,,0
Cc1ccc(S(=O)(=O)N2C[C@]3(O)Cc4c(c(O)n(-c5ccccc5)c4O)C[C@]3(OC(=O)Nc3cccs3)C2)cc1,,0
Cc1ccc(S(=O)(=O)NC(=O)NCCc2ccc(-c3c(C(N)=O)sc4c(C)cc(C)cc34)cc2)cc1,,0
Cc1ccc(S(=O)(=O)NC(c2ccccc2)C(C)C(=O)n2nc(C)cc2C)cc1,,0
Cc1ccc(S(=O)(=O)NCC(=O)N(CCc2ccccc2)CC(=O)NCc2ccco2)cc1,,0
Cc1ccc(S(=O)(=O)NCc2ccc(C(=O)NC3CCC(O)CC3)cc2)cc1C,,0
Cc1ccc(S(=O)(=O)NCc2nnc(SCC(=O)Nc3cccc(C)c3C)n2C)cc1,,0
Cc1ccc(S(=O)(=O)N[C@H](CC(=O)NC(C)C(=O)NCc2cccc3ccccc23)CC(=O)NC(C)(C)C)cc1,,0
Cc1ccc(S(=O)(=O)Nc2c(C(=O)N[C@@H](C)C(C)(C)C)c(C(F)(F)F)nn2-c2ccccc2)cc1,,0
Cc1ccc(S(=O)(=O)Nc2ccc(C(=O)N3N=C(c4c(-c5ccccc5)c5cc(Br)ccc5[nH]c4=O)CC3c3ccccc3)cc2)cc1,,0
Cc1ccc(S(=O)(=O)Nc2ccccc2-c2nc3ccccc3[nH]c2=O)cc1,,0
Cc1ccc(S(=O)(=O)OC(CN(Cc2ccccc2)C(=O)C(Cc2ccccc2)NC(=O)c2ccccc2C(=O)O)c2ccccc2)cc1,,0
Cc1ccc(S(=O)(=O)OCCCOC2Cn3cc(C=O)c4ccc5c6ccccc6n(c5c43)C2)cc1,,0
Cc1ccc(S(=O)(=O)Oc2ccc(C(O)c3nccc4c3[nH]c3ccc(Br)cc34)cc2Br)cc1,,0
Cc1ccc(S(=O)(=O)Oc2ccc(NC(=O)C3CCCCC3)cc2)cc1,,0
Cc1ccc(S(=O)(=O)Oc2ccc(OS(=O)(=O)c3ccc(C)cc3)c3c2C(=O)c2ccccc2C3=O)cc1,,0
Cc1ccc(S(=O)(=O)c2cc(OC(=O)c3ccco3)ccc2OC(=O)c2ccco2)cc1,,0
Cc1ccc(S(=O)(=O)n2cc([C@@]3(O)C[C@H](CC#N)OC3=O)c3ccccc32)cc1,,0
Cc1ccc(S(=O)(=O)n2cc3c4c2C(=O)C(=NCCc2ccccc2)C=C4NCC3)cc1,,0
Cc1ccc(S(=O)(=O)n2ccc3ccc(-c4ccc5ccn(Cc6cccc(C(=O)O)c6)c5c4)cc32)cc1,,0
Cc1ccc(SCN=C2CC(=O)c3ccccc3C2=O)cc1,,0
Cc1ccc(Sc2ccc(NC(=O)C3CC(=O)N(C4CC4)C3)cc2)c(C)c1,,0
Cc1ccc([C@@H]2c3c(c(O)n(-c4ccccc4)c3O)[C@]3(C)C(=O)N(Cc4ccc(-c5ccccc5)cc4)CC(=O)N23)o1,,0
Cc1ccc([C@H]2C[C@@H](O)[C@H](n3cc(COC(=O)c4ccccc4)nn3)CN2C(=O)C2CCCCC2)cc1,,0
Cc1ccc([C@H]2C[C@@H](n3cc(COC(=O)c4ccccc4)nn3)[C@H](O)CN2C(=O)C2CCCCC2)cc1,,0
Cc1ccc([N+](=O)[O-])cc1NS(=O)(=O)c1cc(Cl)c(Cl)cc1Cl,,0
Cc1ccc([N+](=O)[O-])cc1S(=O)(=O)N(C)/N=C/c1coc2ccccc12,,0
Cc1ccc2[nH]c(-c3[nH]nc4ccc(OC(C)c5c(Cl)cncc5Cl)cc34)nc2c1,,0
Cc1ccc2[nH]c(=O)c(CN(Cc3ccco3)C(=O)c3ccncc3)cc2c1,,0
Cc1ccc2c(=O)c3cccc(CC(=O)NN=Cc4ccc(O)cc4)c3oc2c1C,,0
Cc1ccc2c(c1)C=Cc1cc(C)ccc1C2c1cn(Cc2ccc(C(=O)Nc3nn[nH]n3)o2)c(=O)[nH]c1=S,,0
Cc1ccc2c(n1)[C@H](C(C)C(=O)Nc1ccc(Cl)c(-c3nnc(-c4ccnn4C)s3)c1)CC[C@H]2C,,0
Cc1ccc2cc(CC3CCN(C(=O)c4cccc5c[nH]nc45)CC3)ccc2n1,,0
Cc1ccc2cccc(OCc3c(C)ccc(N(C)C(=O)C=NC(=O)CCc4ccc(N5CCCC5=O)nc4)c3C)c2n1,,0
Cc1ccc2cccc(OCc3c(N4CCCC4=O)ccc(-n4cccc4CNC(=O)/C=C/c4ccc(N5CCCC5=O)cc4)c3N3CCCC3=O)c2n1,,0
Cc1ccc2nc(C)cc(N/N=C/c3ccc([N+](=O)[O-])cc3)c2c1,,0
Cc1ccc2oc(=O)c3cc(C(=O)NCc4ccc(Cl)cc4)sc3c2c1,,0
Cc1ccc2oc(=O)n(CCCCn3cc(CCCCC[C@@H]4SC[C@@H]5NC(=O)N[C@@H]54)nn3)c2c1,,0
Cc1cccc(-c2[nH]c(C(F)(F)F)nc2-c2ccc(S(C)(=O)=O)cc2)c1,,0
Cc1cccc(-c2cccc(N3CCC(C(=O)O)[C@@H]4OCCC[C@H]43)n2)c1OCc1ccc2c(c1C)CCN(C1COC1)CC2,,0
Cc1cccc(-c2nc(-c3ccc(C#N)cc3)cn2-c2ccc3c(c2)OCO3)n1,,0
Cc1cccc(-c2nc3scc(CCNS(=O)(=O)c4ccc(F)cc4C)n3n2)c1,,0
Cc1cccc(-n2ccc(=O)c(C(=O)Nc3ccc(S(=O)(=O)Nc4onc(C)c4C)cc3)n2)c1,,0
Cc1cccc(-n2cnc3cc(C(=O)N4CCCCC4)ccc32)c1,,0
Cc1cccc(/C=N\NC(=O)c2ccccc2-n2cccc2)c1,,0
Cc1cccc(C(=O)N2CCC(=O)N([C@H](COCc3ccc(Cl)cc3)Cc3ccccc3)CC2)c1,,0
Cc1cccc(C(=O)NCC2(c3ccc(F)nc3)CCC(F)(F)CC2)c1F,,0
Cc1cccc(C(=O)Nc2nc(-c3nnn(-c4cc(F)ccc4F)c3C)ns2)c1,,0
Cc1cccc(C(C(=O)NC(C)C)N(C(=O)c2nnsc2C)c2ccc(C)c(F)c2)c1,,0
Cc1cccc(C(CC(=O)N2CCCCC2)c2ccccc2)c1O,,0
Cc1cccc(C(Cc2cc(C)c3[nH]ncc3c2)NC(=O)N2CCC(N3Cc4ccccc4NC3=O)CC2)n1,,0
Cc1cccc(C)c1-n1c(C)cc(/C=N\Nc2ccc([N+](=O)[O-])cn2)c1C,,0
Cc1cccc(C)c1Cn1c(C)c(C(=O)NCc2ccc([N+](=O)[O-])cc2)sc1=O,,0
Cc1cccc(C)c1NC(=O)C1(N(Cc2ccco2)C(=O)Cc2[nH]c(=O)[nH]c2O)CCCCC1,,0
Cc1cccc(C)c1NC(=O)C1CCCN(S(=O)(=O)c2c(C)noc2/C=C/N(C)C)C1,,0
Cc1cccc(C)c1NC(=O)CSC(=O)c1sc2ccccc2c1Cl,,0
Cc1cccc(CN2CCc3c(OCC(=O)N4CCCc5ccccc54)cccc3C2=O)c1,,0
Cc1cccc(CNc2ccc(C(CC(N)=O)NC(=O)Cc3cccc4ccccc34)cc2[N+](=O)[O-])c1,,0
Cc1cccc(N(C)C(CNS(=O)(=O)c2ccccc2)c2ccccc2)c1,,0
Cc1cccc(N(Cc2cc(F)c(F)cc2F)C(=O)O[C@H]2C[N+]3(CCCc4ccccc4)CCC2CC3)c1,,0
Cc1cccc(N2CC(c3nc4ccccc4n3C)CC2=O)c1C,,0
Cc1cccc(N2CCN(C(=O)C3CCN(S(=O)(=O)c4cccc5nsnc45)CC3)CC2C)c1,,0
Cc1cccc(N2CCN(C(=O)CCc3nnc4n(CC(C)C)c(=O)c5ccccc5n34)CC2)c1C,,0
Cc1cccc(N2N=C(C(=O)NC(C)CCc3ccco3)CCC2=O)c1,,0
Cc1cccc(NC(=O)CCN2C(=O)c3ccccc3C2=O)n1,,0
Cc1cccc(NC(=O)Cn2cc(C(=O)c3ccccc3)c3ccccc32)c1C,,0
Cc1cccc(NC(=O)NC2C[C@H](c3ccccc3)C[C@H](c3cccc(F)c3)N(CC(=O)NC(C)(C)C)C2=O)c1,,0
Cc1cccc(NC(=O)c2c(NC(=O)c3ccco3)sc3c2CCC(C(C)(C)C)C3)c1,,0
Cc1cccc(S(=O)(=O)NC(=O)Nc2ccc3c(c2)CCN(C(=O)NS(=O)(=O)c2cccc(C)c2)CC3)c1,,0
Cc1cccc2[nH]c(-c3[nH]nc4ccc(OC(C)c5c(Cl)cncc5Cl)cc34)nc12,,0
Cc1cccc2c1C(=O)N1CCc3c([nH]c4ccccc34)C1N2C,,0
Cc1cccc2cc(CN(C(=O)c3cccc([N+](=O)[O-])c3)C(C)C)c(=O)[nH]c12,,0
Cc1cccc2cc(CN(Cc3ccco3)C(=O)c3ccncc3)c(=O)[nH]c12,,0
Cc1ccccc1-c1[nH]c(=S)[nH]c(=O)c1Cc1c(O)ccc2ccccc12,,0
Cc1ccccc1-c1cccc2[nH]c(C(=O)NCC(N)C(=O)O)cc12,,0
Cc1ccccc1-c1nnc(Cc2nn(Cc3ccc(Cl)nc3)c(=O)c3ccccc23)o1,,0
Cc1ccccc1C(=O)Nc1ccc(C(=O)N2CCCCc3ccccc32)cc1,,0
Cc1ccccc1C(=O)Nc1ccc(C(=O)N2CCOc3ccccc32)cc1,,0
Cc1ccccc1C(=O)Nc1ccc2c(C#N)c3nc4ccccc4nc3n2c1,,0
Cc1ccccc1CC1(CO)CCCN(C(=O)CCC(=O)c2ccccc2)C1,,0
Cc1ccccc1CCNC(=O)c1ccc2c(c1)c(C)c(C)n2C,,0
Cc1ccccc1CN(C)C(=O)C(Cc1ccccc1)NC(=O)c1ccco1,,0
Cc1ccccc1CSc1nc(=O)c(-c2ccccc2)n[nH]1,,0
Cc1ccccc1CSc1nnc(NC(=O)/C(C#N)=C/c2cn(Cc3ccccc3)c3ccccc23)s1,,0
Cc1ccccc1Cn1cc(NC(=O)c2noc3c2CC(C(C)(C)C)CC3)cn1,,0
Cc1ccccc1Cn1nc(C)c(NC(=O)c2cc(-c3ccco3)on2)c1C,,0
Cc1ccccc1N1CC(C(=O)Nc2nnc(SCc3ccccn3)s2)CC1=O,,0
Cc1ccccc1NC(=O)NC1C[C@H](c2ccccc2)c2ccccc2N(CC(=O)NC(C)(C)C)C1=O,,0
Cc1ccccc1NS(=O)(=O)c1cc(C(=O)NCCC2=CCCCC2)ccc1Cl,,0
Cc1ccccc1NS(=O)(=O)c1cc(C(=O)NCCSC2CCCCC2)ccc1C,,0
Cc1ccccc1S(=O)(=O)Nc1ccc(C)c(CC(=O)NCc2ccc(N)nc2C)c1O,,0
Cc1ccnc(N=CCC(=O)c2ccc(Br)cc2)c1,,0
Cc1ccnc(NC(=O)CCC(=O)N(CC(=O)NC(C)(C)C)Cc2ccc3c(c2)OCO3)c1,,0
Cc1ccnc(Oc2ccc(-c3cc4c(cc3F)ncc3ncn(C5(C)CCN(C(=O)C(C)O)CC5)c34)c(Cl)c2)n1,,0
Cc1ccsc1CN(C)C(=O)CCc1nnc(COc2ccccc2)o1,,0
Cc1cn(-c2ccc(C(N)=O)c(S[C@H]3CC[C@H](O)CC3)c2)c2nccc(-c3cnc4ccccc4c3)c12,,0
Cc1cn(-c2ccc3n(c2=O)CCN(CCOc2ccccc2-c2cc(C(F)F)no2)C3=O)cn1,,0
Cc1cn(-c2ccc3n(c2=O)CCN([C@@H](C)[C@@H]2CC[C@H](c4ccc(C(F)(F)F)s4)O2)C3=O)cn1,,0
Cc1cn(CCCn2c(=S)[nH]c3sc4c(c3c2=O)CCCCCC4)cn1,,0
Cc1cn(C[C@H]2CN(c3ccc(N4CCN(C(=O)CC5CC6CCC5C6)CC4)c(F)c3)C(=O)O2)nn1,,0
Cc1cn([C@@H]2O[C@H](CO[Si](C)(C)C(C)(C)C)[C@@]3(OS(=O)(=O)C=C3NCC(=O)C(=O)O)[C@H]2O[Si](C)(C)C(C)(C)C)c(=O)n(C)c1=O,,0
Cc1cn([C@@H]2O[C@H](CO[Si](C)(C)C(C)(C)C)[C@]3(C=CS(=O)(=O)O3)[C@H]2O[Si](C)(C)C(C)(C)C)c(=O)n(C)c1=O,,0
Cc1cn([C@H]2C[C@H](N=[N+]=[N-])[C@@H](COP(=O)(OC(C)C(C)S(=O)(=O)c3ccccc3)OC(C)C(C)S(=O)(=O)c3ccccc3)O2)c(=O)[nH]c1=O,,0
Cc1cnc(/N=c2\sc(C)cn2-c2ncc(C)s2)s1,,0
Cc1cnc(CN(Cc2ccc(-c3ccc(CNCCc4ccc(S(C)(=O)=O)cc4)cn3)cc2)C(=O)c2nn(-c3ccccc3)nc2C)cn1,,0
Cc1coc2cc(OCCCOc3ccc4c(c3)CC[C@H]4CC(=O)O)ccc12,,0
Cc1coc2cc3oc(=O)c(CC(=O)NCc4ccc(F)cc4)c(C)c3cc12,,0
Cc1csc(CN(C)C(=O)c2cn(Cc3cccc4ccccc34)nn2)n1,,0
Cc1csc(CNc2nc3c(S(=O)(=O)c4ccc(C(C)(F)F)cc4)nnn3c3ccsc23)c1,,0
Cc1n[nH]c(C2CN(CC(=O)NCCc3ccc(F)cc3)CCO2)n1,,0
Cc1nc(-c2ccc(C#N)cn2)cc(N2CC(c3nc4ccccc4n3C)C2)n1,,0
Cc1nc(-c2ccc(C(C)(C)C)cc2)sc1-c1nnc(N2CCC[C@H]2CO)o1,,0
Cc1nc(-c2ccc(N3C(=O)C(=O)C(C(=O)C(C)C)C3c3ccccc3COC(C)C)cc2)no1,,0
Cc1nc(-c2ccc(N3C(=O)C(=O)C(C(=O)CC(C)C)C3c3ccccc3OC(C)C)cc2)no1,,0
Cc1nc(-c2ccc(N3C(=O)C(=O)C(C(=O)CC(C)C)C3c3ccccc3OC(F)F)cc2)no1,,0
Cc1nc(-c2ccc([C@H]3CN(c4nc(-c5ccncc5F)cc(=O)n4C)CCN3)cc2)no1,,0
Cc1nc(-c2ccccc2)nc(C)c1C(=O)N1CCC(C)(N2CCN([C@@H](C)c3ccc(C(F)(F)F)cc3)[C@@H](C)C2)CC1,,0
Cc1nc(C(=O)N2Cc3cc4c(cc3CC2C(=O)NC(Cc2ccc(-c3ccnc(C)c3C)cc2)C(=O)O)OC[C@H](c2ccc(OCC3CCC(C)CC3)cc2)O4)c(C)o1,,0
Cc1nc(C(C)NC(=O)c2cc(COc3ccc(F)c(F)c3)on2)cs1,,0
Cc1nc(C)c(-c2csc(Nc3ccc(C(=O)N4C5CCC4CN(c4ncc(C(N)=O)cn4)C5)cn3)n2)s1,,0
Cc1nc(C)c(-c2csc(Nc3ccc(C(=O)N4[C@@H]5CC[C@H]4C/C(=N/OCCCO)C5)cn3)n2)s1,,0
Cc1nc(CN2Cc3cc4c(cc3CC2C(=O)NC(Cc2ccc(-c3ccnc(C)c3C)cc2)C(=O)O)OC[C@H](c2ccc(OCc3ccc(Cl)c(Cl)c3)cc2)O4)c(C)o1,,0
Cc1nc(N)c2c(Br)nn([C@@H]3C[C@@H](CO)[C@@H](O)[C@H]3O)c2n1,,0
Cc1nc(N)ccc1CNC(=O)Cn1c(C)cc(S(=O)(=O)CC2CCCC2)c(N)c1=O,,0
Cc1nc(N[C@H](C)C2CC2)nc(N[C@@H]2C[C@H](C(C)(C)O)[C@@H](O)[C@H]2O)c1-c1nc2cnccc2s1,,0
Cc1nc(N[C@H](C)c2ccc(OC(F)(F)F)cc2)nc(N[C@@H]2C[C@H](CO)[C@@H](O)[C@H]2O)c1-c1nc2c(C)nccc2s1,,0
Cc1nc([N+](=O)[O-])cn1C/C(=N/OC(=O)c1ccc(F)cc1)c1ccc(Br)cc1,,0
Cc1nc2c(=O)[nH]c1CCC(=O)NC(Cc1ccc(O)cc1)C(=O)NC(Cc1c[nH]c3ccccc13)C(=O)NC(CCCCN)C(=O)NCCCC2,,0
Cc1nc2c(Br)cc(Br)cc2c(=O)n1-c1ccc(NC(=O)N/N=C/c2ccc([N+](=O)[O-])cc2)cc1,,0
Cc1nc2c(OCC3CCCCC3)cccn2c1C(=O)NC(C)(CO)c1nnc(C(F)(F)F)o1,,0
Cc1nc2cc(-c3cccc(F)c3)nn2c(C)c1CCC(=O)NC(C)c1ccc2c(c1)OCCO2,,0
Cc1nc2cc3c(cc2[nH]c1=O)nc(C1CCCCC1)n3CC1CCCCC1,,0
Cc1nc2ccc(C(=O)OC(C)C(=O)c3c(C)[nH]c4ccccc34)cc2nc1C,,0
Cc1nc2ccccc2c(C)c1CC(=O)NCc1coc(-c2cccs2)n1,,0
Cc1nc2cnc3cc(F)c(-c4ccc(Oc5cc(=O)n(C)cn5)cc4Cl)cc3c2n1C1CCN(C(=O)CO)CC1,,0
Cc1ncc(C)n2nc(CCc3ccc4cc5c(cc4n3)OC(F)(F)O5)nc12,,0
Cc1nccc(-c2ccc(CC(NC(=O)C3Cc4cc5c(cc4CN3C(=O)C(C)C)O[C@@H](c3ccc(OCc4ccc(Cl)c(Cl)c4)cc3)CO5)C(=O)O)cc2)c1C,,0
Cc1nccc(N2C(=O)N(c3ccc(-c4ccc(C(=O)O)cc4C)cc3)C(=O)C23CCN(Cc2ncccc2C)CC3)n1,,0
Cc1nccc2c3cc(Br)ccc3n(CCCCCCn3c4ccc(Br)cc4c4ccnc(C)c43)c12,,0
Cc1ncccc1-c1ccc(S(=O)(=O)[C@@H]2CC(C(=O)NC3(C#N)CC3)N(C(=O)C3(c4ncc(Cl)cc4Cl)CC3)C2)c(Cl)c1,,0
Cc1nccn1-c1ccc(CNc2nc3ccccc3o2)cc1F,,0
Cc1ncnc2c1c(Br)cn2[C@@H]1O[C@H](CO)[C@@H](O)[C@H]1O,,0
Cc1nn(-c2ccc(N3CCCC3)nn2)c(C)c1CCC(=O)N1CCN(c2ccc(F)cc2)CC1,,0
Cc1nn(-c2ccccc2)c(C)c1/C=N/NC(=O)c1ccccc1NS(=O)(=O)c1cccs1,,0
Cc1nn(-c2ccccc2)c2sc(C(=O)N(CC(=O)NC3CCCC3)Cc3ccco3)cc12,,0
Cc1nn(C(C)C)c2cn(CC(=O)NC3CCSCC3)nc12,,0
Cc1nn(C)c(=O)n1-c1ccc(N2CCN(c3ccc(OC[C@@H]4COC(Cn5ccnc5)(c5ccc(Cl)cc5Cl)O4)cc3)CC2)cc1,,0
Cc1nn(C)c(C(=O)NC(C)c2ccc(C(C)(C)C)cc2)c1Br,,0
Cc1nn(C)c(C(=O)NC(c2ccccc2)C(C)C)c1Cl,,0
Cc1nn(C)c(C(=O)NCc2ccc(C(C)(C)C)cc2)c1[N+](=O)[O-],,0
Cc1nn(C)c(C)c1C1CCCN1c1ncnc2sccc12,,0
Cc1nn(C)c(C)c1NS(=O)(=O)c1c(Cl)cc(-c2ccnc(NCCCn3ccnc3)c2)cc1Cl,,0
Cc1nn(C)cc1-c1nc2c(N3CCC[C@H](CN(C)S(C)(=O)=O)C3)c(Cl)cnc2[nH]1,,0
Cc1nn(Cc2c(Cl)cccc2Cl)c2cc(Cc3n[nH]c(=O)o3)ccc12,,0
Cc1nn(Cc2ccccc2)c(C)c1NC(=O)c1cc(-c2cccs2)on1,,0
Cc1nn(Cc2ccccc2)c(C)c1NC(=O)c1cccs1,,0
Cc1nn(Cc2ccccc2Cl)c(C)c1NC(=O)c1noc2c1CCCCC2,,0
Cc1nn2c(C)c(C(=O)NCc3ccc(OC(C)C)cc3)cnc2c1-c1ccc(F)cc1,,0
Cc1nnc(-c2cccc(Br)c2)c2cn(-c3cccc(Br)c3)nc12,,0
Cc1nnc(-c2sc(N3CCOCC3)c(C#N)c2-c2ccc(Cl)cc2)o1,,0
Cc1nnc(C(C)C)n1C1C[C@H]2CC[C@@H](C1)N2CC[C@H](NC(=O)C1CCC(F)(F)CC1)c1ccccc1,,0
Cc1nnc(CC[C@@H](C)[C@H]2CC[C@H]3[C@@H]4[C@H](O)C[C@@H]5C[C@H](O)CC[C@]5(C)[C@H]4CC[C@]23C)o1,,0
Cc1nnc(CNC(=O)C(c2nc3ccc(-c4ccc(C(=O)N5CC(F)(F)C5)cc4)cc3s2)S(C)(=O)=O)o1,,0
Cc1nnc(NC(=O)CSc2nnc(CNC(=O)C34CC5CC(CC(C5)C3)C4)n2C2CCCCC2)s1,,0
Cc1nnc(NC(=O)c2cccc(S(=O)(=O)N3CC(c4ccccc4)CC3=O)c2)s1,,0
Cc1noc(C(C)C)c1C(=O)NC(C(=O)c1ccc(C#N)cc1)C(C)C,,0
Cc1noc(C)c1CN1CC(Cc2ccccc2)NC(=O)c2nn(CCC3CCN(C(=O)OC(C)(C)C)CC3)cc21,,0
Cc1noc(C)c1CSCC(=O)Nc1nc2ccc(S(C)(=O)=O)cc2s1,,0
Cc1noc(C)c1S(=O)(=O)N(C)C[C@@H]1OCCCC[C@H](C)Oc2ccc(NS(=O)(=O)c3ccc(Cl)cc3)cc2C(=O)N([C@H](C)CO)C[C@@H]1C,,0
Cc1noc(C)c1S(=O)(=O)N(C)Cc1ccc(-c2ccc(Cl)cc2)o1,,0
Cc1noc(C)c1S(=O)(=O)N(CC(=O)N1CCc2ccccc21)c1ccc(C(C)C)cc1,,0
Cc1noc(C)c1S(=O)(=O)N1CCC(C(=O)N2CCN(c3cccc(C(F)(F)F)c3)CC2)CC1,,0
Cc1noc(C2CCN(C(=O)c3ccc(NC4CC4)nc3)CC2)n1,,0
Cc1noc(NS(=O)(=O)c2ccc(NC(=O)c3nn(-c4ccc(F)cc4)ccc3=O)cc2)c1C,,0
Cc1noc(NS(=O)(=O)c2ccccc2-c2ccc(N(C)C)cc2)c1C,,0
Cc1occc1-c1nnc(SCC(=O)NC(C)(C)C)n1CC(C)C,,0
Cc1onc(-c2ccccc2)c1C(=O)NC(C)c1ccc2c(c1)OCO2,,0
Cc1sc2[nH]c(C(C)Sc3nnc(C)n3-c3ccccc3)nc(=O)c2c1C,,0
Cc1sc2c(c1C)C(c1ccc(Cl)cc1)=N[C@@H](CC(=O)N1CCC(CN3CCN(Cc4ccc(-n5c(-c6cc(C(C)C)c(O)cc6O)n[nH]c5=O)cc4)CC3)CC1)c1nnc(C)n1-2,,0
Cc1sc2nc(CCN)nc(N3CCS(=O)(=O)CC3)c2c1C,,0
Cc1sc2ncnc(Sc3nnnn3-c3ccc(Cl)cc3)c2c1C,,0
Clc1cc2nc(C3CCNCC3)n(Cc3ccc(CN4CCNCC4)cc3)c2cc1Cl,,0
Clc1ccc(-c2[nH]c(-c3ccccc3)nc2-c2ccncc2)cc1Cl,,0
Clc1ccc(-c2nnc(-c3ccc(Br)cc3)c(N3CCSCC3)n2)cc1,,0
Clc1ccc(/C=C/C(=N\c2nnc(SCc3ccc(Cl)cc3)s2)c2ccc(Cl)cc2)cc1,,0
Clc1ccccc1-c1ccc(/C=N/Nc2nncc(-c3ccccc3)n2)o1,,0
Cn1c(-c2ccc(-c3ccc(-c4nc5[nH]c(O[C@@H]6CO[C@H]7[C@@H]6OC[C@H]7O)nc5cc4Cl)cc3)cc2)cnc1N,,0
Cn1c(=O)[nH]c(=O)c2c1nc(N1CCCCCC1)n2CCSc1nc2ccccc2o1,,0
Cn1c(=O)c2c(-c3ccccc3)n3c(c2n(C)c1=O)C(c1ccc(C(F)(F)F)o1)Nc1ccccc1-3,,0
Cn1c(=O)c2c(SCC(=O)N3CCc4ccccc43)nc(-c3ccccc3Cl)nc2n(C)c1=O,,0
Cn1c(=O)c2c(nc(N3CCC[C@@H](N)C3)n2Cc2ccccc2Cl)c2c(C(=O)O)cccc21,,0
Cn1c(=O)c2c(nc(N3CCC[C@@H](N)C3)n2Cc2ccccc2Cl)c2cccc(C(=O)O)c21,,0
Cn1c(=O)c2c(ncn2CC(COCc2ccc(Cl)cc2)OCc2ccc(Cl)cc2)n(C)c1=O,,0
Cn1c(=O)n(-c2ccc(C(C)(C)C#N)cc2)c2c3cc(C#Cc4cccnc4)ccc3ncc21,,0
Cn1c(=O)n(CC2CC2)c(=O)c2[nH]c(-c3cnn(Cc4cccc(C(F)(F)F)c4)c3)nc21,,0
Cn1c(Cc2ccccc2)nnc1SCc1nc(=O)c2ccccc2[nH]1,,0
Cn1c(Cn2nnc3ccccc32)nnc1SCC(=O)N1c2ccccc2CCc2ccccc21,,0
Cn1c(N2CCO[C@@H](c3ccc(C(C)(C)O)cc3)C2)nc(-c2ccncc2F)cc1=O,,0
Cn1c(O)c2c(c1O)[C@]1(Cc3ccccc3)C(=O)N(Cc3ccc(-c4ccccc4)cc3)CC(=O)N1[C@@H]2/C=C/c1ccccc1,,0
Cn1c2ccccc2c2cc(C3CC(c4ccc(F)c(F)c4)=NN3)ccc21,,0
Cn1cc(-c2ccc(-c3cncc(C(F)(F)F)c3N3CCC4(CC3)CNC(=O)O4)cc2)cn1,,0
Cn1cc(-c2ccc(O[C@H]3CCN(C(=O)Cc4ccc(OC(F)(F)F)cc4)C3)c(C(N)=O)n2)cn1,,0
Cn1cc(-c2cccc3c2N(S(=O)(=O)c2ccc(C(C)(C)C)cc2)Cc2ccc(C(F)(F)F)nc2N3)cn1,,0
Cn1cc(-c2cnc3onc(C(F)(F)c4ccc5ncccc5c4)c3c2)cn1,,0
Cn1cc(C=O)c(C2=CC[C@H]3[C@@H]4CC=C5C[C@@H](O)CC[C@]5(C)[C@H]4CC[C@]23C)n1,,0
Cn1cc(CNC(=O)c2cc(NC(=O)c3cc(-c4ncccc4F)ccc3Cl)n(-c3ccccc3)n2)nn1,,0
Cn1ccc2cc(/C=C/C(=O)c3ccc(OS(=O)(=O)c4cc(F)cc(F)c4)c4c3OC(C)(C)C=C4)ccc21,,0
Cn1ccc2cc(N(C(=O)c3cc(-c4cc(C(F)(F)F)ccc4C(=O)N4Cc5ccccc5C[C@H]4CN4CCOCC4)n4c3CCCC4)c3ccc(O)cc3)ccc21,,0
Cn1ccc2ccc(N(C(=O)c3cc(-c4cc5c(cc4C(=O)N4Cc6ccccc6C[C@H]4CN4CCOCC4)OCO5)n4c3CCCCC4)c3ccc(O)cc3)cc21,,0
Cn1cnc(CC(=O)N2CCC(c3ccc(NC(=O)c4nc(C#N)c[nH]4)c(C4=CCCCC4)c3)CC2)c1,,0
Cn1cnc(S(=O)(=O)N(CCN(Cc2cncn2C)c2ccc(C#N)cc2)Cc2cccc(C#N)c2)c1,,0
Cn1cnc(S(=O)(=O)Nc2cccc(-c3ccc(C(=O)c4c(F)ccc(O)c4F)s3)c2)c1,,0
Cn1cncc1C(OCc1c(-c2cccc(F)c2)cc(C#N)c(=O)n1C)c1ccc(C#N)cc1,,0
Cn1cncc1C(OCc1cc(=O)c(C#N)cn1-c1cccc(Cl)c1)c1ccc(C#N)cc1,,0
Cn1cncc1C(OCc1ccc(C#N)cc1-c1cccc(Cl)c1)c1ccc(C#N)cc1F,,0
Cn1cncc1CN1CC(N(CC2CCN(C(=O)Nc3ccc(Br)cc3)CC2)S(=O)(=O)c2ccccn2)Cc2cc(C#N)ccc21,,0
Cn1cncc1CN1CC(N(Cc2cc3nsnc3cc2Cl)S(=O)(=O)c2ccccn2)Cc2cc(C#N)ccc21,,0
Cn1cncc1CN1CC(N(Cc2cccc3nsnc23)S(=O)(=O)c2ccccn2)Cc2cc(C#N)ccc21,,0
Cn1cncc1CN1CC(N(Cc2ccccc2F)S(=O)(=O)c2cccc3nsnc23)Cc2cc(C#N)ccc21,,0
Cn1cncc1CN1CC(N(Cc2ccccc2F)S(=O)(=O)c2ccccn2)Cc2cc(C#N)ccc21,,0
Cn1nc(C(F)(F)F)c2cc(C(=O)Nc3ccc(F)cc3F)sc21,,0
Cn1ncc(NC(=O)c2nc(-c3c(F)cccc3F)sc2N)c1N1CCC2(CCNC2=O)CC1,,0
Cn1ncc(NC(=O)c2nc(-c3c(F)cccc3F)sc2N)c1N1CCNCC(CO)C1,,0
Cn1ncc(NC(=O)c2nc(-c3c(F)cccc3F)sc2N)c1N1CCNCCC1=O,,0
Cn1ncc(NC(=O)c2nc(-c3c(F)cccc3F)sc2N)c1N1C[C@H]2C[C@H](N)[C@@H](C1)O2,,0
Cn1nccc1-c1cc(C(F)(F)F)ccc1-c1cn(S(C)(=O)=O)c2cc(S(=O)(=O)Nc3ncns3)ccc12,,0
Cn1nccc1-c1cc(C(F)(F)F)ccc1-n1cnc2cc(S(=O)(=O)Nc3ncns3)ccc21,,0
FC(F)(F)c1cc(Oc2ccc(COc3ccn4c(-c5cncnc5)cnc4n3)cc2)ccc1Cl,,0
FC(F)(F)c1ccc2nccc(NN=CC=Cc3ccccc3)c2c1,,0
FC(F)(F)c1ccccc1N1CCN(c2nc(-c3cccs3)nc3ccc(Br)cc23)CC1,,0
FC(F)(c1ccc2ncccc2c1)c1nnc2ncc(-c3ccccc3)nn12,,0
Fc1cc(F)cc(-c2ccc(CSc3nnc(-c4ccc5c(c4)OCCO5)o3)cc2)c1,,0
Fc1ccc(CCN2CCN(CCCc3c[nH]c4ccc(-n5cnnc5)cc34)CC2)cc1F,,0
Fc1ccc(CSc2nc3cc(Br)cnc3[nH]2)cc1,,0
Fc1ccc(F)c(CNc2nnnn2-c2cccc(Cl)c2Cl)c1Cl,,0
Fc1cccc(-c2nc3cnn(Cc4ccc(-c5ccc(C(F)(F)F)cc5C(F)(F)F)cc4)cc-3n2)c1F,,0
Fc1cccc(CCN2CCN(CC(F)(F)Cc3c[nH]c4ccc(-n5cnnc5)cc34)CC2)c1,,0
N#C/C(=C\c1c(Oc2ccc(Cl)cc2)nc2ccccn2c1=O)C(=O)NC1CCS(=O)(=O)C1,,0
N#C/C(=C\c1ccc([N+](=O)[O-])cc1)C(=O)c1c[nH]c2ccccc12,,0
N#C/C=C/S(=O)(=O)c1ccc(C2(C(=O)NCc3ccc(Cl)cc3)CCC2)cc1,,0
N#CC(=Cc1ccc(O)c(O)c1)C(=O)NC1CCC(CC2CCC(NC(=O)C(C#N)=Cc3ccc(O)c(O)c3)CC2)CC1,,0
N#CC(=NNc1cc(Cl)c(Cl)c(Cl)c1)C(=O)c1cc(C2CC2)on1,,0
N#CC(C#N)=C(SCc1nnc(-c2ccc(Cl)cc2)o1)SCc1nnc(-c2ccc(Cl)cc2)o1,,0
N#CC(CCSC(=S)N1CCN(S(=O)(=O)c2ccc(F)cc2)CC1)(c1ccccc1)c1ccccc1,,0
N#CC1(C#N)C(c2ccco2)C([N+](=O)[O-])=C2N(Cc3ccc(Cl)nc3)CCN2C1c1ccc(OC(F)(F)F)c(Cl)c1,,0
N#CC1(C#N)C2(c3ccccc3)OC(c3ccccc3)(c3cc4ccccc4cc32)C1(C#N)C#N,,0
N#CC1(NC(=O)C2Cc3ccc(c(-c4cc[nH]n4)c3)OCCCCOc3ccccc3C(=O)N2)CC1,,0
N#CC1(c2cc(Cn3cncn3)cc(Sc3ccc(OS(N)(=O)=O)c(Cl)c3)c2)CCC1,,0
N#CC1=C(C(C#N)C#N)NC([O-])(c2ccccc2)C([n+]2ccccc2)C1c1cccs1,,0
N#CC1=C(SCc2ccccc2)NC(=O)CC1c1ccco1,,0
N#CC1C(=N)Oc2c(c3nc4ccccc4nc3c3ccccc23)C12C(=O)N(Cc1cnnn1-c1cccc(S(N)(=O)=O)c1)c1ccccc12,,0
N#CCC(=O)N1CC=C(c2cc3c(-c4cccc(N5CCOc6cc(C7CC7)ccc6C5=O)c4CO)ccnc3[nH]2)CC1,,0
N#CCCCn1cnc(=N)c2[nH]c(Sc3cc(Cl)cc(Cl)c3)nc21,,0
N#CCCN(C(=O)COC(=O)c1cccc(S(=O)(=O)N2CCCCCC2)c1)c1ccc(F)cc1,,0
N#CCSc1nnc(Cc2csc(NC(=O)c3ccccc3)n2)n1NC(=O)c1ccccc1,,0
N#C[C@@H]1CCCN1C(=O)CNC(=O)C(c1ccc(Cl)cc1)c1ccc(Cl)cc1,,0
N#Cc1c(-c2ccc([N+](=O)[O-])cc2)c(C#N)c(=O)n(/N=C/c2cn(-c3ccccc3)nc2-c2ccccc2)c1N,,0
N#Cc1c(N)nc(SCc2csc(-c3ccc(Br)cc3)n2)nc1-c1ccc2c(c1)OCO2,,0
N#Cc1c(NC(=O)COC(=O)C2CC3C=CC2C3)oc(-c2ccccc2)c1-c1ccccc1,,0
N#Cc1c(Nc2ccc(I)cc2)nc(SCCO)c(C#N)c1-c1ccco1,,0
N#Cc1c2c(c(SCc3cccc(Cl)c3)[nH]c1=O)CCCC2,,0
N#Cc1cc(F)cc(S(=O)(=O)c2sc3nc(Cl)ccc3c2-c2ccc(F)cc2)c1,,0
N#Cc1ccc(-c2ccc(O[C@H]3O[C@H](CO)[C@@H](O)[C@H](O)[C@@H]3O)cc2)cc1,,0
N#Cc1ccc(C(=O)OCC(=O)C(C#N)c2nc3ccccc3s2)cc1,,0
N#Cc1ccc(C2C3=C(CCC3=O)N(c3cccc(C(F)(F)F)c3)C(=O)N2CC(=O)NC2CCOCC2)cc1,,0
N#Cc1ccc(CC2C[C@H](Cc3ccccc3)N(C[C@@H](O)CC(Cc3ccccc3)C(=O)NC3c4ccccc4C[C@H]3O)C2=O)cc1,,0
N#Cc1ccc(Cn2cc(/C=N/Nc3nc(N4CCOCC4)c4sccc4n3)c3ccccc32)cc1,,0
N#Cc1ccc(Cn2cc(CO/N=C/c3c(-c4ccccc4)nc4ccc(Br)cn34)nn2)cc1,,0
N#Cc1ccc(Cn2ccc(NC(=O)Cc3ccc(C4(C(F)(F)F)CC4)cc3)n2)nc1,,0
N#Cc1ccc(N(CCCCCSc2ccc(OS(N)(=O)=O)cc2)n2cnnc2)cc1,,0
N#Cc1ccc(N2C(=O)C3(CCC3)N(c3ccc4c(c3)COC4=O)C2=S)cc1C(F)(F)F,,0
N#Cc1ccc(N=c2cc(NC3CC3)n3ncc(=Cc4[nH]c(=O)[nH]c4O)c3n2)c(OC(F)(F)F)c1,,0
N#Cc1ccc(OCc2nnc(SCC(=O)N3CCCc4ccccc43)n2-c2ccccc2)cc1,,0
N#Cc1cccc(COc2ccc3c(c2Br)CN2C(=O)CN(C4CCCC4)C(=O)C2C3)c1,,0
N#Cc1ccccc1N=C1C(=O)c2ccccc2C(=O)C1Nc1ccccc1C#N,,0
N#Cc1ccnc(N2C(=O)CCC2C(=O)N(c2cccc(F)c2)[C@@]2(C(=O)NC3CC(F)(F)C3)CCc3cccc(Cl)c32)n1,,0
N#Cc1ccnc(N2C(=O)CCC2C(=O)N(c2cccc(F)c2)[C@@]2(C(=O)NC3CCOCC3)CCc3ccccc32)c1,,0
N#Cc1ccnc(N2C(=O)CCC2C(=O)N(c2cncc(F)c2)[C@@]2(C(=O)NC3CC(F)(F)C3)CCCc3ccccc32)c1,,0
N#Cc1ccnc(N2C(=O)OCC2C(=O)N(c2cccc(F)c2)[C@@]2(C(=O)NC3CC(F)(F)C3)CCc3ccccc32)c1,,0
N#Cc1cnc(N2CCC(c3ccc(C(O)(C(F)(F)F)C(F)(F)F)cc3)(S(=O)(=O)c3ccccc3)C2)nc1,,0
N#Cc1cncc(-c2cc(C(=O)Nc3ccc(SC(F)(F)F)cc3)cnc2N2CC[C@@H](O)C2)c1,,0
N#Cc1ncc(Br)c(N(NC(=O)C2CCC3(CC2)OOC2(OO3)C3CC4CC(C3)CC2C4)C2CCCCC2)n1,,0
N#Cc1ncc(F)c(N(CCc2cccc(Br)c2)Cc2ccc3c(c2)OCO3)n1,,0
N#Cc1ncc2nc1OCCCCCOc1cc(OCc3ccncc3)c(Cl)cc1NC(=O)N2,,0
N=C(N)NN=Cc1cc([N+](=O)[O-])ccc1Sc1ccccc1CO,,0
N=C(N)c1ccc2c(c1)[C@@H](c1ccccc1)C[C@@H](c1ccccc1-c1ccc(C(=O)O)cc1)N2,,0
N=C(N)c1ccc2oc(C(=O)N3CCCC3C(=O)NC(CC(=O)O)c3ccccc3)cc2c1,,0
N=C(NCCCC(NC(=O)C(c1ccccc1)c1ccccc1)C(=O)NCc1ccc(O)cc1)NC(=O)NCCNC(=O)C1CCCCC1,,0
N=C(c1ccc2cc(-c3ccc(Oc4ccc(-c5cc6ccc(C(=N)N7CCCC7)cc6[nH]5)cc4)cc3)[nH]c2c1)N1CCCC1,,0
N=C1N(CCCC[C@H]2CN=C(N)N2CCC23CC4CC(CC(C4)C2)C3)C[C@H](CC2CCCCC2)N1CCc1ccc(-c2ccccc2)cc1,,0
N=c1ccn2c(n1)O[C@@H]1[C@H](OC(=O)CCCCCN3C(=O)c4ccccc4C3=O)[C@@H](COC(=O)CCCCCN3C(=O)c4ccccc4C3=O)O[C@H]12,,0
NC(=O)C12CC3CC(C1)C(NC(=O)C1(CNS(=O)(=O)c4cc(Cl)cc(Cl)c4)CC1)C(C3)C2,,0
NC(=O)C1CSCSCC(NC(=O)C(N)Cc2ccc(O)cc2)C(=O)NC(Cc2ccccc2)C(=O)NC(Cc2ccc3ccccc3c2)C(=O)N1,,0
NC(=O)CC(NC(=O)Cc1ccc(Cl)cc1)c1ccc(NC2CCCCCC2)c([N+](=O)[O-])c1,,0
NC(=O)CC(NC(=O)c1ccccc1)c1ccc(N2CCC(Cc3ccccc3)CC2)c([N+](=O)[O-])c1,,0
NC(=O)CCC(NC(=O)C1CC[C@@H]2CCCCC(NC(=O)c3cc4cc(OP(=O)(O)O)ccc4[nH]3)C(=O)N12)C(=O)NCc1ccccc1,,0
NC(=O)CCC(NC(=O)C1Cc2cccc3c2N1C(=O)C(NC(=O)c1cc2cc(OP(=O)(O)O)ccc2[nH]1)CC3)C(=O)NCc1ccccc1,,0
NC(=O)CNC(=O)N1CCC(CC(=O)N2CCC([C@H]3c4ncc(Br)cc4CCc4cc(Cl)cc(Br)c43)CC2)CC1,,0
NC(=O)COc1ccc(/C=N/NC(=O)C2CCCN2S(=O)(=O)c2ccc(Cl)cc2)cc1,,0
NC(=O)CSc1nc2scc(-c3ccco3)c2c(=O)n1-c1ccccc1,,0
NC(=O)N=Nc1c(O)n(Cc2ccccc2)c2ccc(Br)cc12,,0
NC(=O)Nc1ccc2ncnc(Nc3ccc(OCc4cccc(F)c4)c(Cl)c3)c2c1,7.0,1
NC(=O)c1c(NC(=O)c2cccc3ccccc23)sc2c1CCCCCC2,,0
NC(=O)c1c(Nc2ccc(I)cc2F)cc(F)cc1Oc1ccc2c[nH]nc2c1,,0
NC(=O)c1cc(-c2ccc(Cl)c(Cl)c2)cc2c1[nH]c1ccc(C(=O)N3CCOC(CO)C3)cc12,,0
NC(=O)c1ccc2c(c1)C(=O)c1ccc(Nc3cc(NC(=O)c4cccs4)c(F)cc3F)cc1OC2,,0
NC(=O)c1cccc(-c2cn3c(-c4cccc(OC(F)(F)F)c4)cnc3cn2)c1,,0
NC(=O)c1ccccc1NC(=O)C(CC1CCCCC1)NC(=O)c1ccno1,,0
NC(=O)c1nn(-c2ccc3c(c2)OCO3)c2c1CCc1ccc(NC(=O)CNCC3CC3)cc1-2,,0
NC(=O)c1nn(-c2ccc3c(c2)OCO3)c2c1COc1ccc(NC(=O)c3ccccc3Cl)cc1-2,,0
NC(=O)c1nsc(C(=O)N(c2ccc(F)cc2)C(C(=O)NCC2CCCO2)c2ccc3ncccc3c2)c1N,,0
NC(=O)n1cc(NC(=O)N2C(C(=O)NCCOC(F)(F)C(F)(F)F)C[C@H]3C[C@H]32)c2ccccc21,,0
NC(Cc1cc(I)c(Oc2ccc(OC3O[C@H](CO)[C@@H](O)[C@H](O)[C@H]3O)c(I)c2)c(I)c1)C(=O)O,,0
NC(Cc1cc(I)c(Oc2ccc(OS(=O)(=O)O)c(I)c2)c(I)c1)C(=O)O,,0
NCC(=O)NC(Cc1ccccc1)C(=O)NCC(=O)NC(Cc1ccccc1)C(=O)N1CCCC1C(=O)N1CCC(c2noc3cc(F)ccc23)CC1,,0
NCCCOc1c(Br)cc(Br)cc1CC(=NO)C(=O)NCCc1ccc(Cl)cc1,,0
NCCCn1c(=O)c2c(nc3ccccn32)n(Cc2ccccc2)c1=O,,0
NCc1ccc(Cn2c(=O)sn(CCBr)c2=O)cc1,,0
NS(=O)(=O)CCNC(=O)C(c1nc2cc(F)c(-c3ccccc3)cc2s1)S(=O)(=O)CCC(F)(F)F,,0
NS(=O)(=O)c1cc([C@@]2(O)NC(=O)c3ccccc32)ccc1Cl,,0
NS(=O)(=O)c1ccc(Nc2nc3ncnc(Nc4cccc(Br)c4)c3s2)cc1,8.0,1
N[C@@H](CC(=O)N1CCN(C(=O)c2cccc(C(=O)O)c2)CC1)Cc1cc(F)c(F)cc1F,,0
N[C@@H](Cn1c(=O)ccc2ncc(F)cc21)[C@H]1CC[C@H](NCc2ccc3c(n2)NC(=O)CO3)CC1,,0
N[C@H]1CC[C@H](S(=O)(=O)N2[C@@H]3CC[C@H]2C[C@@H](NC(=O)c2ccc4[nH]c(O)cc4c2)C3)CC1,,0
Nc1[nH]c(C(=O)c2ccccc2)c(-c2ccc(F)cc2)c1C(=O)NCCc1c[nH]c2ccccc12,,0
Nc1[nH]n(-c2c(Cl)cc(Cl)cc2Cl)c(=O)c1N=Nc1ccc(S(=O)(=O)Nc2ncccn2)cc1,,0
Nc1[nH]n(-c2ccccc2)c(=O)c1C(=NNC(=O)c1cc2ccccc2cc1O)C(=O)Nc1cccc(C(F)(F)F)c1,,0
Nc1c(Br)cccc1Nc1ncnc2ccncc12,8.0,1
Nc1cc(C(F)(F)F)c(-c2cc(C3(S(=O)(=O)c4ccc(F)cc4)CC3)nc(N3CCOCC3)n2)cn1,,0
Nc1cc(C(F)(F)F)c(-c2nc3c(c(N4CCOCC4)n2)CCN(C(=O)c2cc(Cc4n[nH]c(=O)c5ccccc45)ccc2F)C3)cn1,,0
Nc1cc(F)ccc1NC(=O)c1ccc(CNC(=O)CC2=NC(=O)c3ccc(F)cc32)cc1,,0
Nc1cc2sc3c(Nc4cccc(Br)c4)ncnc3c2cc1F,9.0,1
Nc1ccc(CC(NC(=O)N2CCC(n3c(=O)[nH]c4ccccc43)CC2)C(=O)N2CCC(N3CCCCC3)CC2)cc1,,0
Nc1cccc(S(=O)(=O)N2CCCN(S(=O)(=O)c3ccc4c(c3)OCCO4)CC2)c1,,0
Nc1ccccc1NC(=O)CCCCCNC(=O)CN1C(=O)C2(OCCO2)c2cc(Br)ccc21,,0
Nc1ccccc1NC(=O)CCCCCNC(=O)c1ccc2c(c1)OCCO2,,0
Nc1ccccc1SC[C@@H]1CO[C@@](CCc2ccc(Cl)cc2)(Cn2ccnc2)O1,,0
Nc1ccn(CC(=O)N[C@H](CO)Cc2c[nH]c3ccccc23)c(=O)n1,,0
Nc1ccnc(Nc2ccc(Oc3ccc(OC(F)(F)F)cc3)cc2)n1,,0
Nc1nc(Cl)c2c(Cc3ccccc3)cn(Cc3cc4c(cc3Br)OCO4)c2n1,,0
Nc1nc(NCCc2[nH]nc3c2CCCC3)cc(N2CCOCC2)n1,,0
Nc1nc2c(S(=O)(=O)Nc3ccc(C(=O)N4CCC(O)(CCCC(F)(F)F)CC4)cc3)cccc2s1,,0
Nc1ncc(-c2ccc3nccc(-c4ccncc4)c3c2)cc1S(=O)(=O)N1CCCCC1,,0
Nc1ncc(C=CC(=O)NCCCn2ccnc2)c2scc(-c3ccc(Br)cc3)c12,,0
Nc1nccc(C2=C(c3cccc(NS(=O)(=O)c4c(F)cccc4F)c3Cl)C(=O)C3(CCCC3)O2)n1,,0
Nc1nccc2c1nc(Sc1cc3c(cc1I)OCO3)n2CCCCCCC(O)=NO,,0
Nc1ncnc2c1c(-c1ccc(F)c(O)c1)nn2C1CCCC1,6.5,1
Nn1c(SCc2nc3ccccc3[nH]2)nnc1-c1ccccc1Cl,,0
O=C(/C=C/c1ccc(/C=C2\SC(=S)N(C(Cc3ccccc3)C(=O)O)C2=O)cc1)c1ccc(Br)cc1,,0
O=C(/C=C/c1ccc2c(c1)B(O)OC2)c1ccc(Cl)c(Cl)c1,,0
O=C(/C=C/c1cccc2cc(O)n(Cc3ccc(Cl)cc3Cl)c12)NS(=O)(=O)c1cc(Cl)c(Cl)s1,,0
O=C(/C=C/c1ccccc1)O[C@@H]1[C@H]2OC(=O)C[C@H]2O[C@@H]1[C@H](OC(=O)/C=C/c1ccccc1)c1ccccc1,,0
O=C(/C=C/c1ccccc1OC(F)(F)F)c1cccc(O)c1,,0
O=C(C(=C1N(Cc2ccc(Cl)nc2)CCN1Cc1ccc(Cl)nc1)[N+](=O)[O-])C(Cl)Cl,,0
O=C(C(CC(O)=NO)CC1CCCC1)N1CC2(CC2)C[C@H]1c1nc(-c2ccc(C3CC3)cc2)no1,,0
O=C(C(NS(=O)(=O)c1cccs1)c1ccccc1)N1CCN(c2ccccc2)CC1,,0
O=C(C1=C[C@H](c2csc3ccccc23)C[C@H](OCc2ccc(CO)cc2)O1)N1CCN(Cc2ccccc2)CC1,,0
O=C(C1=Cc2ccccc2OC1)N1CCC[C@H]1c1nc(-c2ccccc2)c[nH]1,,0
O=C(C1CC1)N1C[C@H]2CNC[C@@]2(C(=O)NCCCc2ccccc2)C1,,0
O=C(C1CCCN(S(=O)(=O)c2cccc3nonc23)C1)N1CCN(c2ccccc2Cl)CC1,,0
O=C(C1CCCN(S(=O)(=O)c2cccc3nsnc23)C1)N1CCN(c2ccccc2Cl)CC1,,0
O=C(C=Cc1ccc(O)c(O)c1)O[C@H]1[C@H](O)C[C@](OC(=O)C=Cc2ccc(O)c(O)c2)(C(=O)O)C[C@H]1OC(=O)C=Cc1ccc(O)c(O)c1,,0
O=C(C=Cc1ccc(O)c(O)c1)O[C@H]1[C@H](O)[C@@H](CO)O[C@H]2OC[C@@H](c3ccccc3)O[C@@H]21,,0
O=C(C=Cc1ccc(O)c2oc(-c3ccc(O)c(O)c3)cc12)N1CCCCC1,,0
O=C(C=Cc1ccc(O)cc1)N1CCC(Cc2ccccc2)CC1,,0
O=C(CC(NS(=O)(=O)c1ccc(Cl)cc1)c1ccco1)N1CCc2ccccc21,,0
O=C(CC1C/C=C/CCC(=O)N[C@H](Cc2ccccc2)COC1=O)NCc1ccc(Cl)cc1,,0
O=C(CC1C/C=C\CC(Cc2ccc(F)cc2)C(=O)OC[C@@H]2CCCN2C1=O)N[C@H](CO)Cc1ccccc1,,0
O=C(CC1C/C=C\CC(NC(=O)OCC2c3ccccc3-c3ccccc32)C(=O)O[C@H](c2ccccc2)CNC1=O)N[C@H](CO)Cc1ccccc1,,0
O=C(CC1CCC2(CC1)OOC1(OO2)C2CC3CC(C2)CC1C3)NCc1cccc(CNC(=O)CC2CCC3(CC2)OOC2(OO3)C3CC4CC(C3)CC2C4)c1,,0
O=C(CC1CCCC1)N1CCCC1c1nc(-c2ccccn2)cc(=O)[nH]1,,0
O=C(CC1CN(S(=O)(=O)c2ccc(F)cc2)c2ccc(C(O)(C(F)(F)F)C(F)(F)F)cc2S1)Nc1nncs1,,0
O=C(CCC(=O)NC1CCCCCCC1)Nc1nnc(C(F)(F)F)s1,,0
O=C(CCC(NC(=S)Nc1ccccc1F)C(=O)N1CCN(c2nsc3ccccc23)CC1)N1CCN(c2nsc3ccccc23)CC1,,0
O=C(CCC1CCCC1)N1CCc2c([nH]c3ccccc23)C1c1ccc(F)cc1,,0
O=C(CCCCn1c(=O)c2ccccc2n(Cc2ccc(Cl)cc2)c1=O)NCc1ccccc1Cl,,0
O=C(CCSc1nnc(-c2ccncc2)o1)Nc1ccccc1Cl,,0
O=C(CCc1ccc2ccc3cccc4ccc1c2c34)OCC1COCCOCCOCCOCCOCCO1,,0
O=C(CCc1ccccc1)Nc1nc2ccccc2n2nc(-c3ccco3)nc12,,0
O=C(CCc1nc(=O)c2ccccc2[nH]1)NCCN1C(=O)S/C(=C\c2ccccc2Cl)C1=O,,0
O=C(CCc1nnc(CCc2ccccc2)o1)NC[C@H]1C[C@H]2C=C[C@H]1C21CC1,,0
O=C(CN(Cc1ccccc1)C(=O)CNS(=O)(=O)c1ccc(F)cc1)NCC1CCCO1,,0
O=C(CN(Cc1ccco1)C(=O)c1cc(=O)[nH]c2ccccc12)Nc1ccccc1C(F)(F)F,,0
O=C(CN1C(=O)C2(SCC(=O)N2c2ccccc2)c2ccccc21)NCc1ccccc1,,0
O=C(CN1C(=O)c2cccc3cccc1c23)Nc1ccccc1Br,,0
O=C(CN1CCC(n2cc(-c3ccccc3)cn2)CC1)NCc1nc(=O)c2c([nH]1)CCOC2,,0
O=C(CN1CCCC(c2ccccc2)(c2ccccc2)C1=O)N1CCC(C(O)(c2ccccc2)c2ccccc2)CC1,,0
O=C(CN1CN(c2ccccc2)C2(CCN(C(=O)c3ccc(C4CCCCC4)cc3)CC2)C1=O)N1CCC(O)CC1,,0
O=C(CN1CN(c2ccccc2)C2(CCN(C(=O)c3ccc(C4CCCCC4)cc3)CC2)C1=O)NCCCCO,,0
O=C(CNC(=O)Nc1ccccc1F)NC(Cc1ccccc1)C(=O)NCC(=O)NC(Cc1ccccc1)C(=O)N1CCCC1C(=O)N1CCN(c2cccc(Cl)c2Cl)CC1,,0
O=C(CNC(=O)c1ccc(Cl)cc1)OCCCOC(=O)CNC(=O)c1ccc(Cl)cc1,,0
O=C(CNC(=S)Nc1ccccc1F)NC(Cc1ccccc1)C(=O)NCC(=O)NC(Cc1ccccc1)C(=O)N1CCCC1C(=O)N1CCC(c2noc3cc(F)ccc23)CC1,,0
O=C(COC(=O)c1ccc2c(c1)OCCO2)NC1CCCCC1,,0
O=C(COc1ccc(/C=C2\SC(=S)N(C(Cc3ccccc3)C(=O)O)C2=O)cc1)c1ccccc1Br,,0
O=C(COc1ccc2c(c1)OCO2)Nc1ccc(Cl)cn1,,0
O=C(COc1ccccc1[N+](=O)[O-])N1CCC(c2nc3ccccc3o2)CC1,,0
O=C(CS(=O)(=O)c1ccc(C(F)(F)F)cn1)NNS(=O)(=O)c1ccc(Cl)cc1,,0
O=C(CSc1ccc(Br)cc1)c1c[nH]c2cc(Cl)c(F)cc12,,0
O=C(CSc1ccc(NC(=O)C(Cl)(Cl)Cl)cc1)Nc1ccc(Cl)cn1,,0
O=C(CSc1ccc([N+](=O)[O-])cc1)N1N=C(c2cc3ccccc3oc2=O)C[C@@H]1c1ccc(C(F)(F)F)cc1,,0
O=C(CSc1ccc2c(c1)OCCO2)NS(=O)(=O)c1ccccc1Br,,0
O=C(CSc1ccccc1C(=O)N1CCN(c2ccc([N+](=O)[O-])cc2)CC1)N1CCCC1,,0
O=C(CSc1nc(=O)c2c(C(F)(F)F)cc(-c3cccs3)nc2[nH]1)Nc1c(F)c(F)c(F)c(F)c1F,,0
O=C(CSc1nnc(-c2ccccc2O)n1Cc1ccccc1)NNC(=O)c1ccccc1O,,0
O=C(CSc1nnc(COc2ccc(Cl)cc2)n1Cc1ccco1)N1CCNC1=O,,0
O=C(CSc1nnc(SCc2ccc(Cl)cc2)s1)N1CCN(C(=O)c2ccco2)CC1,,0
O=C(CSc1nnc2scc(-c3ccccc3)n12)Nc1ccccc1F,,0
O=C(CSc1nncn1-c1ccccc1)Nc1cc(Cl)cc(Cl)c1,,0
O=C(CSc1nnnn1-c1ccc(C2CC2)cc1Cl)Nc1ccc(C#CCO)cc1Cl,,0
O=C(CSc1oc(-c2ccco2)nc1S(=O)(=O)c1ccccc1)NCC1CCCO1,,0
O=C(Cc1ccc(Cl)cc1)NS(=O)(=O)c1ccccc1,,0
O=C(Cc1ccc(OCC[C@@H]2C[C@@H]2C2CCN(c3ncc(Cl)cn3)CC2)cc1)N1CCC1,,0
O=C(Cc1cccc2ccccc12)NN=CC=Cc1cccc([N+](=O)[O-])c1,,0
O=C(Cc1ccccc1)N1CCCC(c2nc(-c3ccc(S(=O)(=O)N4CCCC4)cc3)no2)C1,,0
O=C(Cc1ccccc1)NNC(=O)C(OC/C=C/Br)[C@H](O)[C@@H](O)C(OC/C=C/Br)C(=O)N[C@H]1c2ccccc2C[C@H]1O,,0
O=C(Cc1ccccc1)Nc1ccc(CCCCc2nnc(NC(=O)Cc3ccccn3)s2)nn1,,0
O=C(Cc1ccccc1)Nc1nc2nn(CCc3ccccc3)cc2c2nc(-c3ccco3)nn12,,0
O=C(Cc1ccccc1)Nc1nn2c(-c3ccco3)nnc2s1,,0
O=C(Cc1ccccc1)OC(Cn1ccnc1)c1ccccc1,,0
O=C(Cc1ccccc1)OC1C(=O)C=CN(C(=O)/C=C/c2ccccc2)[C@@H]1c1ccccc1,,0
O=C(Cc1cncnc1)N1CC[C@](c2ccc(C(F)(C(F)(F)F)C(F)(F)F)cc2)(S(=O)(=O)c2ccc(F)cc2)C1,,0
O=C(Cn1c(=O)c2sccc2n(CC(=O)Nc2ccc(Cl)cc2Cl)c1=O)NCCc1ccccc1,,0
O=C(Cn1c(=O)n(Cc2ccc(C(=O)NCc3ccc4c(c3)OCO4)cc2)c(=O)c2ccccc21)Nc1ccc(F)cc1F,,0
O=C(Cn1c(=O)n2nc(-c3cccc(F)c3)nc2c2ccccc21)N1CCN(c2ccccc2F)CC1,,0
O=C(Cn1c(=O)oc2ccccc21)Nc1nc(-c2ccccc2)cs1,,0
O=C(Cn1c2ccccc2c2nc3ccccc3nc21)N1N=C(c2cc3ccccc3o2)CC1c1ccccc1O,,0
O=C(Cn1cc(CSc2nc3ccccc3[nH]2)nn1)N1CCN(Cc2ccccc2)CC1,,0
O=C(Cn1ccc2sccc2c1=O)NCc1ccc(F)cc1,,0
O=C(Cn1ncc2c3ccccc3n(Cc3ccc(F)cc3)c2c1=O)N1CCN(c2ncccn2)CC1,,0
O=C(N/N=C/c1ccc(N2CCOCC2)s1)c1ccc(NS(=O)(=O)c2cccs2)cc1,,0
O=C(N/N=C/c1ccc([N+](=O)[O-])o1)C1C2CC3CC(C2)CC1C3,,0
O=C(N/N=C/c1ccc([N+](=O)[O-])o1)c1ccc(C(F)(F)F)cc1,,0
O=C(N/N=C/c1ccc2c(c1)OCO2)c1ccc(Nc2nc(N3CCCCC3)nc(N3CCCCC3)n2)cc1,,0
O=C(N/N=C/c1cccc([N+](=O)[O-])c1)c1cc2c(ccc3ccccc32)o1,,0
O=C(N/N=C/c1cccc2cccnc12)C1C[C@@H]1c1ccccc1,,0
O=C(N1CCC=C[C@@H]1COCc1ccccc1)n1cc(-c2ccccc2)nn1,,0
O=C(N1CCN(c2ccccn2)CC1)C1(Oc2ccc(C(F)(F)F)cc2)CCCN(S(=O)(=O)c2ccccc2)C1,,0
O=C(N=C(Cc1ccccc1[N+](=O)[O-])c1nc2ccccc2[nH]1)c1ccccc1,,0
O=C(NC(CC(=O)N1CCN(c2ccccc2)CC1)c1ccccc1)c1ccccc1,,0
O=C(NC(CCN1C(=O)c2ccccc2C1=O)C(O)=NO)c1ccc(Oc2ccccc2)cc1,,0
O=C(NC(Cc1c[nH]cn1)C(=O)Nc1cccc(-c2ccc(Oc3ccc(F)cc3)cc2)n1)C1CC1,,0
O=C(NC(Cc1ccccc1)C(=O)NCc1ccccc1)C(CCc1ccccc1)CC(O)=NO,,0
O=C(NC(Cc1ccccc1)C(O)C(=O)N1C[C@@H](O)[C@@H](O)C1)c1cc2cc(Cl)ccc2[nH]1,,0
O=C(NC12CC3CC(CC(C3)C1)C2)c1cccc(OC(F)F)c1,,0
O=C(NC1CC(c2ccccc2)CCN(CC2CC2)C1=O)N1CCC(n2[nH]c(-c3ccccc3)nc2=O)CC1,,0
O=C(NC1CC(c2ccccc2)Cc2cccnc21)c1cnc2c(c1)C[C@@]1(C2)C(=O)Nc2ncccc21,,0
O=C(NC1CC=C(c2ccc(NC(=O)N3Cc4ccccc4C3)cc2)CC1)C1CCCCC1,,0
O=C(NC1CCCC1)C(c1ccc(F)cc1)N(C(=O)c1csnn1)C1CCCC1,,0
O=C(NC1CCCC1)C(c1ccccn1)N(C(=O)c1csnn1)c1ccccc1F,,0
O=C(NC1CCCC1)C(c1cccnc1)N(C(=O)c1csnn1)c1ccc(F)cc1,,0
O=C(NC1CCCC1)c1ccc(Br)c(S(=O)(=O)N2CCCCC2)c1,,0
O=C(NC1CCCCC1)C(c1ccc(Cl)cc1)N(C(=O)c1cnccn1)c1ccc2c(c1)OCO2,,0
O=C(NC1CCCCC1)C(c1ccccn1)N(C(=O)c1csnn1)c1ccccc1,,0
O=C(NC1COC1)c1cc(NC(=O)c2cc(-c3ccc(F)cn3)c(Cl)cc2Cl)n(-c2ccccc2)n1,,0
O=C(NC1N=C(c2ccccc2)c2ccccc2N(CC(F)(F)F)C1=O)N1CCC(n2c(=O)[nH]c3nccnc32)CC1,,0
O=C(NCC(=O)N1CCCC1)c1ccc2cc(Oc3ccc(C(F)F)cn3)ccc2n1,,0
O=C(NCC(O)CO)c1ccc2c(c1)C(=O)c1ccc(Nc3cc(NC(=O)c4cccs4)c(F)cc3F)cc1OC2,,0
O=C(NCC1(O)CC1)C1CC[C@@]2(S(=O)(=O)c3ccc(F)cc3)c3ccc(C(F)(C(F)(F)F)C(F)(F)F)cc3CC[C@@H]12,,0
O=C(NCC1(c2ccc(Cl)nc2)CCCCC1)C1CCOc2ncccc21,,0
O=C(NCC12CC3CC(CC(C3)C1)C2)c1cc2[nH]cnc2cc1C(=O)NC(Cc1ccccc1)C(=O)Nc1cc(-c2nn[nH]n2)cc(-c2nn[nH]n2)c1,,0
O=C(NCC12CC3CC(CC(C3)C1)C2)c1cc2n(n1)C(C(F)(F)F)CC(c1ccco1)N2,,0
O=C(NCC1CC1)C1(C(F)(F)F)CC(CCc2ccccc2)CCCO1,,0
O=C(NCC1CCCO1)c1cc2n(n1)C(C(F)(F)F)CC(c1ccc(Br)cc1)N2,,0
O=C(NCC1CCCO1)c1ccccc1-c1nc(-c2ccc(Cl)cc2)no1,,0
O=C(NCCC1CN(S(=O)(=O)C(F)(F)F)c2ccccc21)OCc1ccccc1,,0
O=C(NCCCC(=O)C(F)(F)F)c1nc(-c2nccs2)sc1C1CC1,,0
O=C(NCCCCCCCCCNC(=O)C1[C@H]2C[C@H]3c4[nH]c5ccccc5c4CCN3C[C@@H]2CC[C@@H]1O)C1[C@H]2C[C@H]3c4[nH]c5ccccc5c4CCN3C[C@@H]2CC[C@@H]1O,,0
O=C(NCCCc1ccncc1)C1CCN(C(=O)c2cc3ccccc3n2Cc2ccc(Cl)cc2)CC1,,0
O=C(NCCc1ccccc1)C1(Oc2ccc(C(F)(F)F)cc2)CCCN(C(=O)C2(c3ccc(Cl)cc3)CC2)C1,,0
O=C(NCCc1ccccc1)c1ccc2c(c1)N(Cc1ccccc1F)C(=O)c1ccccc1[S+]2[O-],,0
O=C(NCCc1ccccc1)c1coc(=O)c(Br)c1,,0
O=C(NCCc1ccccc1)c1noc2c1CCc1ccccc1-2,,0
O=C(NCCc1ccncc1)C1CCN(C(=O)c2ccccc2NCc2ccc(Cl)cc2)CC1,,0
O=C(NCCc1csc2nc(-c3ccccc3F)nn12)c1ccco1,,0
O=C(NC[C@@H]1CC(Br)=NO1)C1C[C@@H](c2ccc(Cl)cc2)CN1C(=O)OCc1cnc2ccccc2c1,,0
O=C(NC[C@@H]1C[C@@H]2C=C[C@@H]1C2)NS(=O)(=O)N1CCC(CCNC(=O)c2cnsc2)CC1,,0
O=C(NC[C@@H]1OC(=O)N2c3ccc(N4CCN(S(=O)(=O)c5ccccc5)CC4=O)cc3OC[C@@H]12)c1ccc(Cl)s1,,0
O=C(NC[C@H](O)CO)c1cc(NC(=O)c2cc(-c3ccccn3)c(F)cc2Cl)n(-c2ccccc2)n1,,0
O=C(NC[C@H]1CCCO1)c1ccc(NC(=O)N2Cc3ccc(F)cc3C2)cc1,,0
O=C(NCc1c(Cl)cncc1Cl)c1ccc2[nH]nc(-c3ccncc3)c2c1,,0
O=C(NCc1ccc(Cl)cc1Cl)C1CCC(=O)N1Cc1ccc([N+](=O)[O-])cc1,,0
O=C(NCc1ccc(NC(=O)C(=O)NOC2CCCCO2)cc1)NC12CC3CC(CC(C3)C1)C2,,0
O=C(NCc1ccc(O)c(O)c1)c1c(=O)n(O)c(O)c2ccccc12,,0
O=C(NCc1ccccc1)C1CCCN(S(=O)(=O)c2ccc(Br)cc2)C1,,0
O=C(NCc1ccccc1Cl)C1CCCN(S(=O)(=O)c2cccc3nsnc23)C1,,0
O=C(NCc1ccccc1Cl)C1CCCN(c2nc3ccsc3c(=O)s2)C1,,0
O=C(NCc1ccco1)C1CCCN(c2cccc3c2C(=O)N(CCc2cccc(F)c2)C3=O)C1,,0
O=C(NCc1ccco1)c1cc(-c2ccc3c(c2)OCO3)on1,,0
O=C(NCc1ccco1)c1ccc2c(c1)N(Cc1cccc(Cl)c1)C(=O)c1ccccc1S2(=O)=O,,0
O=C(NCc1cccs1)C1CCC(=O)N1C1CCCCC1,,0
O=C(NCc1ccncc1)c1ccc(-c2cc(=NC3CC3)n3ncc(=Cc4[nH]c(=O)[nH]c4O)c3n2)s1,,0
O=C(NCc1ncc[nH]1)C(O)c1ccc(-c2noc(-c3onc(-c4ccccc4)c3C(F)(F)F)n2)cc1,,0
O=C(NN1C(=O)CSC1c1ccc(Cl)cc1)c1cc(-c2ccc(Cl)cc2)[nH]n1,,0
O=C(NN=C(c1ccccn1)c1ccccn1)c1ccc2c3c(ccc2c1)N1Cc2c(ccc4cc(C(=O)NN=C(c5ccccn5)c5ccccn5)ccc24)N(C3)C1,,0
O=C(NN=CC(Br)=Cc1ccccc1)c1cc(-c2ccco2)[nH]n1,,0
O=C(NN=CC=Cc1ccccc1)C1CC1(c1ccccc1)c1ccccc1,,0
O=C(NN=Cc1ccc(O)cc1)c1nc(-c2ccccc2)n(-c2ccccc2)n1,,0
O=C(NNC(=O)C(Cc1ccc(O)cc1)NC(=O)c1ccc(Br)o1)c1ccc(F)cc1,,0
O=C(NS(=O)(=O)Cc1ccccc1)c1cc2[nH]c(-c3ccco3)c(C3CCCCC3)c(=O)n2n1,,0
O=C(N[C@@H]1CCCC[C@H]1O)c1cn(-c2ccc(Cl)cc2)c(-c2ccccc2Cl)n1,,0
O=C(N[C@@H]1CC[C@@]2(S(=O)(=O)c3ccc(F)cc3)c3ccc(C(F)(C(F)(F)F)C(F)(F)F)nc3CC[C@@H]12)C1CCS(=O)(=O)CC1,,0
O=C(N[C@H]1C2CC3CC1C[C@](O)(C3)C2)c1cccc(N2CCC(O)(C3CC3)CC2)n1,,0
O=C(N[C@H]1C2CC3CC1C[C@](O)(C3)C2)c1cnc(N[C@H]2CCOC2)nc1C1CCC1,,0
O=C(Nc1c(Cl)cccc1Cl)c1cc(-c2ccc3c(c2)OCO3)on1,,0
O=C(Nc1c(F)c(F)c(-c2cccc(OC(F)(F)F)c2)c(F)c1F)c1no[nH]c1=O,,0
O=C(Nc1cc(Cl)ccc1Cl)C(=O)c1c(O)[nH]c(=O)[nH]c1=O,,0
O=C(Nc1ccc(-c2nnc3n2-c2cccnc2Nc2ccccc2-3)cc1)c1ccc2c(c1)OCO2,,0
O=C(Nc1ccc(Br)cc1)c1ccc2[nH]c(-c3ccc([N+](=O)[O-])o3)nc2c1,,0
O=C(Nc1ccc(C(=O)N2CCCCc3[nH]ccc32)cc1)c1ccccc1-c1ccccc1,,0
O=C(Nc1ccc(C(F)(F)F)cc1[N+](=O)[O-])O[C@H]1[C@H](Cc2ccccc2)NS(=O)(=O)[C@H]2C[C@H]3C=C[C@]12O3,,0
O=C(Nc1ccc(F)cc1)C1CC(=O)N(Cc2ccco2)C1,,0
O=C(Nc1ccc(F)cc1)c1cc([N+](=O)[O-])cc([N+](=O)[O-])c1,,0
O=C(Nc1ccc(N2C(=O)CSC2c2cccs2)cc1)c1ccc(N2C(=O)CSC2c2cccs2)cc1,,0
O=C(Nc1ccc(O)cc1)c1c(O)[nH]c(=O)n(-c2ccccc2)c1=O,,0
O=C(Nc1ccc(OC(F)(F)F)cc1)N1CCOC2(CCN(C(=O)C3CCCCC3)CC2)C1,,0
O=C(Nc1ccc(S(=O)(=O)C(F)(F)F)cc1)N1CCC(F)(c2ncc([C@@H](O)CO)cc2Cl)CC1,,0
O=C(Nc1ccc(S(=O)(=O)Nc2ccc(Cl)cc2)cc1)C1CCCO1,,0
O=C(Nc1ccc2c(c1)OCCO2)C(c1ccccc1)n1c(=O)c(-c2cc3ccccc3[nH]2)nc2ccccc21,,0
O=C(Nc1ccc2c(c1)[C@@H]1C[C@H](CC(=O)N3CCc4ccccc4C3)O[C@@H](CO)[C@@H]1O2)c1ccc2c(c1)OCO2,,0
O=C(Nc1cccc(Cl)c1Cl)N1CCn2c(c(O)n([C@@H]3C[C@H]3c3ccccc3)c2=O)C1,,0
O=C(Nc1ccccc1)c1cc(C(=O)C2CC2)n2ccccc12,,0
O=C(Nc1ccccc1)c1cc2c(s1)C(=O)c1c(Cl)cccc1C2=O,,0
O=C(Nc1ccccc1F)c1cc2c(s1)-c1ccccc1S(=O)(=O)C2,,0
O=C(Nc1cccnc1N1CCSCC1)c1cc2c(s1)CCCCC2,,0
O=C(Nc1ccnn1C1CCN(C(=O)c2ccc(Cl)c(F)c2)CC1)C1CCOC1,,0
O=C(Nc1cnccn1)C1CCN(C(=O)NC(CCc2ccccc2)C(=O)NC(CCc2ccccc2)C(=O)NCc2ccccc2Cl)CC1,,0
O=C(O)C(Cc1ccc(O)c(O)c1)OC(O)=c1cc2cc(O)c(O)cc2c(-c2ccc(O)c(O)c2)c1=C(O)OC(Cc1ccc(O)c(O)c1)C(=O)O,,0
O=C(O)C1CCC(C(=O)N2CC[C@](c3ccc(C(OCc4c(F)cccc4F)(C(F)(F)F)C(F)(F)F)cc3)(S(=O)(=O)c3ccc(F)cc3)C2)CC1,,0
O=C(O)C1CCN(CCC=C(c2sccc2COC2CCCCC2)c2sccc2COC2CCCCC2)CC1,,0
O=C(O)C1CN(Cc2ccc3c(c2)OCc2c-3noc2-c2onc(-c3ccccc3)c2C(F)(F)F)C1,,0
O=C(O)C1C[C@H]2C[C@@H](C(Cc3nn[nH]n3)c3ccccc3)CC[C@H]2CN1,,0
O=C(O)C1C[C@H]2C[C@@H](Sc3ccccc3-c3nn[nH]n3)CC[C@H]2CN1,,0
O=C(O)C1[C@H](c2ccccc2[N+](=O)[O-])C(C(=O)O[C@@H]2CCCC[C@H]2c2ccccc2)[C@H]1c1ccccc1[N+](=O)[O-],,0
O=C(O)CC1NC(=O)C(Cc2c(Br)[nH]c3ccccc23)NC(=O)C(C2CC2)NC(=O)C(C2CCCC2)NC(=O)C2CCCN2C1=O,,0
O=C(O)CCCC1(Cc2ccncc2)C(=O)N(c2ccccc2)c2ccccc21,,0
O=C(O)C[C@H](Cc1ccccc1)NC(=O)C(Cc1cccnc1)NC(=O)C1CCCN1C(=O)N(Cc1c[nH]nn1)NC(=O)Cc1ccccc1,,0
O=C(O)C[C@H]1CCCN(CC(O)c2ccc3c(c2)CCc2c(-c4noc(-c5ccccc5)c4C(F)(F)F)noc2-3)C1,,0
O=C(O)Cc1ccc(-c2ccccc2NC(=O)Cc2cccc(-c3ccc(O)c(O)c3O)c2)s1,,0
O=C(O)Cc1ccc2oc(CCN(Cc3cccc(C(F)(F)F)c3Cl)CC(c3ccccc3)c3ccccc3)cc2c1,,0
O=C(O)Cn1nnc(-c2cncc(-c3cn(Cc4cc(Br)c(Br)c(Br)c4)nn3)c2)n1,,0
O=C(O)c1cc(N(Cc2ccc(C3CCNCC3)cc2)C(=O)CN(Cc2ccccc2)S(=O)(=O)c2ccc(-c3ccccc3)cc2)ccc1O,,0
O=C(O)c1ccc(N(Cc2ccc(C3CCCCC3)cc2)C(=O)CN(Cc2ccc3ccccc3c2)S(=O)(=O)c2c(F)c(F)c(F)c(F)c2F)cc1O,,0
O=C(O)c1ccc(N2CC3(CCN(Cc4cn(-c5ccc(F)cc5)nc4-c4ccc(F)cc4)CC3)OC2=O)cc1,,0
O=C(OC1CCCCC1)N1CCc2cc(S(=O)(=O)Nc3ccc(CCCC4CCCC4)cc3F)ccc2C1,,0
O=C(OCC(=O)C12CC3CC(CC(C3)C1)C2)c1ccc(O)cc1,,0
O=C(OCC(=O)C12CC3CC(CC(C3)C1)C2)c1ccccc1O,,0
O=C(OCC(=O)N1CCN(C(=O)c2ccco2)CC1)c1ccccc1C(=O)c1ccc(Cl)cc1,,0
O=C(OCCc1ccccc1)c1cc(N=Cc2cc(O)ccc2O)ccc1O,,0
O=C(OCc1ccccc1)C1CCCN1P(=O)(OC[C@H]1O[C@@H](n2cc(/C=C/Br)c(=O)[nH]c2=O)C[C@@H]1O)Oc1cccc2ccccc12,,0
O=C(Oc1ccc(N(C(=O)c2ccncc2)S(=O)(=O)c2cccs2)cc1)c1ccncc1,,0
O=C(Oc1ccc([N+](=O)[O-])cc1)N1CCC(C(O)(c2ccc(Cl)cc2)c2ccc(Cl)cc2)CC1,,0
O=C(Oc1coc(CSc2ncccn2)cc1=O)c1ccc(S(=O)(=O)N2CCCC2)cc1,,0
O=C([O-])c1ccc2c(c1)n(Cc1ccc3ccccc3c1)c[n+]2Cc1ccc2ccccc2c1,,0
O=C(c1cc(-c2ccc(Cl)c(Cl)c2)on1)N1CCCC1,,0
O=C(c1cc(C(=O)Nc2ccc(F)cc2)c(=O)n(-c2ccc(F)cc2)c1)c1cc(Cl)ccc1O,,0
O=C(c1cc(C(F)(F)F)cc(C(F)(F)F)c1)N1CCC(CCN2CCC3(CC2)C(=O)NCN3c2ccccc2)CC1Cc1ccc(Cl)c(Cl)c1,,0
O=C(c1cc(Cc2n[nH]c(=O)c3c2NCCC3)ccc1F)N1CCN(c2cnccn2)CC1,,0
O=C(c1cc(F)c(NS(=O)(=O)c2cccc3cccnc23)cc1F)N1CCC(O)(c2ccccc2)CC1,,0
O=C(c1ccc(C(F)(F)F)cc1)N1CCC(=O)N([C@H](COCc2ccc(C(F)(F)F)cc2)Cc2ccccc2)CC1,,0
O=C(c1ccc(CS(=O)(=O)c2ccc(Br)cc2)o1)N1CCN(c2ccccc2F)CC1,,0
O=C(c1ccc(C[S+]([O-])Cc2ccc(Cl)cc2)o1)N1CCN(c2ccc(F)cc2)CC1,,0
O=C(c1ccc(Cl)cc1)C1OC12C(=O)Nc1c(Cl)cc(Cl)cc12,,0
O=C(c1ccc(F)cc1)N(NC(=O)C(O)(c1ccccc1)c1ccccc1)c1ccccc1,,0
O=C(c1ccc(F)cc1)c1c[nH]c(-c2ccc(C(F)(F)F)cc2)n1,,0
O=C(c1ccc(NS(=O)(=O)c2ccc(Cl)cc2)cc1)N1CCC(O)(Cc2ccccc2)CC1,,0
O=C(c1ccc(NS(=O)(=O)c2ccc(F)c3nccnc23)cc1)N1CCC(O)(c2cccc(F)c2F)CC1,,0
O=C(c1ccc(NS(=O)(=O)c2csc3cccnc23)cc1)N1CCC(O)(c2ccccc2Cl)CC1,,0
O=C(c1ccc(OCc2cn3ccccc3n2)cc1)N1CCN(S(=O)(=O)c2ccccc2F)CC1,,0
O=C(c1ccc(SCc2ccccc2B(O)O)nc1)N(Cc1ccncc1)c1ccc(F)cc1,,0
O=C(c1ccc2c(c1)OCO2)N(CC1CCCO1)C1(C(=O)NC2CCCC2)CCCCC1,,0
O=C(c1cccc(Cl)c1Cl)N1CCc2c(nc(C(F)(F)F)n2-c2ccccc2)C1,,0
O=C(c1cccc(F)c1-c1ccncc1)N1C2CCC1C(Nc1cnc(C(F)(F)F)cn1)C2,,0
O=C(c1cccc(O)c1)c1ccc(-c2cccc(NS(=O)(=O)c3ccccc3[N+](=O)[O-])c2)s1,,0
O=C(c1cccc([N+](=O)[O-])c1)C(C([S-])=Nc1ccccc1)[n+]1ccccc1,,0
O=C(c1ccccc1)c1ccc(Cn2cc(COCc3cn(Cc4ccc(C(=O)c5ccccc5)cc4)nn3)nn2)cc1,,0
O=C(c1ccccc1-c1ccccc1F)N1CCc2c([nH]c3ccccc23)C1,,0
O=C(c1ccccc1F)N1CCN(c2ccc([N+](=O)[O-])c3cccnc23)CC1,,0
O=C(c1ccccc1Nc1ccc(SC(F)F)cc1)N1CCCCCC1,,0
O=C(c1ccco1)C(C=Nc1cccc(C(F)(F)F)c1)C(=O)C(F)(F)F,,0
O=C(c1ccco1)C1CCCN1C(=O)CCCc1ccccc1,,0
O=C(c1ccncc1)N(c1ccc2oc3c(c2c1)CCCC3)S(=O)(=O)c1cccc([N+](=O)[O-])c1,,0
O=C(c1cn(-c2ccccc2)nc1-c1cccnc1)N1CCN(S(=O)(=O)c2ccc(Cl)cc2)CC1,,0
O=C(c1cnccc1C(F)(F)F)N1CCCC(Oc2ccc(F)cc2)(C(=O)N2CCN(c3ccccn3)CC2)C1,,0
O=C(c1nn2c(C(F)(F)F)cc(C3CC3)cc2c1Cl)N1CCN(C(=O)C2CC(O)C2)CC1,,0
O=C(c1oc2ccccc2c1CSCc1ccccc1)N1CCN(c2ncccn2)CC1,,0
O=C1/C(=C/c2ccc([N+](=O)[O-])cc2)SC(=S)N1CCCCNc1ccnc2cc(Cl)ccc12,,0
O=C1/C(=C/c2ccccc2)Oc2cc(O)c(-c3ccc(C(F)(F)F)cc3)cc21,,0
O=C1/C(=C/c2cn(Cc3ccc4ccccc4c3)c3ccc(Br)cc23)CC[C@@H]2[C@H]3CCCN4CCC[C@@H](CN12)[C@@H]34,,0
O=C1/C(=C/c2coc3c(Cl)cc(Cl)cc3c2=O)SC(=S)N1Cc1ccccc1,,0
O=C1/C(=C\c2cccc(O)c2)SC(=S)N1Cc1ccccc1,,0
O=C1C(=NS(=O)(=O)c2cccs2)C(N2CCN(c3cccc(C(F)(F)F)c3)CC2)C(=O)c2ccccc21,,0
O=C1C(=Nc2ccc(Cl)cc2)C(Cl)C(=O)c2[nH]c(-c3ccncc3)nc21,,0
O=C1C(=O)N(Cc2ccc(OCCF)cc2)c2ccc(S(=O)(=O)N3CC[C@H]3COc3cccnc3)cc21,,0
O=C1C(Cl)=C(OCCOCCOC2=C(Cl)C(=O)c3ccccc3C2=O)C(=O)c2ccccc21,,0
O=C1C(Cl)=C(Sc2nnc3c4ccccc4c4ccccc4c3n2)C(=O)c2ccccc21,,0
O=C1C(Sc2cccc3ccccc23)=C(Sc2cccc3ccccc23)C(=O)c2c(Cl)ccc(O)c21,,0
O=C1C=CC(O)(CC(=O)OC[C@H]2O[C@@H](OC(=O)CC3(O)C=CC(=O)C=C3)[C@H](OC(=O)Cc3ccc(O)cc3)[C@@H](OC(=O)Cc3ccccc3)[C@@H]2O)C=C1,,0
O=C1C=C[C@]23C(c4ccccc4)=CC(=O)N2C(c2cccc(OC(F)(F)F)c2)C(=O)N[C@@H]3C1,,0
O=C1CC(NC(=O)c2ccc3cc(Oc4ccc(C(F)F)cn4)ccc3n2)C1,,0
O=C1CCC(N2Cc3c(OCc4ccc(CN5CCN(c6c(F)cccc6F)CC5)cc4)cccc3C2=O)C(=O)N1,,0
O=C1CCC(c2ccc(C3COC(=O)N3c3ccc4[nH]cnc4c3)cc2)CC1,,0
O=C1CCCCCC1(Cc1c[nH]cn1)c1ccc(Cl)cc1Cl,,0
O=C1CCC[C@@H](C(C(=O)OCc2ccccc2)C(=O)OCc2ccccc2)C1,,0
O=C1CCSC2(C(=O)N(Cc3ccc(F)cc3)c3ccccc32)N1c1ccc(Cl)cc1,,0
O=C1CC[C@]2(c3ccc(Oc4ccccc4)cc3)O[C@H](COc3ccc(Cl)cc3)CN12,,0
O=C1CN(C(=O)c2ccc(S(=O)(=O)N3CCCC3)cc2)C(c2ccccc2)c2cc(Br)ccc2N1,,0
O=C1CN(C(=O)c2ccc(S(=O)(=O)N3CCCC3)cc2)C(c2ccccc2)c2cc(Cl)ccc2N1,,0
O=C1COc2c(Cl)cc(Cl)cc2N1Cc1nnc(CCc2ccc(Cl)cc2)n1CCC(F)(F)F,,0
O=C1COc2c(cc(Cl)cc2[N+](=O)[O-])N1Cc1nnc(-c2ccccn2)n1CCC(F)(F)F,,0
O=C1COc2cc3ncnc(Nc4cccc(Br)c4)c3cc2N1CCCN1CCCCC1,7.0,1
O=C1CSC(c2cn(-c3ccccc3)nc2-c2cc3ccccc3o2)N1Cc1ccccc1,,0
O=C1N(CCCCCOc2ccc(-c3ccc(Br)cc3)cc2)CCN1c1ccncc1,,0
O=C1N(Cc2ccc(O)cc2)[C@H](Cc2ccccc2)[C@H](O)[C@@H](O)[C@@H](Cc2ccccc2)N1Cc1ccc(O)cc1,,0
O=C1N(c2ccc(Cl)cc2)C(c2ccccc2)N2CCCN12,,0
O=C1N2CCc3c([nH]c4ccccc34)C23CC2CCCC12S3,,0
O=C1NC(=O)/C(=C/c2cc(F)c(OCCC3CCCCC3)c(Cl)c2)S1,,0
O=C1NC(=O)/C(=C/c2ccc(OCCCC3CCCCC3)cc2Cl)S1,,0
O=C1NC(=O)/C(=C/c2ccccc2OCc2ccccc2)S1,,0
O=C1NC(=O)N(c2ccccc2F)C(=O)/C1=C/c1ccc(Sc2nc3ccccc3[nH]2)o1,,0
O=C1NC(=S)S/C1=C\c1ccc(OCC(O)(Cn2cncn2)c2ccc(F)cc2F)cc1,,0
O=C1NCC2c3c(cccc31)CCN2C(=O)c1cc(Cc2n[nH]c(=O)c3c2CCCC3)ccc1F,,0
O=C1NCCCCC(C(=O)NCC(=O)N2CCNCC2)NC(=O)C(Cc2ccc(-c3cc(C(F)(F)F)cc(C(F)(F)F)c3)cc2)C(C(O)=NO)CCCO1,,0
O=C1NCCN1c1ccc(S(=O)(=O)Oc2cc(Cl)c(Cl)cc2Cl)cc1,,0
O=C1N[C@@H](Cc2ccccc2)COC(=O)C(Cc2ccc(F)cc2)CC/C=C/CC1CC(=O)N(CCO)Cc1ccccc1,,0
O=C1N[C@H](c2cncc(C#CC3CC(F)(F)C3)c2)[C@@H](c2ccc(F)cc2)O1,,0
O=C1N[C@H](c2cncc(C#CC3CC(F)(F)C3)c2)[C@@H](c2cccc(F)c2)O1,,0
O=C1Nc2ccc(Cl)cc2/C1=C\c1ccc(C(=O)N/N=C/c2ccc(Cl)cc2)cc1,,0
O=C1Nc2ccc(S(=O)(=O)Nc3ccc(NS(=O)(=O)c4ccc5c6c(cccc46)C(=O)N5)cc3)c3cccc1c23,,0
O=C1Nc2ccccc2C(c2ccccc2)=NC1Cc1ccccc1,,0
O=C1Nc2ccccc2C1=NN=Cc1ccc(-c2ccccc2[N+](=O)[O-])o1,,0
O=C1OC[C@@H]2CCCN2C(=O)C(CC(=O)N(CCO)Cc2ccccc2)C/C=C\CCC1Cc1ccc(F)cc1,,0
O=C1O[C@@H](Cn2ccnn2)CN1c1ccc(N2CCN(S(=O)(=O)c3cccc(C(F)(F)F)c3)CC2)c(F)c1,,0
O=C1O[C@H](OCCCOP(=O)(Oc2ccccc2)Oc2ccccc2)[C@@H]2C1[C@H]1CC[C@@H]2O1,,0
O=C1Oc2cc(O)cc(C=Cc3ccc(O)cc3)c2[C@]12c1c(O)cc(O)cc1O[C@@H]2c1ccc(O)cc1,,0
O=C1c2c(Cl)c(Cl)c(Cl)c(Cl)c2C(=O)N1c1cccc(CCc2ccccc2C(F)(F)F)c1,,0
O=C1c2c(O)c(O)cc(S(=O)(=O)NCCCBr)c2CN1Cc1ccc(F)c(Cl)c1,,0
O=C1c2c(c3c4ccc(O)cc4n(O[C@@H]4O[C@H](CO)[C@@H](O)[C@H](O)[C@H]4O)c3c3[nH]c4cc(O)ccc4c23)C(=O)N1NCc1ccnc(CO)c1,,0
O=C1c2ccc(-c3ccc(-c4cncc(NS(=O)(=O)c5ccc(F)cc5F)c4)s3)cc2CN1CCCO,,0
O=C1c2ccc(F)cc2OC2c3[nH]c4ccccc4c3CCN12,,0
O=C1c2cccc3c(Br)ccc(c23)C(=O)N1CCCCn1c[n+](Cc2ccc(F)cc2F)cn1,,0
O=C1c2cccc3c(Br)ccc(c23)C(=O)N1N(Cc1cn(Cc2ccc(Cl)c(Cl)c2)nn1)Cc1cn(Cc2ccc(Cl)c(Cl)c2)nn1,,0
O=C1c2ccccc2-c2c1c1ccccc1c(=O)n2CCCCCCCNS(=O)(=O)c1ccc(Br)cc1,,0
O=C1c2ccccc2C(=O)N1CC(CN1C(=O)c2ccccc2C1=O)(C(=O)OCc1ccccc1)C(=O)OCc1ccccc1,,0
O=C1c2ccccc2C(=O)N1CCCc1c[nH]c2ccccc12,,0
O=C1c2ccccc2C(=O)N1CCOC(=S)N(C(=O)c1ccc(F)cc1F)c1ccc(Cl)cc1,,0
O=C1c2ccccc2C(=O)N1CCOC(=S)N(C(=O)c1ccc([N+](=O)[O-])cc1Cl)c1ccc(Cl)cc1,,0
O=C1c2ccccc2C(=O)N1C[n+]1ccc(CCCc2cc[n+](CN3C(=O)c4ccccc4C3=O)cc2)cc1,,0
O=C1c2ccccc2C(=O)N1c1nc(-c2cccs2)cs1,,0
O=C1c2ccccc2NC(c2ccc(-c3ccccc3)s2)N1c1ccccc1,,0
O=C1c2ccccc2NC(c2ccc(-c3ccccn3)s2)N1c1ccccc1,,0
O=C1c2nnc(-c3ccccn3)n2CCN1Cc1cccc(Cl)c1Cl,,0
O=CCN1C(=O)C(NC(=O)CCc2ccc3ccccc3c2)N=C(c2ccccc2)c2ccccc21,,0
O=CN(O)C(CCC(=O)N1CCOCC1)CS(=O)(=O)c1ccc(Oc2ccc(OC(F)(F)F)cc2)cc1,,0
O=CN(O)CC(CC1CCCC1)C(=O)N1CCCCN1C(=O)Nc1ccc(C(F)(F)F)cc1,,0
O=P([O-])(O)C(O)(C[n+]1cccc(-c2ccccc2)c1)P(=O)(O)O,,0
O=P(c1ccccc1)(c1ccccc1)C(O)c1ccc(Br)cc1,,0
O=S(=O)(/C=C/S(=O)(=O)c1ccc(Cl)cc1)Cc1nnc(CS(=O)(=O)Nc2ccc(Cl)cc2)o1,,0
O=S(=O)(NCc1ccc(S(=O)(=O)N2CCCC2)s1)c1ccc(Cl)c(Cl)c1,,0
O=S(=O)(Nc1cc(Cl)ccc1O)c1ccc(NN=Cc2ccc(O)c(O)c2)nc1,,0
O=S(=O)(Nc1cc(Sc2nn[nH]n2)c(O)c2ccccc12)c1ccc(Oc2ccccc2)cc1,,0
O=S(=O)(Nc1ccc(F)c(F)c1)c1ccccc1C(F)(F)F,,0
O=S(=O)(Nc1ccc(OC(F)F)cc1)c1ccc(-c2ccon2)s1,,0
O=S(=O)(Nc1ccc2c(c1)Cc1cc(NS(=O)(=O)c3ccccc3)ccc1-2)c1ccccc1,,0
O=S(=O)(Nc1ccccc1)N1CCC(c2ccccc2)(c2nccn2Cc2ccccc2)CC1,,0
O=S(=O)(Nc1ccncn1)c1ccc2c(OCCCc3c[nH]nc3C(F)(F)F)nccc2c1,,0
O=S(=O)(Nc1ncco1)c1ccc2c(c1)OCCN2c1ccc(C(F)(F)F)cc1Cl,,0
O=S(=O)(Nc1ncns1)N1CCc2c(cccc2-c2ccc(C(F)(F)F)cc2-n2ccnc2)C1,,0
O=S(=O)(O)c1ccccc1/C=C(\c1ccccc1)c1cccc[n+]1C1CCC([n+]2ccccc2Cc2ccccc2)CC1,,0
O=S(=O)(c1ccc(-n2cccn2)cc1)N(Cc1ccc(C(F)(F)F)c(F)c1)c1nc2ccccn2c1Cl,,0
O=S(=O)(c1ccc(C(F)(F)F)cc1)c1nnn2c1nc(NCc1cccs1)c1sccc12,,0
O=S(=O)(c1ccc(Cl)cc1Cl)N1CCCCC(c2ccc(Cl)c(Cl)c2)=N1,,0
O=S(=O)(c1ccc(N2CCOCC2)nc1)N(Cc1ccc(OC(F)(F)F)cc1)c1nc2ccccn2c1Cl,,0
O=S(=O)(c1ccc(N=C2NC(c3ccc(O)cc3)(c3ccccc3O)c3ccccc32)cc1)c1ccc(N=C2NC(c3ccc(O)cc3)(c3ccccc3O)c3ccccc32)cc1,,0
O=S(=O)(c1ccc(NC(=S)NC23CC4CC(CC(C4)C2)C3)cc1)N1CCCCC1,,0
O=S(=O)(c1ccc(S(=O)(=O)N(Cc2ccc(F)cc2)C2CCCC2)cc1)N1CCCC1,,0
O=S(=O)(c1cccc(-c2n[nH]c(=S)n2-c2ccc(OC(F)(F)F)cc2)c1)N1CCOCC1,,0
O=S(=O)(c1cccc(-c2nnc(SCc3ccc(Cl)cc3)o2)c1)N1CCCCC1,,0
O=S(=O)(c1cccc(CSc2nnc(-c3ccc4c(c3)OCO4)o2)c1)N1CCOCC1,,0
O=S1(=O)Nc2c(ccc3ccc(Cl)nc23)-c2ccccc21,,0
O=[N+]([O-])C(=NNc1ccccc1)C1=NCCN1Cc1ccc(Cl)nc1,,0
O=[N+]([O-])c1c([C@@H](O)c2cc(Cl)cc(Cl)c2O)[nH]c(Cl)c1Cl,,0
O=[N+]([O-])c1ccc(-c2c3nc(c(-c4ccc([N+](=O)[O-])c(F)c4)c4ccc([nH]4)c4ccc([nH]4)c(-c4ccc([N+](=O)[O-])c(F)c4)c4ccc2[nH]4)C=C3)cc1F,,0
O=[N+]([O-])c1ccc(-n2nc(Cc3ccccc3)n(Cc3cccc(F)c3)c2=S)c(C(F)(F)F)c1,,0
O=[N+]([O-])c1ccc(C(Cl)C(Cl)c2ccc(C(Cl)C(Cl)c3ccc([N+](=O)[O-])cc3[N+](=O)[O-])cc2)c([N+](=O)[O-])c1,,0
O=[N+]([O-])c1ccc(C(O)C(CO)NC(=S)Nc2ccccc2)cc1,,0
O=[N+]([O-])c1ccc(C(c2c[nH]cc2-c2ccccc2Cl)n2ccnc2)cc1,,0
O=[N+]([O-])c1ccc(F)c(-c2c3nc(c(-c4cc([N+](=O)[O-])ccc4F)c4ccc([nH]4)c4ccc([nH]4)c(-c4cc([N+](=O)[O-])ccc4F)c4ccc2[nH]4)C=C3)c1,,0
O=[N+]([O-])c1ccc(N(Cc2ccccc2)n2cnnc2)cc1Br,,0
O=[N+]([O-])c1ccc(O)c(C=Nc2nc(-c3ccccc3)cs2)c1,,0
O=[N+]([O-])c1cccc2nc3ccccc3c(NCCC[N+]3([O-])CCCCC3)c12,,0
O=[N+]([O-])c1ccccc1S(=O)(=O)N1CCN(c2nc(-c3cccs3)nc3ccccc23)CC1,,0
O=[N+]([O-])c1cn2c(n1)OC[C@@H](OCCCC#Cc1ccc(-c3ccc(OC(F)(F)F)cc3)cc1)C2,,0
O=[N+]([O-])c1cn2c(n1)OC[C@@H](OCCOc1ccc(-c3ccc(OC(F)(F)F)cc3)cc1)C2,,0
O=[N+]([O-])c1cn2c(n1)OC[C@@H](OCCOc1ccc(OC(F)(F)F)cc1)C2,,0
O=c1[nH]c(/C=C/c2ccc(OC(F)F)cc2)nc2c1cnn2-c1ccccc1,,0
O=c1[nH]c(=O)n(C2CC(O)C(CO)O2)cc1COCC(F)(F)F,,0
O=c1[nH]c(=S)n(Cc2ccccc2)c(-c2ccccc2)c1Cc1c(Cc2ccccc2)ccc2ccccc12,,0
O=c1[nH]c(CSc2ncc(C(F)(F)F)cc2Cl)nc2ccccc12,,0
O=c1[nH]c(O)c(-c2cccc(OCCCOc3ccc(Oc4ccccc4)cc3)c2)s1,,0
O=c1[nH]c(O)c(C=c2cnn3c(=NC4CC4)cc(Nc4cccc(C(F)(F)F)c4)nc23)[nH]1,,0
O=c1[nH]c(O)c(Cc2ccc(OC[C@@H]3CCCN3c3ccc4ccccc4n3)cc2)s1,,0
O=c1[nH]c2ncccc2n1C1CCN(c2ccc(-c3nc4cc(C(F)(F)F)ccc4[nH]3)cn2)CC1,,0
O=c1[nH]cnc2c1ncn2[C@@H]1O[C@H](COC(c2ccccc2)(c2ccccc2)c2ccccc2)[C@@H](OC(c2ccccc2)(c2ccccc2)c2ccccc2)[C@H]1O,,0
O=c1[nH]nc(Cc2ccc(-c3ccccc3Cl)o2)c2ccccc12,,0
O=c1c(-c2ccc(Cl)cc2)c2ccccn2c(=O)n1CCCCN1CCCC(c2c[nH]c3ccccc23)C1,,0
O=c1c(-c2ccc(Oc3ccc(OC(F)(F)F)cc3)cc2)c(CO)[nH]c2ccccc12,,0
O=c1c(-c2ccc3c(c2)OCCO3)coc2cc(OC3CCCCO3)ccc12,,0
O=c1cc(-c2ccc(OCCOCCN(CCOCCOc3ccc(-c4cc(=O)c5ccc(F)cc5o4)cc3)Cc3ccc(F)c(F)c3)cc2)oc2ccccc12,,0
O=c1cc(-c2ccc(OCCOCCN(CCOCCOc3ccc(-c4cc(=O)c5ccccc5o4)cc3)Cc3ccnc4ccccc34)cc2)oc2ccccc12,,0
O=c1cc(-c2ccc(OCCOCCOCCOc3ccc(-c4cc(=O)c5ccccc5o4)cc3)cc2)oc2ccccc12,,0
O=c1cc(-c2ccccc2)[nH]c(Cc2c(Cl)cccc2Cl)n1,,0
O=c1cc(-c2ccccc2)oc2cc(Oc3c([N+](=O)[O-])cc(C(F)(F)F)cc3[N+](=O)[O-])cc(O)c12,,0
O=c1cc(-c2ccccc2OCCOCCN(CCOCCOc2ccccc2-c2cc(=O)c3ccccc3o2)Cc2ccncc2)oc2ccccc12,,0
O=c1cc(-c2ccccc2OCc2ccc(-c3cnn(CC4CCCCC4)c3)cc2)ccn1[C@H]1CCCC[C@@H]1O,,0
O=c1cc(C(F)(F)F)[nH]c(SCc2cccc3ccccc23)n1,,0
O=c1ccc(-c2ccc3c[nH]nc3c2)cn1Cc1ccc(Cl)c(Cl)c1,,0
O=c1ccc(-c2ccccc2)nn1CCCCNC(=S)Nc1ccc(S(=O)(=O)O)cc1,,0
O=c1ccc(-c2nc(-c3ccc(Oc4ccc(F)cc4)cc3)no2)c[nH]1,,0
O=c1ccn(CCCCO[Si](c2ccccc2)(c2ccccc2)c2ccccc2)c(=O)[nH]1,,0
O=c1nc(OCC2COc3ncccc3O2)cc2n1CCc1cc(OCc3ccncc3)ccc1-2,,0
O=c1nc2oc(CCCCl)c(C#CCCCCl)c2cn1Cc1cn(-c2ccc(Cl)cc2)nn1,,0
O=c1oc(CCCO)cc2ccc(/C=C/c3cccc([N+](=O)[O-])c3)cc12,,0
O=c1oc2c(Br)c(O)c(Br)cc2s1,,0
O=c1oc2ccc(F)c(F)c2cc1CO[C@H]1[C@@H](O)[C@@H](CO)O[C@@H](SS[C@@H]2O[C@H](CO)[C@H](O)[C@H](OCc3cc4c(F)c(F)ccc4oc3=O)[C@H]2O)[C@@H]1O,,0
O=c1oc2ccccc2cc1-c1nnc(Sc2nc(Oc3cccc4cccnc34)nc(N3CCN(c4cccc(C(F)(F)F)c4)CC3)n2)o1,,0
O=c1oc2ccccc2cc1C1=NN(S(=O)(=O)c2ccc([N+](=O)[O-])cc2)C(c2ccccc2)C1,,0
OC(CC1c2c(F)cccc2-c2cncn21)C1CCC(F)(F)CC1,,0
OC(CCn1nc2c(Br)c(Br)c(Br)c(Br)c2n1)c1cccc(Cl)c1,,0
OC(CN(Cc1cccc(-c2ncccc2C(F)(F)F)c1)c1cccc(Oc2ccccc2)c1)C(F)(F)F,,0
OC(CSC(=S)N1CCN(c2cccc(C(F)(F)F)c2)CC1)(Cn1cncn1)c1ccc(F)cc1F,,0
OC(Cn1c[n+](Cc2ccc(F)cc2F)cn1)(Cn1c[n+](Cc2ccc(F)cc2F)cn1)c1ccc(F)cc1F,,0
OCC1OC(c2ccc3c(c2)OCO3)C=CC1Oc1cc(Cl)cc(Cl)c1,,0
OCCn1c(-c2ccc(F)cc2)cs/c1=N\c1ccccc1,,0
OC[C@@H]1[C@@H](O)[C@H](O)[C@@H](O)CN1CCCCCOCc1ccc(-c2cc(C(F)(F)F)cc(C(F)(F)F)c2)cc1,,0
OC[C@H]1O[C@@H](SS[C@@H]2O[C@H](CO)[C@H](O)[C@H](n3cc(-c4cccc(F)c4)nn3)[C@H]2O)[C@H](O)[C@@H](n2cc(-c3cccc(F)c3)nn2)[C@H]1O,,0
OC[C@H]1O[C@@H](n2c(=S)[nH]c3cc(Cl)c(Cl)cc32)[C@H](O)[C@@H]1O,,0
OCc1ccc(-c2cc3c(NCc4ccccc4)ncnc3[nH]2)cc1,9.0,1
OCc1ccc(-c2cc3ncnc(Nc4ccc5[nH]ccc5c4)c3s2)cc1,9.0,1
ON=C(O)c1cnc(N2CCC3(CCN(Cc4ccoc4)C3)CC2)nc1,,0
ON=C1c2ccccc2-c2nc3c(Cl)cc(Cl)cc3nc21,,0
O[C@@](Cn1cnnn1)(c1ccc(F)cc1F)C(F)(F)c1ccc(-c2ccc(OC(F)(F)F)cc2)cn1,,0
O[C@H](c1ccccn1)C1(c2ccc(OC(F)(F)F)cc2)CCC1,,0
O[C@H]1CC2(CCC2)Cc2nc(C3CCCC3)c([C@@H](F)c3ccc(C(F)(F)F)cc3)c(C3CCCCC3)c21,,0
Oc1c2c(c(O)n1CCCCn1c(O)c3c(c1O)C1c4ccccc4C3c3ccccc31)C1c3ccccc3C2c2ccccc21,,0
Oc1cc2c(cc1CNCCCCNCc1cc3c(cc1O)[C@@]14CCCC[C@H]1[C@@H](C3)N(CC1CCC1)CC4)C[C@@H]1[C@@H]3CCCC[C@]23CCN1CC1CCC1,,0
Oc1cc2ccc(N[C@H](COc3cncc(-c4ccc5cc(O)[nH]c5c4)c3)Cc3c[nH]c4ccccc34)cc2[nH]1,,0
Oc1cc2ccc1-c1c(ccc(CN3CCN(Cc4ccccc4)CC3)c1O)CCc1ccc(cc1)Oc1cc(cc(CN3CCN(Cc4ccccc4)CC3)c1O)CC2,,0
Oc1ccc(-c2n[nH]c(-c3ccc4[nH]nc(-c5ccc(F)cc5)c4c3)n2)cc1,,0
Oc1ccc(-c2nc(-c3ccc(Oc4ccc(C(F)(F)F)cc4)cc3)no2)cc1,,0
Oc1ccc(C[C@H]2CNC(=S)N2C[C@H]2CCCN2C[C@H](Cc2ccccc2)N2C[C@H](Cc3ccc(O)cc3)N(CCc3ccccc3)C2=S)cc1,,0
Oc1ccc(Cc2c(Br)[nH]c3cc(Br)c(Br)cc23)cc1Br,,0
Oc1ccc2[nH]c3ccc4cc[n+](CCN5CCC(C6CCN(CC[n+]7ccc8ccc9[nH]c%10ccc(O)cc%10c9c8c7)CC6)CC5)cc4c3c2c1,,0
S=C(Nc1ccccc1)N(/N=C/C=C/c1ccccc1)c1nnc(-c2ccccc2)c(-c2ccccc2)n1,,0
[C-]#[N+]C1=C(C)N(c2cccc(C(F)(F)F)c2)C(=O)N(S(=O)(=O)c2ccc(F)cc2)[C@@H]1c1ccc(C#N)cc1S(C)(=O)=O,,0
[C-]#[N+]c1ccc(C2c3c(nn(-c4cnc(OC)nc4OC)c3C(C)C)C(=O)N2c2cc(Cl)c(=O)n(C)c2)c(F)c1,,0
[O-][n+]1ccc(CC(c2ccc(C(O)(C(F)(F)F)C(F)(F)F)cc2)c2ccc(OC(F)F)c(OC(F)F)c2)cc1,,0
c1cc(-c2ccc(-c3ncc(CNCC4CCNCC4)nc3-c3ccc(-c4ccoc4)cc3)cc2)co1,,0
c1cc2[nH]c(-c3ccc(Cn4cc(CCCc5cn(Cc6ccc(-c7nc8cc(C9=NCCN9)ccc8[nH]7)o6)nn5)nn4)o3)nc2cc1C1=NCCN1,,0
c1ccc(-n2ncc3cnc(-c4cncc(NC5CNC5)n4)cc32)nc1,,0
c1ccc(CCCn2c3ccccc3c3ccnc(CNCCCCCCNCc4nccc5c6ccccc6n(CCCc6ccccc6)c45)c32)cc1,,0
c1ccc(CCc2nn3c(Cc4ccccc4)nnc3s2)cc1,,0
c1ccc(Nc2nc(NCc3cccs3)nc(Nc3ccccc3)n2)cc1,,0
c1ccc(Sc2ncnc3c2ncn3C2COc3ccccc3CO2)cc1,,0
c1ccc2nc(N3CC(Oc4nccnc4N4CC5CCC4C5)C3)ccc2c1,,0
