smiles,pchembl,label
C=CC(=O)N1C/C(=C\c2ccc(Cl)cc2)C(=O)[C@@]2(C1)[C@H](c1ccc(Cl)cc1)CN(C)[C@]21C(=O)Nc2ccccc21,5.08,0
c1ccc(CNc2ccnc(N3CCCC3)n2)cc1,5.06,0
COc1cc2cc(NC(=O)C3CCC[C@@H](NCc4ccccc4)C3)c(=O)oc2cc1OC,7.37,1
Nc1ccc2c(CCC3CCN(Cc4ccccc4)CC3)noc2c1,7.7,1
C[n+]1c2ccccc2c(-c2ccc(F)cc2)c2ccccc21.F[B-](F)(F)F,4.49,0
O=[N+]([O-])C1C(Cc2c[nH]cn2)NC2(c3ccccc3-c3nc4ccccc4nc32)C1c1ccccn1,4.77,0
O=C1c2ccccc2C(=O)N1CCCCCCNCc1cccc(Cl)c1,5.7,0
CN(C)CCCN1C(=O)CSC1c1cccc(Cl)c1,4.6,0
CCN(CCOCCNC(=O)NCc1ccccc1)CC1CCCCC1,5.0,0
COc1cccc(CN(C)Cc2ccc(C(=O)NCCc3c[nH]c4ccccc34)cc2)c1,5.42,0
O=c1oc2cc(OCCCCN3CCC(Cc4ccccc4)CC3)ccc2c2c1CCCC2,5.04,0
COc1ccc(C(=O)CCc2cc[n+](Cc3cccc(Cl)c3)cc2C#N)cc1OC,7.65,1
CC(C)(C)c1cc[n+](CCCCCCCCCCCC[n+]2ccc(C(C)(C)C)cc2)cc1,8.15,1
COc1cc(CNC(=O)CCCCCCCCNc2c3c(nc4cc(Cl)ccc24)CC2C=C(C)CC3C2)ccc1O,8.53,1
CC(C)(C)c1cc[n+](Cc2cccc(C[n+]3ccc(C(C)(C)C)cc3)c2)cc1,6.16,1
C[C@]12CC[C@H](O)[C@@](C)(CO)C1C[C@H](O)[C@@]1(C)Oc3cc(-c4cccnc4)oc(=O)c3C(=O)C21,4.46,0
CCOC(=O)C(=NNc1cccc(C)c1)C(=O)C(F)(F)F,4.52,0
Cn1c2ccccc2c(=NCCCCNc2c3c(nc4ccccc24)CCCC3)c2c3ccccc3[nH]c21,7.28,1
O=C(NCCCCCCNc1c2c(nc3cc(Cl)ccc13)CCCC2)Oc1ccc(-c2cc3cccnc3[nH]2)cc1,7.19,1
O=C(Nc1cc(-c2cn(CCNc3c4c(nc5ccccc35)CCCC4)nn2)ccn1)Nc1cccc2c1[C@@H]1CCCCN1C2=O,7.86,1
C/N=C1/CCc2c1n(C)c1ccc(OC(=O)NC)cc21,5.47,0
COc1nc(-c2ccnc(NC(=O)C3CC3)c2)sc1C(=O)NCCNc1c2c(nc3cc(Cl)ccc13)CCCC2,8.68,1
CC1=C(CC(=O)NCCCNCCCNC2=CC(=O)C(NCCCNCCCNC(=O)C=C3C(C)=C(Cc4ccc([S+](C)[O-])cc4)c4ccc(F)cc43)=CC2=O)c2cc(F)ccc2C1=Cc1ccc([S+](C)[O-])cc1,5.02,0
CCN(CC)CCCCOc1ccc2c(c1)C/C(=C\c1ccc(CN(C)Cc3ccccc3)cc1)C2=O,5.4,0
CCCCCCCCCCCCNCC(=O)Nc1ccc2nc3n(c(=O)c2c1)CCC3,7.43,1
COc1cccc(/C=C/C(=O)NCCC2CCN(Cc3ccccc3)CC2)c1,6.12,1
CC(=O)n1c2c(c3ccccc31)Oc1[nH]c(C)nc(=O)c1C2c1ccccc1[N+](=O)[O-],4.32,0
O=C(Nc1ccc2c(CCC3CCN(Cc4ccccc4)CC3)noc2c1)c1ccccc1,8.03,1
CC(C)Cc1ccc(/C=C2\Oc3ccccc3C2=O)cc1,6.01,1
O=C1CCN2Cc3ccccc3NC12,4.86,0
CN=C(NCCNCc1ccc(CN(C(C)C)C(C)C)o1)C(C#N)C#N,5.68,0
COc1cccc(CC2CCN(CCCCOc3ccc4c5c(c(=O)oc4c3)CCCC5)CC2)c1,4.86,0
COc1ccc(C(=O)Cc2ncc(C(=O)N(C)CCCOc3c(F)c(F)c(F)c(F)c3F)cn2)cc1,5.29,0
Cc1ccc([N+](=O)[O-])cc1,6.154999999999999,1
COc1ccc2c(c1)CCCc1c-2nc2ccccc2c1N,4.16,0
c1ccc2c(NCCCCCCNc3c4c(nc5ccccc35)CCC4)c3c(nc2c1)CCC3,6.94,1
Cc1cccc2c1CC(C)C2=O,7.285,1
O=C1CCN(Cc2ccccc2)C/C1=C\c1cn(C(=O)c2ccccc2)c2ccccc12,4.16,0
C/C=C1\[C@H]2C=C(C)C[C@]1(/N=C/c1ccc(C#N)cc1)c1ccc(=O)[nH]c1C2,7.66,1
C(=C/C1CCN(Cc2ccccc2)CC1)\c1noc2ccccc12,6.68,1
C/C=C1/[C@@H]2Cc3[nH]c(=O)ccc3[C@@]1(N)C[C@]1(C)O[C@H]21,4.92,0
CC(=O)NC(Cc1c[nH]c2ccccc12)C(=O)NCCCCCCNc1c2c(nc3ccccc13)CCCC2,6.82,1
COc1ccc(/C=C/C(=O)Nc2ccc(CN(C)Cc3ccccc3)cc2)cc1,5.29,0
Clc1ccc2c(NCCCCCCCNc3c4c(nc5cc(Cl)ccc35)-c3ccccc3C4)c3c(nc2c1)CCCC3,7.92,1
CN(C)CC(C)(C)c1cccc(OC(=O)NCCCCN2CCOCC2)c1,6.025,1
COC(=O)/C=C/C(=O)Nc1cccc(OCCSC(=S)N2CCCCC2)c1,5.86,0
CCc1cccc(CC)c1NC(=O)Oc1ccc2c(c1)[C@]1(C)CCN(C)[C@@H]1N2C,5.99,0
CN(C)Cc1ccc(CSCCNc2nnccc2[N+](=O)[O-])o1,6.33,1
CN(Cc1ccccc1)Cc1ccc(C(=O)c2ccc(NC(=O)CN3CCOCC3)cc2)cc1,6.14,1
COc1ccc(-c2nc(NC(=O)C3CCN(Cc4ccc(F)cc4)CC3)sc2-c2ccc(OC)cc2)cc1,5.94,0
CCN(CC)CCCOc1ccc(/C=C/C(=O)Nc2ccccc2)cc1OC,4.62,0
O=C(NC1CCN(Cc2ccc(F)cc2)CC1)c1cncc(NC(=O)c2ccnc3[nH]ccc23)c1,6.64,1
CCN(CC)C(=O)c1ccc2c(c1)nc(Cc1ccc(OC(=O)N(C)Cc3ccccc3)cc1)n2CCC(C)C,5.02,0
CC1=CC2Cc3nc4cc(Cl)ccc4c(NCCCCCCNc4c5c(nc6cc(Cl)ccc46)CCCC5)c3C(C1)C2,9.13,1
CCOC(=O)C1=C(C)Oc2nc3c(c(N)c2[C@H]1c1cccc([N+](=O)[O-])c1)CCCC3,5.72,0
COc1cc2c(cc1OC)C(NC(=O)CN1CCN(Cc3ccccc3)CC1)c1cnn(-c3ccccc3)c1-2,5.52,0
COc1ccc2nc3c(c(NCCCCCCCCNC(=O)C4(C)CCc5c(C)c(O)c(C)c(C)c5O4)c2c1)CCCC3,5.46,0
COc1ccc(/C=C2\COc3cc(OCCCCCCCCNc4c5c(nc6ccccc46)CCCC5)ccc3C2=O)cc1,6.92,1
COc1ccc(-c2cc(=O)c3cc(OC)c(O)c([C@H]4CCC(=O)N4)c3o2)cc1,4.74,0
CC(=O)O[C@H]1CC[C@@]2(C)[C@@H](CC[C@@]3(C)C[C@@]4(O)CC[C@H]5C(C)(C)[C@@H](OC(C)=O)CC[C@]5(C)[C@H]4CC[C@@H]32)C1(C)C,6.04,1
c1ccc2c(NCCc3ccc(OCCCN4CCCCC4)cc3)c3c(nc2c1)CCCC3,8.59,1
C[N@+]1(Cc2ccccc2)CC[C@H](CCC(=O)c2ccc3c(c2)CCO3)CC1,7.18,1
COc1ccc2nc3c(c(N)c2c1)C1CC(C)=CC(C3)C1,5.58,0
COC(=O)/C=C/C(=O)Nc1cccc(OCCCCSC(=S)N2CCCCC2C)c1,7.28,1
COc1cc(CCC(=O)NCCCC(=O)NNc2c3c(nc4ccccc24)CCCC3)cc(OC)c1OC,7.14,1
Cc1ccc2oc(-c3ccc(OCCCCCCN4CCCCCC4)cc3)cc(=O)c2c1,6.32,1
COc1cc(C=CC(=O)NCCC2CCN(Cc3ccccc3)CC2)ccc1O,6.41,1
COc1cccc2c1C=[N+](c1ccc(Br)cc1Br)CC2,5.43,0
CC1=C[C@@H]2Cc3nc4cc(Cl)ccc4c(N)c3[C@H](C1)C2,9.25,1
c1ccc(C2=NN=C(NCN3CCCCC3)NC2)cc1,4.33,0
N#Cc1c(Cl)nc(NCCCC2CCN(Cc3ccccc3)CC2)c(C#N)c1-c1ccccc1,5.41,0
O=C(NCCCCNc1c2c(nc3ccccc13)CCCC2)Oc1ccc(-c2cc3cccnc3[nH]2)cc1,6.69,1
CN(C)Cc1ccc(CSCCCCCCCCCSCc2ccc(CN(C)C)o2)o1,6.34,1
COCCN1CCN(c2nccc(NCc3cccc4ccccc34)n2)CC1,4.93,0
O=c1oc2cc(OCCCCN3CCN(Cc4ccccc4)CC3)ccc2c2ccccc12,5.09,0
CN(CCCCOc1ccc2c(c1)oc(=O)c1ccccc12)Cc1ccccc1,5.96,0
CCN(CCCCN1C(=O)c2ccccc2C1=O)Cc1ccccc1OC,6.55,1
Nc1cc(-c2cccs2)nc2nc(-c3ccccc3)cc(C(F)(F)F)c12,4.99,0
CCCCNC(=O)Oc1cccc(CN(CCC)CCCOc2ccc3c(=O)c4ccccc4oc3c2)c1,7.16,1
CCN(CCCCCCN1CC(=O)N(CCCCCCN(CC)Cc2ccccc2OC)CC1=O)Cc1ccccc1OC,7.8,1
COc1ccc(-c2cc(N)c3c(C(F)(F)F)cc(-c4ccccc4)nc3n2)cc1,5.08,0
N#CC(c1ccc(O)cc1)N1CCCCC1,4.03,0
COc1cccc2cc(C(=O)NCCCCCCNc3c4c(nc5ccccc35)CCCC4)oc12,7.61,1
c1ccc2c(c1)Cc1c-2nc2ccccc2c1NCCCCCCCNc1c2c(nc3ccccc13)-c1ccccc1C2,6.34,1
CN(CCCOc1ccc([N+](=O)[O-])cc1)C(=O)c1cnc(CC(=O)c2ccccc2)nc1,5.0,0
CCN(Cc1ccccc1)Cc1ccc(/C=C2\Cc3ccc(OC)cc3C2=O)cc1,5.31,0
CCN(CCCCCCn1c(=O)c(=O)n(CCCCCCN(CC)Cc2ccccc2OC)c2ccccc21)Cc1ccccc1OC,8.85,1
COc1cc2oc(-c3ccc(NCCNc4c5c(nc6cc(Cl)ccc46)CCCC5)cc3)cc(=O)c2c(OC)c1OC,7.06,1
Brc1ccc(CNC2CCN(Cc3ccccc3)C2)cc1,6.88,1
Clc1ccc2c(NCc3ccccc3)c3c(nc2c1)CCCC3,6.77,1
COc1ccc(F)c[n+]1C.F[B-](F)(F)F,4.785,0
c1cc[n+](CCCCCCC[n+]2ccc3ccccc3c2)cc1,6.1,1
O=C(CCN1CCCC1)Nc1ccc2c(c1)CN1CCc3c([nH]c4ccccc34)C1=N2,7.54,1
Cc1c(C)c2c(c(C)c1O)CCC(C)(C(=O)NCCCCCCCCCCNc1c3c(nc4ccccc14)CCCC3)O2,6.34,1
O=C1/C(=C/c2cccc([N+](=O)[O-])c2)CN(C(=O)C[C@H]2C[C@H]3CCCN3[C@]23C(=O)Nc2ccccc23)C/C1=C\c1cccc([N+](=O)[O-])c1,5.22,0
CSc1nc(-c2ccc(Cl)cc2)nn1C(=O)N1CCCCC1,7.58,1
COc1ccc(C(=O)CCc2ccc([N+](C)(C)C)cc2)cc1OC,5.52,0
OCC1CCN(Cc2ccc(OCCCN3CCCCC3)cc2)CC1,5.96,0
COc1ccc(C(=O)CCc2cc[n+](Cc3cccc(Cl)c3)cc2C(C)=O)cc1OC,6.84,1
COc1cc2c(cc1OC)CC(CC1CCN(CCCNc3c4c(nc5cc(Cl)ccc35)CCCC4)CC1)C2,8.97,1
O=C1/C(=C/c2ccccc2Cl)CN(C(=O)C[C@H]2C[C@H]3CCCN3[C@]23C(=O)Nc2ccccc23)C/C1=C\c1ccccc1Cl,4.92,0
O=C(c1ccccc1)N1c2ccccc2Sc2ccccc21,5.1,0
COc1ccc(C(=O)n2cc(/C=C3\CN(Cc4ccccc4)CCC3=O)c3ccccc32)cc1,4.16,0
O=C1c2ccccc2C(=O)N1CCCCCCNCc1ccccc1F,6.03,1
O=C(CN1CCN(Cc2ccccc2)CC1)NC1c2c[nH]nc2-c2sccc21,5.04,0
Cc1ccc(C[n+]2ccc(COc3ccc4c(C)cc(=O)oc4c3)cc2)cc1,6.6,1
O=C1c2ccccc2C(=O)C12N1CSC[C@@H]1[C@@H](c1cccc3ccccc13)[C@@]21CSc2ccccc2C1=O,4.78,0
COCC[n+]1ccc(CCC(=O)c2cc3cc(OC)c(OC)cc3s2)cc1,7.52,1
CCN(Cc1ccccc1)Cc1ccc(-c2cc3cc(OC)c(OC)cc3oc2=O)cc1,7.74,1
O=C(NCCCCCCNc1c2c(nc3ccccc13)CCCC2)c1cc2c([nH]c3ccccc32)c(-c2ccccc2)n1,6.8,1
O=C1c2ccccc2CCCC1CC1CCN(c2ccccc2)CC1,4.82,0
COc1cccc2cc[n+](-c3ccccc3C)cc12,5.54,0
O=c1c2ccccc2oc2ccc(OCCCCCN3CCCCCC3)cc12,6.41,1
CCCNC(=O)c1sc(-c2ccnc(NC(=O)CNCCNc3c4c(nc5ccccc35)CCCC4)c2)nc1OCC1CC1,8.31,1
CC1=CC2Cc3nc4cc(Cl)ccc4c(NCCCCCCNC(=O)c4cc(O)c5c(c4)C(=O)c4cccc(O)c4C5=O)c3C(C1)C2,8.82,1
CC(C)N(C(=O)Oc1ccc2c(CN(C)CCC3CCCCCC3)c[nH]c2c1)C(C)C,6.47,1
C/C(=C\C1=CCN(C(=O)CCc2ccccc2)C(=O)C1)N1C(=O)c2ccccc2C1=O,7.26,1
CCCCCCNC(=O)Oc1cccc(CN(CC)CCCOc2ccc3c(=O)c4ccccc4oc3c2)c1,6.8,1
CC[N+](CC)(CC)CCOc1cc(OCC[N+](CC)(CC)CC)c(C(=O)NCCCCCC(=O)NNc2c3c(nc4cc(Cl)ccc24)CCCC3)cc1OCC[N+](CC)(CC)CC,8.18,1
O=C1CC2CCc3ccsc3C2=NN1CCCCN1CCCC1,5.94,0
CNC(=O)Oc1ccc2c(c1)[C@]1(C)CCN(CCc3ccccc3)[C@@H]1N2C,6.66,1
COc1ccc([C@H]2O[C@@H](O)[C@H]3C2C(=O)O[C@@H]3c2cc(OC)c3c(c2)OCO3)cc1OC,8.52,1
c1ccc2c(c1)ccc[n+]2CCCCCCCCCCC[n+]1cccc2ccccc21,8.0,1
C/C=C(\C)C(=O)N[C@@H]1C=C2CC[C@H]3C4=CC[C@H]([C@H](C)N(C)C)[C@@]4(C)CC[C@@H]3[C@@]2(C)CC1,5.11,0
CC1=CC2Cc3nc4cc(Cl)ccc4c(NCCCCCCCCCNS(=O)(=O)c4cn[nH]c4)c3C(C1)C2,8.62,1
CCN(CCCCCC(=O)N1CCC(CC2CCN(C(=O)CCCCCN(CC)Cc3ccccc3OC)CC2)CC1)Cc1ccccc1OC.O=C(O)C(=O)O,8.48,1
CCN(C)C(=O)Oc1cccc([C@H](C)N(C)C)c1.O=C(O)C(O)C(O)C(=O)O,4.945,0
COc1cc2c(cc1OC)C(=O)C1(C2)C(c2ccc(F)cc2)CN(C)C12C(=O)Nc1ccccc12,5.67,0
CC1=CC2Cc3nc4cc(Cl)ccc4c(NCCCCCCCCNc4c5c(nc6ccccc46)CCCC5)c3C(C1)C2,6.535,1
CCn1cc(CNCc2c[nH]nc2-c2ccc(-c3ccccc3)cc2)cn1,6.46,1
CCCCC1OC(=O)c2cc(OCc3ccc(CN4CCOCC4)c(O)c3)ccc21,5.48,0
C[C@@]12CCN(Cc3ccccc3)[C@@H]1N(Cc1ccccc1)c1ccc(OC(=O)Nc3ccccc3)cc12,4.39,0
CCN(CC)CCOc1ccc(/C=C/C(=O)Nc2ccccc2)cc1OC,4.39,0
c1ccc(CCNc2ccnc(N3CCOCC3)n2)cc1,4.71,0
O=C(CCc1ccccc1)N1c2ccccc2Sc2ccccc21,5.15,0
C/C(=C\C(=O)N(C)[C@H]1CC[C@@]2(C)[C@@H](CC[C@@H]3[C@@H]2CC[C@]2(C)[C@@H]([C@H](C)N(C)C)CC[C@@H]32)C1)C(C)C,5.19,0
CC(C)N(C(=O)Oc1cccc2c(CN(C)CCC3CCCCCC3)c[nH]c12)C(C)C,5.33,0
O=C(NCCCCCNc1c2c(nc3ccccc13)CCCC2)Oc1ccc2cc[nH]c2c1,6.38,1
CC(C)(C)c1ccc(Oc2ccc3nc4c(c(N)c3c2)CCCCC4)cc1,4.14,0
CC(C)c1ccc(NC(=O)Oc2ccc3c(c2)[C@]2(C)CO[C@@H](C2)O3)cc1,5.46,0
COc1ccc2c(c1)CCC(Cc1cc[n+](Cc3ccccc3Cl)cc1C(N)=O)C2=O,6.42,1
Nc1c2c(nc3cc(Cl)ccc13)C1CCC2C1,8.35,1
CC(CC(=O)C[C@@H](C)[C@H]1CC(=O)[C@@]2(C)C3=C(C(=O)C[C@]12C)[C@@]1(C)CC[C@H](O)C(C)(C)[C@@H]1C[C@@H]3O)C(=O)O,4.64,0
O=C1/C(=C/c2cccc3ccccc23)CN(C(=O)C[C@H]2C[C@H]3CCCN3[C@]23C(=O)Nc2ccccc23)C/C1=C\c1cccc2ccccc12,5.17,0
COc1ccc2c(=O)cc(-c3ccc(CN(C)Cc4ccccc4)cc3)oc2c1,4.09,0
CC(C)c1ccc(-n2c(O)c3c(c2O)C2(C(=O)c4ccccc4C2=O)N(C)C3)cc1,4.91,0
CN(CCCOc1ccc2ccc(=O)oc2c1)Cc1cccc(OC(=O)NC2CCCCC2)c1,6.98,1
COc1ccc(C(C)NS(N)(=O)=O)cc1,10.57,1
COc1ccc(/C=N/NC(=O)CN2CCN(Cc3ccccc3)CC2)cc1OC,4.09,0
CC1(C)Oc2cc3oc(=O)ccc3cc2C[C@@H]1O,4.55,0
Clc1ccc(CNC2CCN(Cc3ccccc3)CC2)cc1,6.07,1
C[N+]1(Cc2ccccc2)CCC(CCC(=O)c2ccc3c(c2)CCO3)CC1,7.77,1
CN(C)Cc1ccc(CSCCNc2cc(Nc3ccccc3)c([N+](=O)[O-])cc2[N+](=O)[O-])o1,6.19,1
CN(CCCOc1ccc2c(=O)c3ccccc3oc2c1)Cc1cccc(OC(=O)Nc2ccccc2)c1,8.55,1
C#CCOc1ccc(/C=N/Nc2c3c(nc4ccccc24)CCCC3)cc1,5.56,0
Cc1cccc2sc(NC(=O)CCN3CCN(C4CCCCC4)CC3)nc12,4.96,0
CON(C)C(=O)Oc1cccc2c(CN(C)CCC3CCCCCC3)c[nH]c12,5.96,0
C[C@@H](c1cccc(OC(=O)NCCCCCCNc2c3c(nc4cc(F)ccc24)CCCC3)c1)N(C)C,7.38,1
CCOC(=O)C1=C(C)Oc2nc3c(c(N)c2[C@H]1c1ccccc1)CCC3,5.41,0
N#CC1C(=N)N2CCN=C2C([N+](=O)[O-])C12C(=O)c1cccc3cccc2c13,5.15,0
COc1cccc2cc[n+](-c3ccccc3I)cc12,5.69,0
COc1ccc2[nH]cc(CCNC(=O)/C=C/c3cc[n+](Cc4cccc(F)c4)cc3)c2c1,6.96,1
Clc1ccc(Cn2cc(CNC3CCCCCC3)nn2)cc1,6.03,1
C/C=C1\[C@H]2C=C(C)C[C@]1(/N=C/c1ccccc1OS(=O)(=O)O)c1ccc(=O)[nH]c1C2,7.39,1
O=C1c2cccc([N+](=O)[O-])c2C(=O)N1CCC1CCN(Cc2ccccc2)CC1,8.05,1
COc1cccc2cc(C(=O)NCCCCCCNc3c4c(nc5ccccc35)CCCCC4)oc12,7.49,1
CN1CCC(CC2Cc3ccccc3C2=O)CC1,8.195,1
c1ccc2c(c1)ccc[n+]2CCCCCCCCC[n+]1cccc2ccccc21,7.1,1
C#CCCCCCCCCCN(C)C(=O)Oc1cccc2c(CN(C)CCC3CCCCCC3)c[nH]c12,6.91,1
CCCCCCCNC(=O)Oc1ccc2c(c1)[C@]1(C)CCN(C)C1C2,6.94,1
c1ccc(CN2CCC(c3cc4ccccc4o3)CC2)cc1,5.29,0
COc1cc2cc(-c3ccc(CN(C)Cc4ccccc4[N+](=O)[O-])cc3)c(=O)oc2cc1OC,6.01,1
Nc1c2c(nc3ccc(Oc4ccccc4)cc13)CCC2,5.19,0
COc1cc(CCC(=O)NCCCCCC(=O)NNc2c3c(nc4ccccc24)CCCC3)cc(OC)c1OC,8.08,1
COc1cccc2cc(CNCCCCCCNc3c4c(nc5ccccc35)CCCC4)oc12,7.82,1
CNC(=O)Oc1ccc2c(c1)[C@]1(C)CCN(Cc3ccccc3)C1N2C,6.48,1
COc1ccc2c(c1)CCC(Cc1cc[n+](Cc3ccccc3F)cc1C(C)=O)C2=O,7.37,1
CN(CCC1CCCCCC1)Cc1c[nH]c2ccccc12,4.6,0
COc1cc2c(cc1OCCN1CCCCC1)C(=O)/C(=C/c1ccc(N(C)C)cc1)C2,6.54,1
CCN(CCCCCCOc1ccc2c(C)c(C)c(=O)oc2c1)Cc1ccccc1,6.36,1
CN(C)Cc1cc2c(cc1OC(=O)Nc1ccccc1)[C@]1(C)CCN(C)[C@@H]1N2C,5.855,0
O=C(Nc1cc(-c2cn(CCNc3c4c(nc5ccccc35)CCCC4)nn2)ccn1)Nc1cccc2c1C1CCCCN1C2=O,7.94,1
COc1cc(C(=O)NCC(=O)NNc2c3c(nc4ccccc24)CCCC3)cc(OC)c1OC,7.29,1
CCCCCCNC(=O)Oc1ccc2c(c1)[C@@H]1CCN(CCC)C1C2,6.275,1
COc1ccc2cc(C(C)C(=O)N/N=C3\c4cc(OC)c(OC)cc4CC3CC3CCN(Cc4ccccc4)CC3)ccc2c1,6.82,1
COc1ccc(-c2nc(SC)n(C(=O)N(C)C)n2)cc1,6.1,1
COc1cccc(C2C([N+](=O)[O-])C(Cc3c[nH]cn3)NC23c2ccccc2-c2nc4ccccc4nc23)c1,5.04,0
CCCCC1OC(=O)c2cc(OCc3ccc(CN4CCCC4)c(O)c3)ccc21,5.41,0
CCCCC1=NC2(CCCC2)C(=O)N1Cc1ccc([N+](=O)[O-])cc1,6.87,1
NS(=O)(=O)c1ccc(NC(=S)NNc2c3c(nc4ccccc24)CCCC3)cc1,6.02,1
Cc1ccc(S(=O)(=O)N(Cc2ccccc2)c2ccc(N)cc2O)cc1,5.6,0
COC(C)(C)/C=C/C[C@]1(C)[C@@H](CC=C(C)C)C[C@]2(CC=C(C)C)C(=O)C3=C(O[C@H](C(C)(C)O)C3)[C@@]1(C(=O)C(C)C)C2=O,5.4,0
CCN(CC)c1ccc(/C=C/c2ccc3ccccc3[n+]2C)c(O)c1,5.82,0
CCCNC(=O)Oc1cccc(CN(C)CCCOc2ccc3c(=O)c4ccccc4oc3c2)c1,7.55,1
Nc1ccc2nc3c(c(N)c2c1)Cc1ccccc1-3,5.23,0
COc1ccc(C(=O)N(CCC2CCN(Cc3ccccc3)CC2)c2ccccc2)cc1,6.23,1
CCN(CCCCCC(=O)N[C@H]1CCCC[C@H]1NC(=O)CCCCCN(CC)Cc1ccccc1OC)Cc1ccccc1OC,5.38,0
O=C(c1ccc([N+](=O)[O-])cc1)N(CCC1CCN(Cc2ccccc2)CC1)c1ccccc1,8.27,1
CC[N+](CC)(CCCCCn1c(=O)cc(C)n(CCCn2c(C)cc(=O)n(C)c2=O)c1=O)Cc1ccccc1[N+](=O)[O-],8.15,1
CN(CCCCCCCOc1ccc(-c2cc3ccccc3o2)cc1)Cc1ccccc1,4.49,0
c1ccc(CN2CCC(CNc3noc4ccccc34)CC2)cc1,6.5,1
COc1ccc2nc3c(c(NCCN=C4C(=O)c5ccccc5C(=O)C4Cl)c2c1)CCCC3,5.86,0
c1ccc2oc(CNCCCCCCCNc3c4c(nc5ccccc35)CCCC4)cc2c1,9.07,1
CCCCCCCNC(=O)Oc1ccc2c(c1)[C@]1(C)CCN(CCC)[C@@H]1C2,7.03,1
Cc1ccc(NC(=O)Oc2ccc3c(c2)[C@]2(C)CCN(C)[C@@H]2N3C)cc1C,7.51,1
CCOc1ccc(C(=O)Cc2ncc(C(=O)N(C)CCCOc3ccc([N+](=O)[O-])cc3)cn2)cc1,5.19,0
CC(=O)Nc1ccc2c(CCC3CCN(Cc4ccccc4)CC3)noc2c1,8.55,1
CCOC(=O)C1C(C)=Nc2nc3c(c(N)c2[C@H]1c1ccccc1)CCCC3,7.1,1
COc1ccc2c(c1)CCC(Cc1cc[n+](Cc3cccc(C)c3)cc1C(C)=O)C2=O,6.96,1
c1cnc(-c2cc3c(cn2)[nH]c2ncc(-c4ccc(CN5CCCCC5)cc4)cc23)cn1,5.92,0
COc1cc(C2c3ccc4ccccc4c3Oc3nc4c(c(N)c32)CCCC4)ccc1O,6.48,1
CN(Cc1ccccc1)Cc1ccc(C(=O)c2ccc(OCCCN3CCC(n4c(=O)[nH]c5ccccc54)CC3)cc2)cc1,7.17,1
COc1ccccc1CNCCCCCCNCCCCCCCCNCCCCCCNCc1ccccc1OC,5.27,0
Cc1cccc2sc(NC(=O)CCN3CCN(C4CCN(C)CC4)CC3)nc12,4.98,0
c1cc(-c2cc3c(cn2)[nH]c2ncc(-c4ccc(CN5CCCCC5)cc4)cc23)cnn1,5.98,0
c1ccc(CN2CCC(CCc3nsc4ccccc34)CC2)cc1,7.0,1
Cc1ccccc1CN1CCC(CC(=O)NCCc2c[nH]c3ccccc23)CC1,5.81,0
COc1cccc2c1C=[N+](c1ccc(F)cc1)CC2,5.7,0
Brc1ccc(/C=C2/CNCC3=C2N=C2SC=C(c4ccccc4)N2C3c2ccc(Br)cc2)cc1,5.83,0
COc1cc(/C=C/C(=O)Nc2ccccc2)ccc1OCCN1CCCC1,4.45,0
CCC(C)n1cc(C(=O)C(F)(F)F)cn1,8.120000000000001,1
Cc1c(C)c2ccc(OCCCN(C)Cc3ccccc3)cc2oc1=O,6.0,0
CN(CCC1CCN(Cc2ccccc2)CC1)C(=O)c1ccccc1,6.77,1
CNC(=O)Oc1cccc(CN(C)CCCCCCCCCCOc2ccc3c(=O)c4ccccc4oc3c2)c1,7.66,1
CC[N+](C)(CCCCCC(=O)Nc1ccc(CCc2ccc(NC(=O)CCCCC[N+](C)(CC)Cc3ccccc3OC)cc2)cc1)Cc1ccccc1OC,6.92,1
Nc1c2c(nc3ccc(Br)cc13)CCC2,5.25,0
COc1cccc(OC)c1C(C)NS(N)(=O)=O,10.57,1
CCN(CC)CCSC(=NO)c1nc(-c2ccccc2)no1,5.22,0
CN1CC[C@@]2(C)c3cc(OC(=O)Nc4ccc(Cl)cc4)ccc3N(C)C12,5.75,0
CCN(CCCNC1=CC(=O)C(NCCCN(CC)Cc2ccccc2OC)=CC1=O)Cc1ccccc1OC,8.65,1
CNC(=O)Oc1cccc(CN(C)CCCOc2ccc(C(=O)c3ccccc3)cc2)c1,8.27,1
O=C(NCCCCCCNc1c2c(nc3cc(Br)ccc13)CCCC2)Oc1ccc2cc[nH]c2c1,6.95,1
CC(=O)Oc1cccc([N+](C)(C)C)c1C,4.39,0
CCOCC[n+]1ccc(CCC(=O)c2cc3cc(OC)c(OC)cc3s2)cc1,8.15,1
c1ccc2c(NCCCCCCNc3c4c(nc5ncccc35)CCCCC4)c3c(nc2c1)CCCCC3,8.6,1
c1ccc(-c2ccc(NCCN3CCCCC3)nn2)cc1,4.89,0
C#CCN(CC)C(=O)Oc1cccc2c(CN(C)CCC3CCCCCC3)c[nH]c12,5.12,0
O=c1ccoc2ccc(OCCCCN3CCCCC3)cc12,5.25,0
C=CC(=O)N1C/C(=C\c2ccc(Cl)cc2)C(=O)/C(=C/c2ccc(Cl)cc2)C1,4.66,0
CN1CCC(CC=CC2Cc3ccccc3C2=O)CC1,9.09,1
CN1C[C@@H](c2ccc(Cl)cc2Cl)[C@@]2(CSc3ccccc3C2=O)C12C(=O)c1ccccc1C2=O,4.62,0
CC(C)(C)c1cc[n+](C/C=C\C[n+]2ccc(C(C)(C)C)cc2)cc1,5.7,0
CN1c2ccc(OC(=O)Nc3ccccc3)cc2[C@]2(C)CCNC12,7.86,1
O=C(O)c1sc(-c2ccnc(NC(=O)C3CC3)c2)nc1OCCNc1c2c(nc3ccccc13)CCCC2,6.24,1
CN(CCCOc1ccc2c(=O)c3ccccc3oc2c1)Cc1ccccc1,5.57,0
C=CC[N+](C)(C)c1cccc(OC(C)=O)c1,6.0,0
COc1ccc(C2CN(C)C3(C(=O)Nc4ccc([N+](=O)[O-])cc43)C23Cc2cc(OC)c(OC)cc2C3=O)cc1OC,5.21,0
COc1ccc(-[n+]2ccc3cccc(OC)c3c2)cc1,6.85,1
CN(CCC1CCCCCC1)Cc1c[nH]c2c(OC(=O)N3CCCCC3)cccc12,6.28,1
CNC(=O)c1sc(-c2ccnc(NC(=O)CNCCNc3c4c(nc5ccccc35)CCCC4)c2)nc1OC(C)C,6.62,1
C=CCNCC(=O)Nc1ccc2nc3n(c(=O)c2c1)CCC3,7.18,1
Cc1ccc2c(Nc3ccccc3)c3c(nc2c1)CCCC3,6.12,1
CCCCC1=NC2(CCCC2)C(=O)N1CCN1C(=O)c2ccccc2C1=O,6.64,1
CCCCC1OC(=O)c2cc(OCc3ccc(CN4CCCCC4)c(O)c3)ccc21,7.39,1
Cc1ccccc1,6.795,1
COc1ccc2c(c1)CCC(NS(=O)(=O)N(C)C)C2,7.77,1
C[n+]1ccn(CCN2CCCC2)c1C=NO,4.75,0
COc1ccc(Cn2cc(C(=O)NCCCCCCCNc3c4c(nc5ccc(OC)cc35)CCCC4)c(=O)c3ccccc32)cc1,5.82,0
Cc1ccc(C2c3c(nc4c(c3N)CCCC4)N=C3CC(C)(C)CC(=O)C32)cc1,6.17,1
COc1ccc(NC(=S)NNc2c3c(nc4ccccc24)CCCC3)cc1,6.53,1
COc1cc2c(cc1OC)C(=O)C(C1CC[N+](C)(Cc3ccccc3)CC1)=C2,6.6,1
CCN(CCC(=O)NCCCCNc1c2c(nc3ccccc13)CCCC2)C1CCCCC1,7.03,1
CCN1CC[C@@]2(C)c3cc(OC(=O)NC)ccc3CC12,7.42,1
CCc1ccc(-n2c(O)c3c(c2O)C2(C(=O)c4ccccc4C2=O)N(C)C3)cc1,4.35,0
Oc1ccc(CNC2CCN(Cc3ccccc3)C2)cc1,5.76,0
COc1ccc(-[n+]2ccc3c4ccccc4n(C)c3c2)cc1,6.52,1
COc1ccc(CCNc2nc(NC(N)=O)nc3ccccc23)cc1OC,5.06,0
CCN(Cc1ccccc1)Cc1ccc(NC(=O)Cc2ccc(O)cc2)cc1,5.19,0
COc1cc(N)c(Cl)cc1C(=O)NCCNCc1ccc(CN(C)C)o1,5.51,0
C[n+]1c(/C=C/c2ccc(N3CCOCC3)cc2)ccc2ccccc21,5.62,0
CN[C@@H](C)[C@H]1[C@H](O)C[C@@]2(C)[C@@H]3CC[C@@H]4C(=CC[C@@H]5N=C(C(C)C)OC[C@]54C)CC3C(=O)C[C@]12C,6.29,1
CN1c2ccc(OC(=O)Nc3ccccc3)cc2[C@]2(C)CC[N+](C)(C)C12,7.59,1
O=C1c2ccc([N+](=O)[O-])cc2C(=O)N1C1CCN(Cc2ccccc2)CC1,4.57,0
O=C1CC(=NCCCNc2c3c(nc4ccccc24)CCCC3)C(=O)c2ccccc21,7.27,1
CCN(Cc1ccccc1)Cc1ccc(NC(=O)Cc2ccc(O)c(O)c2)cc1,5.14,0
CC(CC(=O)C[C@@H](C)[C@H]1CC(=O)[C@@]2(C)C3=C(C(=O)C[C@]12C)[C@@]1(C)CCC(=O)C(C)(C)C1CC3=O)C(=O)O,4.74,0
Clc1ccc(CN2CCC(c3cc4ccccc4o3)CC2)cc1,4.01,0
C[C@H](NC=O)[C@H]1CC[C@H]2[C@@H]3CC[C@H]4C[C@@H](N(C)C)CC[C@]4(C)[C@H]3CC[C@]12C,5.19,0
C[Si](C)(C)c1cccc(C(=O)C(F)(F)F)c1,6.785,1
COC(=O)C1[C@H]2C[C@@H]3c4[nH]c5cc(OC)ccc5c4CCN3C[C@H]2C[C@@H](OC(=O)c2cc(OC)c(OC)c(OC)c2)[C@@H]1OC,5.77,0
Cc1cccc(Oc2ccc3nc4c(c(N)c3c2)CCC4)c1,5.28,0
O=C(CCC1CCN(Cc2ccccc2)CC1)c1ccccc1,6.52,1
CCN1CCc2cc(-c3cnc4[nH]c5cnc(C#N)cc5c4c3)ccc2C1,6.8,1
CNC(=O)c1sc(-c2ccnc(NC(=O)CNCCNc3c4c(nc5ccccc35)CCCC4)c2)nc1OC,7.01,1
COc1ccc(C2CN(C)C3(C(=O)Nc4ccccc43)C23Cc2cc(OC)c(OC)cc2C3=O)cc1OC,5.38,0
CN(CCCNc1ccc(-c2ccccc2)nn1)Cc1ccccc1,4.89,0
CCN(CC)CCOC(=O)/C=C/c1ccc2oc(C(=O)Nc3ccc(C)cc3)cc(=O)c2c1,5.01,0
CC[C@H]1C[C@@H]2C[C@H]3c4[nH]c5cc([C@@H]6C[C@H]7C(C(=O)OC)[C@@H](Cc8c6[nH]c6ccccc86)N(C)C[C@H]7CC)ccc5c4CCN(C2)[C@@H]13,6.64,1
C[N+]1(Cc2ccccc2)CCC(CCC(=O)c2ccc3c(c2)OCO3)CC1,7.0,1
COc1ccc([C@@H]2c3c(nc4c(c3N)CCCC4)N=C3CC(C)(C)CC(=O)C32)cc1,6.66,1
Cc1ccc(CN2CCC(Nc3nc(-c4ccc(C)cc4)c(-c4ccc(C)cc4)s3)CC2)cc1,5.96,0
CN(CCC1CCCCCC1)Cc1c[nH]c2c(OC(=O)N(C)C)cccc12,6.25,1
CCC1=CC2Cc3nc4cc(Cl)ccc4c(NCCCN4CCC(CC5Cc6cc(OC)c(OC)cc6C5)CC4)c3C(C1)C2,8.305,1
CC(C)C1=N[C@H]2CC=C3CC4C(=O)C[C@]5(C)[C@@H]([C@H](C)N(C)C)[C@H](O)C[C@@]5(C)[C@@H]4CC[C@H]3[C@]2(C)CO1,6.52,1
O=C1C(=Cc2cc[nH]c2)CN(Cc2ccccc2)CC1=Cc1cc[nH]c1,5.22,0
O=C(CCCCCCNc1c2c(nc3cc(Cl)ccc13)CCCC2)NCCc1c[nH]c2ccccc12,10.0,1
CC1(C)CC(=O)C2C(=Nc3nc4c(c(N)c3C2c2ccncc2)CCCC4)C1,5.55,0
Cc1ccc(O)cc1,7.025,1
Fc1cccc(-c2cnc3cccnc3n2)c1,6.1,1
Cc1nc2cc(C(=O)CCC3CCN(Cc4ccccc4)CC3)ccc2[nH]1,7.92,1
Cc1c(C)c2ccc(OCCCN(Cc3cccc(F)c3)C(C)C)cc2oc1=O,6.04,1
Cc1ccc(C(C)C)cc1OCC(=O)N1CCCCC1,5.71,0
CNC(=O)Oc1cccc(CN(C)CCCCCCCOc2ccc3c(c2)OC(=Cc2cc(O)c(O)c(O)c2)C3=O)c1,9.28,1
COc1ccc(C(C#N)N2CCOCC2)cc1OC,4.27,0
COc1ccc2c(c1)CCC(Cc1cc[n+](Cc3ccc(Cl)cc3)cc1C(C)=O)C2=O,6.25,1
COc1ccc(OC)c(C(C)NS(=O)(=O)NC(=O)OCc2ccccc2)c1,10.57,1
CNC(=O)Oc1ccc2c(c1)[C@]1(C)CCN(C)C1N2,7.25,1
COc1ccc2c(ccc[n+]2C)c1,4.3,0
O=C(NCCCCCCNCc1c[nH]c2ccccc12)c1cc(Cl)nc(Cl)c1,5.05,0
CNc1nc(NCCc2ccc(OC)c(OC)c2)c2ccccc2n1,5.07,0
N#Cc1cc(C#N)c(NCCCCC2CCN(Cc3ccccc3)CC2)nc1Cl,7.89,1
CC1(c2nccc3cc4c(cc23)OCO4)OC(O)c2c1ccc1c2OCO1,4.93,0
COc1cc2c(cc1OC)C(=O)C(CC1CCN(Cc3cc(N)c4ccccc4n3)CC1)C2,6.15,1
COc1cccc2cc(CN(CCCCCCNc3c4c(nc5ccccc35)CCC4)Cc3cc4cccc(OC)c4o3)oc12,5.12,0
COc1ccc2c(CCC3CCN(Cc4ccccc4)CC3)noc2c1,8.08,1
CNC(=O)Oc1ccc2c(c1)[C@]1(C)CCN[C@@H]1N2.O=C(O)c1ccccc1O,4.84,0
CCNC(=O)c1ccc2nc(-c3ccc(Cl)cc3)c3c(c2c1)N(Cc1ccccc1)CCC3,6.1,1
O=C1c2ccccc2C(=O)C12N1CSC[C@@H]1[C@@H](c1ccccc1Cl)[C@@]21CSc2ccccc2C1=O,4.48,0
O=C(COc1ccc(-c2ccccc2)cc1)NCC1CCN(Cc2ccccc2)CC1,5.77,0
COc1ccc(/C=N/NC(=O)CN2CCC(Cc3ccccc3)CC2)cc1,4.13,0
O=C1c2ccccc2C(=O)N1CCCCCNCc1ccccc1,6.7,1
OCCN1CCN(c2nccc(NCc3cccc4ccccc34)n2)CC1,5.01,0
O=C(CCC1CCN(Cc2ccccc2)CC1)c1ccc2c(c1)N(c1ccccc1)CCC2,5.83,0
COc1ccc(-c2cc3c(ccc4c(/C=C/c5cc(OC)cc(OC)c5)cc(=O)oc43)o2)cc1,5.75,0
CCC[n+]1ccc(CCC(=O)C2Cc3cc(OC)c(OC)cc3S2)cc1,5.59,0
O=c1nc2sc3ccccc3n2c2ncccc12,5.56,0
CNC(=O)Oc1ccc2c(c1)[C@]1(C)CCN(C)O[C@@H]1N2C,6.82,1
O=S(=O)(CCCN1CCN(Cc2ccccc2)CC1)NCCNc1cccc2ccccc12,6.8,1
CC[N+](CC)(CCCCCn1c(=O)cc(C)n(CCCCn2c(C)cc(=O)n(C)c2=O)c1=O)Cc1ccccc1[N+](=O)[O-],9.22,1
CCOC(=O)c1c(C)nc2nc3c(c(N)c2c1-c1ccccc1OC)CCCCC3,4.66,0
CCCCNC(=O)Oc1cccc(CN(C)CCCOc2ccc3c(=O)c4cccnc4oc3c2)c1,8.05,1
COc1ccc(/C=C/C(=O)c2ccc3c(c2O)C=CC(C)(C)O3)cc1,4.13,0
FC(F)(F)Oc1ccc(CNC2CCN(Cc3ccccc3)CC2)cc1,6.23,1
CCOC(=O)/C=C/c1ccc(OCCCCCCN(CC)CC)c(OC)c1,5.71,0
COc1ccc(OC)c2c1CC(C)C2=O,6.93,1
Cc1cccc2n1cc(-c1ccc(OC(=O)N(C)C)cc1)[n+]2C,5.89,0
COc1ccc(Cn2cc(C(=O)NCCCCCCNc3c4c(nc5ccc(OC)cc35)CCCC4)c(=O)c3ccccc32)cc1,5.0,0
CCc1ccc(CN2CCC(c3cc4ccccc4o3)CC2)cc1,4.19,0
Cc1cc(Br)cc(C)c1OCC(=O)NCC1CCN(Cc2ccccc2)CC1,6.22,1
CCCC(C)n1cc(C(=O)C(F)(F)F)cn1,8.115,1
COc1cc2cc(C(=O)CCC3CC[N+](C)(Cc4ccccc4)CC3)sc2cc1OC,8.1,1
Cc1ccc2c(c1)C(=O)C(=O)N2Cc1ccccc1[N+](=O)[O-],6.7,1
CC(C)C1=N[C@H]2CC[C@]34C[C@]35C(=O)C[C@]3(C)[C@@H]([C@H](C)N(C)CCCc6ccccc6)[C@H](O)C[C@@]3(C)[C@@H]5CC[C@H]4[C@]2(C)CS1,7.12,1
CN1CC[C@@]2(C)c3cc(OC(=O)NCc4ccccc4)ccc3N(C)C12,6.34,1
COc1cc([C@H]2OC[C@H]3[C@@H]2CO[C@@H]3c2cc(OC)c3c(c2)OCO3)cc(OC)c1OC,6.34,1
CCCCCCCNC(=O)Oc1ccc2c(c1)[C@]1(C)CCN(C)[C@@H]1C2,6.94,1
c1cc2c(cc1OCCCN1CCCCC1)CN1CCCC1=N2,7.47,1
CN(C)Cc1ccc(CSCc2cccc(CSCc3ccc(CN(C)C)o3)c2)o1,5.82,0
C=CCOc1ccc(/C=N/[C@@]23CC(C)=C[C@@H](Cc4[nH]c(=O)ccc42)/C3=C\C)cc1,7.51,1
CN(C)CCOC(=O)/C=C/c1ccc2occ(C(=O)Nc3ccc(Cl)cc3)c(=O)c2c1,5.03,0
O=C(Nc1ccccc1Cl)Oc1ccc2c(c1)CCCN2Cc1ccccc1,5.48,0
O=C(COc1ccc(Cl)cc1Cl)Nc1ccc(CN2CCCCC2)cc1,7.52,1
COc1ccc(Oc2ccc3nc4c(c(N)c3c2)CCCCC4)cc1,5.44,0
COc1ccc2oc(=O)c(-c3ccc(CN(C)Cc4ccccc4)cc3)cc2c1,6.79,1
c1ccc2oc(CN(CCCCCCCNc3c4c(nc5ccccc35)CCCCC4)Cc3cc4ccccc4o3)cc2c1,6.7,1
CC(=O)N(CCC1CCN(Cc2ccccc2)CC1)c1ccc(F)cc1,6.69,1
CCN(C)c1ccc(/C=C2\Cc3cc(OC)c(OCCN4CCCCC4)cc3C2=O)cc1,6.37,1
CCN(CC)CC(O)COc1cc(C(C)C)ccc1C,6.87,1
CN1CC[C@@]2(C)c3cc(OC(=O)NCCCCCCCCCN4CCOCC4)ccc3N(C)[C@@H]12,7.22,1
Cc1c(C)c2ccc(OCC3CCN(CCCO[N+](=O)[O-])CC3)cc2oc1=O,6.07,1
CCN(C)C(=O)Oc1cccc([C@H](C)N(C)C)c1,5.52,0
CCOC(=O)C1=C(C)Oc2nc3c(c(N)c2C1c1ccc(OC)cc1)CCCC3,6.4,1
N#Cc1ccc(CN2CCC(Nc3nc(-c4ccc(Cl)cc4)c(-c4ccc(Cl)cc4)s3)CC2)cc1,5.99,0
COc1ccc2cc3[n+](cc2c1OCc1ccc2ccccc2c1)CCc1cc2c(cc1-3)OCO2,5.82,0
c1ccc2oc(CNCCCCCCNc3c4c(nc5ccccc35)CCC4)cc2c1,7.33,1
COc1cc(/C=C/c2cc(=O)oc3c2ccc2oc(-c4ccc(Cl)cc4)cc23)cc(OC)c1,5.75,0
c1ccc2c(c1)ccc[n+]2CCCCCCCCCCCC[n+]1cccc2ccccc21,7.7,1
COc1ccc2[nH]c(C(=O)Nc3ccc4nc5n(c(=O)c4c3)CCC5)cc2c1,6.92,1
CCCCCCNC(=O)Oc1ccc2c(c1)[C@@H]1CCN(CC)C1C2,6.68,1
C=CCCNCC(=O)Nc1ccc2nc3n(c(=O)c2c1)CCC3,7.88,1
COc1ccc(/C=C2\Oc3ccccc3C2=O)cc1,5.9,0
CNC(=O)Oc1cccc(CN(C)CCCCOc2ccc3c(=O)c4ccccc4oc3c2)c1,7.43,1
COc1ccc(NC(=O)Oc2ccc3c(c2)[C@]2(C)CCN(C)[C@@H]2N3C)cc1,6.46,1
N#CC(C#N)C1=NCCN1CCNCc1ccc(CN2CCCC(O)C2)o1,6.43,1
COc1cccc(CCc2cccc(OC)[n+]2C)[n+]1C,6.025,1
COc1cccc(C2CC(c3cc(F)ccc3F)=NN2c2ccc(S(N)(=O)=O)cc2)c1OC,8.2,1
CC(C)c1ccc(NC(=O)Oc2ccc3c(c2)C2(C)CCOC2O3)cc1,5.58,0
COc1ccc2nc3c(c(NCCCCCCCCNC(=O)C(N)Cc4c[nH]c5ccccc45)c2c1)CCCC3,5.89,0
O=C(NCCCCCCCNc1c2c(nc3ccccc13)CCCC2)c1cc2ccccc2o1,7.11,1
CCCCCCNC(=O)Oc1ccc2c(c1)[C@@H]1CCN(CC)[C@@H]1C2,6.68,1
CCCCN(CC(=O)NCc1ccccc1)C(=O)CCCCCn1cc[n+](C)c1C=NO,4.3,0
O=C(N1CCCCC1)n1nc(-c2ccc(Cl)cc2)nc1SCC1CC1,7.0,1
O=[N+]([O-])C1C(Cc2c[nH]cn2)NC2(c3ccccc3-c3nc4ccccc4nc32)C1c1ccc(Cl)cc1,4.74,0
Cc1cc(=O)oc2cc(OCc3cc[n+](Cc4ccccc4F)cc3)ccc12,7.18,1
CCOC(=O)C1C(C)=Nc2nc3c(c(N)c2C1c1ccccc1OC)CCCC3,6.63,1
COc1ccc2c(c1)c1ccnc(C)c1n2C,4.93,0
CC(C)(C)c1cc(C=CC(=O)NCCC2CCN(Cc3ccc(Br)cc3)CC2)cc(C(C)(C)C)c1O,5.42,0
COc1ccc2c(c1)C(=O)/C(=C/c1ccc(CN(C)Cc3ccccc3)cc1)CC2,5.27,0
COc1cccc(CN2CCN(CCCCOc3ccc4c5c(c(=O)oc4c3)CCCC5)CC2)c1,5.06,0
COc1ccc2cc(C(=O)CN3CCN(Cc4ccccc4)CC3)c(=O)oc2c1,5.75,0
COc1ccc(-c2cc3cc4c(=O)c(C=O)coc4cc3o2)cc1,5.0,0
O=C1c2cccnc2C(=O)N1CCC1CCN(Cc2ccccc2)CC1,7.89,1
CCCCCCOC(=O)C(CCC(=O)NCCC1CCN(Cc2ccccc2)CC1)NC(=O)c1cc2ccccc2s1,6.57,1
O=C(Nc1nc(-c2ccc(Cl)cc2)c(-c2ccc(Cl)cc2)s1)C1CCN(Cc2ccccc2C(F)(F)F)CC1,5.56,0
CC(C)c1ccc(NC(=O)OCC2CCCN(Cc3ccccc3)C2)cc1,4.82,0
COc1ccc2c3c([nH]c2c1N)C(C)NCC3,5.7,0
O=C(CCCCC1CCSS1)NCCNc1c2c(nc3ccccc13)CCCC2,7.01,1
CCN(CC)C(C)C(=O)N1c2ccccc2Sc2ccccc21,5.47,0
COc1cc2c(cc1OC)C(=O)C(=CC1CCN(Cc3cc(N)c4ccccc4n3)CC1)C2,7.85,1
CN(C)CCOc1ccc(-c2nc3cc(Cl)ccc3[nH]2)cc1,5.1,0
CCCCCCCC/C=C\CCCCCCCC(=O)OCCCc1cc(OC)c2oc(-c3ccc4c(c3)OCO4)cc2c1,5.75,0
CC(C)n1cc(C(=O)C(F)(F)F)cn1,7.015000000000001,1
Cc1cccc2c3c(ccc12)C1=C(C(=O)C3=O)[C@@H](C)CO1,6.0,0
O=C(NCCCNc1c2c(nc3ccccc13)CCCC2)Oc1ccc2cc[nH]c2c1,6.26,1
O=C(c1cnn(C2CCCC2)c1)C(F)(F)F,8.245000000000001,1
COc1cc2onc(CCC3CCN(Cc4ccccc4)CC3)c2cc1C,8.24,1
CN[C@@H](CCOc1ccc([N+](=O)[O-])cc1)c1ccc(OC(=O)N(C)C)cc1,7.0,1
COc1ccc(C(=O)O[C@H]2CC[C@@]3(C)[C@@H](CC[C@@]4(C)C[C@@]5(O)[C@H](CC[C@@H]43)[C@@]3(C)CC[C@@H](O)C(C)(C)[C@@H]3C[C@@H]5O)[C@@]2(C)C(=O)O)cc1O,5.0,0
CC(C)(C)c1cc(C=CC(=O)NCCC2CCN(Cc3cccc(Cl)c3)CC2)cc(C(C)(C)C)c1O,5.59,0
COc1cc(C(=O)NCCCC(=O)NNc2c3c(nc4ccccc24)CCCC3)cc(OC)c1OC,6.62,1
CN(C)CCCN1C(=O)CSC1c1ccc(Cl)cc1Cl,4.505,0
CCC(C)n1cc(C(=O)CF)cn1,4.76,0
CCOC(OCC)c1ccc(/C=C2\CN(Cc3ccccc3)C/C(=C\c3ccc(C(OCC)OCC)cc3)C2=O)cc1,4.56,0
CCc1ccccc1NC(=O)Oc1ccc2c(c1)[C@]1(C)CC[N@@+](C)([O-])[C@@H]1N2C,6.9,1
CSc1nc(-c2ccc3ccccc3c2)nn1C(=O)N(C)C,7.3,1
N#CC1C(=N)N2CCCN=C2C([N+](=O)[O-])C12C(=O)Nc1ccc(F)cc12,6.38,1
O=C1CC(=NCCNc2c3c(nc4cc(Cl)ccc24)CCCC3)C(=O)c2ccccc21,8.71,1
COc1ccc(-c2cc(=O)c3ccc(OCCN4CCC(C)CC4)cc3o2)cc1,8.2,1
CC1=CC2Cc3nc4cc(Cl)ccc4c(NCCCCCCCNc4c5c(nc6ccccc46)CCCC5)c3C(C1)C2,8.72,1
COc1ccc(C(F)(F)F)c[n+]1CCCCCOc1ccc2c(C)cc(=O)oc2c1,6.065,1
COc1ccc(C(=O)c2ccc(CN(C)Cc3cccc([N+](=O)[O-])c3)cc2)cc1OC,5.37,0
COc1ccc2c3c1O[C@H]1C[C@H](O)C=C[C@@]31[C@H](O)CN(C)C2,5.04,0
CCCN(CCC)CCCOc1ccc(C(=O)/C=C/c2ccccc2)cc1,4.61,0
CCCCCCNC(=O)Oc1cccc(CN(CCC)CCCOc2ccc3c(=O)c4ccccc4oc3c2)c1,6.4,1
CCOP(=O)(OCC)C(Nc1nncs1)c1ccc(OCc2nc3ccccc3c(=O)n2-c2ccc(F)cc2)c(OC)c1,5.47,0
COc1ccccc1CN(C)CCCOc1ccc2c(=O)c3ccccc3oc2c1,5.47,0
CN1CC[C@@]2(C)c3cc(OC(=O)NCCCCCCCN4CCOCC4)ccc3N(C)[C@@H]12,6.42,1
Brc1ccc(-[n+]2ccc3ccccc3c2)cc1,5.62,0
O=C(CCC1CCN(Cc2ccccc2)CC1)c1ccc2c(c1)N(Cc1ccccc1)CC2,6.07,1
COc1cccc2c1C=[N+](c1cccc(C#N)c1)CC2,5.29,0
Cc1ccccc1CN1CCC(C(=O)Nc2nc(-c3ccc(Cl)cc3)c(-c3ccc(Cl)cc3)s2)CC1,5.96,0
CC1=C[C@H]2Cc3nc4cc(Cl)ccc4c(NCCCCCCCNc4c5c(nc6ccccc46)CCCC5)c3[C@@H](C1)C2,8.16,1
CCN(CC)CCCOc1ccc2c(c1)C/C(=C\c1ccc(CN(C)Cc3ccccc3)cc1)C2=O,5.79,0
COc1cccc2cc[n+](-c3ccc(Cl)cc3)cc12,6.77,1
CCCc1cc(NCCC2CCN(Cc3ccccc3)CC2)nnc1-c1ccccc1,7.21,1
CCN1CC[C@@]2(C)c3cc(OC(=O)NC)ccc3C[C@@H]12,7.42,1
CN(CCCOc1ccc2ccc(=O)oc2c1)Cc1cccc(OC(=O)NCCCCCCCN2CCOCC2)c1,6.92,1
COc1ccc2[nH]c3nc4c(c(N)c3c2c1)CCCC4,5.82,0
COc1ccc(CN(C)Cc2ccc(-c3cc4cc(OC)c(OC)cc4oc3=O)cc2)cc1,5.65,0
CCOC(=O)C1=CN(C)c2cccc(OC(=O)N(C)C)c2C1,8.15,1
CN(Cc1ccccc1)Cc1ccc(/C=C2\Cc3ccc(OCCCCN4CCOCC4)cc3C2=O)cc1,6.05,1
CCOC(=O)c1c(C)nc2nc3c(c(N)c2c1-c1ccncc1)CCCCC3,5.29,0
COc1ccc(-c2nc(NCC3CCN(Cc4ccccc4C)CC3)sc2-c2ccc(OC)cc2)cc1,6.23,1
O=c1[nH]c2cc(Cl)ccc2c(=O)n1CCC1CCN(Cc2ccccc2)CC1,8.35,1
CCOc1ccc(/C=N/NC(=O)CN2CCC(Cc3ccccc3)CC2)cc1,4.28,0
COc1cc2cc(CC3CC[N+](C)(Cc4ccccc4)CC3)sc2cc1OC,5.0,0
c1ccc2c(NCCCCCCCCCNc3c4c(nc5ccccc35)CCCC4)ccnc2c1,7.42,1
Cc1ccc(C(=O)NC(=S)NCCOCCN(C)Cc2ccccc2)cc1,7.11,1
Oc1ccc(C2CC(c3ccccc3O)=Nc3ccccc3S2)cc1,5.39,0
COc1cc(N)c(Cl)cc1C(=O)CCC1CCN(CC2CCC2)CC1,6.24,1
CCCCCCCNC(=O)Oc1ccc(Cc2nc3cc(C(=O)N4CCCCC4)ccc3n2CCC(C)C)cc1,7.220000000000001,1
CCN(Cc1ccccc1)Cc1ccc(-c2cc3cc(OCCNC(=O)Cc4cc(F)cc(F)c4)ccc3oc2=O)cc1,6.26,1
CCN(CCCCCCNC1=CC(=O)C(NCCCCCCN(CC)Cc2ccccn2)=CC1=O)Cc1ccccn1,6.9,1
CNC(=O)c1sc(-c2ccnc(NC(=O)C3CC3)c2)nc1OCCOCc1cn(CCNc2c3c(nc4cc(Cl)ccc24)CCCC3)nn1,7.92,1
Clc1ccc2[nH]c(-c3ccc(OCCN4CCCCC4)cc3)nc2c1,6.89,1
CNC(=O)Oc1cccc(CN(C)CCCCCCCOc2ccc(-c3cc(=O)c4ccccc4o3)cc2)c1,9.14,1
CC(=O)Nc1ccc2c(c1)C(=O)N(CCC1CCN(Cc3ccccc3)CC1)C2=O,8.55,1
COc1ccc([C@H]2O[C@@H](O)[C@H]3C2C(=O)O[C@@H]3c2ccc(OC)c(OC)c2)cc1OC,7.55,1
O=C1c2ccc([N+](=O)[O-])cc2C(=O)N1CCC1CCN(Cc2ccc(Cl)cc2)CC1,6.62,1
CCN1CCN(C2CCN(C(=O)COc3ccc(-c4ccccc4)cc3)CC2)CC1,4.51,0
CCNC(=O)Oc1ccc2c(c1)[C@]1(C)CCN(C)C1N2C,7.03,1
COc1cc2c(cc1OC)C(=O)/C(=C/c1ccc(N3CC[N+](C)(Cc4ccccc4Cl)CC3)cc1)C2,6.32,1
COc1cc(CCC(=O)/C=C/c2ccc(CNc3c4c(nc5cc(Cl)ccc35)CC3CC(C)=CC4C3)cc2)ccc1O,7.74,1
CC[N+](CC)(CC)CCOc1ccc(C(=O)NCCCCCC(=O)NNc2c3c(nc4ccccc24)CCCC3)cc1,8.12,1
O=[N+]([O-])c1ccc(CNC2CCN(Cc3ccccc3)C2)cc1,6.13,1
Clc1ccc(-c2nc(NC3CCN(Cc4ccccc4)CC3)sc2-c2ccc(Cl)cc2)cc1,5.86,0
CCOC(=O)C1C(C)=Nc2nc3c(c(N)c2C1c1ccccc1[N+](=O)[O-])CCCC3,6.47,1
CC(=O)c1ccc(N2CCN(CCC(=O)Nc3nc4c(C)cccc4s3)CC2)cc1,5.42,0
COc1ccc(Cn2cc(C(=O)NCCCCCNc3c4c(nc5cc(Cl)ccc35)CCCC4)c(=O)c3ccccc32)cc1,6.75,1
O=C1/C(=C/c2ccc(Cl)cc2Cl)CN(C(=O)C2C[C@H]3CCCN3[C@]23C(=O)Nc2cc(Cl)ccc23)C/C1=C\c1ccc(Cl)cc1Cl,5.48,0
O=C1CNc2cc3onc(CCC4CCN(Cc5ccccc5)CC4)c3cc2C1,9.32,1
COc1cc(C(=O)NNc2c3c(nc4ccccc24)CCCC3)cc(OC)c1OC,6.41,1
Cn1cc[n+](COCc2cccc3ccccc23)c1C=NO,5.42,0
COc1cccc2c1CCCC2NS(=O)(=O)NC(=O)OCc1ccccc1,9.68,1
CCOP(=O)(OCC)C(Nc1ccccc1C)c1ccc(OCc2nc3ccccc3c(=O)n2-c2ccc(F)cc2)c(OC)c1,5.27,0
COc1ccc2cc3[n+](cc2c1OC(C)c1ccccc1)CCc1cc2c(cc1-3)OCO2,6.1,1
O=C(NCCc1c[nH]c2ccccc12)c1cc[n+](Cc2cccc(F)c2)cc1,5.41,0
O=C(CNc1ccc2oc(=O)ccc2c1)N1CCOCC1,7.43,1
CCOP(=O)(OCC)C(Nc1cc(C)ccc1C)c1ccc(OCc2nc3ccccc3c(=O)n2-c2ccc(F)cc2)c(OC)c1,5.22,0
O=C(CCc1c[nH]c2ccccc12)NCCCCCCCNc1c2c(nc3cc(Cl)ccc13)CCCC2,7.635,1
COc1ccc(NC(=O)c2cc(=O)c3cc(/C=C/C(=O)OCCN(C)C)ccc3o2)cc1,6.04,1
Cc1ccc(C[n+]2ccc(C(=O)NCCc3c[nH]c4ccccc34)cc2)cc1,5.24,0
COCC[N+]1(C)CCC(CCC(=O)c2cc3cc(OC)c(OC)cc3s2)CC1,7.28,1
C=CC[N+](C)(C)c1ccccc1O,5.73,0
C/C=C1\[C@H]2C=C(C)C[C@]1(/N=C/c1ccc(N(C)C)cc1)c1ccc(=O)[nH]c1C2,7.51,1
Cc1ccc2c(c1)C1(C(=O)N2)C(C#N)C(=N)N2CCCN=C2C1[N+](=O)[O-],6.03,1
COc1cc2c(cc1OC)C(=O)/C(=C/c1ccc(N3CC[N+](C)(Cc4ccc(Br)cc4)CC3)cc1)C2,5.59,0
Cc1ccc(NC(=O)c2cc(=O)c3cc(/C=C/C(=O)OCCN(C)C)ccc3o2)cc1,6.68,1
CN(C)C(=O)Nc1cccc2n1cc(-c1ccc(OC(=O)N(C)C)cc1)[n+]2C,5.8,0
CC1=CC2Cc3nc4ccccc4c(NCCCCCCCCCCCCNc4c5c(nc6cc(Cl)ccc46)CCCC5)c3C(C1)C2,8.44,1
CN(C)C(=O)Oc1ccc(-c2cn3c(C(F)(F)F)cccc3[n+]2C)cc1,5.0,0
Cc1ccc(-c2nc(NC(=O)C3CCN(Cc4ccc([N+](=O)[O-])cc4)CC3)sc2-c2ccc(C)cc2)cc1,5.63,0
NC(Cc1c[nH]c2ccccc12)C(=O)NCCCCCCCNc1c2c(nc3ccccc13)CCCC2,6.92,1
COc1cc2c(cc1OC)C(=O)/C(=C/c1ccc(OCCN3CCCCC3)cc1)C2,6.52,1
COc1ccc(C(=O)c2ccc(CN(C)Cc3ccccc3)cc2)cc1F,5.8,0
OCCC1CCN(Cc2ccc(OCCCN3CCCCC3)cc2)CC1,6.46,1
COc1cc2oc3cccc(O)c3c(=O)c2c(O)c1CN(C)C,4.0,0
CCCCN(CCc1c[nH]c2c(OC(=O)C(C)C)cccc12)CCC1CCCCCC1,5.86,0
O=C(NNC(=S)Nc1ccc(Cl)c(Cl)c1)c1ccccc1O,6.28,1
COc1cc2cc(-c3ccc(CN(C)Cc4cccc(C)c4)cc3)c(=O)oc2cc1OC,6.91,1
Cc1cc(=O)oc2cc(OCCCCCSC(=S)N3CCCCC3)ccc12,6.68,1
Nc1c2c(nc3ccc(Oc4ccc(Cl)cc4)cc13)CCC2,5.29,0
CN(C)Cc1ccc(CSCCCCCSCc2ccc(CN(C)C)o2)o1,6.05,1
CCN(CC)CCOc1cccc(C(=O)c2c(-c3ccc(OCCCCCCCN(C)Cc4ccccc4)cc3)oc3ccccc23)c1,4.43,0
COc1c(O)cc(C2Oc3cc(O)c(C/C=C(\C)CCC=C(C)C)c(O)c3C(=O)C2O)cc1O,4.81,0
CC(C)c1ccc(NC(=O)Oc2ccc3c(c2)[C@]2(C)CCN(C)[C@@H]2N3C)cc1.O=C(O)C(O)C(O)C(=O)O,6.12,1
O=C(CCCCC1CCSS1)NCCCCCCCNc1c2c(nc3ccccc13)CCCC2,7.49,1
CCCCCCNC(=O)Oc1cccc(CN(C)CCCCOc2ccc3c(=O)c4ccccc4oc3c2)c1,7.0,1
CN1CCC(CCCC2Cc3ccccc3C2=O)CC1,8.82,1
COc1cc(C(=O)NCCC(=O)NNc2c3c(nc4ccccc24)CCCC3)cc(OC)c1OC,7.05,1
c1ncc(-c2cc3c(cn2)[nH]c2ncc(-c4ccc(CN5CCCCC5)cc4)cc23)cn1,6.58,1
O=c1c(/C=N/Nc2ccc(C(F)(F)F)cc2)coc2cc3oc(-c4cccc(F)c4)cc3cc12,5.12,0
O=C(CCc1c[nH]c2ccccc12)NCCCCCCCCCNc1c2c(nc3cc(Cl)ccc13)CCCC2,8.36,1
C[C@@H]1CCC[C@H](C)N1S(C)(=O)=O,7.12,1
O=C(NCCCCCNc1c2c(nc3ccccc13)CCCC2)Oc1ccc(-c2cc3cccnc3[nH]2)cc1,6.82,1
CNC(=O)Oc1ccc(-c2cn3c(C)cccc3[n+]2C)cc1,5.4,0
CCCN(CCCOc1ccc2c(=O)c3ccccc3oc2c1)Cc1cccc(OC(=O)NC)c1,8.4,1
CC[N+](CC)(CC)CCOCCOCCOC(=O)[C@]1(C)CCC[C@@]2(C)[C@@H]3CC[C@@]4(C)C[C@]3(CC[C@@H]21)CC4=O,4.1,0
COc1ccccc1CN(C)Cc1ccc(C(=O)NCCc2c[nH]c3ccccc23)cc1,5.33,0
CCSc1nc2sc3c(c2c(=O)n1-c1ccccc1)CCN(Cc1ccccc1)C3,5.29,0
CC(C)c1ccc(NC(=O)Oc2ccc3c(c2)[C@]2(C)CCOC2N3C)cc1,5.41,0
CC(C)(C)c1cc(C=CC(=O)NCCC2CCN(Cc3cccc(F)c3)CC2)cc(C(C)(C)C)c1O,5.88,0
COc1ccc(/C=C2/SC(=Nc3ccc4oc(=O)ccc4c3)NC2=O)cc1,7.3,1
COc1cccc2cc[n+](-c3ccc(I)cc3)cc12,6.14,1
CCN(CCCCCC(=O)N(C)CCCCCCCCN(C)C(=O)CCCCCN(CC)Cc1ccccc1OC)Cc1ccccc1OC,7.79,1
CN1CC[C@]2(C)c3cc(OC(=O)Nc4ccccc4)ccc3N(C)C12,5.46,0
CN(Cc1ccccc1)Cc1ccc(C(=O)c2ccc(NC(=O)CN3CCCCC3)cc2)cc1,6.26,1
O=C1C(=O)N2CCc3cc4c(c5c3c2c1c1ccccc15)OCO4,4.29,0
C[n+]1ccc2c3ccccc3n(CCc3ccccc3)c2c1,9.3,1
CCc1ccccc1NC(=O)Oc1ccc2c(c1)[C@]1(C)CCN(C)O[C@@H]1N2C,7.19,1
CCN(CCCCCCNC1=CC(=O)C(OC)=CC1=O)Cc1ccccc1OC,7.18,1
CN1c2ccc(OC(=O)Nc3ccncc3)cc2[C@]2(C)CCO[C@H]12,5.16,0
Oc1cc(O)cc(Oc2cc(O)c(O)c3c2Oc2c(O)cc(Oc4c(O)cc(Oc5c(O)cc(O)c6c5Oc5c(O)cc(O)cc5O6)cc4O)cc2O3)c1,5.25,0
CCN(CC)C(=O)c1ccc2c(c1)nc(Cc1ccc(OC(=O)N(C)C)cc1)n2CCC(C)C,5.08,0
COC(=O)C1=C(C)O[P@](=O)(OC)CC[C@H]1COCc1ccccc1,5.22,0
COc1cc2cc(-c3ccc(CN(C)Cc4ccc(C)cc4)cc3)c(=O)oc2cc1OC,6.51,1
CCCCN(CCC1CCCCCC1)Cc1cn(OC(=O)N(C)C)c2ccccc12,6.82,1
Cc1ccc(C(C)C)cc1OCC(O)CNCc1cccnc1,6.87,1
COc1cc(/C=C/C(=O)NCCCCCCNc2c3c(nc4ccccc24)CCCC3)cc(OC)c1OCc1nc(C)c(C)nc1C,6.96,1
O=C(/C=C/c1ccc(N2CCCCC2)cc1)c1sccc1Cl,6.8,1
Cc1cc(S(=O)(=O)NN)c(C(C)C)cc1O,5.03,0
O=C1N=C(Nc2ccc3oc(=O)ccc3c2)S/C1=C/c1ccc(Cl)cc1,6.76,1
COc1cccc2cc[n+](-c3ccccc3Cl)cc12,5.27,0
O=C1CCN(Cc2ccccc2)C/C1=C\c1ccn(C(=O)c2ccccc2)c1,4.52,0
CCN(CCCCCC(=O)Nc1ccc(-c2ccc(NC(=O)CCCCCN(CC)Cc3ccccc3OC)cc2)cc1)Cc1ccccc1OC,7.44,1
CCCCCCCC=CCCc1c(O)c(O)cc(NCCC2CCN(Cc3ccccc3)CC2)c1O,6.82,1
O=C(c1ccccc1)c1ccc2c(c1)C(=O)N(CCC1CCN(Cc3ccccc3)CC1)C2=O,8.62,1
COC(=O)/C=C/C(=O)Nc1ccc(OCCCCSC(=S)N2CCCCC2C)cc1,6.42,1
Brc1ccc(-n2cc(COc3ccc(/C=N/Nc4c5c(nc6ccccc46)CCCC5)cc3)nn2)cc1,4.89,0
CCOC(=O)c1c(C)nc2nc3c(c(N)c2c1-c1ccc(F)cc1)CCCC3,6.15,1
CCN(CC)CCOc1ccc2c(c1)C(=O)/C(=C/c1ccc(CN(C)Cc3ccccc3)cc1)C2,5.82,0
Fc1ccc(CNC2CCN(Cc3ccccc3)CC2)c(F)c1,6.15,1
COc1cc2c(Nc3ccc(C(=O)C=Cc4nc(C)c(C)nc4C)cc3)ncnc2c(OC)c1OC,7.0,1
CCCCNC(=O)Oc1ccc2c(c1)[C@@H]1CCN(CC)C1C2,5.97,0
CN(CCCCCCOc1ccc2c(=O)c3ccccc3oc2c1)Cc1ccccc1,5.54,0
COC(=O)c1cc2c(OC(=O)N(C)C)cccc2[n+](C)c1,7.7,1
CCCNC(=O)Oc1ccc2c(c1)[C@]1(C)CCN(CC)[C@@H]1C2,6.81,1
CCN(CCC1CCN(Cc2ccccc2)CC1)c1ccccc1,4.92,0
COc1ccc2c(c1)C/C(=C\c1ccc(CN(C)Cc3ccccc3)cc1)C2=O,4.54,0
CCNCc1ccc2nc(-c3cccnc3)c3c(c2c1)NCCC3,4.8,0
Nc1c2c(nc3cc(Cl)ccc13)CC(CNC(=O)CCCCC1CCSS1)CC2,5.96,0
CN1CC(=O)N2C(Cc3c([nH]c4ccccc34)[C@H]2c2ccc3c(c2)OCO3)C1=O,4.58,0
COc1cc2oc(-c3cccc(OCC(=O)NCCCCCCNc4c5c(nc6cc(Cl)ccc46)CCCC5)c3)cc(=O)c2c(OC)c1OC,7.49,1
COc1ccc2[nH]cc(CCNC(=O)CCCCCCNc3c4c(nc5ccccc35)CCCC4)c2c1,9.19,1
CCN(CC)CCCOc1ccc2nc3n(c(=O)c2c1)Cc1ccccc1-3,6.7,1
CN(C)CCOC(=O)/C=C/c1ccc2oc(C(=O)Nc3cccc(Cl)c3)cc(=O)c2c1,5.23,0
COc1ccc(/C=C/C(=O)NCCC2CCN(Cc3ccccc3)CC2)cc1,6.31,1
CN(C)Cc1ccc(CSCCNc2cc(NCCSCc3ccc(CN(C)C)o3)c([N+](=O)[O-])cc2[N+](=O)[O-])o1,7.55,1
CC1=CC2Cc3nc4cc(Cl)ccc4c(NCCCCCCCNC(=O)c4cc(O)c5c(c4)C(=O)c4cccc(O)c4C5=O)c3C(C1)C2,8.5,1
NC(=NO)c1nc(CCCCCNc2c3c(nc4ccccc24)CCCC3)ccc1O,6.58,1
O=c1c2cc(OCCCN3CCCCC3)ccc2nc2n1CCc1ccccc1-2,6.665,1
CC(C)(C)c1cc(C=CC(=O)NCCC2CCN(Cc3ccccc3)CC2)cc(C(C)(C)C)c1O,5.65,0
CN(C)c1ccc(/C=C2/COC/C(=C\c3ccc(N(C)C)cc3[N+](=O)[O-])C2=O)c([N+](=O)[O-])c1,5.81,0
O=c1[nH]c(=O)c2[nH]cnc2[nH]1,5.05,0
Cc1ccc(-c2nc(NCC3CCN(Cc4ccccc4C)CC3)sc2-c2ccc(C)cc2)cc1,6.3,1
CCN(CCCCCCNC(=O)COc1ccc(-c2cc(=O)c3c(O)c(OC)c(OC)cc3o2)cc1)Cc1ccccc1OC,5.86,0
Oc1ccccc1C=NC1CCN(Cc2ccccc2)CC1,5.55,0
O=C(Nc1ccccc1)OCC1CCCN(Cc2ccccc2)C1,4.17,0
CC(=O)Nc1cccc2n1cc(-c1cccc(OC(=O)N(C)C)c1)[n+]2C,5.6,0
c1ccc2c(c1)[nH]c1c[n+](CCCCCCCCCCCC[n+]3ccc4c(c3)[nH]c3ccccc34)ccc12,4.07,0
CC(C)c1ccc(NC(=O)OC2CCCN(C3Cc4ccccc4C3)C2)cc1,5.1,0
c1ccc(-c2ncc(NCN3CCCCC3)nn2)cc1,4.24,0
CCOP(=O)(OCC)C(Nc1ccc(C(=O)O)cc1)c1ccc(OCc2nc3ccccc3c(=O)n2-c2ccc(F)cc2)c(OC)c1,5.94,0
COc1ccc(/C=C/C(=O)c2cccc(OC(=O)N(C)C)c2)cc1,5.09,0
c1cc[n+](CCCCCCCCC[n+]2ccccc2)cc1,5.7,0
COc1ccc(C#N)c[n+]1C.F[B-](F)(F)F,4.28,0
Nc1cccc2c1C(=O)N(CCC1CCN(Cc3ccccc3)CC1)C2=O,7.96,1
COc1cc2c(cc1OC)C(=O)C1(C2)C(c2ccccc2)CN(C)C12C(=O)Nc1ccc(Cl)cc12,4.95,0
CC1(C)CC(=O)C2C(=Nc3nc4c(c(N)c3[C@H]2c2ccc(F)cc2)CCCC4)C1,6.27,1
CC1=C[C@H]2Cc3nc4cc(Cl)ccc4c(NCCCCCCNc4c5c(nc6cc(Cl)ccc46)C[C@@H]4C=C(C)C[C@H]5C4)c3[C@@H](C1)C2,6.72,1
Cc1cc(=O)[nH]c2c1C(=O)C(=NCCCCNc1c3c(nc4ccccc14)CCCC3)CC2=O,7.23,1
CC(C)c1ccc(NC(=O)Oc2ccc3c(c2)[C@]2(C)CCC(C)[C@@H]2C3C)cc1,6.12,1
CCN(Cc1ccccc1)Cc1ccc(-c2cc3cc(OCCNC(=O)/C=C/c4cc(F)cc(F)c4)ccc3oc2=O)cc1,5.14,0
CNC(=O)Oc1ccc(-c2cn3c(NC(C)=O)cccc3[n+]2C)cc1,5.96,0
COc1cc2cc(C(=O)C3CCC[N+](C)(CC(=O)OC(C)(C)C)CC3)sc2cc1OC,7.1,1
Cc1ccccc1NC(=O)Oc1ccc2c(c1)C1(C)CCOC1O2,7.64,1
COc1ccc(CCNC(=O)COc2cc(C(C)C)ccc2C)cc1OC,5.71,0
COc1ccc2c(=O)oc3c(OC)cc(CCN(C)C)c4c(=O)oc1c2c34,6.27,1
CC1=C[C@@H]2Cc3[nH]c(=O)ccc3[C@]3(C1)NCCC[C@H]23,5.59,0
CCN(CCCCCCCOc1ccc2c(=O)c3ccccc3oc2c1)Cc1ccccc1OC,5.5,0
COc1ccc2nc3c(c(N)c2c1)CCCCC3,4.75,0
O=C(NCCCCCCNc1c2c(nc3cc(F)ccc13)CCCC2)Oc1ccc(-c2cc3cccnc3[nH]2)cc1,7.52,1
COc1cc2cc(C(=O)CC(OC)C3CC[N+](C)(Cc4ccccc4)CC3)sc2cc1OC,6.92,1
O=C(NCCCCCCNc1c2c(nc3ccccc13)CCCC2)c1cc2c([nH]c3ccccc32)c(-c2ccc(F)cc2)n1,6.51,1
Cc1ccc(-c2nc(NC(=O)C3CCN(Cc4ccccc4C(F)(F)F)CC3)sc2-c2ccc(C)cc2)cc1,5.12,0
CN(C)Cc1ccc(CSCCNc2cc(NCc3ccccn3)c([N+](=O)[O-])cc2[N+](=O)[O-])o1,5.89,0
CCCC[C@@H](O)/C=C/C=C/C(=O)O,6.66,1
C/C=C(\C)C(=O)N[C@@H]1[C@H](OC(C)=O)[C@@H]2CC[C@H]3C4=CC[C@H]([C@H](C)N(C)C)[C@@]4(C)CC[C@@H]3[C@@]2(C)C[C@@H]1O,4.21,0
CCOC(=O)C(=NNc1ccccc1C(=O)OCC)C(=O)C(F)(F)F,6.32,1
CC(C)=CCC/C(C)=C/Cc1c(O)cc2c(c1O)C(=O)C[C@@H](c1ccc(O)c(O)c1)O2,5.14,0
CC(C)c1ccc(NC(=O)Oc2ccc3c(c2)[C@]2(C)CCN[C@@H]2N3)cc1,6.96,1
CN1CC[C@@]2(C)c3cc(OC(=O)NC(C)(C)C)ccc3N(C)[C@@H]12,4.64,0
Fc1ccc(CNC2CCN(Cc3ccccc3)C2)c(F)c1,7.16,1
CC1CCN(CCc2ccccc2)CC1,6.75,1
COc1ccc(C(=O)NC(=S)NCCOCCN(C)Cc2ccccc2)cc1,7.58,1
CCN(CC)CCCOc1ccc2nc3n(c(=O)c2c1)CCCCC3,4.92,0
COc1cc2cc(NC(=O)C3CCC[C@H](NCc4ccccc4)C3)c(=O)oc2cc1OC,7.72,1
CN(Cc1ccccc1)Cc1ccc(C(=O)NCCc2c[nH]c3ccc(O)cc23)cc1,5.38,0
CCN(CC)C(=O)c1ccc2c(c1)nc(Cc1ccc(OC(=O)NCc3ccccc3)cc1)n2CCC(C)C,5.375,0
Cc1c([C@@H](O)CN2CCN(C[C@H](O)c3ccc4c(c3C)COC4=O)CC2)ccc2c1COC2=O,5.0,0
Nc1ccc2c(c1)C(=O)N(CCC1CCN(Cc3ccccc3)CC1)C2=O,8.06,1
CSc1nc(-c2ccc(-c3ccccc3)cc2)nn1C(=O)N(C)C,6.25,1
CCNC(=O)Oc1ccc2c(c1)C1(C)COC(C1)O2,6.08,1
COc1cc2c(cc1OC)SC(C(=O)CC1(O)CC[N+](C)(Cc3ccccc3)CC1)C2,7.05,1
CC[N+](CC)(CCCCCn1c(=O)cc(C)n(CCCn2c(C)cc(=O)n(C)c2=O)c1=O)Cc1ccccc1C(F)(F)F,8.7,1
COc1ccc2c3c1O[C@H]1C[C@@H](O)CC[C@@]31CCN(C)C2,4.7,0
CC(C)n1cc(C(=O)C(F)F)cn1,6.08,1
CC1Cc2ccc(F)cc2C1=O,6.5600000000000005,1
O=C(COc1ccc(-c2ccccc2)cc1)NCCN1CCN(Cc2ccccc2)CC1,6.13,1
COc1ccc2c3c([nH]c2c1)C(C)=NCC3,4.62,0
CCN1CC[C@@]2(C)c3cc(OC(=O)NC(C)(C)C)ccc3CC12,4.9,0
C=CC[N+](C)(C)c1ccc(CCC(=O)CCc2ccc([N+](C)(C)CC=C)cc2)cc1,7.81,1
O=C(CCC1CCN(Cc2ccccc2)CC1)c1cc2c3c(c1)CCC(=O)N3CCC2,7.8,1
CC(C)=CCNCC(=O)Nc1ccc2nc3n(c(=O)c2c1)CCC3,7.59,1
C#CCOP(C)(=O)OC(C(F)(F)F)C(F)(F)F,4.19,0
CCN(CCCCCC(=O)N[C@H]1CCCC[C@@H]1NC(=O)CCCCCN(CC)Cc1ccccc1OC)Cc1ccccc1OC,5.26,0
Cc1cccc2nc3c(c(N)c12)CCC3,6.38,1
CCOC(=O)C1C(C)=Nc2nc3c(c(N)c2C1c1cccc([N+](=O)[O-])c1)CCCC3,6.72,1
Cc1cccc2sc(NC(=O)CCN3CCN(Cc4cccc5ccccc45)CC3)nc12,4.71,0
CC1=C[C@H]2Cc3nc4cc(Cl)ccc4c(NCCCCCCCCCCCCNc4c5c(nc6cc(Cl)ccc46)C[C@@H]4C=C(C)C[C@H]5C4)c3[C@@H](C1)C2,6.37,1
COc1ccc(-c2nc(NC(=O)C3CCN(Cc4ccccc4C(F)(F)F)CC3)sc2-c2ccc(OC)cc2)cc1,6.17,1
CCCC(C)n1cc(C(=O)CF)cn1,4.6850000000000005,0
Cc1ccccc1NC(=O)Oc1ccc2c(c1)[C@@]1(C)CCO[C@H]1O2,7.44,1
Cc1ccccc1NC(=O)Oc1ccc2c(c1)[C@]1(C)CCN(C)O[C@@H]1N2C,6.76,1
CCN(CC)CCCCOc1ccc(C(=O)/C=C/c2ccccc2)cc1,4.63,0
CCCCCCCNC(=O)Oc1ccc2c(c1)[C@@H]1CCN(CC)[C@@H]1C2,6.42,1
COc1cccc(/C=C/C(=O)Nc2ccc(CN(C)Cc3ccccc3)cc2)c1,5.33,0
COc1ccc2cc3[n+](cc2c1OCc1ccccc1Br)CCc1cc2c(cc1-3)OCO2,5.77,0
Cc1ccc(NCC[C@@H]2CCCN3CCCC[C@H]23)c2c(=O)c3ccccc3oc12,6.85,1
C#CCN(C)C(=O)Oc1ccc2c(CN(C)CCC3CCCCCC3)c[nH]c2c1,5.84,0
CCCCC/C=C\C/C=C\CCCCCCCC(=O)OCCCc1cc(OC)c2oc(-c3ccc4c(c3)OCO4)cc2c1,5.77,0
CN(CCOCCNC(=S)NC(=O)c1ccc(Cl)cc1)Cc1ccccc1,7.52,1
COc1cccc2cc(CNCCCCCCNc3c4c(nc5ccccc35)CCC4)oc12,7.2,1
Cc1ccc(F)cc1,6.664999999999999,1
COc1cccc(CN2CCN(CCCOc3ccc4c5c(c(=O)oc4c3)CCCC5)CC2)c1,5.21,0
O=C(C=Cc1c[nH]c2ccccc12)NCCCCCCNc1c2c(nc3cc(Cl)ccc13)CCCC2,7.75,1
CN(CCCCCCCCOc1ccc2c(=O)c3ccccc3oc2c1)Cc1ccccc1,4.99,0
Cc1cc(-c2ccccc2)nnc1NCCN1CCCCC1,5.27,0
COc1cc(CNC2CCN(Cc3ccccc3)CC2)cc(OC)c1OC,5.66,0
Nc1ccc2c(c1)c(OCc1ccccc1)nn2Cc1ccccc1,5.07,0
CCOC(=O)C1=C(C)Oc2nc3c(c(N)c2[C@H]1c1cccc(OC)c1)CCCC3,5.11,0
CC(C)=CCC[C@]1(C)[C@@H](CC=C(C)C)C[C@@]2(CC=C(C)C)C(=O)[C@]1(C(=O)C(C)C)C(=O)C1=C2O[C@@H](C(C)(C)O)[C@@H]1O,4.95,0
O=c1n(/N=C/c2ccc(-c3ccc([N+](=O)[O-])cc3)o2)cc(O)n1CCN1CCN(Cc2ccccc2)CC1,6.7,1
c1ccc(CCCCN2CCCc3[nH]c4ccccc4c3C2)cc1,4.7,0
CNC(=O)Oc1ccc2c(c1)[C@]1(C)CCN(Cc3ccccc3)[C@@H]1N2C,6.15,1
CC(C)(C)c1cc(C=CC(=O)NCCC2CCN(Cc3ccc(F)cc3)CC2)cc(C(C)(C)C)c1O,6.01,1
CCN(CCCOc1ccc2c(=O)c3ccccc3oc2c1)Cc1cccc(OC(=O)NC)c1,9.25,1
COc1ccccc1CN(C)CCCCCC(=O)N(C)CCCCCCCCN(C)C(=O)CCCCCN(C)Cc1ccccc1OC,6.77,1
COc1cc(N)c(Cl)cc1C(=O)CCC1CCN(Cc2ccccc2)CC1,8.07,1
C=CCC[N+](C)(C)c1ccccc1O,5.0,0
O=C1C=C(NCCCNCc2cc3ccccc3o2)C(=O)C=C1NCCCNCc1cc2ccccc2o1,4.66,0
O=C(NCCc1c[nH]c2ccccc12)c1cc[n+](Cc2ccccc2F)cc1,5.5,0
CCN(CCCCCCNC(=O)CCCCC1CCSS1)Cc1ccccc1OC,6.59,1
N#Cc1cc(C#N)c(NCCC2CCN(Cc3ccccc3)CC2)nc1Cl,6.51,1
COc1ccc(C(C)NS(=O)(=O)NC(=O)OCc2ccccc2)cc1OC,10.57,1
COc1ccc(OC)c(CN2CCC(c3oc4ccccc4c3C(=O)c3ccccc3)CC2)c1,4.24,0
COc1cccc(CN(C)CCOc2ccc3c(c2)oc(=O)c2ccccc23)c1,4.74,0
Fc1ccc(CN2CCC(CNc3nc(-c4ccc(Cl)cc4)c(-c4ccc(Cl)cc4)s3)CC2)c(C(F)(F)F)c1,5.91,0
CCN1/C(=C/C(C)=O)Sc2ccc(OC(=O)OCCOCCNC(=O)c3cc4c(OC(=O)N(C)C)cccc4[n+](C)c3)cc21.COS(=O)(=O)[O-],7.09,1
Cc1ccccc1CNCC(=O)Nc1ccc2nc3n(c(=O)c2c1)CCC3,6.92,1
COc1cc2c(cc1OC)C(=O)[C@]1(C2)[C@H](c2ccc(C)cc2)[C@H](Cc2c[nH]c3ccccc23)NC12C(=O)Nc1ccccc12,4.85,0
CCOC(=O)C1C(C)=Nc2nc3c(c(N)c2C1c1ccccc1)CCCC3,6.91,1
CCN(C)C(=O)OCC1CCCN(Cc2ccccc2)C1,4.01,0
CC(C)C1CCN(c2nccc(NCc3cccc4ccccc34)n2)CC1,4.78,0
COc1ccc(Cn2cc(C(=O)NCCCNc3c4c(nc5ccc(OC)cc35)CCCC4)c(=O)c3ccccc32)cc1,5.65,0
CN(CCOCCNC(=S)Nc1ccc(OC(F)(F)F)cc1)Cc1ccccc1,6.0,0
COc1cc2c(cc1OC)CC(CC1CCN(CCCNc3c4c(nc5ccccc35)CCCC4)CC1)C2,8.67,1
Cc1nc2ccccn2c(=O)c1CCN1CCN(C(c2ccc(F)cc2)c2ccc(F)cc2)CC1,5.49,0
O=C1c2ccccc2C(=O)C12N1CSC[C@@H]1[C@@H](c1ccccc1)[C@@]21CSc2ccccc2C1=O,4.89,0
CCCN1CCCCc2ccc(C(=O)CCC3CCN(Cc4ccccc4)CC3)cc21,5.88,0
CN(CCCOc1ccc([N+](=O)[O-])cc1)C(=O)c1cnc(CC(=O)c2ccc3c(c2)OCO3)nc1,6.0,0
c1ccc2c(c1)CN1CCCCCCCC1=N2,4.87,0
Cc1ccc2c(NCc3ccccc3)c3c(nc2c1)CCCC3,6.125,1
CCCCNC(Cc1c[nH]c2ccccc12)C(=O)NCCC1CCCN(Cc2ccccc2)CC1,4.8,0
O=C(CCC1CCN(Cc2ccccc2)CC1)c1ccc2c(c1)N(Cc1ccccc1)CCCC2,5.5,0
CCCn1cnc2c1c(=O)n(CCCCC(C)=O)c(=O)n2C,5.19,0
CCOC(=O)/C=C/c1ccc(OCCCCCCN2CCCC2)c(OC)c1,5.3,0
O=c1ccoc2ccc(OCCCCCN3CCCC3)cc12,5.14,0
c1ccc(COc2nn(Cc3ccccc3)c3ccccc23)cc1,5.54,0
COc1ccc2cc3[n+](cc2c1OCc1ccc(C#N)cc1)CCc1cc2c(cc1-3)OCO2,5.77,0
CCn1c2ccccc2c2cc(/C=C/c3cc(N4CCOCC4)c4ccccc4[n+]3C)ccc21,5.64,0
CC1=CC2Cc3nc4cc(Cl)ccc4c(N)c3C(C1)C2,9.085,1
Cc1ccc(/C=C2\CN(C(=O)C3C[C@H]4CCCN4[C@]34C(=O)Nc3cc(Cl)ccc34)C/C(=C\c3ccc(C)cc3)C2=O)cc1,5.12,0
COc1ccc2c(c1)CCC(NC(=O)N(C)C)C2,7.79,1
O=C(CCc1ccc2nc(-c3ccccc3)c3c(c2c1)OCCC3)NCCCCCCCNc1c2c(nc3cc(Cl)ccc13)CCCC2,7.94,1
Cn1c2c(c3ccccc31)CC[N+](c1ccc(I)cc1)=C2,5.82,0
C[C@@H]([C@H]1CC=C2[C@@H]3CCC4=C[C@@H](N(C)C)CC[C@]4(C)[C@H]3CC[C@@]21C)N(C)C,4.62,0
Cc1cc2c(cc1OC(=O)Nc1ccccc1)[C@]1(C)CCN(C)[C@@H]1N2C,6.58,1
COc1ccc2cc3[n+](cc2c1OCc1ccc(SC)cc1)CCc1cc2c(cc1-3)OCO2,5.58,0
C#CCOc1cccc(-c2cc(-c3ccc(OCCN4CCOCC4)cc3)nc(C)n2)c1,8.02,1
C=CCN1CC[C@@]2(C)c3cc(OC(=O)NC)ccc3N(C)[C@@H]12,7.35,1
Cc1cccc(C)c1NC(=O)Oc1ccc2c(c1)[C@]1(C)CCN(C)[C@@H]1N2C,6.11,1
CCN(CC)CCOC(=O)/C=C/c1ccc2oc(C(=O)Nc3cccc(Cl)c3)cc(=O)c2c1,5.35,0
CN(C)Cc1ccc(CSCc2ccccc2CSCc2ccc(CN(C)C)o2)o1,5.05,0
C[C@H](CC[C@@H](O)C(C)(C)O)[C@H]1CC[C@@]2(C)C3=CC[C@H]4C(C)(C)C(=O)CC[C@]4(C)C3=CC[C@]12C,4.6,0
Cc1ccc2onc(CCC3CCN(Cc4ccccc4)CC3)c2c1,8.11,1
CC(=O)N1CCN(c2nccc(NC(c3ccccc3)c3ccccc3)n2)CC1,4.54,0
COc1cc(C(=O)NCCCCCC(=O)NNc2c3c(nc4ccccc24)CCCC3)cc(OC)c1OC,7.74,1
Cc1cc(-c2c3ccccc3[n+](C)c3ccccc23)cc(C)c1C.F[B-](F)(F)F,4.22,0
c1ccc2c[n+](Cc3ccc4ccc(C[n+]5ccc6ccccc6c5)cc4c3)ccc2c1,6.52,1
CCC1=CC2Cc3nc4cc(Cl)ccc4c(NCCN4CCC(CC5Cc6cc(OC)c(OC)cc6C5)CC4)c3C(C1)C2,7.54,1
CN1CC[C@@]2(C)c3cc(OC(=O)Nc4ccccc4)ccc3N(C)[C@@H]12.O=C(O)C(O)C(O)C(=O)O,7.62,1
COc1cccc(COc2c(OC)ccc3cc4[n+](cc23)CCc2cc3c(cc2-4)OCO3)c1,5.46,0
COC(=O)C(CC1=C(c2ccc(OC)cc2)CC(C)(C)ON1C(C)=O)C(=O)OC,4.84,0
COc1ccc2nc3c(c(NCCCNC(=O)C4(C)CCc5c(C)c(O)c(C)c(C)c5O4)c2c1)CCCC3,5.81,0
Cc1cccc2c1ccc1c3c(c(=O)oc(=O)c12)C(C)CO3,4.99,0
O=C(Nc1ccc2c(c1)C(=O)N(CCC1CCN(Cc3ccccc3)CC1)C2=O)c1ccccc1,8.92,1
COc1ccc(C2C([N+](=O)[O-])C(Cc3c[nH]cn3)NC23c2ccccc2-c2nc4ccccc4nc23)cc1,5.69,0
COc1ccc2c(c1)C/C(=C/c1ccccc1-c1ccc3nc(N)ccc3c1)C2=O,7.83,1
CCN(CCCCCCN1C(=O)c2ccc(-c3ccc4c(c3)C(=O)N(CCCCCCN(CC)Cc3ccccc3OC)C4=O)cc2C1=O)Cc1ccccc1OC,7.85,1
CC1CCc2nc3nc(-c4ccccc4)cc(C(F)(F)F)c3c(N)c2C1,6.29,1
FC(F)(F)Oc1ccc(CNC2CCN(Cc3ccccc3)C2)cc1,7.24,1
CN(CCC1CCCCCC1)Cc1c[nH]c2c(O)cccc12,4.94,0
CN(Cc1ccccc1)Cc1ccc(NC(=O)Cc2ccccc2)cc1,5.24,0
CCNC(=O)Oc1ccc2c(c1)C1(C)COC(O2)O1,6.41,1
C=CC(=O)N1C/C(=C\c2ccc(Cl)cc2Cl)C(=O)/C(=C/c2ccc(Cl)cc2Cl)C1,4.8,0
COc1ccc(CNc2c3c(nc4cc(Cl)ccc24)CCCC3)cc1OC,6.1,1
COc1cc2c(cc1OC)[Se](=O)N(CCC1CCN(Cc3ccccc3)CC1)C2=O,6.79,1
COc1cccc2c1C=[N+](c1ccc(C(F)(F)F)cc1)CC2,5.71,0
COc1ccc2cc3[n+](cc2c1OCc1ccc(Br)cc1)CCc1cc2c(cc1-3)OCO2,5.48,0
CCN(CC)c1ccc(/C=C/c2ccc3ccccc3[n+]2C)c(Cl)c1,6.22,1
c1ccc2c(NCCCCCCCN3CCOCC3)c3c(nc2c1)CCCC3,7.35,1
CC1=C[C@H]2Cc3[nH]c(=O)ccc3[C@@]3(C1)[C@@H]2[C@H](Cl)CCN3C,4.68,0
CC(=O)[C@@]12C(=O)C(CC=C(C)C)=C3O[C@H](C(C)(C)O)C[C@]3(C[C@H](CC=C(C)C)[C@@]1(C)CCC=C(C)C)C2=O,5.06,0
CC1=CC2Cc3nc4cc(Cl)ccc4c(N)c3C(C1)C2NS(C)(=O)=O,7.39,1
O=C(CN1CCCCC1)Nc1ccc2nc3c4[nH]c5ccccc5c4ccn3c(=O)c2c1,8.0,1
O=C(CC1CCN(Cc2ccccc2)CC1)Nc1[nH]nc2cc(-c3cccnc3)ccc12,6.29,1
O=C1/C(=C/c2ccccc2Cl)CN(C(=O)C2C[C@H]3CCCN3[C@]23C(=O)Nc2cc(Cl)ccc23)C/C1=C\c1ccccc1Cl,5.29,0
CC(C)(C)c1cc(CCC(=O)NCCC2CCN(Cc3ccccc3)CC2)cc(C(C)(C)C)c1O,5.47,0
C/C=C1\C2C=C(C(F)(F)F)CC1(N)c1ccc(=O)[nH]c1C2,6.4,1
Cc1c(N=Cc2ccccc2O)cc2c(c1N)C(C)(C)CC2(C)C,4.8,0
COc1c(O)cc(C2CC(=O)c3c(cc(O)c(C/C=C(\C)CCC=C(C)C)c3O)O2)cc1O,4.64,0
C=CCC1(OC)OCc2c(OC)c(OC)cc3ccnc1c23,4.0,0
COc1cccc2c1C=[N+](c1ccc(Br)cc1)CC2,6.55,1
Cc1ccc2c(c1)C1(C(=O)N2)C(C#N)C(=N)N2CCN=C2C1[N+](=O)[O-],5.41,0
C=CC(=O)N1C/C(=C\c2ccccc2C)C(=O)/C(=C/c2ccccc2C)C1,4.76,0
Cc1cccc(NC(=O)Oc2ccc3c(c2)[C@]2(C)CCN(C)[C@@H]2N3C)c1,7.55,1
Cc1ccc(-c2nc(NC(=O)C3CCN(Cc4c(F)cccc4Cl)CC3)sc2-c2ccc(C)cc2)cc1,5.54,0
N#Cc1cc(C#N)c(NCCCCC2CCN(Cc3ccccc3)CC2)nc1N,7.16,1
COc1cc2oc(-c3cccc(OCC(=O)NCCCCCNc4c5c(nc6cc(Cl)ccc46)CCCC5)c3)cc(=O)c2c(OC)c1OC,7.76,1
c1ccc2c(CNc3ccnc(N4CCNCC4)n3)cccc2c1,4.76,0
CCC(c1ccc(O)c(OC)c1)c1cccc(O)c1O,5.25,0
COc1ccc(-c2cc3cc4c(=O)c(/C=N/Nc5ccc(C(F)(F)F)cc5)coc4cc3o2)cc1,5.27,0
COC1CCCN(Cc2ccc(CNCCN3CCN=C3C(C#N)C#N)o2)C1,5.48,0
C[C@@H](c1cccc(OC(=O)NCCCCCCNc2c3c(nc4ccccc24)CCCC3)c1)N(C)C,6.93,1
CC(C)c1ccc(NC(=O)OC2CCN(C3Cc4ccccc4C3)CC2)cc1,5.64,0
Cc1ccc(C2=CSC3=NC4=C(CNC/C4=C/c4ccc(Cl)cc4)C(c4ccc(Cl)cc4)N23)cc1,5.96,0
CNC(=O)c1sc(-c2ccnc(NC(=O)CNCCCCCCNc3c4c(nc5ccccc35)CCCC4)c2)nc1OCC1CC1,7.66,1
Cc1ccc(-c2nc(NCC3CCN(Cc4ccccc4C(F)(F)F)CC3)sc2-c2ccc(C)cc2)cc1,6.4,1
COc1cccc2cc[n+](-c3ccccc3Br)cc12,5.28,0
COc1cc2cc(C(=O)C3CC[N+](C)(Cc4ccccc4)CCC3O)sc2cc1OC,7.37,1
CCNC(=O)Oc1cccc(CN(C)CCCOc2ccc3c(=O)c4ccccc4oc3c2)c1,7.89,1
Clc1ccc2c(NCCCNCCCCCOc3cccc4[nH]c5ccccc5c34)c3c(nc2c1)CCCC3,8.81,1
Cc1ccc(-c2noc(-c3cccc(OCC4CCN(Cc5ccccc5Cl)CC4)c3)n2)cn1,6.24,1
COc1ccc(-c2cc3c(c(=O)o2)C[C@@]2(O)[C@@]4(C)CCC(=O)C(C)(C)[C@@]4(O)CC[C@@]2(C)O3)cc1,7.22,1
COc1ccc(CCN2CC(=O)N(CCc3ccccn3)CC2=O)cc1OC,4.7,0
O=C(c1ccccc1)N(CCC1CCN(Cc2ccccc2)CC1)c1ccccc1,7.46,1
c1ccc(CN2CCC(CCc3nccc4ccccc34)CC2)cc1,6.66,1
COc1ccc(OCC(=O)NCC2CCN(Cc3ccccc3)CC2)cc1,6.06,1
Cc1cc(=O)oc2cc(OCCCSC(=S)N3CCCCC3)ccc12,6.54,1
Cn1cc[n+](COC[n+]2ccn(C)c2C=NO)c1C=NO,5.11,0
c1ccc2c(c1)ccc[n+]2CCCCCCCCCC[n+]1cccc2ccccc21,9.0,1
O=C1CSC(c2ccc(F)cc2)N1c1ccc2oc(=O)ccc2c1,6.99,1
O=C(CCC1CCN(Cc2ccc(F)cc2)CC1)c1ccc2c(c1)NCCCC2,6.41,1
COC(=O)c1ccccc1C[n+]1ccc(CC2Cc3cc(OC)c(OC)cc3C2=O)c(C(=O)Oc2c(Cl)cc(Cl)cc2Cl)c1,7.16,1
N#Cc1c(N)nc(NCCC2CCN(Cc3ccccc3)CC2)c(C#N)c1-c1ccccc1,6.41,1
COc1cc(/C=C/C(=O)Nc2ccccc2)ccc1OCCCCCCCCCCN(C)C,5.0,0
COc1ccc([C@H]2OC[C@H]3C2C(=O)O[C@@H]3c2ccc3c(c2)OCO3)cc1OC,5.65,0
O=C1C=C(NCCCCCCNCc2ccc(-c3nc4ccccc4s3)cc2)C(=O)C=C1NCCCCCCNCc1ccc(-c2nc3ccccc3s2)cc1,6.52,1
COc1cccc2cc[n+](-c3ccc(C)cc3)cc12,5.97,0
CC(c1cc(O)cc2oc(=O)c3ccccc3c12)N(C)C,4.48,0
CN(Cc1ccccc1)Cc1ccc(/C=C2\CCc3cc(OCCCCCN4CCCCC4)ccc3C2=O)cc1,7.28,1
C=CC(=O)N1C/C(=C\c2ccccc2OC)C(=O)[C@@]2(C1)[C@H](c1ccccc1OC)CN(C)[C@]21C(=O)Nc2ccccc21,5.39,0
CC(C)n1c2ccccc2c2cc[n+](-c3ccccc3)cc21,5.89,0
COc1ccc(OC)c(N=C2NNC3(C(=O)Nc4ccc([N+](=O)[O-])cc43)C2[N+](=O)[O-])c1,4.37,0
CN1CC[C@@]23C=C[C@H](O)C[C@@H]2Oc2c(O)ccc(c23)C1,7.0,1
COc1cc(CCCOC(=O)Nc2ccccc2)cc2cc(-c3ccc4c(c3)OCO4)oc12,5.35,0
COc1ccc(NCc2ccc3c(c2)C(=O)C(=O)N3C(=O)c2ccccc2)cc1,6.77,1
CCOC(=O)C1C(C)=Nc2nc3c(c(N)c2[C@H]1c1ccc(C)cc1)CCCC3,7.04,1
Clc1cccc(Cl)c1CO/N=C/c1cc[n+](CCCc2ccccc2)cc1,6.75,1
O=C1CCN(Cc2ccccc2)C/C1=C\c1cccn1C(=O)c1ccccc1,4.52,0
O=C(COc1ccc(CCc2ccccc2)cc1)NCCN1CCN(Cc2ccccc2)CC1,6.05,1
CCOC(=O)C1=C(C)Oc2nc3c(c(N)c2[C@H]1c1cccs1)CCC3,4.56,0
CN(CCOCCNC(=S)NC(=O)c1ccc2c(c1)C(=O)c1ccccc1C2=O)Cc1ccccc1,8.22,1
COc1cc2c(cc1OC)C(=O)C1(C2)C(c2ccccc2)CN(C)C12C(=O)Nc1ccccc12,5.51,0
Cc1ccc(C(=O)/C=C/c2ccc(N3CCCCC3)cc2)s1,6.89,1
CCN(CC)c1ccc(-c2c3ccccc3[n+](C)c3ccccc23)cc1.F[B-](F)(F)F,4.6,0
CCSc1nc(-c2ccc(Cl)cc2)nn1C(=O)N(C)C,7.25,1
COc1cccc2cc[n+](-c3ccccc3C#N)cc12,5.76,0
O=C1NCCCc2c1c1ccccc1n2CCc1ccccc1,4.9,0
Nc1c2c(nc3ccccc13)-c1ccc(F)cc1C2,6.36,1
O=Cc1ccc2n1CCc1cc(O)c(O)cc1C2,4.23,0
COc1cc2c(cc1OC)C(=O)C(CC1CCN(CCCNc3c4c(nc5ccccc35)CCCC4)CC1)C2,9.06,1
CC1=C[C@H]2Cc3nc4cc(Cl)ccc4c(NCCCCCCCCCCNc4c5c(nc6cc(Cl)ccc46)C[C@@H]4C=C(C)C[C@H]5C4)c3[C@@H](C1)C2,7.76,1
O=C(Nc1cc(CCc2cn(CCNc3c4c(nc5ccccc35)CCCC4)nn2)ccn1)Nc1cccc2c1C1CCCCN1C2=O,7.63,1
COc1ccc2nc3c(c(NCCCCCCCCN(CC(=O)Nc4ccc5ccccc5c4)C(=O)C=Cc4ccc(O)c(OC)c4)c2c1)CCCC3,7.65,1
O=c1oc2cc(OCCN3CCN(Cc4ccccc4)CC3)ccc2c2ccccc12,6.05,1
COc1cc2c(cc1OC)[C@@H]1[C@H](O)[C@@H](OC)C=C3CCN(C2)[C@H]31,5.21,0
COc1ccc(Cn2cc(C(=O)NCCCCCCCCNc3c4c(nc5cc(Cl)ccc35)CCCC4)c(=O)c3ccccc32)cc1,6.92,1
COc1ccc(C(=O)CCc2cc[n+](Cc3ccccc3C(F)(F)F)cc2C#N)cc1OC,6.56,1
CN(C)c1ccc(/C=C2/SC(=Nc3ccc4oc(=O)ccc4c3)NC2=O)cc1,7.08,1
C=C[C@@H]1[C@H]2C=C(C)C[C@]1(NC)c1ccc(=O)[nH]c1C2,4.82,0
CCN(CC)CC(=O)Nc1ccc(C(=O)c2ccc(CN(C)Cc3ccccc3)cc2)cc1,6.68,1
Clc1ccc(-n2cc(COc3ccc(/C=N/Nc4c5c(nc6ccccc46)CCCC5)cc3)nn2)cc1,5.15,0
COc1cccc2cc[n+](-c3ccc(F)cc3)cc12,6.17,1
O=C(Nc1ccccc1)c1ccc2c(c1)C(=O)N(CCC1CCN(Cc3ccccc3)CC1)C2=O,8.66,1
c1ccc2c(c1)ccc[n+]2CCCC[n+]1cccc2ccccc21,4.42,0
Cn1cc[n+](COC[n+]2ccccc2C=NO)c1C=NO,4.42,0
O=C(Nc1ccccc1)OCC1CCN(Cc2ccccc2)CC1,5.14,0
CC(C)=CCCC(C)CC=c1ccc(=O)c2[nH]c3cccc(=O)c3nc12,5.58,0
CN(C)C(=O)Oc1ccc[n+](C)c1,6.45,1
CCCCC1=NC2(CCCC2)C(=O)N1Cc1ccc(-c2ccccc2C(=O)OC)cc1,6.62,1
FC(F)(F)c1ccc(-c2nnc(NC3CCN(Cc4ccccc4)CC3)o2)cc1,7.26,1
Cc1c(C)c2c(c(C)c1O)CCC(C)(C(=O)NCCNc1c3c(nc4ccccc14)CCCC3)O2,5.855,0
CN1c2ccccc2C(NCCCCCCC(=O)CCCCNc2c3c(nc4ccccc24)CCCC3)c2ccc(Cl)cc2S1(=O)=O,6.8,1
COc1ccc2c(c1)CCC(Cc1cc[n+](Cc3ccccc3C)cc1C(N)=O)C2=O,6.05,1
O=C1C=C(NCCCNCc2ccc(-c3nc4ccccc4s3)cc2)C(=O)C=C1NCCCNCc1ccc(-c2nc3ccccc3s2)cc1,4.5,0
CCOC(OCC)c1ccc(/C=C2\CN(C)C/C(=C\c3ccc(C(OCC)OCC)cc3)C2=O)cc1,7.38,1
COc1cc(/C=C/C(=O)Nc2ccccc2)ccc1OCCCN(C)C,4.47,0
CC(C)(C)OC(=O)N1CCN(c2nccc(NCc3cccc4ccccc34)n2)CC1,4.29,0
CCCCNC(Cc1c[nH]c2ccccc12)C(=O)NCCC1CCN(CC2CCN(C)CC2)CC1,4.53,0
Cc1ccc(NCCCSC[C@@H]2CCCN3CCCC[C@H]23)c2c(=O)c3ccccc3sc12,5.11,0
CON(C)C(=O)Oc1ccccc1C(=O)NCCc1c[nH]c2ccccc12,5.49,0
CC[C@H]1[C@H](CC(C)C(=O)OC)O[C@]23CC[C@@H]([C@@H]4CC(C)C(=O)O4)N2CCCC[C@H]13,4.15,0
CC1(C)CN=C2C([N+](=O)[O-])C3(C(=O)Nc4ccc([N+](=O)[O-])cc43)C(C#N)C(=N)N2C1,5.81,0
CCOC(=O)c1ccc2nc(-c3cccnc3)c3c(c2c1)N(Cc1ccccc1)CCC3,5.97,0
c1ccc2c(NCCCCCCCCNc3ccncc3)c3c(nc2c1)CCCC3,7.87,1
COc1cc2c(cc1OC)C(=O)C(CCCCCc1cccc(OC)[n+]1C)C2,6.904999999999999,1
O=C(CCCOc1cccc2[nH]c3ccccc3c12)NCCCNc1c2c(nc3ccccc13)CCCC2,6.654999999999999,1
O=C(c1cccc(F)c1F)n1nc(OCCN2CCCC2)c2ccccc21,4.96,0
COc1cc(CNC(=O)CCCCCNc2c3c(nc4cc(Cl)ccc24)CC2C=C(C)CC3C2)ccc1O,8.36,1
Nc1c2c(nc3nc(-c4ccccc4)cc(C(F)(F)F)c13)-c1ccccc1C2,4.75,0
COc1ccccc1C1C([N+](=O)[O-])C(Cc2c[nH]cn2)NC12c1ccccc1-c1nc3ccccc3nc12,5.28,0
COc1cc2c(cc1OC)C(=O)C1(C2)C(c2ccccc2Cl)C(c2ccccc2)NC12C(=O)Nc1ccc(Cl)cc12,4.91,0
OC1CCN(Cc2ccc(OCCCN3CCCCC3)cc2)CC1,5.64,0
O=C(Cc1c[nH]c2ccccc12)NCCC1CCN(Cc2ccccc2)CC1,5.45,0
CC(=O)N(C)c1cccc2n1cc(-c1ccc(OC(=O)N(C)C)cc1)[n+]2C,4.61,0
C[C@@H](c1cccc(OC(=O)NCCCCCCNc2c3c(nc4cc(Br)ccc24)CCCC3)c1)N(C)C,7.25,1
COc1ccc(C(=O)CCC2C=CN(Cc3cccc(Cl)c3)C=C2C#N)cc1OC,6.04,1
C/N=C1/CCc2c1n(C)c1ccc(OC(=O)N(C)C)c(Br)c21,7.22,1
CCN(CC)CCCCCCOc1ccc(C(=O)c2ccc(CN(C)Cc3ccccc3)cc2)cc1,6.59,1
Cc1nn(S(=O)(=O)c2cc(C(F)(F)F)cc(C(F)(F)F)c2)cc1-c1nsc(Nc2ccccc2)n1,5.58,0
CCN(CC)CCCCCOc1ccc(C(=O)c2ccc(CN(C)Cc3ccccc3)cc2)cc1,6.84,1
CCN(CCCCCCNC1=CC(=O)C(NCCCCCCN(CC)Cc2ccncc2)=CC1=O)Cc1ccncc1,6.72,1
C#CCCCC[n+]1cn(C)c(C=NO)n1,4.2,0
COc1cc(/C=C/C(=O)Nc2ccccc2)ccc1OCCCCCCCCN1CCCCC1,5.38,0
CC1=C[C@H]2Cc3nc4cc(Cl)ccc4c(N)c3[C@@H](C1)C2,6.835,1
C[C@H](CCC(=O)O)[C@H]1CC(=O)[C@@]2(C)C3=C(C(=O)C[C@]12C)[C@@]1(C)CC[C@H](O)C(C)(C)[C@@H]1C[C@@H]3O,4.59,0
CCOc1ccc(Cc2nc3cc(C(=O)NCCSSCCNc4c5c(nc6ccccc46)CCCC5)ccc3n2CCC(C)C)cc1,7.1,1
CC1=CC2Cc3[nH]c(=O)ccc3C(N)(C1)/C2=C/C(F)(F)F,5.7,0
COc1ccc2c(c1)CC(=CC1CCN(Cc3ccccc3)CC1)C2=O,7.36,1
O=C(CCCCCCCCc1ccc(O)c(O)c1)c1c(O)ccc(C(CCCCCCCCc2ccc(O)c(O)c2)c2c(O)cccc2O)c1O,4.9,0
COC(=O)C(=NNc1ccccc1[N+](=O)[O-])C(=O)C(F)(F)F,4.68,0
CCCN(CCC)c1ccc(/C=C2\Cc3cc(OC)c(OCCN4CCCCC4)cc3C2=O)cc1,6.02,1
CC1CCCCN1c1nc2ccccc2[nH]1,4.05,0
CN(CCOc1ccc2c(c1)oc(=O)c1ccccc12)Cc1ccccc1,5.17,0
O=C(CCc1c[nH]c2ccccc12)NC1CCN(Cc2ccccc2)CC1,5.08,0
Cc1ccccc1NC(=O)Oc1ccc2c(c1)[C@]1(C)CCN(C)[C@@H]1N2C,7.995,1
CCCCCCOC(=O)C(CCC(=O)NCCC1CCN(Cc2ccccc2)CC1)NC(=O)OCc1ccccc1,6.6,1
CC(C)C1=N[C@H]2CC[C@]34C[C@]35C(=O)C[C@]3(C)[C@@H]([C@H](C)N(C)C(=O)OC(C)(C)C)[C@H](O)C[C@@]3(C)[C@@H]5CC[C@H]4[C@]2(C)CS1,6.8,1
Cc1ccc2c(c1)C(=O)C(C)C2,6.79,1
CC(=O)N=Cc1c(O)[nH]c(=O)[nH]c1=O,4.04,0
COc1cccc(CN(C)CCCCOc2ccc3c(c2)oc(=O)c2ccccc23)c1,5.08,0
COc1ccccc1C(=O)Nc1ccc2c(c1)CN(C(=O)c1cccc(Cl)c1)C(=O)C2,10.78,1
O=C(CCCCc1cccs1)NCCCNc1c2c(nc3cc(Cl)ccc13)CCCC2,8.57,1
COc1cc2c(cc1OC)C(=O)/C(=C/c1ccc(N3CC[N+](C)(Cc4ccccc4Br)CC3)cc1)C2,6.27,1
COc1cccc(CN2CCN(CCOc3ccc4c(c3)oc(=O)c3ccccc34)CC2)c1,4.94,0
C/C=C1\[C@H]2C=C(C)C[C@]1(N=Cc1ccc(O)c(OC)c1)c1ccc(=O)[nH]c1C2,7.8,1
COc1cc(O)c2c(c1)C1=C(c3c(O)c(O)cc(C)c3-c3cc(OC)cc(O)c3C(=O)O)C(=O)C(=O)CC1(C)OC2=O,4.81,0
COc1ccc2[nH]cc(CCNC(=O)CN(CCC3CCN(Cc4ccccc4)CC3)C(=O)C=Cc3ccc(O)c(OC)c3)c2c1,7.51,1
O=C1C(=Cc2ccc[nH]2)CN(Cc2ccccc2)CC1=Cc1ccc[nH]1,4.75,0
CN(C)c1ccccc1CNCCCCCCCCCNc1c2c(nc3ccccc13)CCCC2,8.45,1
CC[n+]1ccc(CCC(=O)c2cc3cc(OC)c(OC)cc3s2)cc1,6.55,1
Cc1ccc([C@@H]2CN(C)C3(C(=O)c4ccccc4C3=O)[C@]23CSc2ccccc2C3=O)cc1,5.18,0
COC(=O)C1=CO[C@@H](C)[C@H]2C[n+]3ccc4c([nH]c5ccccc54)c3C[C@H]12,6.11,1
N#CC(C#N)C1=NCCN1CCNCc1ccc(CN2CCC(O)CC2)o1,6.41,1
Cc1ccccc1/C=C1\CN(C(=O)C2CCN(C)[C@]23C(=O)Nc2ccccc23)C[C@]2(C1=O)[C@H](c1ccccc1C)CN(C)[C@]21C(=O)Nc2ccccc21,5.03,0
COc1ccc(C)cc1OC,5.355,0
Cc1coc2c1c(=O)oc(=O)c1c3c(ccc12)C(C)(C)CCC3,5.48,0
C[C@]12CC[C@H](O)[C@@](C)(CO)C1C[C@H](O)[C@@]1(C)Oc3cc(-c4ccc(Cl)nc4)oc(=O)c3C(=O)C21,4.1,0
COc1cc2c(cc1OC)SC(C(=O)CCc1cc[n+](Cc3ccsc3)cc1)C2,8.22,1
O=c1cc(-c2ccc(CN3CCCCC3)cc2)oc2ccccc12,7.26,1
CC1=CC2Cc3nc4cc(Cl)ccc4c(NCCCCCCCCC(=O)Nc4cn[nH]c4)c3C(C1)C2,8.62,1
COc1ccc2nc3c(c(NCCCCCCNC(=O)C4(C)CCc5c(C)c(O)c(C)c(C)c5O4)c2c1)CCCC3,5.18,0
CCN(Cc1ccc(/C=C2\Oc3cc(OC)c(OC)cc3C2=O)cc1O)Cc1ccccc1N(C)C,5.17,0
Nc1c2c(nc3c1C(c1ccc(Cl)c(Cl)c1)c1ccc4ccccc4c1O3)CCCC2,5.29,0
CN(CCCCCN1C(=O)c2ccccc2S1(=O)=O)Cc1ccccc1,7.48,1
O=c1ccc2cc(/N=C/c3ccccc3)ccc2o1,6.94,1
CCCCCCNC(=O)Oc1ccc2c(c1)[C@]1(C)CCN(CCC)[C@@H]1C2,7.21,1
CCCCCCNC(=O)Oc1ccc2c(c1)[C@]1(C)CCN(CC)[C@@H]1C2,7.35,1
C[C@@H]([C@H]1CC[C@H]2[C@@H]3CC[C@H]4C[C@@H](N)CC[C@]4(C)[C@H]3CC[C@]12C)N(C)C,4.55,0
CCOC(=O)/C=C/c1ccc(OCCCCCCN2CCCCC2)c(OC)c1,5.58,0
COc1cccc2cc[n+](-c3cccc(Cl)c3)cc12,5.03,0
C[C@@]12CCN(Cc3ccccc3)C1N(Cc1ccccc1)c1ccc(OC(=O)Nc3ccccc3)cc12,4.39,0
O=C(Cc1c[nH]c2ccc(Br)cc12)NCCC1CCN(Cc2ccccc2)CC1,5.85,0
COc1ccc(C(=O)c2ccc(CN(C)Cc3ccccc3)cc2)cc1,5.74,0
CN(C)C(=O)Oc1ccc2c(c1)C=CCN(C)[C@@H]2CCOc1ccc([N+](=O)[O-])cc1,7.85,1
CC1CCCCN1Cc1ccc(CNCCN2CCN=C2C(C#N)C#N)o1,6.27,1
CCN(CC)CCOC(=O)/C=C/c1ccc2oc(C(=O)Nc3ccc(OC)cc3)cc(=O)c2c1,5.94,0
COc1ccc(Cn2cc(C(=O)NCCCCCCCCNc3c4c(nc5ccccc35)CCCC4)c(=O)c3ccccc32)cc1,6.12,1
CCCCNC(Cc1c[nH]c2ccccc12)C(=O)NCCC1CCN(Cc2ccccc2)CC1,4.59,0
COc1ccc(C(=O)N2c3ccccc3Sc3ccccc32)cc1OC,5.24,0
COc1ccc(CCNc2nc(NC3CC3)nc3ccccc23)cc1OC,5.14,0
O=C(CNc1ccc2oc(=O)ccc2c1)c1ccccc1,6.83,1
CCCCNC(=O)Oc1cccc(CN(CC)CCCOc2ccc3c(=O)c4ccccc4oc3c2)c1,8.07,1
O=C1CC(=NCCNc2c3c(nc4ccccc24)CCCC3)C(=O)c2ccccc21,7.84,1
FC(F)(F)c1ccc(/C=N/C2CCN(Cc3ccccc3)CC2)cc1,6.36,1
CC1CCCC(C)N1Cc1ccc(CNCCN2CCN=C2C(C#N)C#N)o1,5.35,0
COc1ccc2onc(CCC3CCN(Cc4ccccc4)CC3)c2c1,8.14,1
CN1c2ccccc2C(n2cnc([N+](=O)[O-])n2)c2ccccc21,4.78,0
CC1Cc2nc3nc(-c4ccccc4)cc(C(F)(F)F)c3c(N)c2C1,5.03,0
c1ccc2c[n+](CCCCCCCCCC[n+]3ccc4ccccc4c3)ccc2c1,7.3,1
C[n+]1c(/C=C/c2ccccc2)ccc2ccccc21,5.37,0
COc1cc2c(cc1OC)CC(CC1CCN(CCNc3c4c(nc5cc(Cl)ccc35)CCCC4)CC1)C2,8.59,1
CCCCOC(=O)CC[C@@H](C)[C@H]1CC[C@@]2(C)C3=C(C(=O)C[C@]12C)[C@@]1(C)CCC(=O)C(C)(C)[C@@H]1C[C@@H]3O,4.91,0
CCCCN(CCOc1cccc2c(OC(=O)N(C)C)cccc12)CCC1CCCCCC1,7.32,1
Cc1c(C)c2ccc(OCC3CCN(Cc4cccc(C(F)(F)F)c4)CC3)cc2oc1=O,6.33,1
c1ccc2c(c1)Cc1c-2nc2ccccc2c1NCCCCCCCNc1c2c(nc3ccccc13)CCCC2,7.86,1
O=C(NC1CCN(Cc2ccccc2)CC1)c1cncc(NC(=O)c2ccnc3[nH]ccc23)c1,6.45,1
Cc1cccc(CN2CCC(CCC(=O)c3ccc4c(c3)NCCCC4)CC2)c1,6.65,1
CCCCCCCC=CCCc1cc(O)ccc1O,5.1,0
C[C@@H](c1ccc2c(c1)oc(=O)c1ccccc12)N(C)C,5.1,0
Cc1ccccc1C,6.654999999999999,1
COc1ccc(C(=O)c2c(C3CCN(Cc4ccccc4)CC3)oc3ccccc23)cc1,4.32,0
CCOc1ccc(Cc2nc3cc(C(=O)N(CC)CCCCNc4c5c(nc6ccccc46)CCCC5)ccc3n2CCC(C)C)cc1,7.2,1
c1ccc(C(Nc2ccnc(N3CCNCC3)n2)c2ccccc2)cc1,4.5,0
O=C(O)/C=C/c1ccc2oc(C(=O)Nc3ccccc3)cc(=O)c2c1,5.22,0
Nc1c2c(nc3cccc(Cl)c13)C1CCC2C1,7.375,1
CS(=O)(=O)Nc1ccc2c(CCC3CCN(Cc4ccccc4)CC3)noc2c1,7.85,1
C=CC(=O)N1C/C(=C\c2cccc3ccccc23)C(=O)[C@@]2(C1)[C@H](c1cccc3ccccc13)CN(C)[C@]21C(=O)Nc2ccccc21,5.12,0
O=C(NCCCCCNc1c2c(nc3cc(F)ccc13)CCCC2)Oc1ccc(-c2cc3cccnc3[nH]2)cc1,6.82,1
C(=C/C[n+]1ccc2ccccc2c1)\C[n+]1ccc2ccccc2c1,5.16,0
C=CC[N+](C)(C)c1ccc(OCC(=O)c2ccc(OC)c(OC)c2)cc1,5.0,0
N#CC(c1ccc2c(c1)OCO2)N1CCOCC1,4.24,0
CC(C)(C)c1cc(C=CC(=O)NCCC2CCN(Cc3ccc(C#N)cc3)CC2)cc(C(C)(C)C)c1O,5.56,0
Oc1ccc2[nH]c3c(c2c1)C[PH](Cc1cccc2ccccc12)(c1ccccc1)CC3,5.58,0
C/C=C1\[C@H]2C=C(C)C[C@]1(N=Cc1ccc(O)c(OCC)c1)c1ccc(=O)[nH]c1C2,7.6,1
CNC(=O)Oc1cccc(CN(C)CCCCCCCCCOc2ccc3c(=O)c4ccccc4oc3c2)c1,7.93,1
N#CC(C#N)C1=NCCN1CCNCc1ccc(CN2CCSCC2)o1,5.82,0
C[N+](C)(C)CCOC(=O)c1ccc(Oc2nc(Oc3ccc(C(=O)OCC[N+](C)(C)C)cc3)nc(Oc3ccc(C(=O)OCC[N+](C)(C)C)cc3)n2)cc1,6.52,1
N#Cc1cc2c(cn1)[nH]c1ncc(-c3ccc(CN4CCC(O)CC4)cc3)cc12,6.42,1
O=C(CCCc1c[nH]c2ccccc12)NCCCCCNc1c2c(nc3cc(Cl)ccc13)CCCC2,9.52,1
Cc1ccc(NC(=O)Oc2ccc3c(c2)[C@]2(C)CCN(C)[C@@H]2N3C)c(C)c1,7.85,1
O=C(NCCCCCCCCNc1c2c(nc3ccccc13)CCCC2)c1ccccc1O,6.65,1
O=C(Cc1cc(=O)oc2cc(O)ccc12)NCCCCNc1c2c(nc3ccccc13)CCCC2,7.81,1
CC(=O)N1N=C(c2ccc(-c3ccccc3)cc2)CC1c1ccc2ccccc2c1,6.1,1
CCNC(=S)NN=Cc1c(OC)cc(OC)c2c(-c3ccccc3)c[nH]c12,4.23,0
CCOC(OCC)c1ccc(/C=C/C(=O)/C=C/c2ccc(C(OCC)OCC)cc2)cc1,4.26,0
COc1ccc(-c2cc(-c3ccc(OC)cc3)c3c(N)[nH]nc3n2)cc1,6.58,1
Cc1ccc(-c2noc(-c3cccc(OCC4CCN(Cc5ccccc5F)CC4)c3)n2)cn1,6.54,1
C/C=C(\C)C(=O)N[C@H]1CC[C@]2(C)[C@H]3CC[C@]4(C)[C@@H]([C@H](C)NC)CC[C@H]4[C@@H]3CC[C@H]2[C@H]1OC(C)=O,5.09,0
CCCCCCOC(=O)C(CCC(=O)NCCC1CCN(Cc2ccccc2)CC1)NC(=O)c1cc2ccsc2s1,6.52,1
c1cc[n+](CCCCCCCCC[n+]2ccc3ccccc3c2)cc1,7.4,1
O=c1c2ccccc2nc2n1C(c1cncc3[nH]c4ccccc4c13)CC2O,4.15,0
C(=N/Nc1c2c(nc3ccccc13)CCCC2)\c1ccc(OCc2cn(Cc3ccccc3)nn2)cc1,5.98,0
CNC(=O)Oc1cccc(CN(C)CCCCCCCOc2ccc3c(c2)O/C(=C\c2cc(Cl)cc(Cl)c2)C3=O)c1,4.35,0
COc1ccccc1/C=C/C=C(\Br)S(=O)(=O)F,7.1,1
COc1ccc(-c2c3ccccc3[n+](C)c3ccccc23)cc1.F[B-](F)(F)F,4.86,0
Cc1cc(S(=O)(=O)Nc2ccccc2O)c(C(C)C)cc1O,5.06,0
CNC(=O)Oc1cccc(CN(C)CCCOc2ccc3c(=O)c4ccccc4oc3c2)c1,9.52,1
COc1ccc2c3ccnc(C)c3n(CC3CC(c4ccccc4)=NO3)c2c1,4.96,0
CCN(CCCCCCNC1=CC(=O)C(NCCCCCCN(CC)Cc2cccnc2)=CC1=O)Cc1cccnc1,6.88,1
COc1ccc([C@H]2OC(=O)C3C2C(=O)O[C@@H]3c2ccc3c(c2)OCO3)cc1OC,6.8,1
COc1ccc(C(F)(F)F)c[n+]1C.F[B-](F)(F)F,4.574999999999999,0
O=C(NCCCCCCNc1c2c(nc3ccccc13)CCCC2)c1cc2ccccc2o1,6.37,1
Cc1[nH]c2c(c(=O)c1CCN1CCN(C(c3ccc(F)cc3)c3ccc(F)cc3)CC1)CCCC2,5.97,0
COCC[N+]1(C)CCCC(C(=O)c2cc3cc(OC)c(OC)cc3s2)CC1,7.28,1
Cc1cc(C)cc(Oc2ccc3nc4c(c(N)c3c2)CCCCC4)c1,6.0,0
COc1cc2c(cc1OC)C(=O)C(Cc1cc[n+](Cc3cccc(C)n3)cc1C(N)=O)C2,5.73,0
CCN(C)C(=O)Oc1cc(C(C)N(C)C)cc2oc(=O)c3ccccc3c12,4.4,0
O=C(CCc1cc[n+](Cc2ccccc2)cc1)c1ccc2c(c1)OCO2,6.62,1
COc1c(F)c[n+](CCCOc2ccc3c(C)cc(=O)oc3c2)cc1F,5.744999999999999,0
O=C(CCCC1CCSS1)NCCCNc1c2c(nc3cc(Cl)ccc13)CCCC2,6.6,1
CCOC(=O)c1c(C)nc2nc3c(c(N)c2c1-c1ccncc1)CCCC3,5.85,0
C=CC(=O)N1C/C(=C\c2ccc(Cl)cc2Cl)C(=O)[C@@]2(C1)[C@H](c1ccc(Cl)cc1Cl)CN(C)[C@]21C(=O)Nc2ccccc21,5.21,0
CN(Cc1ccccc1)Cc1ccc(NC(=O)C=Cc2ccc(O)c(O)c2)cc1,5.27,0
C=CC(=O)N1C/C(=C\c2ccccc2C)C(=O)[C@@]2(C1)[C@H](c1ccccc1C)CN(C)[C@]21C(=O)Nc2ccccc21,5.4,0
CCN(CCCCCOc1cc(O)c2c(c1)OC(c1ccc(O)cc1)CC2=O)Cc1ccccc1,6.04,1
O=C(Nc1cccc(-c2cc(-c3ccc(Cl)cc3)[nH]n2)c1)c1ccccc1,5.71,0
COc1ccc([C@@H]2CN(C)C3(C(=O)c4ccccc4C3=O)[C@]23CSc2ccccc2C3=O)cc1,5.94,0
CCCN(CCC)CCCCCCOc1ccc(C(=O)/C=C/c2ccccc2)cc1,4.36,0
COc1ccc(CNC(=O)C2CCN(C(=O)c3ccccc3)CC2)cc1OC,8.39,1
CN(CCCNc1c2c(nc3ccccc13)CCCC2)CCCNc1c2c(nc3ccccc13)CCCC2,9.52,1
CCOC(=O)C1=C(C)Oc2nc3c(c(N)c2[C@H]1c1ccco1)CCCC3,5.77,0
C=CC(=O)N1C/C(=C\c2ccccc2Cl)C(=O)[C@@]2(C1)[C@H](c1ccccc1Cl)CN(C)[C@]21C(=O)Nc2ccccc21,5.29,0
CCCCCCCNC(=O)Oc1ccc(Cc2nc3cc(C(=O)N(CC)CC)ccc3n2CCC(C)C)cc1,6.779999999999999,1
O=C(Cc1ccccc1)N1c2ccccc2Sc2ccccc21,5.13,0
CCCCC1=NC2(CCCC2)C(=O)N1Cc1ccc(-c2ccccc2-n2nnnc2C(c2ccccc2)(c2ccccc2)c2ccccc2)cc1,6.42,1
O=C(CCCNc1c2c(nc3ccccc13)CCCC2)CCCNc1c2c(nc3ccccc13)CCCC2,8.74,1
CCN(CC)CCCCCCCCOc1ccc(/C=C/C(=O)Nc2ccccc2)cc1OC,5.87,0
CN(C)CCCCCOc1ccc(C(=O)/C=C/c2ccccc2)cc1,4.88,0
COc1cc2c(cc1O)CC[n+]1cc3c(OC)c(O)ccc3cc1-2,4.75,0
CC1(C)O[C@@H]2[C@@H](O)[C@H]3NC(=O)O[C@H]3C[C@@H]2O1,4.23,0
COc1cc2ncnc(N3CCN(c4ccccn4)CC3)c2cc1OC,5.94,0
COc1ccc(C(=O)Cc2ncc(C(=O)NCc3ccc(OC)c(OC)c3)cn2)cc1,5.0,0
O=C1N=C(Nc2ccc3oc(=O)ccc3c2)S/C1=C/c1ccc(Br)cc1,6.56,1
CCN(CC)C(=O)c1ccc2c(c1)nc(Cc1ccc(OC(=O)NCCCCCCN3CCc4ccccc4C3)cc1)n2CCC(C)C,5.01,0
c1ccc2c(c1)Nc1ccccc1S2,5.14,0
CN(C)c1ccc(/C=C/C(=O)C2CCc3ccccc3C2=O)cc1,4.4,0
COc1ccc2c(CCNC(=O)c3ccc(CN(C)Cc4ccccc4)cc3)c[nH]c2c1,5.39,0
CN(C)C(=O)N[C@H]1CCc2ccc(O)cc2C1,6.99,1
CC(=O)n1c2c(c3ccccc31)Oc1[nH]c(C)nc(=O)c1C2c1ccccc1,5.27,0
CCOC(=O)C1C(C)=Nc2nc3c(c(N)c2C1c1ccc(OC)c(OC)c1)CCCC3,7.35,1
OC(CNCc1cccc(OCc2ccccc2)c1)Cn1cc(Br)c2cc(Br)ccc21,5.04,0
CN(C)C(=O)N[C@H]1CCc2c(O)cccc2C1,6.88,1
O=C1c2ccccc2CCC1CC1CCN(c2ccccc2)CC1,5.68,0
COc1cc2ccnc(C(O)c3ccccc3OC)c2cc1OC,5.16,0
O=C(Nc1cc(Cl)nc(Cl)c1)OCCCCCNCc1c[nH]c2ccccc12,6.19,1
Oc1ccc2c(CCC3CCN(Cc4ccccc4)CC3)noc2c1,7.58,1
CC(C)C1=N[C@H]2CC[C@]34C[C@]35C(=O)C[C@]3(C)[C@@H]([C@H](C)N(C)CCN6C(=O)c7ccccc7C6=O)[C@H](O)C[C@@]3(C)[C@@H]5CC[C@H]4[C@]2(C)CS1,7.16,1
COc1ccc(CC2=[N+](C)CCc3cc(OC)c(OC)cc32)cc1OC,5.26,0
COc1ccc(CN2CCC(c3cc4ccccc4o3)CC2)cc1,4.03,0
O=S(=O)(Nc1ccc2c(CCC3CCN(Cc4ccccc4)CC3)noc2c1)c1ccccc1,7.85,1
COc1ccc(/C=C2\COc3cc(OCCCN4CCCCC4)ccc3C2=O)cc1,5.41,0
COc1ccc2c3c1O[C@H]1C[C@@H](O)C=C[C@@]31CCN(CCCCNC13CC4CC(C)(CC(C)(C4)C1)C3)C2,5.95,0
COc1ccc2nc3c(c(NCCCCCCCNC(=O)C(N)Cc4c[nH]c5ccccc45)c2c1)CCCC3,6.01,1
CC1=CC2Cc3nc4cc(Cl)ccc4c(NCCCCCNC(=O)c4cc(O)c5c(c4)C(=O)c4cccc(O)c4C5=O)c3C(C1)C2,8.97,1
O=c1c(/C=N/Nc2ccc(C(F)(F)F)cc2)coc2cc3oc(-c4cccc(Cl)c4)cc3cc12,4.74,0
O=C(COc1ccc(Cl)cc1[N+](=O)[O-])NCC1CCN(Cc2ccccc2)CC1,6.91,1
CCN(CC)CCCCCCOc1ccc(C(=O)/C=C/c2ccccc2)cc1,4.3,0
COc1cccc(CN(C)Cc2ccc(-c3cc4cc(OC)c(OC)cc4oc3=O)cc2)c1,6.15,1
COc1ccc2[nH]cc(CCNC(=O)CN(CCCC3CCN(Cc4ccccc4)CC3)C(=O)C=Cc3ccc(O)c(OC)c3)c2c1,7.58,1
CCN(CC)CCCOc1ccc2c(c1)C(=O)/C(=C/c1ccc(CN(C)Cc3ccccc3)cc1)C2,5.88,0
COc1ccc(CN2CCC(Nc3nc(-c4ccc(Cl)cc4)c(-c4ccc(Cl)cc4)s3)CC2)cc1,5.95,0
CCC(=O)Oc1cc([N+](C)(C)C)ccc1C,5.42,0
Cc1ccc(-c2nc(SCC(F)(F)F)n(C(=O)N(C)C)n2)cc1,6.7,1
COc1ccc(C2CC(c3cc(F)ccc3F)=NN2c2ccc(S(N)(=O)=O)cc2)cc1OC,8.2,1
Cc1ccccc1NC(=O)Oc1ccc2c(c1)[C@]1(C)CCN(C)[C@@H]1N2C.O=C(O)C(O)C(O)C(=O)O,8.0,1
Cc1cc(=O)oc2cc(OCCN3CCN(CC(=O)Nc4c5c(nc6ccccc46)CCCC5)CC3)ccc12,7.04,1
Cc1ccccc1NC(=O)Oc1ccc2c(c1)[C@]1(C)CCN(C)[C@@H]1N2,7.4,1
O=C(CCCCCCCCc1ccccc1)c1c(O)cccc1O,5.88,0
CC1c2[nH]c3ccccc3c2CC(C(=O)NCCCCCCNc2c3c(nc4ccccc24)CCCC3)N1C(=O)OC(C)(C)C,6.28,1
Cc1ccc(CN2CCC(CCNC(=O)C=Cc3cc(C(C)(C)C)c(O)c(C(C)(C)C)c3)CC2)cc1,5.7,0
c1ccc2c(c1)ccc[n+]2CCCCCCCC[n+]1cccc2ccccc21,7.1,1
COc1ccc(C(=O)Cc2ncc(C(=O)Nc3ccncc3)cn2)cc1,4.75,0
CCCCCCCNC(=O)Oc1ccc2c(c1)C1CCN(CCC)C1C2,6.2,1
COc1ccc(OCCCN(C)C(=O)c2cnc(CC(=O)c3ccc(OC)cc3)nc2)cc1,5.01,0
c1cc[n+](CCCCCCCC[n+]2ccc3ccccc3c2)cc1,6.85,1
COc1cccc(N(CCC2CCN(Cc3ccccc3)CC2)C(C)=O)c1,7.34,1
COc1ccc(Cn2cc(C(=O)NCCCCCCCNc3c4c(nc5ccccc35)CCCC4)c(=O)c3ccccc32)cc1,6.71,1
C#CCOP(C)(=O)OC(C(=O)OC)C(F)(F)F,4.36,0
COc1ccccc1CN1CCC(N2CCC(N=C3CC(=O)c4ccccc4C3=O)CC2)CC1,4.76,0
c1ccc(-c2cnc(NCN3CCCCC3)nc2)cc1,4.0,0
CNc1ccccc1-c1nc(C(=O)OC)cs1,4.2,0
CN1CCC(C(=O)N2C/C(=C\c3ccc(Cl)cc3)C(=O)[C@@]3(C2)[C@H](c2ccc(Cl)cc2)CN(C)[C@]32C(=O)Nc3ccccc32)[C@@]12C(=O)Nc1ccccc12,5.21,0
Cc1ccccc1NC(=O)Oc1ccc2c(c1)[C@@]1(C)CCN(C)[C@H]1N2C,5.26,0
CCN(CC)CCOC(=O)/C=C/c1ccc2oc(C(=O)Nc3ccc(C)c(C)c3)cc(=O)c2c1,5.61,0
COc1ccc(-n2cc(COc3ccc(/C=N/Nc4c5c(nc6ccccc46)CCCC5)cc3)nn2)cc1,5.64,0
COc1cccc(C2c3c([nH]c(C)nc3=O)Oc3c2n(C(C)=O)c2ccccc32)c1,4.77,0
O=C(CNCCCc1ccccc1)Nc1ccc2nc3n(c(=O)c2c1)CCC3,8.39,1
CNC(=O)Oc1cccc(CN(C)CCCCCCOc2ccc3c(c2)O/C(=C\c2cc(OC)c(OC)c(OC)c2)C3=O)c1,9.28,1
Clc1ccc(/C=C2/CNCC3=C2N=C2SC=C(c4ccc5ccccc5c4)N2C3c2ccc(Cl)cc2)cc1,5.87,0
O=C(Nc1cc(COCc2cn(CCNc3c4c(nc5ccccc35)CCCC4)nn2)ccn1)Nc1cccc2c1C1CCCCN1C2=O,7.68,1
CN[C@H]1CC[C@@]2(C)[C@@H](CC[C@@H]3[C@@H]2CC[C@]2(C)C([C@H](C)N(C)C)=CC[C@@H]32)C1,4.69,0
COc1cc2c(cc1OC)C(=O)/C(=C/c1ccc(CN3CCCCC3)c(O)c1)O2,7.43,1
Cc1ccc2nc3c(c(NCc4ccccc4)c2c1)CCCC3,5.43,0
Cc1c(C)c2c(c(C)c1O)CCC(C)(C(=O)NCCCCNc1c3c(nc4cc(Cl)ccc14)CCCC3)O2,6.82,1
COC(=O)C1=C(C)OP(=O)(OC)CCC1,4.92,0
CN(CCCCCCCOc1ccc(-c2oc3ccccc3c2C(=O)c2ccc(OCCN3CCOCC3)cc2)cc1)Cc1ccccc1,4.41,0
Clc1ccc2c(NCCCCCCCOc3ccc(-c4cc5ccccc5o4)cc3)c3c(nc2c1)CCCC3,6.51,1
CCN(CCCCCCNc1ccc(-c2ccc(NCCCCCCN(CC)Cc3ccccc3OC)cc2)cc1)Cc1ccccc1OC,5.58,0
CC1CCN(c2nccc(NCc3cccc4ccccc34)n2)CC1,4.59,0
CCOC(=O)C1=C(C)Oc2nc3c(c(N)c2[C@H]1c1ccc(Cl)cc1)CCCC3,5.71,0
NC(=O)O,4.17,0
NC(CO)C(=O)O,4.42,0
COc1ccc2[nH]cc(CCNC(=O)CC3CCN(Cc4ccccc4C)CC3)c2c1,5.44,0
Cc1cccc2nc3c(c(N)c12)CCCCC3,6.59,1
CN1CCN(CC2Cc3ccccc3C2=O)CC1,7.03,1
COc1cccc(C(=O)N2c3ccccc3Sc3ccccc32)c1,5.21,0
COc1ccc(C(=O)Cc2ncc(C(=O)N(C)CCCOc3ccc([N+](=O)[O-])cc3)cn2)cc1,5.34,0
COc1ccccc1C1c2ccc3ccccc3c2Oc2nc3c(c(N)c21)CCCC3,5.34,0
O=c1oc2cc(OCCNC3CCN(Cc4ccccc4)CC3)ccc2c2c1CCCC2,5.86,0
CNc1nc(NCCc2ccccc2)c2ccccc2n1,5.06,0
C#CCN[C@@H]1CCc2cc(Cl)c(OC(=O)N(C)CCC)cc21,4.36,0
O=C(CCc1c[nH]c2ccccc12)NCCCCCNc1c2c(nc3cc(Cl)ccc13)CCCC2,8.4,1
Oc1cccc(C2=Nc3ccccc3SC(c3ccc(Cl)cc3)C2)c1,4.73,0
CCOC(=O)C1C(C)=Nc2nc3c(c(N)c2C1c1cccc(OC)c1)CCCC3,7.24,1
O=C(c1c(F)ccc(F)c1F)n1nc(OCCN2CCCCC2)c2ccccc21,5.03,0
O=C(c1ccc(F)cc1)N(CCC1CCN(Cc2ccccc2)CC1)c1ccccc1,7.75,1
CCN(CCCCCCNC1=C(c2ccccc2)C(=O)C(NCCCCCCN(CC)Cc2ccccc2OC)=C(c2ccccc2)C1=O)Cc1ccccc1OC,6.91,1
c1cc(-c2cnc3[nH]c4cnc(-c5cnoc5)cc4c3c2)ccc1CN1CCCCC1,6.18,1
COc1ccc2nc3c(c(NCCCN=C4CC(=O)c5c(O)cccc5C4=O)c2c1)CCCC3,6.46,1
c1ccc2c(NCCCCCCCCCN3CCOCC3)c3c(nc2c1)CCCC3,7.47,1
CCN(CCCCCC(=O)Nc1ccc(Cc2ccc(NC(=O)CCCCCN(CC)Cc3ccccc3OC)cc2)cc1)Cc1ccccc1OC.O=C(O)C(=O)O,7.2,1
CCOc1ccc(Cc2nc3cc(C(=O)N(CC)CC)ccc3n2CCCCCCN2CCCCC2)cc1,4.7,0
Nc1c2c(nc3c1cc(-c1ccccc1)n3-c1ccccc1)CCCC2,4.34,0
CCN(CCCCCCN1C(=O)c2ccccc2C1=O)Cc1ccccc1OC,6.23,1
c1ccc(CN2CCC(Nc3nccc(NCc4ccc5c(c4)OCO5)n3)CC2)cc1,4.9,0
CCN(CCCNC1=CC(=O)C(NCCCNC(=O)CCCCC2CCSS2)=CC1=O)Cc1ccccc1OC,6.72,1
COc1ccc(COc2c(OC)ccc3cc4[n+](cc23)CCc2cc3c(cc2-4)OCO3)cc1,5.28,0
COc1cc2c(c(O)c1OC)CC[n+]1cc3c(OC)c(O)ccc3cc1-2,4.79,0
C[C@@H]([C@H]1[C@H](O)C[C@@]2(C)[C@@H]3CC[C@@H]4C(=CC[C@@H]5N=C(C(C)(C)C)OC[C@]54C)CC3C(=O)C[C@]12C)N(C)C,6.46,1
O=C1Cc2ccccc2CN1CCC1CCN(Cc2ccccc2)CC1,7.77,1
Cc1c(C)c2ccc(OCCCCCNCc3ccccc3)cc2oc1=O,6.52,1
COc1cc2c(cc1OC)/C(=N\N)C(CC1CCN(Cc3ccccc3)CC1)C2,6.72,1
COc1cccc([C@@H]2[C@H](Cc3c[nH]c4ccccc34)NC3(C(=O)Nc4ccccc43)[C@@]23Cc2cc(OC)c(OC)cc2C3=O)c1,5.64,0
COc1c(F)ccc[n+]1C.F[B-](F)(F)F,4.16,0
COc1cc2c(cc1OC)C(=O)C1(C2)C(c2ccccc2)C(c2ccccc2)NC12C(=O)Nc1ccc(Cl)cc12,5.14,0
CCCCN(CCCC)CCCCCOc1ccc(C(=O)/C=C/c2ccccc2)cc1,4.11,0
COc1cc2ncnc(N3CCN(c4ccc(Br)cc4)CC3)c2cc1OC,6.01,1
COc1cc2oc3cc(OCCCCCCCN(C)Cc4ccccc4)ccc3c(=O)c2cc1OC,5.63,0
CCN(CC)CCOC(=O)/C=C/c1ccc2oc(C(=O)Nc3ccc(Cl)cc3)cc(=O)c2c1,6.07,1
c1ccc(CN2CCC(CCCc3noc4ccccc34)CC2)cc1,6.05,1
O=C(CCOCCc1c[nH]c2ccccc12)NCCCCCCNc1c2c(nc3cc(Cl)ccc13)CCCC2,9.15,1
CNc1ccccc1-c1nc(C(=O)O)cs1,4.17,0
O=C(CCOCCc1c[nH]c2ccccc12)NCCCCCCCNc1c2c(nc3cc(Cl)ccc13)CCCC2,8.52,1
CN(C)Cc1ccc(CSCCCCCCCSCc2ccc(CN(C)C)o2)o1,6.21,1
Cc1ccccc1CN1CCC(C)CC1,8.0,1
COc1cccc2cc[n+](-c3ccc(C(F)(F)F)cc3)cc12,6.16,1
COc1ccc2sc3c([N+](=O)[O-])ccc(NCC[C@@H]4CCCN5CCCC[C@H]45)c3c(=O)c2c1,5.32,0
O=C(CCCCN1CCC2c3ccccc3NC2C1)Oc1ccc(/C=C2\CCn3c2nc2ccccc2c3=O)cc1,8.97,1
Nc1cc(-c2ccccc2)nc2ccccc12,4.94,0
Clc1ccc2c(NCCCNCC34CC5CC(CC(C5)C3)C4)ccnc2c1,6.3,1
COC1=CC(=O)[C@]2(C)[C@]3(O)Cc4c(cc(-c5cc(OC)c(OC)c(OC)c5)oc4=O)O[C@]3(C)CC[C@]2(O)C1(C)C,6.38,1
Brc1ccc(Cn2cc(CNC34CC5CC(CC(C5)C3)C4)nn2)cc1,7.04,1
O=C1CN(CCN2CCCC2)C(=O)CN1CCCn1ccnc1,4.7,0
CCCCCCCNC(=O)Oc1ccc2c(c1)[C@]1(C)CCN(C)[C@@H]1N2C,7.66,1
CNC(=O)COc1cc(C(C)C)ccc1C,5.71,0
COc1cc2cc(-c3ccc(CN(C)Cc4ccccc4C)cc3)c(=O)oc2cc1OC,6.44,1
CCOC(=O)C1C(C)=Nc2nc3c(c(N)c2[C@H]1c1ccccc1[N+](=O)[O-])CCCC3,6.52,1
O=C(NCCCCCNc1c2c(nc3cc(F)ccc13)CCCC2)Oc1ccc2cc[nH]c2c1,6.56,1
CNC(=O)Oc1ccc2c(c1)[C@]1(C)CCO[C@@H]1N2C,7.985,1
c1ccc2c[n+](CCCC[n+]3ccc4ccccc4c3)ccc2c1,4.44,0
O=C(CNCc1ccccc1[N+](=O)[O-])Nc1ccc2nc3n(c(=O)c2c1)CCC3,7.51,1
Nc1c2c(nc3cc(F)ccc13)-c1ccccc1C2,5.92,0
Cc1cc2nc3c(nc2cc1C)C1(c2ccccc2-3)C(C#N)C(=N)N2CCCN=C2C1[N+](=O)[O-],5.24,0
O=C(NCCCNc1c2c(nc3ccccc13)CCCC2)c1sc(-c2ccnc(NC(=O)C3CCC3)c2)nc1OCC1CC1,6.53,1
c1cc[n+](CCCCCCCCCCC[n+]2ccc3ccccc3c2)cc1,7.52,1
COC(=O)c1ccc(COc2c(OC)ccc3cc4[n+](cc23)CCc2cc3c(cc2-4)OCO3)cc1,5.58,0
CC1(C)CN=C2C([N+](=O)[O-])C3(c4ccccc4-c4nc5ccc([N+](=O)[O-])cc5nc43)C(C#N)C(=N)N2C1,5.44,0
COc1ccc(-c2nc(NC(=O)C3CCN(Cc4ccc(F)cc4C(F)(F)F)CC3)sc2-c2ccc(OC)cc2)cc1,5.91,0
O=C(CNCCCCNCC(=O)Nc1c2c(nc3c1CCC3)CCCC2)Nc1c2c(nc3c1CCC3)CCCC2,5.84,0
C[C@@H]([C@H]1[C@H](O)C[C@@]2(C)[C@@H]3CC[C@H]4[C@]5(C)COC(C(F)(C(F)(F)F)C(F)(F)F)=N[C@H]5CC[C@@]45C[C@@]35C(=O)C[C@]12C)N(C)C,5.52,0
COc1cc2nc(N(C)CCCNC(=O)C3CCCO3)nc(N)c2cc1OC,7.75,1
Cc1ccccc1C1C([N+](=O)[O-])C(Cc2c[nH]cn2)NC12c1ccccc1-c1nc3ccccc3nc12,5.0,0
Cc1nc2nc3c(c(N)c2c(-c2ccccc2)c1C(=O)OC(C)C)CCCC3,5.92,0
Cc1ccc(NCC[C@@H]2CCCN3CCCC[C@H]23)c2c(=O)c3cc(O)ccc3sc12,5.37,0
C#CCN(C)Cc1cc2cc(OCCCN3CCCCC3)ccc2n1C,6.28,1
CN(Cc1ccccc1)Cc1ccc(C(=O)NCCc2c[nH]c3cc(F)ccc23)cc1,5.6,0
CNCCC(Oc1ccc(C(F)(F)F)cc1)c1ccccc1,6.89,1
COc1ccc2oc(=O)c(-c3cccc(CN(C)Cc4ccccc4)c3)cc2c1,6.52,1
CN1CC[C@@]2(C)c3cc(OC(=O)Nc4ccccc4)ccc3N(Cc3ccccc3)[C@@H]12,6.61,1
CC(C)Cn1cc(C(=O)C(F)F)cn1,4.984999999999999,0
COP(=O)(OC)O/C(C)=C1\CCOC1=O,4.16,0
CCCN(C)c1ccc(/C=C2\Cc3cc(OC)c(OCCN4CCCCC4)cc3C2=O)cc1,6.41,1
COc1cc2ncnc(N3CCN(c4ccc(C)cc4)CC3)c2cc1OC,5.93,0
CNC(=O)Oc1cccc2c1CCC1C2CCN1CCC1CCCCC1,7.24,1
CCC(CN1CCCC1=O)C(=O)NCCCCCCCNc1c2c(nc3cc(Cl)ccc13)C[C@H]1C=C(C)C[C@@H]2C1,8.38,1
COc1c2c(cc3c1OCO3)[C@]13C=C[C@H](OC)C[C@@H]1[N@](C2)C[C@H]3OC(=O)c1ccccc1C,4.26,0
Cc1cc(=O)oc2cc(OCc3cc[n+](Cc4ccccc4Br)cc3)ccc12,7.11,1
C[C@@H]1CCC[C@H](C)N1S(=O)(=O)c1ccc(C(C)(C)C)cc1,6.34,1
CCN1CCc2sc(-c3cnc4[nH]c5cnc(C#N)cc5c4c3)cc2C1,6.59,1
COc1ccc(NCC2CCN(Cc3ccccc3)CC2)cc1OC,6.84,1
C[C@@H]1CCC[C@H](C)N1S(=O)(=O)c1cc(Cl)ccc1Cl,7.05,1
C=C1c2c(Cl)cccc2N=C2CCCCCN12,5.77,0
CCOC(=O)C1=C(C)Oc2nc3c(c(N)c2[C@H]1c1ccc(C)cc1)CCCC3,5.74,0
COc1cccc(CNC2CCN(Cc3ccccc3)CC2)c1OC,5.66,0
COc1ccc2nc3c(c(NCCCNC(=O)C(N)Cc4c[nH]c5ccccc45)c2c1)CCCC3,5.89,0
CC(C)Cn1cc(C(=O)C(F)(F)F)cn1,6.2,1
O=C(CCC1CCN(Cc2ccccc2)CC1)c1ccc2c(c1)NCCCCC2,6.9,1
O=C(NCCCCNc1c2c(nc3cc(Cl)ccc13)CCCC2)c1ccc2nc(-c3ccc(Cl)cc3)c3c(c2c1)NCCC3,7.85,1
C[N+](C)(C)c1cccc(O)c1,6.01,1
C/C=C1\[C@H]2C=C(C)C[C@]1(/N=C/c1ccc(OC)cc1)c1ccc(=O)[nH]c1C2,7.51,1
O=C(OC[C@H]1O[C@@H](OC(=O)c2cc(O)c(O)c(O)c2)[C@H](OC(=O)c2cc(O)c(O)c(O)c2)[C@@H](OC(=O)c2cc(O)c(O)c(O)c2)[C@@H]1O)c1cc(O)c(O)c(O)c1,4.93,0
CSc1nc(-c2ccc(Cl)cc2)nn1C(=O)N(C)c1ccccc1,5.85,0
COc1cc2ncnc(N3CCN(c4ccccc4)CC3)c2cc1OC,6.0,0
Cc1c(C)c2c(c(C)c1O)CCC(C)(C(=O)NCCCNc1c3c(nc4cc(Cl)ccc14)CCCC3)O2,7.1,1
COc1c(CC=C(C)C)c(O)cc2c1C[C@H](c1ccc(O)c(CC=C(C)C)c1O)CO2,4.81,0
CNC(=O)c1sc(-c2ccnc(NC(=O)C3CC3)c2)nc1OCCc1cn(CCNc2c3c(nc4ccccc24)CCCC3)nn1,6.57,1
O=[N+]([O-])c1ccc2nc3c(c(NCc4ccccc4)c2c1)CCCC3,5.8,0
Cc1ccccc1N=C1NNC2(C(=O)Nc3ccc(Br)cc32)C1[N+](=O)[O-],4.38,0
NC12CC(C(F)(F)F)=CC(Cc3[nH]c(=O)ccc31)/C2=C\C(F)(F)F,5.52,0
CCOC(=O)c1c(C)nc2nc3c(c(N)c2c1-c1ccc(F)cc1)CCCCC3,5.27,0
O=C1/C(=C/c2ccc(Cl)cc2Cl)CN(C(=O)C[C@H]2C[C@H]3CCCN3[C@]23C(=O)Nc2ccccc23)C/C1=C\c1ccc(Cl)cc1Cl,5.39,0
Cc1cc(=O)oc2cc(OCCCCSC(=S)N3CCCCC3)ccc12,7.57,1
CC(c1cc(O)c2c(c1)oc(=O)c1ccccc12)N(C)C,4.72,0
O=C(NCCCCCCNc1c2c(nc3cc(Br)ccc13)CCCC2)Oc1ccc(-c2cc3cccnc3[nH]2)cc1,7.26,1
Cc1ccc2c(N)c3c(nc2c1)CCCCC3,6.98,1
O=C1C(=O)N(C(=O)c2ccccc2)c2ccc(CNc3ccc(Br)cc3)cc21,6.4,1
COc1ccc(/C=N/NC(=O)CN2CCC(Cc3ccccc3)CC2)cc1OC,4.2,0
N#Cc1cc2c(cn1)[nH]c1ncc(-c3ccc(CN4CCCCC4)nc3)cc12,6.73,1
CCN(CCCCNC(=O)COc1ccc(-c2cc(=O)c3c(OC)c(OC)c(OC)cc3o2)cc1)Cc1ccccc1OC,7.2,1
COc1cc2c(cc1OC)CC(CC1CCN(CCNc3c4c(nc5ccccc35)CCCC4)CC1)C2,8.29,1
CCNC(=O)Oc1ccc2c(c1)[C@@]1(C)CO[C@H](C1)O2,6.21,1
CNC(=O)Oc1cccc2c1SCC1CCN(C)C21,8.09,1
COc1ccc2nc3c(c(NCCCNC(=O)c4sc(-c5ccnc(NC(=O)C6CC6)c5)nc4OC)c2c1)CCCC3,7.42,1
COc1ccc(/C=C/C(=O)Nc2cc[n+](Cc3cccc(F)c3)cc2)cc1OC,7.72,1
CC(C)(C)c1cc[n+](CCCCCCC[n+]2ccc(C(C)(C)C)cc2)cc1,7.8,1
ON=Cc1nc(CCCCNc2c3c(nc4ccccc24)CCCC3)ccc1O,6.225,1
CCCCCOc1nn(CCCCC)c2ccc([N+](=O)[O-])cc12,5.38,0
CCOC(=O)/C=C/c1ccc(OCCCCCCCCN(CC)CC)c(OC)c1,5.81,0
CC1=CC2Cc3nc4cc(Cl)ccc4c(NCCCN(C)CCCNc4c5c(nc6ccccc46)CCCC5)c3C(C1)C2,9.38,1
O=C(CCc1c[nH]c2ccccc12)NCCCCCNc1c2c(nc3ccccc13)CCCC2,7.16,1
COC(=O)C(CC1=C(c2ccc(Cl)cc2)CC(C)(C)ON1C(C)=O)C(=O)OC,4.33,0
CO[P@]1(=O)CC[C@@H]2COC(=O)C2=C(C)O1,5.52,0
COc1cc2c(cc1OC)C(=O)C(Cc1cc[n+](Cc3ccccc3)cc1C(C)=O)CC2,7.62,1
COc1ccc2cc3[n+](cc2c1OCc1cccc(Cl)c1)CCc1cc2c(cc1-3)OCO2,5.72,0
N#Cc1ccccc1-c1ccc(CN2CCN(C(c3ccc(F)cc3)c3ccc(F)cc3)CC2)cc1,7.13,1
COc1ccc(Cn2cc(C(=O)NCCNc3c4c(nc5ccc(OC)cc35)CCCC4)c(=O)c3ccccc32)cc1,5.58,0
CN[C@@H](C)[C@H]1CCC2=C3CCC4C(=O)C(=NC(=O)CC(C)C)CC[C@]4(C)C3CC[C@@]21C,5.0,0
CCN(CCCCCC(=O)N[C@H]1CC[C@H](NC(=O)CCCCCN(CC)Cc2ccccc2OC)CC1)Cc1ccccc1OC,5.07,0
O=C(COc1ccc(Cl)cc1)NCC1CCN(Cc2ccccc2)CC1,5.78,0
CN(C)c1ccc(/C=C/c2ccc3ccccc3[n+]2C)cc1,6.3,1
O=C(CCC1CCN(Cc2ccccc2)CC1)c1ccc2c(c1)CNCCC2,7.64,1
Cc1nc2ccc(C(=O)CCC3CCN(Cc4ccccc4)CC3)cc2s1,8.17,1
O=C1Nc2ccccc2CN1CCC1CCN(Cc2ccccc2)CC1,7.89,1
CCC1=CC2Cc3nc4cc(F)ccc4c(N)c3C(C1)C2,8.68,1
O=C(Nc1ccc(OC(F)(F)F)cc1)NC1CCN(C(=O)CCCCNc2c3c(nc4cc(Cl)ccc24)CCCC3)CC1,7.89,1
COc1cc(/C=C/C(=O)Nc2ccccc2)ccc1OCCCCCN1CCCC1,5.21,0
CCCc1cc(N2CCC=N2)ccc1C(=O)ON=C(N)c1ccc(C(F)(F)F)cc1,4.89,0
COc1ccc(OC)c(CN2CCC(c3oc4ccccc4c3C(=O)c3ccc(OC)c(OC)c3)CC2)c1,4.26,0
Cc1cc2nc3c(nc2cc1C)C1(c2ccccc2-3)C(C#N)C(=N)N2CC(C)(C)CN=C2C1[N+](=O)[O-],5.4,0
O=C(COc1ccc(Cc2ccccc2)cc1)NCC1CCN(Cc2ccccc2)CC1,5.9,0
Cc1ccccc1NC(=O)Oc1ccc2c(c1)[C@]1(C)CCO[C@@H]1O2,7.67,1
COc1ccc2nc3c(c(NCCCN=C4C(=O)c5ccccc5C(=O)C4Cl)c2c1)CCCC3,6.09,1
Fc1ccc(/C=N/C2CCN(Cc3ccccc3)CC2)c(F)c1,5.89,0
CC(=O)OC(C)(C)/C=C/C(=O)[C@](C)(O)[C@H]1[C@H](O)C[C@@]2(C)[C@@H]3C=CC(C(C)(C)C(=O)O)=C(CC(=O)O)[C@]3(C)C(=O)C[C@]12C,5.51,0
O=C(NCCCCCCNc1c2c(nc3ccccc13)CCCC2)Oc1ccc(-c2cc3cccnc3[nH]2)cc1,7.67,1
CNC(=O)Oc1ccc(-c2cn3ccccc3[n+]2C)cc1,4.71,0
O=C1/C(=C/c2cccc3ccccc23)CN(C(=O)C2C[C@H]3CCCN3[C@]23C(=O)Nc2cc(Cl)ccc23)C/C1=C\c1cccc2ccccc12,5.24,0
CC1(C)CC(=O)C2C(=Nc3nc4c(c(N)c3C2c2ccc(F)cc2)CCCC4)C1,5.8,0
COc1ccc(NC(=O)c2cc(=O)c3cc(/C=C/C(=O)O)ccc3o2)cc1,5.13,0
COc1ccc2cc3[n+](cc2c1OCc1cc(C)cc(C)c1)CCc1cc2c(cc1-3)OCO2,5.6,0
Cc1ccccc1/C=C1\CN(C(=O)C2C[C@H]3CCCN3[C@]23C(=O)Nc2cc(Cl)ccc23)C/C(=C\c2ccccc2C)C1=O,4.95,0
CCCCNC(=O)Oc1ccc2c(c1)[C@]1(C)CCN(CC)C1C2,7.05,1
CN(C)Cc1ccc(CSCCCCCCSCc2ccc(CN(C)C)o2)o1,6.13,1
O=C(Nc1cccc2c1C(=O)N(CCC1CCN(Cc3ccccc3)CC1)C2=O)c1ccccc1,6.47,1
CN1CC[C@@]2(C)c3cc(OC(=O)NCCCCCN4CCOCC4)ccc3N(C)[C@@H]12,5.12,0
O=C(CCC1CCN(Cc2ccccc2)CC1)c1ccc2c(c1)CNCCO2,7.4,1
CCOC(=O)c1c(C)nc2nc3c(c(N)c2c1-c1ccc(OC)cc1)CCCCC3,5.87,0
Cc1cc(C(=O)CCC2CC[N+](C)(Cc3ccccc3)CC2)nn1-c1ccccc1,7.66,1
C/C=C1\[C@H]2C=C(C)C[C@]1(N)c1ccc(=O)[nH]c1C2,7.33,1
CNC(=O)Oc1cccc(CN(C)CCCCCCOc2ccc3c(=O)c4ccccc4oc3c2)c1,8.85,1
COc1cc2[se]n(-c3ccc(OCCN4CCCCC4)cc3)c(=O)c2cc1OC,6.35,1
COC(=O)c1cc2c(OC(=O)N(C)C)cccc2[n+]([11CH3])c1,7.7,1
Clc1ccc2c(NCCCCCCCNc3c4c(nc5ccccc35)-c3ccccc3C4)c3c(nc2c1)CCCC3,8.98,1
CN1C[C@@H](c2ccccc2Cl)[C@@]2(CSc3ccccc3C2=O)C12C(=O)c1ccccc1C2=O,5.0,0
C/C=C(\C)C(=O)N[C@H]1C(OC(C)=O)C[C@@]2(C)C(CC[C@H]3C4CC=C([C@H](C)N(C)C)[C@@]4(C)CC[C@@H]32)[C@H]1OC(C)=O,4.3,0
Oc1ccc(CN2CCC(c3cc4ccccc4o3)CC2)cc1,4.46,0
CN(Cc1ccccc1)Cc1ccc(/C=C2\Cc3ccc(OCCCCCN4CCC(c5ccccc5)CC4)cc3C2=O)cc1,4.21,0
COc1ccc2c(c1)Cc1c-2nc2ccccc2c1N,5.19,0
CCOC(=O)c1c(C)nc2nc3c(c(N)c2c1-c1ccccc1)CCCCC3,4.68,0
O=[N+]([O-])c1ccc2nc3c(c(Nc4ccccc4)c2c1)CCCC3,5.8,0
Oc1cccc(C2=Nc3ccccc3SC(c3ccccc3)C2)c1,4.4,0
O=C(CO/N=[N+](\[O-])N1CCCC1)NCCCCNc1c2c(nc3ccccc13)CCCC2,7.29,1
Cc1c(C(C)C)c(=O)on1C(=O)N1CCC[C@H](C)C1,4.77,0
COc1cccc2cc(CN(CCCCCCNc3c4c(nc5ccccc35)CCCC4)Cc3cc4cccc(OC)c4o3)oc12,6.58,1
COc1ccc(NC(=O)c2coc3ccc(/C=C/C(=O)O)cc3c2=O)cc1,5.06,0
CCCNC(=O)Oc1ccc2c(c1)C1CCN(CC)C1C2,5.66,0
Oc1cccc(C2=Nc3ccccc3SC(c3cccs3)C2)c1,5.23,0
CCOC(=O)C1C(C)=Nc2nc3c(c(N)c2[C@@H]1c1ccc(OC)cc1)CCCC3,6.42,1
N#CC1C(=N)N2CCCN=C2C([N+](=O)[O-])C12C(=O)Nc1ccc([N+](=O)[O-])cc12,5.94,0
CCCCCCCC/C=C\CCCCCCCC(=O)OCCCc1ccc2oc(-c3ccc4c(c3)OCO4)cc2c1,5.51,0
Oc1cc2c(cc1O)-c1cc3ccc(O)c(O)c3c[n+]1CC2,5.64,0
COc1ccccc1CNCCCNCCCNCCC[n+]1c(-c2ccccc2)c2cc(N)ccc2c2ccc(N)cc21,6.02,1
C=CC(=O)N1C/C(=C\c2cccc([N+](=O)[O-])c2)C(=O)[C@@]2(C1)[C@H](c1cccc([N+](=O)[O-])c1)CN(C)[C@]21C(=O)Nc2ccccc21,5.27,0
CNC(=O)c1sc(-c2ccnc(NC(=O)CNCCNc3c4c(nc5ccccc35)CCCC4)c2)nc1OCC1CCC1,6.81,1
COc1cc(C(=O)NCCCCCCCCC(=O)NNc2c3c(cc4ccccc24)CCCC3)cc(OC)c1OC,8.29,1
CCOc1ccc(Cc2nc3cc(C(=O)NCCCCCNc4c5c(nc6ccccc46)CCCC5)ccc3n2CCC(C)C)cc1,8.1,1
COc1cc2c(cc1OC)C(=O)C(CC1CC[N+](C)(Cc3ccccc3)CC1)C2,7.6,1
O=C(Nc1cncc(OCC2CCN(Cc3ccccc3)CC2)c1)c1ccnc(NC(=O)C2CC2)c1,8.59,1
COc1ccc(C2c3c(nc4c(c3N)CCCC4)Oc3ccc4ccccc4c32)cc1OC,7.08,1
O=C1/C(=C/c2ccccc2)CN(C(=O)C2C[C@H]3CCCN3[C@]23C(=O)Nc2cc(Cl)ccc23)C/C1=C\c1ccccc1,4.8,0
Cc1c(C)c2c(c(C)c1O)CCC(C)(C(=O)NCCCCCCNc1c3c(nc4ccccc14)CCCC3)O2,7.035,1
Cc1ccc(C(C)C)cc1OCC(=O)N(C(C)C)C(C)C,5.71,0
CC1=C[C@H]2Cc3[nH]c(=O)ccc3[C@]3(C1)NCCC[C@H]23,7.52,1
Cc1ccc(NC(=O)c2cc(=O)c3cc(/C=C/C(=O)O)ccc3o2)cc1,5.29,0
CNC(=O)Oc1cccc(CN(C)CCCOc2ccc3c(=O)c4cccnc4oc3c2)c1,8.96,1
CNC(=O)Oc1cccc(CN(C)CCCOc2ccc3ccc(=O)oc3c2)c1,8.24,1
O=C(Cc1cc(=O)oc2cc(O)ccc12)N/N=c1\scc(O)n1-c1c2c(nc3ccccc13)CCCC2,4.8,0
COc1cccc2cc[n+](-c3cccc(C)c3)cc12,5.66,0
CC(C)(C)c1cc(C=CC(=O)NCCC2CCN(Cc3ccc(F)c(F)c3)CC2)cc(C(C)(C)C)c1O,5.79,0
Cc1c(C)c2c(c(C)c1O)CCC(C)(C(=O)NCCCCCCCCNc1c3c(nc4cc(Cl)ccc14)CCCC3)O2,7.1,1
CCN(CC)C(=O)Oc1cccc2c(CN(C)CCC3CCCCCC3)c[nH]c12,5.25,0
COc1ccc(C(=O)CCc2ccc([N+](C)(C)Cc3ccccc3)cc2)cc1OC,5.89,0
CN(C)CCCN1C(=O)CSC1c1cccc(Cl)c1Cl,5.380000000000001,0
Cc1ccccc1Oc1ccc2nc3c(c(N)c2c1)CCC3,4.55,0
N#Cc1c(Cl)nc(NCCC2CCN(Cc3ccccc3)CC2)c(C#N)c1-c1ccccc1,5.36,0
COc1ccc2c(c1)CCC(Cc1cc[n+](Cc3cccc(C)c3)cc1Br)C2=O,7.78,1
COc1ccc(Cc2nccc3cc(OC)c(OC)cc23)cc1OC,4.61,0
Cc1ccccc1NC(=O)Oc1ccc2c(c1)[C@@]1(C)CCO[C@H]1N2C,6.85,1
Cn1ncc2c1-c1c(Br)sc(Br)c1C2NC(=O)CN1CCN(Cc2ccccc2)CC1,6.48,1
COc1ccc(C2c3c([nH]c(C)nc3=O)Oc3c2n(C(C)=O)c2ccccc32)cc1[N+](=O)[O-],4.04,0
CCCCOC(=O)CC[C@@H](C)[C@H]1CC[C@@]2(C)C3=C(C(=O)C[C@]12C)[C@@]1(C)CC[C@H](O)C(C)(C)[C@@H]1C[C@@H]3O,4.94,0
CC1CC[C@@]2(C)c3cc(OC(=O)Nc4ccccc4)ccc3C(C)[C@@H]12,7.66,1
O=C(Cc1cc(=O)oc2cc(O)ccc12)NCCCCCCCNC(=O)c1cccc2c(=O)c3ccccc3[nH]c12,5.23,0
Cc1c(C)c2ccc(OCC3CCCN(CCCO)C3)cc2oc1=O,5.96,0
COc1cc2c(c3c1OCOC3)C[C@H]1c3c(cc4c(c3OC)OCO4)CCN1C2,4.7,0
O=C(CNCc1cc(F)cc(F)c1)Nc1ccc2nc3n(c(=O)c2c1)CCC3,8.12,1
Fc1ccc(Cc2nnc3sc(-c4ccoc4)nn23)cc1,5.75,0
CC(C)=CCCC1(C)C=Cc2c(ccc3cc(-c4cc(O)cc(O)c4CC=C(C)C)oc23)O1,5.34,0
CCN(CC)C(=O)c1ccc2c(c1)nc(Cc1ccc(OC(=O)N3CCC3)cc1)n2CCC(C)C,6.15,1
Cc1cc(=O)oc2cc(CNCCC3CCN(Cc4ccccc4)CC3)ccc12,7.17,1
Clc1ccc2[nH]c(-c3ccc(OCCN4CCCC4)cc3)nc2c1,5.85,0
O=C(CCC1CCN(Cc2ccccc2)CC1)c1ccc2c(c1)CCN2c1ccccc1,7.17,1
COc1cc2cc(NC(=O)CCCNCc3ccccc3)c(=O)oc2cc1OC,6.13,1
COc1cc2c(cc1OC)C(=O)C1(C2)C(c2ccc(F)cc2)C(c2ccccc2)NC12C(=O)Nc1ccc(Cl)cc12,5.01,0
O=C1c2ccccc2C(=O)C12N1CSC[C@@H]1[C@@H](c1cccs1)[C@@]21CSc2ccccc2C1=O,4.72,0
COc1ccc(C(C)NS(N)(=O)=O)cc1OC,10.57,1
CNC(=O)Oc1ccc2c(c1)SC[C@@H]1CCN(C)[C@H]21,8.09,1
c1ccc(-c2ccc(NCCCN3CCc4ccccc4C3)nn2)cc1,4.46,0
CCOC(=O)C1=C(C)Oc2nc3c(c(N)c2[C@H]1c1cccc(OC)c1)CCC3,4.62,0
CC[N+](CC)(CCCCCn1c(=O)cc(C)n(CCCCCn2c(C)cc(=O)n(C)c2=O)c1=O)Cc1ccccc1[N+](=O)[O-],9.4,1
Cc1cc(=O)[nH]c2c1C(=O)C(=NCCCCNc1c3c(nc4cc(Cl)ccc14)CCCC3)CC2=O,8.25,1
CCN(CC)C(=O)c1ccc2c(c1)nc(Cc1ccc(OC(=O)N(C)c3ccccc3)cc1)n2CCC(C)C,5.48,0
CCN(C)C(=O)Oc1cccc(CN2CCC(CCC(=O)c3cc(Cl)c(N)cc3OC)CC2)c1,5.38,0
COc1cc2c(c(OC)c1OC)C(=O)C(C)C2,7.15,1
C[n+]1c(C=Cc2ccc(O)cc2)ccc2ccccc21,5.75,0
CN(C)c1cccc(OC(=O)Nc2ccccc2)c1,5.6,0
COC(=O)/C=C/C(=O)Nc1cccc(OCCCCSC(=S)N2CCCCC2)c1,6.68,1
COc1cc(N)c(Cl)cc1C(=O)CCC1CCN(CCC2CCCCC2)CC1,6.65,1
CN1c2ccc(OC(=O)NCC3CCCCC3)cc2[C@]2(C)CCN(CCc3ccccc3)[C@H]12,7.17,1
Cc1cc(-c2ccccc2)nnc1NCCN1CCOCC1,4.07,0
CCOC(OCC)c1ccc(/C=C2\CC/C(=C\c3ccc(C(OCC)OCC)cc3)C2=O)cc1,4.12,0
O=c1ccoc2ccc(OCCCN3CCCCC3)cc12,4.8,0
CCN(CC)C(=O)COc1cc(C(C)C)ccc1C,5.71,0
c1ccc2c(NCCCCCCCNc3c4c(nc5ccccc35)CCCC4)ccnc2c1,8.0,1
CN(C)Cc1ccc(CSCCNC(=O)CSCc2ccc(CN(C)C)o2)o1,5.6,0
COc1ccc2c(=O)cc(C(=O)NCCN3CCCCC3)oc2c1,7.05,1
CC(C)(C)c1cc[n+](CCCCCCCCCC[n+]2ccc(C(C)(C)C)cc2)cc1,7.92,1
c1ccc2c(c1)CCCN1Cc3cc(OCCCN4CCCCC4)ccc3N=C21,6.27,1
O=C1CCN(Cc2ccccc2)C/C1=C\c1cn(C(=O)c2ccc(Cl)cc2)c2ccccc12,4.3,0
COC(=O)c1cc(C(=O)c2ccc(OC)cc2)n2ccc(CCCc3cc[n+](C)cc3)cc12,5.48,0
CCCCCN1CCCN=C1C=NO,4.68,0
Cc1cccc2sc(NC(=O)CCN3CCN(Cc4cc(F)ccc4F)CC3)nc12,4.9,0
COc1c2c(cc3c1OCO3)[C@]13C=C[C@H](OC)C[C@@H]1[N@](C2)C[C@H]3OC(=O)c1ccccc1[N+](=O)[O-],4.27,0
CC1Cc2ccccc2C1=O,6.625,1
COc1ccc(OC)c(CN2CCC(c3cc4ccccc4o3)CC2)c1,4.62,0
CCCCC1=NC2(CCCC2)C(=O)N1Cc1ccc(Br)cc1,7.16,1
O=C(CCC1CCN(Cc2ccccc2)CC1)c1ccc2c(c1)CCNCC2,7.6,1
Cc1cc2c(cc1CN1CCN(C(c3ccc(F)cc3)c3ccc(F)cc3)CC1)OCO2,5.87,0
c1ccc2c(NCCCCCCN3CCOCC3)c3c(nc2c1)CCCC3,7.16,1
Cc1ccc(-c2cn(Cc3ccc4ccccc4c3)nn2)cc1C(=O)NCCN1CCOCC1,5.14,0
O=C1C=C2S[C@H]3C[C@]2(C=C1Br)c1c(c(O)c2c4c1=NCCC=4C=N2)N3,4.31,0
CN(C)Cc1ccc(CSCCCCSCc2ccc(CN(C)C)o2)o1,6.68,1
COc1ccc([C@@H]2c3[nH]c4ccccc4c3CC3C(=O)N(CCC4CCN(Cc5ccccc5)CC4)CC(=O)N32)cc1,7.085,1
Nc1c2c(nc3c(Br)cc(Br)cc13)CCCCC2,4.82,0
COc1ccc2nc3c(c(NCCNC(=O)C4(C)CCc5c(C)c(O)c(C)c(C)c5O4)c2c1)CCCC3,5.36,0
O=C1C(=NCCCNc2c3c(nc4cc(Cl)ccc24)CCCC3)CC(=O)c2c(O)cccc21,8.03,1
O=C(c1ccc(CN2CCC(CCO)CC2)cc1)c1ccc(O)c(F)c1,5.63,0
COc1ccccc1Oc1ccc2nc3c(c(N)c2c1)CCC3,5.07,0
Cc1c(C)c2ccc(OCC3CCN(Cc4cccc(OCCCO)c4)CC3)cc2oc1=O,6.08,1
C[C@]12CCNC1Nc1ccc(OC(=O)Nc3ccccc3)cc12,6.64,1
CCOc1ccc(Cc2nc3cc(C(=O)N(CC)CC)ccc3n2CCCCN2CCCCC2)cc1,4.21,0
CNC(=O)Oc1cccc(CN(C)CCCCCCCOc2ccc(-c3oc4ccccc4c3C(=O)c3ccc(C)cc3)cc2)c1,6.47,1
CN(C)Cc1ccc(CSCc2ccc(-c3ccc(CSCc4ccc(CN(C)C)o4)cc3)cc2)o1,6.75,1
CN=C(NCCNCc1ccc(CN2CCCC2)o1)C(C#N)C#N,6.55,1
Fc1ccc2[nH]c3c(c2c1)C[PH](Cc1cccc2ccccc12)(c1ccccc1)CC3,5.68,0
O=C(/C=C/c1ccccc1)NCCC1CCN(Cc2ccccc2)CC1,6.35,1
CCOP(=O)(OCC)C(Nc1ccccc1C#N)c1ccc(OCc2nc3ccccc3c(=O)n2-c2ccc(F)cc2)c(OC)c1,5.53,0
COc1ccc(C(=O)COc2cccc([N+](C)(C)C)c2)cc1OC,5.0,0
CN(C)C(=O)Oc1ccc(-c2cn3ccccc3[n+]2C)cc1.Cc1ccc(S(=O)(=O)[O-])cc1,4.77,0
c1ccc2c[n+](CCCCC[n+]3ccc4ccccc4c3)ccc2c1,4.89,0
Fc1ccc(CN2CCC(c3cc4ccccc4o3)CC2)cc1,4.67,0
COc1cc2c(cc1OC)C(=O)C(C)C2,7.35,1
O=C(NCCc1c[nH]c2ccccc12)c1cc[n+](Cc2ccc(F)cc2)cc1,5.47,0
CSc1ccc(/C=C2/SC(=Nc3ccc4oc(=O)ccc4c3)NC2=O)cc1,6.82,1
Cc1ccc(NCCC[C@@H]2CCCN3CCCC[C@H]23)c2c(=O)c3ccccc3oc12,5.05,0
CN1CCN(c2cccc(-c3cnc4[nH]c5cnc(C#N)cc5c4c3)c2)CC1,5.32,0
CN(C(=O)Oc1ccc2c(c1)[C@]1(C)CCN(C)[C@@H]1N2C)c1ccccc1,6.35,1
Clc1ccc(/C=N/C2CCN(Cc3ccccc3)CC2)c(Cl)c1,5.89,0
COc1cc2c(cc1OC)SC(C(=O)CCc1cc[n+](CC3CCC3)cc1)C2,7.4,1
CN(Cc1ccccc1)Cc1ccc(NC(=O)/C=C/c2cccc(O)c2)cc1,5.46,0
COc1cccc(CN(C)CCCOc2ccc3c4c(c(=O)oc3c2)CCCC4)c1,5.57,0
CCN(C)C(=O)OCC1CCN(Cc2ccccc2)CC1,4.14,0
C/C=C1\[C@H]2C=C(C)C[C@]1(/N=C/c1cc(OC)cc(OC)c1)c1ccc(=O)[nH]c1C2,7.54,1
O=C(C=Cc1ccc(O)c(O)c1)NCCC1CCN(Cc2ccccc2)CC1,5.76,0
CN1CCN(c2ccc(-c3cnc4[nH]c5cnc(C#N)cc5c4c3)cc2)CC1,7.75,1
COc1cccc2c1C=[N+](c1ccc(I)cc1)CC2,6.0,0
CCC(CC)n1cc(C(=O)CF)cn1,5.285,0
CCOc1ccc(Cc2nc3cc(C(=O)NCCCCCCNc4c5c(nc6ccccc46)CCCC5)ccc3n2CCC(C)C)cc1,7.7,1
CCCCCCOC(=O)C(CCC(=O)NCCC1CCN(Cc2ccccc2)CC1)NC(=O)c1ccccc1,6.28,1
CNC(=O)c1sc(-c2ccnc(NC(=O)C3CC3)c2)nc1OCCc1cn(CCNc2c3c(nc4cc(Cl)ccc24)CCCC3)nn1,7.41,1
COc1cc(CNC(=O)CCCCCCCNc2c3c(nc4cc(Cl)ccc24)CC2C=C(C)CC3C2)ccc1O,8.71,1
CCN(CC)C(=O)c1ccc2c(c1)nc(Cc1ccccc1)n2CCC(C)C,5.42,0
O=C(CCCCC1CCSS1)NCCCCCNc1c2c(nc3ccccc13)CCCC2,7.42,1
CNC(=O)Oc1ccc2c(c1)[C@]1(C)CC[N+](C)(C)C1N2C.COS(=O)(=O)[O-],7.47,1
CSc1ccc(/C=N/c2ccc3oc(=O)ccc3c2)cc1,6.76,1
O=C(NCCCCCCNc1c2c(nc3ccccc13)CCCC2)Oc1ccc2cc[nH]c2c1,6.42,1
Cc1ccccc1NC(=O)Oc1ccc2c(c1)C1(C)COC(C1)O2,7.25,1
O=C1/C(=C/c2ccccc2F)CN(C(=O)C2C[C@H]3CCCN3[C@]23C(=O)Nc2cc(Cl)ccc23)C/C1=C\c1ccccc1F,4.53,0
Cc1ccc2c(c1)c1cc[n+](-c3ccccc3)cc1n2C,6.38,1
Cc1ccc2[nH]c(-c3ccc(OCCN4CCCC4)cc3)nc2c1,6.4,1
CN(Cc1ccccc1)Cc1ccc(C(=O)c2ccc(OCCCCCCN3CCCCC3)cc2)cc1,6.68,1
COc1ccc(C(=O)c2ccc(CN(CCN(C)C)Cc3ccccc3)cc2)cc1OC,5.06,0
CN(C)CCOC(=O)/C=C/c1ccc2oc(C(=O)Nc3ccccc3)cc(=O)c2c1,6.13,1
CC[C@H]1[C@H]2OC(=O)[C@](C)(O)[C@H]2[C@]23CC[C@@H]([C@@H]4CC(C)C(=O)O4)N2CCCC[C@@H]13,5.04,0
COc1nc(-c2ccnc(NC(=O)C3CC3)c2)sc1C(=O)NCCCNc1c2c(nc3ccccc13)CCCC2,8.19,1
Cc1cccc(NC(=O)Oc2ccc3c(c2)[C@]2(C)CCN(C)[C@@H]2N3C)c1C,7.64,1
Cc1c(C)c2c(c(C)c1O)CCC(C)(C(=O)NCCCCNc1c3c(nc4ccccc14)CCCC3)O2,6.145,1
c1cc[n+](CCCCCCCCCCC[n+]2cccc3ccccc32)cc1,7.77,1
O=c1c2ccccc2nc2n1CCC2O,4.12,0
CNC(=O)Oc1cccc(CN(C)CCCCCOc2ccc3c(=O)c4ccccc4oc3c2)c1,9.09,1
COc1cc2c(cc1OC)SC(C(=O)CCc1cc[n+](Cc3ccc(F)cc3)cc1)C2,8.59,1
COc1cc(O)c(C(=O)Nc2nc(C(=O)NCCN(C(C)C)C(C)C)cs2)cc1OC,5.635,0
C(=N/Nc1c2c(nc3ccccc13)CCCC2)\c1ccc(OCc2cn(-c3ccccc3)nn2)cc1,6.05,1
O=c1[nH]c2ccccc2c(=O)n1CCC1CCN(Cc2ccccc2)CC1,8.38,1
Cn1c2ccccc2c2cc[n+](-c3ccc(Br)cc3Br)cc21,6.96,1
CCCCCCCNC(=O)Oc1ccc2c(c1)[C@]1(C)CCN(CCC)C1C2,7.03,1
COc1ccc(NC(=O)C2CCN(C(=O)c3ccccc3)CC2)cc1OC,8.39,1
CC1CCN(CC2Cc3ccccc3C2=O)CC1,6.32,1
CCN1CCN(C2CCN(C(=O)COc3ccc(-c4ccc(OC)cc4)cc3)CC2)CC1,4.75,0
CCN1CCCCc2ccc(C(=O)CCC3CCN(Cc4ccccc4)CC3)cc21,6.42,1
CNC(=O)Oc1ccc2c(c1)c1c(n2C)/C(=N\CCc2ccccc2)CC1,6.8,1
CCCCNC(=O)Oc1ccc2c(c1)[C@]1(C)CCN(CC)[C@@H]1C2,7.05,1
CCOC(=O)c1c(C)nc2nc3c(c(N)c2c1-c1ccncc1)CCC3,5.09,0
CC(c1cccc(OCCCNC(=O)CCCCC2CCSS2)c1)N(C)C,4.6,0
CCN(CCCCCCNC1=CC(=O)C(NCCCNC(=O)CCCCC2CCSS2)=CC1=O)Cc1ccccc1OC,6.82,1
CCOP(=O)(OCC)C(Nc1ccccc1C(F)(F)F)c1ccc(OCc2nc3ccccc3c(=O)n2-c2ccc(F)cc2)c(OC)c1,5.31,0
CCOC(=O)C1=C(C)Oc2nc3c(c(N)c2[C@H]1c1ccc(OC)c(OC)c1)CCCC3,5.34,0
CCN(CC)CCCOc1ccc2nc3n(c(=O)c2c1)CCCc1ccccc1-3,5.38,0
CNC(=O)Oc1ccc2c(c1)[C@]1(C)CC[N@@+](C)([O-])[C@@H]1N2C,7.0,1
CC1=C[C@@H]2Cc3nc4cc(Cl)ccc4c(NCCCCCCCCCNC(=O)c4cc(O)c5c(c4)C(=O)c4cccc(O)c4C5=O)c3[C@H](C1)C2,8.62,1
O=C(CC1CCN(Cc2ccc(F)cc2)CC1)Nc1[nH]nc2cc(-c3cccnc3)ccc12,6.29,1
COc1ccc(C(=O)c2ccc(CN(C)CCN(C)C)cc2)cc1OC,5.62,0
Clc1ccc2c(Nc3ccccc3)c3c(nc2c1)CCCC3,6.77,1
O=C(Nc1ccc2c(c1)CN(C(=O)c1cccc(Cl)c1)C(=O)C2)c1cccc(Cl)c1,10.85,1
O=C(NCCNc1c2c(nc3ccccc13)CCCC2)C(=O)NCCNc1c2c(nc3ccccc13)CCCC2,8.18,1
O=C(/C=C/c1ccc(OCc2ccccc2)cc1)NCCNc1c2c(nc3ccccc13)CCCC2,7.22,1
COc1cc(N)c(Cl)cc1C(=O)CCC1CCN(CC2CCCCC2)CC1,7.8,1
CCC(C)(C)NCC(O)c1cc(O)cc(OC(=O)N(C)C)c1,4.7,0
COc1cc2c(cc1OC)C(=O)C1(C2)C(c2ccc(F)cc2)C(c2ccccc2)NC12C(=O)Nc1ccc([N+](=O)[O-])cc12,4.84,0
COc1cccc(C(=O)Cc2ncc(C(=O)N(C)CCCOc3ccc([N+](=O)[O-])cc3)cn2)c1,5.4,0
COc1cc2cc(C(=O)C3CCC[N+](C)(CC4CCCCO4)CC3)sc2cc1OC,7.55,1
CN1Cc2c(c(O)n(Cc3ccccc3)c2O)C12C(=O)c1ccccc1C2=O,4.39,0
COC(=O)/C=C/C(=O)Nc1cccc(OCCCCSC(=S)N2CCCC2)c1,5.22,0
O=C1c2ccccc2C(=O)N1CCCCCNCc1ccc(F)cc1F,6.59,1
N#Cc1c(N)nc(NCCCCC2CCN(Cc3ccccc3)CC2)c(C#N)c1-c1ccccc1,6.92,1
Clc1ccc2c(NCCCNCCCOc3cccc4[nH]c5ccccc5c34)c3c(nc2c1)CCCC3,8.67,1
CCCN1CCN(c2nccc(NCc3cccc4ccccc34)n2)CC1,4.72,0
CN(C)Cc1ccc(CSCCNc2cc(NCc3ccccc3)c([N+](=O)[O-])cc2[N+](=O)[O-])o1,6.16,1
COc1ccc2c(c1)CCc1c-2nc2ccccc2c1N,4.33,0
CCOC(=O)c1c(C)nc2nc3c(c(N)c2c1-c1cccc([N+](=O)[O-])c1)CCCC3,6.03,1
Cc1ccc(-c2nc(NC3CCN(Cc4ccccc4)CC3)sc2-c2ccc(C)cc2)cc1,5.89,0
CCN(CC)c1cc(/C=C2\OC(=O)c3cc(OC)c(OC)cc32)ccc1O,8.81,1
CN1CCC(C(=O)N2C/C(=C\c3ccc(F)cc3)C(=O)[C@@]3(C2)[C@H](c2ccc(F)cc2)CN(C)[C@]32C(=O)Nc3ccccc32)[C@@]12C(=O)Nc1ccccc12,5.63,0
CCOC(=O)C1C(C)=Nc2nc3c(c(N)c2[C@@H]1c1ccccc1OC)CCCC3,6.8,1
CCCN(CCC)CCOc1ccc(C(=O)/C=C/c2ccccc2)cc1,4.19,0
CCN(CC)CCCCCOc1ccc2c(c1)C(=O)/C(=C/c1ccc(CN(C)Cc3ccccc3)cc1)C2,6.72,1
COc1ccccc1/C=C1\CN(C(=O)C2C[C@H]3CCCN3[C@]23C(=O)Nc2cc(Cl)ccc23)C/C(=C\c2ccccc2OC)C1=O,4.84,0
c1ccc2c[n+](CCCCCCC[n+]3ccc4ccccc4c3)ccc2c1,6.3,1
CC[N+](CC)(CCCCCn1c(=O)cc(C)n(CCCCCCn2c(C)cc(=O)n(C)c2=O)c1=O)Cc1ccccc1C(F)(F)F,9.7,1
Nc1c2c(nc3ccc(Cl)cc13)C1CCC2C1,5.96,0
COc1ccc(C(F)(F)F)c[n+]1CCCCCO,4.01,0
COc1cc(N)c(Cl)cc1C(=O)OCC1CCN(CC2CCCCC2)CC1,5.57,0
c1ccc(CN2CCC(Cn3cc(CSc4nc5ccccc5[nH]4)nn3)CC2)cc1,5.13,0
CN(C)C1CCC(CCN(CCCc2c[nH]c3ccccc23)CCC2CCCCCC2)CC1,4.985,0
CCOC(=O)C1C(C)=Nc2nc3c(c(N)c2[C@H]1c1ccc(F)cc1)CCCC3,7.28,1
CC(=O)Oc1ccc(C)c([N+](C)(C)C)c1,5.27,0
COc1ccc(/C=N/c2ccc3oc(=O)ccc3c2)cc1,6.87,1
CCN(CC)C(=O)Oc1ccc2c(c1)[C@]1(C)CCN(C)C1N2C,4.4,0
COc1cc2occ(-c3ccc(O)cc3O)c(=O)c2c(O)c1CC=C(C)C,5.0,0
Nc1c2c(nc3cc(Cl)ccc13)-c1ccccc1C2,5.18,0
N#Cc1ccccc1CNCC(=O)Nc1ccc2nc3n(c(=O)c2c1)CCC3,7.78,1
O=c1oc2cc(OCCCN3CCC(Cc4ccccc4)CC3)ccc2c2c1CCCC2,5.37,0
COc1cccc2n1cc(-c1cccc(OC(=O)N(C)C)c1)[n+]2C,4.69,0
Clc1ccc2c(c1)Nc1ccccc1[Se]2,5.2,0
Cn1cc(CC(=O)NCCC2CCN(Cc3ccccc3)CC2)c2ccccc21,5.85,0
Cc1c(C)c2c(c(C)c1O)CCC(C)(C(=O)NCCCNc1c3c(nc4ccccc14)CCCC3)O2,6.58,1
Cc1ccccc1N=C1NNC2(C(=O)Nc3ccc([N+](=O)[O-])cc32)C1[N+](=O)[O-],4.81,0
CCN(CC)CCc1ccc(Oc2ccc(C(=O)c3ccc(CN(C)Cc4ccccc4)cc3)cc2)cc1,6.89,1
COc1ccc(-c2cc(=O)c3ccc(OCCN4CCCC4)cc3o2)cc1,6.98,1
COc1ccc(-c2nc(NC(=O)C3CCN(Cc4c(F)cccc4Cl)CC3)sc2-c2ccc(OC)cc2)cc1,6.39,1
CSP(C)(=O)OC1CCCCC1,4.16,0
c1ccc2c(NCCCCCCCCCCNc3ccncc3)c3c(nc2c1)CCCC3,6.75,1
CC1=C[C@@H]2Cc3nc4cc(Cl)ccc4c(NCCCCCCCNc4c5c(nc6cc(Cl)ccc46)CCCC5)c3[C@H](C1)C2,8.69,1
CC(C)(C)c1cc[n+](CCC[n+]2ccc(C(C)(C)C)cc2)cc1,4.85,0
CCCCNCC(=O)Nc1ccc2nc3n(c(=O)c2c1)CCC3,7.67,1
Cc1cc(C)cc(Oc2ccc3nc4c(c(N)c3c2)CCCC4)c1,5.79,0
CCOC(=O)C1C(C)=Nc2nc3c(c(N)c2[C@H]1c1cccc(OC)c1)CCCC3,7.21,1
CCCCCCOC(=O)C(CCC(=O)NCCC1CCN(Cc2ccccc2)CC1)NC(=O)c1cc(Br)cs1,6.75,1
N#Cc1cc2c(cn1)[nH]c1ncc(-c3ccc(CN4CCC(C#N)CC4)cc3)cc12,5.57,0
COc1cc(/C=C/C(=O)Nc2ccccc2)ccc1OCCN(C)C,4.63,0
C=CC[N+](C)(C)c1ccccc1OC,6.0,0
FC(F)(F)c1ccc(CNC2CCN(Cc3ccccc3)CC2)cc1,6.96,1
O=C(Nc1nc(-c2ccc(Cl)cc2)c(-c2ccc(Cl)cc2)s1)C1CCN(Cc2ccc(OC(F)(F)F)cc2)CC1,5.86,0
Cn1c2ccccc2c2cc[n+](-c3ccc(Br)cc3)cc21,6.52,1
COc1ccccc1CN1CCN(CCCCCOc2cccc3[nH]c4ccccc4c23)CC1,5.62,0
CN1CCC(C(=O)N2C/C(=C\c3ccccc3)C(=O)[C@@]3(C2)[C@H](c2ccccc2)CN(C)[C@]32C(=O)Nc3ccccc32)[C@@]12C(=O)Nc1ccccc12,5.58,0
O=C(CCCCCCCCc1ccc(O)cc1)c1c(O)cc(O)cc1O,5.19,0
COc1cc2c(cc1OC)/C(=N\NC(=O)CCNC(=O)C(C)c1ccc(CC(C)C)cc1)C(CC1CCN(Cc3ccccc3)CC1)C2,5.31,0
CO[P@]1(=O)OC[C@@H]2COC(=O)C2=C(C)O1,7.46,1
CN(C)S(=O)(=O)N[C@H]1CCc2cc(O)ccc2C1,7.55,1
COc1cc2c(cc1OC)C(=O)C(CC1C=CN(Cc3cccc(Cl)c3)C=C1C(N)=O)C2,4.92,0
S=C1/C(=C/c2ccccc2)Oc2ccccc21,5.19,0
COC(=O)C(=NNc1ccc(C)cc1)C(=O)C(F)(F)F,4.55,0
CCCCCCCCCC(C)C1OCc2c[n+](C)c(C)c(OC(=O)N(C)C)c2CO1,6.34,1
Cc1ccc(C)cc1,6.355,1
CCN(CCCCCC(=O)N(C)CCCCCCCCN(C)C(=O)CCCCCN(CC)Cc1ccccc1OC)Cc1ccccc1OC.O=C(O)C(=O)O,7.73,1
C=C(C)[C@H](O)CC[C@]1(C)[C@@H](CC=C(C)C)C[C@]2(CC=C(C)C)C(=O)C3=C(O[C@H](C(C)(C)O)C3)[C@@]1(C(=O)C(C)C)C2=O,4.71,0
C[C@@H]1CCC[C@H](C)N1S(=O)(=O)c1ccccc1[N+](=O)[O-],6.73,1
CN1CC[C@@]2(C)c3cc(OC(=O)NCCCCCCCCCCCCN4CCOCC4)ccc3N(C)[C@@H]12,7.16,1
CN1CCN(c2nccc(NC(c3ccccc3)c3ccccc3)n2)CC1,4.86,0
CN(C)Cc1ccc(CSCCNC(=O)NCCSCc2ccc(CN(C)C)o2)o1,4.32,0
N#Cc1cc2c(cn1)[nH]c1ncc(-c3ccc(CN4CCC(F)CC4)cc3)cc12,6.05,1
Cc1ccc2c(c1)C(=O)C(=O)N2Cc1ccc(Br)cc1,6.69,1
CCN(C)C(=O)Oc1ccc(-c2cc(=O)c3c(O)c(O)c(OC(=O)NC(Cc4ccccc4)C(=O)OC(C)(C)C)cc3o2)cc1,5.215,0
Brc1ccc(Cn2cc(CNC3CCCCCC3)nn2)cc1,6.21,1
O=S(=O)(c1ccccc1)n1ccc2c(N3CCN(CCCCCCNc4c5c(nc6ccccc46)CCCC5)CC3)cccc21,7.89,1
COc1cc(/C=C/C(=O)Nc2ccccc2)ccc1OCCN1CCCCC1,4.71,0
CCCCCCNC(=O)Oc1cccc(CN(C)CCCOc2ccc3c(=O)ccoc3c2)c1,7.68,1
COc1ccc(-c2cc3c(c(=O)o2)C[C@]2(O)[C@@]4(C)C(=O)C=CC(C)(C)[C@]4(O)CC[C@@]2(C)O3)cc1,7.585,1
CCNC(=O)Oc1ccc2c(c1)[C@]1(C)CO[C@@H](C1)O2,5.62,0
COc1cc(N)c(Cl)cc1C(=O)CCC1CCN(Cc2cccnc2)CC1,7.35,1
COc1cc2c(c(OC)c1)C(=O)C(C)C2,7.01,1
COc1ccccc1CNCCCCCCNCCSSCCNCCCCCCNCc1ccccc1OC,5.14,0
CCCCC1=NC2(CCCC2)C(=O)N1Cc1ccc(-c2ccccc2C(=O)OC(C)(C)C)cc1,6.57,1
CNC(=O)c1sc(-c2ccnc(NC(=O)CNCCNc3c4c(nc5ccccc35)CCCC4)c2)nc1OCC1CC1,8.92,1
c1ccc(CCCCCNc2c3c(nc4ccccc24)CCCC3)nc1,6.82,1
COc1ccc(CN2CCC(c3oc4ccccc4c3C(=O)c3ccccc3)CC2)cc1OC,4.34,0
CO[P@]1(=O)OC[C@H]2COC(=O)C2=C(C)O1,7.4,1
c1ccc(-c2ccc(NCN3CCCCC3)nc2)cc1,4.89,0
CCC1=CC2Cc3nc4cc(Cl)ccc4c(N)c3C(C1)C2,9.49,1
COc1ccc(OC)c(C(C)NS(N)(=O)=O)c1,10.57,1
CCCCC1OC(=O)c2cc(OCc3ccc(CN4CCN(C)CC4)c(O)c3)ccc21,4.62,0
COc1ccc(CC(=O)Nc2ccc(CN(C)Cc3ccccc3)cc2)cc1O,5.52,0
Cc1ccc2[nH]c3c(c2c1)CN(CCCCCN1CCc2[nH]c4ccc(C)cc4c2C1)CC3,6.71,1
CN(C)Cc1ccc(CSCCN=CNCCSCc2ccc(CN(C)C)o2)o1,5.52,0
COc1cc2c(cc1OC)C(=O)C1(C2)C(c2ccccc2Cl)C(c2ccccc2)NC12C(=O)Nc1ccccc12,5.14,0
C=c1c(O)c(NCCCCCCN(CC)Cc2ccccc2OC)c(=C)c(O)c1NCCCCCCN(CC)Cc1ccccc1OC,8.02,1
CCOC(=O)C1=C(C)Oc2nc3c(c(N)c2[C@H]1c1ccc(OC)c(OC)c1)CCCCC3,4.48,0
Cc1cccc2sc(NC(=O)CCN3CCN(CC4CCCCC4)CC3)nc12,6.47,1
C[C@@]12CC[C@@H]3[C@@](CC[C@H]4[C@@]3(C)CCC[C@@]4(C)C(=O)OCC[N+](C)(C)CCCCCCCCCCCC[N+](C)(C)CCOC(=O)[C@]3(C)CCC[C@@]4(C)[C@@H]5CC[C@@]6(C)C[C@]5(CC[C@@H]43)CC6=O)(CC1=O)C2,5.66,0
c1ccc(CN2CCC(CCNc3ccc(-c4ccccc4)nn3)CC2)cc1,6.92,1
CCNc1nc(NCCc2ccccc2)c2ccccc2n1,5.12,0
Oc1cccc(C2=Nc3ccccc3SC(c3ccccc3F)C2)c1,4.15,0
O=C(NCCC1CCN(Cc2cccc(Cl)c2)CC1)c1cncc(NC(=O)c2cccc(NC(=O)C3CC3)c2)c1,5.36,0
Cc1ccc(/C=C2/CNCC3=C2N=C2SC=C(c4ccc(Br)cc4)N2C3c2ccc(C)cc2)cc1,5.64,0
CN(CCOCCNC(=S)NC(=O)c1cccc([N+](=O)[O-])c1)Cc1ccccc1,7.82,1
O=C1/C(=C/c2ccc(F)cc2)CN(C(=O)C[C@H]2C[C@H]3CCCN3[C@]23C(=O)Nc2ccccc23)C/C1=C\c1ccc(F)cc1,4.7,0
O=c1[nH]c(O)c(C=NNC(=S)Nc2cccc(C(F)(F)F)c2)c(=O)[nH]1,4.39,0
C/C(=C\CC[C@@H](C)[C@H]1CC[C@@]2(C)C3=CC[C@H]4C(C)(C)[C@@H](O)CC[C@]4(C)C3=CC[C@]12C)CO,4.57,0
Cc1cc(=O)oc2cc(OCCCCCCSC(=S)N3CCCCC3)ccc12,6.21,1
Cc1ccc(/C=C2\CN(C(=O)C[C@H]3C[C@H]4CCCN4[C@]34C(=O)Nc3ccccc34)C/C(=C\c3ccc(C)cc3)C2=O)cc1,4.7,0
CN(CCCOc1ccc2c(=O)c3ccccc3oc2c1)Cc1cccc(OC(=O)NCCCCCCN2CCOCC2)c1,7.68,1
C=c1c(O)cc(NCCCCCCN(CC)Cc2ccccc2OC)c(O)c1=C,7.54,1
CCOP1(=O)CCCC(C(=O)OC)=C(C)O1,5.085,0
CCN(C)Cc1ccc(CNCCN2CCN=C2C(C#N)C#N)o1,6.37,1
CCOC(=O)C1=C(C)Oc2nc3c(c(N)c2[C@H]1c1ccccc1OC)CCCCC3,4.68,0
COc1cccc(OC)c1C(C)NS(=O)(=O)NC(=O)OCc1ccccc1,10.57,1
c1ccc2[nH]c(-c3ccc(OCCN4CCCC4)cc3)nc2c1,5.67,0
Nc1c2c(nc3ccc(F)cc13)CCCCC2,6.21,1
Cc1c(C)c2ccc(OCC3CCN(CCCC(F)F)CC3)cc2oc1=O,5.92,0
CN(C)C(=O)Oc1cccc([N+](C)(C)C)c1.COS(=O)(=O)[O-],7.38,1
Cn1c(O)cc2cc3c(CCC4CCN(Cc5ccccc5)CC4)noc3cc21,9.32,1
CC(=O)NCCc1c[nH]c2ccc(OC(=O)NCCNc3c4c(nc5ccccc35)CCCC4)cc12,5.96,0
COc1cccc2c1C=[N+](c1ccccc1C)CC2,5.51,0
CCOP(=O)(OCC)C(NCCc1ccc(OC)cc1)c1coc2ccccc2c1=O,7.0,1
CC[N+](CC)(CC)CCOc1ccc(C(=O)NCCCCCC(=O)NNc2c3c(nc4cc(Cl)ccc24)CCCC3)cc1,8.26,1
CCN(CCCCCCN1CCN(CCCCCCN(CC)Cc2ccccc2OC)C(=O)C1=O)Cc1ccccc1OC,7.16,1
CN(C)c1ccc(C(=O)NCCNc2c3c(nc4ccccc24)CCCC3)cc1,4.92,0
CCN(CCCCCCN1C(=O)c2ccccc2C1=O)Cc1ccccc1,5.43,0
NC(Cc1c[nH]c2ccccc12)C(=O)NCCCNc1c2c(nc3cc(Cl)ccc13)CCCC2,7.16,1
CN(C)Cc1ccc(CSCCNc2cc(Nc3ncccc3[N+](=O)[O-])c([N+](=O)[O-])cc2[N+](=O)[O-])o1,6.19,1
Cc1c(Cl)c(=O)oc2cc(OCCN3CCN(CCCNc4c5c(nc6ccccc46)CCCC5)CC3)ccc12,7.61,1
COc1ccc2[nH]cc(CCNC(=O)/C=C/c3cc[n+](Cc4ccccc4F)cc3)c2c1,6.58,1
CCN(CC)CCOc1ccc2c(c1)C/C(=C\c1ccc(CN(C)Cc3ccccc3)cc1)C2=O,5.54,0
O=[N+]([O-])c1ccc2c(c1)c(OCc1ccccc1)nn2Cc1ccccc1,5.14,0
COc1ccc2cc(C(=O)CCC3CC[N+](C)(Cc4ccccc4)CC3)ccc2c1,7.3,1
CN(Cc1ccccc1)Cc1ccc(C(=O)c2ccc3ccccc3c2)cc1,4.71,0
COc1ccc(C(=O)c2ccc(CN3CCc4ccccc4C3)cc2)cc1OC,4.27,0
c1ccc2[nH]c(N3CCCCC3)nc2c1,4.23,0
COc1ccccc1C(=O)O[C@H]1CN2Cc3cc4c(cc3[C@]13C=C[C@@H](O)C[C@H]23)OCO4,4.05,0
CNC(=O)Oc1cccc(CN(C)CCCCCCCOc2ccc3c(c2)O/C(=C\c2ccccc2)C3=O)c1,5.71,0
COc1ccccc1C(=O)N1Cc2cc(NC(=O)c3ccccc3)ccc2CC1=O,10.72,1
COc1ccc(CCNc2nc(CC(N)=O)nc3ccccc23)cc1OC,4.9,0
CCOC(=O)c1sc(-c2ccnc(NC(=O)C3CC3)c2)nc1OCCNc1c2c(nc3ccccc13)CCCC2,6.51,1
Cc1cccc(C[n+]2ccc(C(=O)NCCc3c[nH]c4ccccc34)cc2)c1,5.57,0
C=CC(=O)N1C/C(=C\c2ccccc2)C(=O)/C(=C/c2ccccc2)C1,4.75,0
CC[C@H](C)C1=NC[C@]2(C)[C@H](CC[C@]34C[C@]35C(=O)C[C@]3(C)[C@@H]([C@H](C)N(C)C)[C@H](O)C[C@@]3(C)[C@@H]5CC[C@@H]24)N1,5.36,0
O=C1C(=NCCCNc2c3c(nc4cc(Cl)ccc24)CCCC3)C(Cl)C(=O)c2ccccc21,8.05,1
COc1ccc2cc(-c3ccc(CN(C)Cc4ccccc4)cc3)c(=O)oc2c1,6.05,1
COc1cc2cc(C(=O)CCC3CC[N+](C)(CC(=O)OC(C)(C)C)CC3)sc2cc1OC,7.1,1
CCCCCCCNC(=O)Oc1ccc2c(c1)CN(C)C(c1cc[nH]c1)N2C,6.07,1
CCCCCN1CC(C)(C)CN=C1C=NO,4.05,0
COc1cc2cc(C(=O)C3CCC[N+](C)(Cc4ccccc4)CC3)sc2cc1OC,8.1,1
CC(C)c1ccc(NC(=O)Oc2ccc3c(c2)C2(C)COC(O3)O2)cc1,5.37,0
Cc1ccccc1CN1CCC(CNc2nc(-c3ccc(Cl)cc3)c(-c3ccc(Cl)cc3)s2)CC1,6.06,1
Nc1c2c(nc3cc([N+](=O)[O-])ccc13)-c1ccccc1C2,4.17,0
c1ccc2c(NCCN3CCOCC3)c3c(nc2c1)CCCC3,7.03,1
CCOC(=O)C1C(C)=Nc2nc3c(c(N)c2[C@H]1c1cccc([N+](=O)[O-])c1)CCCC3,6.96,1
O=C(O[C@@H]1C=C[C@]23CCN(Cc4cc5c(cc42)OCO5)[C@H]3C1)c1ccccc1[N+](=O)[O-],4.22,0
CNC(=O)Oc1cccc(CN(C)CCCCCCCOc2ccc3c(c2)O/C(=C\c2cccc4ccccc24)C3=O)c1,5.56,0
CCn1c(C)nc2cc(C(=O)CCC3CCN(Cc4ccccc4)CC3)ccc21,8.37,1
COc1cccc(C(F)(F)F)[n+]1C.F[B-](F)(F)F,4.390000000000001,0
O=c1[nH]c2ccc(OCc3ccc(F)cc3)cc2c(=O)o1,4.12,0
CC(=O)Nc1cccc2n1cc(-c1ccc(OC(=O)N(C)C)cc1)[n+]2C,6.16,1
COc1ccc(C(=O)COc2ccc([N+](C)(C)C)cc2)cc1OC,5.0,0
CCN(CC)CCCCCOc1ccc(C(=O)/C=C/c2ccccc2)cc1,4.47,0
c1cnc2nc3c(c(NCCCCCCNc4c5c(nc6ncccc46)CCCC5)c2c1)CCCC3,8.32,1
COc1cccc2c1C=[N+](c1ccccc1I)CC2,5.75,0
COc1cccc([N+]2=Cc3c(cccc3OC)CC2)c1,5.28,0
CN(C)CCNC(=O)COc1cc(O)c2c(=O)c(-c3ccc(O)cc3)coc2c1,5.56,0
COc1cccc(CC2CCN(CCCCOc3ccc4c(c3)oc(=O)c3ccccc34)CC2)c1,4.56,0
COc1cc2cc(-c3ccc(C[N+](C)(C)Cc4ccccc4)cc3)c(=O)oc2cc1OC,7.98,1
CCN(CCCCCNC1=CC(=O)C(NCCCCCN(CC)Cc2ccccc2OC)=CC1=O)Cc1ccccc1OC,8.63,1
C#CCn1c2cc(OC)ccc2c2ccnc(C)c21,5.72,0
COC(=O)C[N+]1(C)CCC(CCC(=O)c2cc3cc(OC)c(OC)cc3s2)CC1,7.27,1
COc1ccc2cc3[n+](cc2c1OCc1cccc(Br)c1)CCc1cc2c(cc1-3)OCO2,5.57,0
COc1ccc(C2SCC(=O)N2c2ccc3oc(=O)ccc3c2)cc1,7.15,1
CN(CCCCCCN1C(=O)c2ccccc2C1=O)Cc1ccccc1,5.74,0
c1ccc2c[n+](CCCCCCCCCCC[n+]3ccc4ccccc4c3)ccc2c1,7.0,1
c1ccc(COC[C@H]2NC[C@H](OCc3ccccc3)[C@@H](OCc3ccccc3)[C@@H]2OCc2ccccc2)cc1,4.22,0
Cc1c(C)c2c(c(C)c1O)CCC(C)(C(=O)NCCCCCCCNc1c3c(nc4cc(Cl)ccc14)CCCC3)O2,7.1,1
COc1ccc(-c2nc(NC(=O)C3CCN(Cc4cccc(F)c4)CC3)sc2-c2ccc(OC)cc2)cc1,6.24,1
N#Cc1c(N)nc(NCCCC2CCN(Cc3ccccc3)CC2)c(C#N)c1-c1ccccc1,6.62,1
O=C1OCc2cc(-c3ccc(-c4ccc(CO)cc4)s3)ccc21,5.1,0
Cc1ccc(-[n+]2ccc3c4ccccc4n(C)c3c2)cc1,6.54,1
CN(C)CCCN1C(=O)CSC1c1cccc(F)c1,4.01,0
CC(=O)Nc1cc(-c2nc(OCC3CC3)c(C(=O)NCCCNc3c4c(nc5ccccc35)CCCC4)s2)ccn1,6.41,1
CCN(CCCCCC(=O)N1CCN(C(=O)CCCCCN(CC)Cc2ccccc2OC)CC1)Cc1ccccc1OC,7.59,1
CN1Cc2c(c(O)n(-c3ccc(F)cc3)c2O)C12C(=O)c1ccccc1C2=O,4.3,0
CC(C)c1ccc(NC(=O)Oc2ccc3c(c2)[C@]2(C)CCO[C@@H]2N3C)cc1,5.41,0
COc1ccc(-c2cc3c(c(=O)o2)C[C@]2(O)[C@@]4(C)CC[C@@H](O)C(C)(C)[C@]4(O)CC[C@@]2(C)O3)cc1,6.19,1
COc1ccc2[nH]cc(CCNC(=O)c3cc[n+](Cc4cccc(F)c4)cc3)c2c1,5.42,0
COc1cc(/C=C/C(=O)Nc2ccccc2)ccc1OCCCCN1CCCC1,4.61,0
COc1c(F)c[n+](C)cc1F,4.14,0
COc1ccc(-n2c(O)c3c(c2O)C2(C(=O)c4ccccc4C2=O)N(C)C3)cc1,6.11,1
COc1ccc(/N=C/c2cn(-c3ccc(OC)cc3)cc2/C=N/c2ccc(OC)cc2)cc1,4.85,0
COc1cc(-c2cc3c(c(=O)o2)C[C@]2(O)[C@@]4(C)C(=O)C=CC(C)(C)[C@]4(O)CC[C@@]2(C)O3)cc(OC)c1O,8.17,1
O=C(Cc1sc(Nc2ccc(C3CCCCC3)cc2)nc1O)Nc1ccc(OC(F)(F)F)cc1,5.54,0
O=S1(=O)CCN(c2nccc(NCc3ccccc3)n2)CC1,4.62,0
CN(CCC1CCCCCC1)Cc1c[nH]c2c(OC(=O)N(C)N(C)C)cccc12,5.25,0
CCN1CC[C@@]2(C)c3cc(OC(=O)NC(C)(C)C)ccc3C[C@@H]12,4.9,0
C#CCN(C)Cc1ccc(C(=O)c2ccc(OC)c(OC)c2)cc1,4.57,0
CCN(CC)CCCOc1ccc(C(=O)c2ccc(CN(C)Cc3ccccc3)cc2)cc1,7.6,1
N#Cc1ccccc1CN1CCC(C(=O)Nc2nc(-c3ccc(Cl)cc3)c(-c3ccc(Cl)cc3)s2)CC1,5.75,0
Cc1cc(C)cc(NC(=O)Oc2ccc3c(c2)[C@]2(C)CCN(C)[C@@H]2N3C)c1,7.11,1
COc1cc(/C=C/C(=O)Nc2ccccc2)ccc1OCCCCCCCCN1CCCC1,5.54,0
O=C(NCCCCNc1c2c(nc3ccccc13)CCCC2)Oc1ccc2cc[nH]c2c1,6.29,1
COc1cc2c(cc1OC)C(=O)C(=CC1CCN(Cc3cc(N=[N+]=[N-])c4ccccc4n3)CC1)C2,5.31,0
CCOC(=O)C(=NNc1ccc(OC)cc1)C(=O)C(F)(F)F,5.33,0
CNC(=O)Oc1ccc2c(c1)[C@]1(C)CCN[C@@H]1N2C,7.68,1
N#CC1C(=N)N2CCN=C2C([N+](=O)[O-])C12C(=O)Nc1ccccc12,5.31,0
C[C@]12CC[C@H](O)[C@@](C)(CO)C1C[C@H](O)[C@@]1(C)Oc3cc(-c4ccncc4)oc(=O)c3C(=O)C21,5.1,0
COc1cccc2c1CCC(NS(=O)(=O)N(C)C)C2,7.92,1
O=c1oc2cc(OCCN3CCC(Cc4ccccc4)CC3)ccc2c2ccccc12,4.7,0
CCCCN1CCC(CCC(=O)c2cc(Cl)c(N)cc2OC)CC1,6.39,1
O=C1c2ccccc2NCN1CCC1CCN(Cc2ccccc2)CC1,6.1,1
COc1cc2ncnc(N3CCN(c4ccc(F)cc4)CC3)c2cc1OC,5.98,0
COc1ccc2c(c1)C(=O)N(CCC1CCN(Cc3ccccc3)CC1)C2=O,8.1,1
Cc1cccc2sc(NC(=O)CCN3CCN(Cc4ccc(C(C)(C)C)cc4)CC3)nc12,4.4,0
COc1ccc(Cn2cc(C(=O)NCCCNc3c4c(nc5cc(Cl)ccc35)CCCC4)c(=O)c3ccccc32)cc1,7.38,1
N#Cc1cc(C#N)c(NC2CCN(Cc3ccccc3)CC2)nc1N,5.51,0
O=C(Cc1ccccc1)N1c2ccccc2[Se]c2ccc(Cl)cc21,5.19,0
COc1ccc2c(CCNC(=O)c3ccc(CN(C)Cc4cccc(Cl)c4)cc3)c[nH]c2c1,5.68,0
CN(CCC(=O)NCCCNc1c2c(nc3ccccc13)CCCC2)C1CCCCC1,6.4,1
Oc1ccc(C=NC2CCN(Cc3ccccc3)CC2)cc1,5.32,0
COc1cc(C2c3ccc4ccccc4c3Oc3nc4c(c(N)c32)CCCC4)cc(OC)c1OC,5.46,0
O=C(NCCNc1c2c(nc3ccccc13)CCCC2)c1ccc(F)cc1,9.09,1
Cc1cc2cc3n(c(=O)c2cn1)CCc1c-3[nH]c2ccccc12,4.66,0
CC(C)=CCC1=C2O[C@H](C(C)(C)O)C[C@@]23C[C@H](CC=C(C)C)[C@@](C)(CCC(=O)C(C)C)[C@@](C(=O)C(C)C)(C1=O)C3=O,4.62,0
COc1ccc2nc3c(c(NCCCCCNC(=S)N[C@]45CC6C[C@@H](C[C@@H](C6)C4)C5)c2c1)CCCC3,6.33,1
Fc1ccc(C(c2ccc(F)cc2)N2CCN(CCN3CCCCC3)CC2)cc1,6.9,1
CNC(=O)Oc1ccc2c(c1)[C@@]1(C)CCO[C@H]1N2C,7.25,1
CCCCNC(=O)Oc1cccc(CN(C)CCCOc2ccc3c(=O)c4ccccc4oc3c2)c1,7.44,1
CC1=CC2Cc3nc4cc(Cl)ccc4c(NCCCCCCCCCNc4c5c(nc6ccccc46)CCCC5)c3C(C1)C2,8.45,1
CCN(CC)CCCCCCCOc1ccc(C(=O)c2ccc(CN(C)Cc3ccccc3)cc2)cc1,6.09,1
CCN(CCC(=O)NCCCNc1c2c(nc3ccccc13)CCCC2)C1CCCCC1,7.58,1
CN(C)CCOc1ccc(C(=O)/C=C/c2ccccc2)cc1,5.33,0
COc1ccc(Cn2cc(C(=O)NCCCCNc3c4c(nc5ccc(OC)cc35)CCCC4)c(=O)c3ccccc32)cc1,5.02,0
CC1=C[C@H]2Cc3nc4cc(Cl)ccc4c(NCCCCC(=O)N4CCC(NC(=O)Nc5ccc(OC(F)(F)F)cc5)CC4)c3[C@@H](C1)C2,5.78,0
NC(=O)c1cc2c(cn1)[nH]c1ncc(-c3ccc(CN4CCCCC4)cc3)cc12,6.66,1
N#CC1C(=N)N2CCCN=C2C([N+](=O)[O-])C12C(=O)Nc1ccccc12,5.99,0
COC1c2c(ccc3c2OCO3)-c2ccc3cc4c(cc3c2N1C)OCO4,4.01,0
CC(C)(C)c1cc[n+](C/C=C/C[n+]2ccc(C(C)(C)C)cc2)cc1,5.47,0
CC(C)=CCC[C@]1(C)[C@@H](CC=C(C)C)C[C@]2(CC=C(C)C)C(=O)C3=C(O[C@@H](C(C)(C)O)[C@@H]3O)[C@@]1(C(=O)C(C)C)C2=O,4.9,0
c1ccc2c(c1)ccc[n+]2CCC[n+]1cccc2ccccc21,5.05,0
CC1(C)CCCC2(C)OC(=O)C=C12,7.52,1
Cc1ccc(/C=C2\CN(Cc3ccc4ccccc4c3)C/C(=C\c3ccc(C)cc3)C2=O)cc1,5.8,0
C=CC(=O)N1C/C(=C\c2ccc(F)cc2)C(=O)/C(=C/c2ccc(F)cc2)C1,4.82,0
CCN(CC)Cc1ccc(/C=C2\Oc3cc(OC)c(OC)cc3C2=O)cc1O,6.16,1
COc1cc(N)c(Cl)cc1C(=O)CCC1CCN(CC2CCCC2)CC1,7.16,1
CCN(CC)CCCCCOc1ccc(/C=C/C(=O)Nc2ccccc2)cc1OC,4.72,0
Cn1c2ccccc2c2cc[n+](-c3ccc(I)cc3)cc21,6.62,1
COc1cc(C=Cc2ccc3ccccc3[n+]2C)cc(OC)c1O,5.77,0
Nc1c2c(nc3ccccc13)-c1ccc(Cl)cc1C2,5.27,0
COC(=O)/C=C/c1ccc(OCCCCCN2CCN(CC(=O)Nc3c4c(nc5ccccc35)CCCC4)CC2)c(OC)c1,7.21,1
CCN(CC)c1ccc(/C=C2\Cc3cc(OC)c(OCCN4CCCCC4)cc3C2=O)cc1,6.27,1
O=c1cc(/N=N/N=P(CCP(=N/N=N/c2cc(=O)oc3ccccc23)(c2ccccc2)c2ccccc2)(c2ccccc2)c2ccccc2)c2ccccc2o1,7.46,1
COc1cc(O)c(C(C)=O)c(-c2c(C)cc(O)c3oc4c(O)cc(C)c(-c5cc(OC)cc(O)c5C(=O)O)c4c23)c1,4.17,0
COc1ccc2cc3[n+](cc2c1OCc1cccc([N+](=O)[O-])c1)CCc1cc2c(cc1-3)OCO2,5.84,0
COc1ccc(CN2CCC(c3oc4ccccc4c3C(=O)c3ccccc3)CC2)cc1,4.01,0
COc1nc(-c2ccnc(NC(=O)C3CC3)c2)sc1C(=O)NCCNc1c2c(nc3ccccc13)CCCC2,8.2,1
CCCCCCCNC(=O)Oc1ccc2c(c1)[C@@H]1CCN(CC)C1C2,6.42,1
CN(C)c1ccc(/C=C2/CCC/C(=C\c3ccc(N(C)C)cc3[N+](=O)[O-])C2=O)c([N+](=O)[O-])c1,4.34,0
COc1ccc(NCC2CCN(Cc3ccccc3)CC2)cc1,6.78,1
CNC(=O)Oc1cccc(-c2cn3ccccc3[n+]2C)c1,6.46,1
CN1CCC(=CC2Cc3ccccc3C2=O)CC1,8.08,1
COc1ccc2nc3c(c(NCCN=C4CC(=O)c5ccccc5C4=O)c2c1)CCCC3,5.6,0
O=S(=O)(c1ccccc1)n1ccc2c(N3CCN(CCCCCCCCNc4c5c(nc6ccccc46)CCCC5)CC3)cccc21,8.89,1
O=C1CC2CCc3ccsc3C2=NN1CCCCCCCN1CCN(Cc2cccc3c2ccn3S(=O)(=O)c2ccccc2)CC1,5.34,0
CCN(CC)CCCCCCCCCCOc1ccc(/C=C/C(=O)Nc2ccccc2)cc1OC,4.83,0
O=C1c2ccccc2C(=O)N1CCCCCNCc1ccccc1F,6.78,1
Cc1c(C)c2c(c(C)c1O)CCC(C)(C(=O)NCCCCCNc1c3c(nc4cc(Cl)ccc14)CCCC3)O2,6.92,1
CCSc1nc(-c2ccc(OC)cc2)nn1C(=O)N(C)c1ccccc1,5.96,0
Oc1ccccc1CNC1CCN(Cc2ccccc2)CC1,5.62,0
CC(C)(C)c1cc[n+](CCCCCCCC[n+]2ccc(C(C)(C)C)cc2)cc1,8.3,1
CCc1ccccc1NC(=O)Oc1ccc2c(c1)[C@]1(C)CC[N+](C)([O-])[C@@H]1N2C,6.9,1
COc1ccc(-c2cc(=O)c3cc(OC)c(O)c([C@@H]4CCC(=O)N4)c3o2)cc1,4.17,0
C[C@@]12CC[C@@H]3[C@@](CC[C@H]4[C@@]3(C)CCC[C@@]4(C)C(=O)OCC[N+](C)(C)Cc3ccccc3)(CC1=O)C2,4.52,0
NS(=O)(=O)c1ccc(-n2cc(COc3ccc(/C=N/Nc4c5c(nc6ccccc46)CCCC5)cc3)nn2)cc1,5.96,0
c1ccc2c(NCCCCCCNc3c4c(nc5ccccc35)CCCC4)c3c(nc2c1)CCCC3,8.85,1
COc1ccc(C)cc1,5.375,0
CNC(=O)Oc1ccc2c(c1)[C@]1(C)CCOC1N2C,7.57,1
COc1ccc2c(c1)CCC(Cc1cc[n+](Cc3ccccc3C)cc1C(F)(F)F)C2=O,6.62,1
CCOC(=O)C1C(C)=Nc2nc3c(c(N)c2C1c1ccccc1C(F)(F)F)CCCC3,6.65,1
COc1cc2c(cc1OC)CC(CC1CCN(c3ccccc3)CC1)=C2,5.36,0
Cc1[nH]c(C)c(C=C2CN(Cc3ccccc3)CCC2=O)c1C=O,4.52,0
COc1ccc(C2CN(C)C3(C(=O)Nc4ccc(Cl)cc43)C23Cc2cc(OC)c(OC)cc2C3=O)cc1OC,5.38,0
Clc1ccc2c(NCCCCCCCOc3cccc(-c4cc5ccccc5o4)c3)c3c(nc2c1)CCCC3,6.59,1
Cc1cc(=O)oc2cc(OCc3cc[n+](Cc4cccc(F)c4)cc3)ccc12,7.38,1
Cc1cc(Nc2nccc(-c3sc(C4CCNCC4)nc3-c3ccc(F)cc3)n2)ccn1,6.4,1
CNC(=O)Oc1ccc2c(c1)[C@@]1(C)CCN(C)[C@@H]1N2C,5.0,0
CC(=O)Oc1cc([N+](C)(C)C)ccc1C,6.18,1
CN(C)C(=O)Oc1cccc(-c2cn3ccccc3[n+]2C)c1,5.15,0
CCN1CCN(CCCNC(=O)COc2ccc(I)cc2)CC1,4.06,0
Cc1ccccc1C[n+]1ccc(COc2ccc3c(C)cc(=O)oc3c2)cc1,7.45,1
Cc1ccc(CN2CCC(Nc3nc(-c4ccc(Cl)cc4)c(-c4ccc(Cl)cc4)s3)CC2)cc1,5.5,0
O=C(CCN1CCCCC1)Nc1ccc2[nH]c(-c3cc4ccccc4[nH]3)nc(=O)c2c1,7.68,1
N#CC1C(=N)N(Cc2ccccc2)C(=NCc2ccccc2)C([N+](=O)[O-])C12C(=O)c1cccc3cccc2c13,5.22,0
O=c1c2ccccc2[se]n1-c1ccccc1,5.21,0
Cc1ccccc1NC(=O)Oc1ccc2c(c1)[C@]1(C)CO[C@@H](C1)O2,7.01,1
c1ccc2c(CNc3ccnc(N4CCOCC4)n3)cccc2c1,4.83,0
O=C1c2ccccc2C(=O)C12N1CSC[C@@H]1[C@@H](c1cccc(F)c1)[C@@]21CSc2ccccc2C1=O,4.91,0
COc1cc(N)c(Cl)cc1C(=O)CCC1CCN(CC2CCCCC2C)CC1,6.49,1
COc1ccc2nc3c(c(N)c2c1)C1CC=CC(C3)C1,5.58,0
O=C(Cc1ccccc1Nc1c(Cl)cccc1Cl)NCCCNCCCNC1=CC(=O)C(NCCCNCCCNC(=O)Cc2ccccc2Nc2c(Cl)cccc2Cl)=CC1=O,5.515,0
Nc1[nH]nc2nc(-c3ccccc3)cc(-c3ccccc3)c12,5.28,0
COc1cc2c(cc1OC)C(=O)C(CC1CCN(CC3CCCCC3)CC1)C2,8.05,1
Oc1ccc(CNC2CCN(Cc3ccccc3)C2)c(O)c1,5.82,0
C/C=C(\C)C(=O)N[C@@H]1[C@H](O)C2CC[C@H]3C4=CC[C@H]([C@H](C)N(C)C)[C@@]4(C)CC[C@@H]3[C@@]2(C)C[C@@H]1O,4.48,0
FC(F)(F)c1ccc(-c2nnc(CNC3CCN(Cc4ccccc4)C3)o2)cc1,7.19,1
O=c1cc2cc3o[nH]c(CCC4CCN(Cc5ccccc5)CC4)c3cc2[nH]1,9.02,1
O=C(CCCN1C(=O)c2ccccc2C1=O)N1CCCCCC1,6.3,1
Cc1ccc(/C=C2\CN(C(=O)C3CCN(C)[C@]34C(=O)Nc3ccccc34)C[C@]3(C2=O)[C@H](c2ccc(C)cc2)CN(C)[C@]32C(=O)Nc3ccccc32)cc1,5.12,0
O=C(CCC1CCN(Cc2ccccc2)CC1)c1ccc2c(c1)NCCC2,6.785,1
COc1ccc2cc(-c3cccc(CN(C)Cc4ccccc4)c3)c(=O)oc2c1,5.64,0
COC(=O)C(CC1=C(c2ccccc2)CC(C)(C)ON1C(C)=O)C(=O)OC,4.92,0
N#CC(C#N)C1=NCCN1CCNCc1ccc(CN2CCCC2)o1,7.1,1
O=C1c2ccccc2C(=O)C12N1CSC[C@@H]1[C@@H](c1cccc(Br)c1)[C@@]21CSc2ccccc2C1=O,4.42,0
CC(C)c1ccc([C@@H]2[C@H]3CSCN3C3(C(=O)c4ccccc4C3=O)[C@]23CSc2ccccc2C3=O)cc1,4.55,0
COc1cccc2c1C=[N+](c1ccc(Cl)cc1Cl)CC2,5.98,0
N#Cc1c(Cl)nc(NC2CCN(Cc3ccccc3)CC2)c(C#N)c1-c1ccccc1,5.03,0
CC(=O)N[C@H]1CC[C@@]2(C)[C@@H](CC[C@@H]3[C@@H]2CC[C@]2(C)[C@@H]([C@H](C)N(C)C)CC[C@@H]32)C1,4.16,0
Nc1c2c(nc3ccc(F)cc13)CCC2,6.18,1
O=C(NCCCCCNc1c2c(nc3cc(Br)ccc13)CCCC2)Oc1ccc(-c2cc3cccnc3[nH]2)cc1,7.23,1
CC(C)c1ccc(NC(=O)OCC2CCN(C3Cc4ccccc4C3)CC2)cc1,5.39,0
COc1ccc(Oc2ccc3nc4c(c(N)c3c2)CCCC4)cc1,5.54,0
O=C(NCCCCCCCCNc1c2c(nc3cc(Cl)ccc13)CCCC2)c1ccc2nc(-c3ccc(Cl)cc3)c3c(c2c1)OCCC3,7.93,1
N#CC1C(=N)N2CCCN=C2C([N+](=O)[O-])C12c1ccccc1-c1nc3ccc([N+](=O)[O-])cc3nc12,5.41,0
FC(F)(F)c1ccc(CNC2CCN(Cc3ccccc3)C2)cc1,6.89,1
Cc1ccccc1-c1n[nH]c(-c2ccc3c(c2)CO[C@@]3(CCCN(C)C)c2ccc(F)cc2)n1,5.02,0
CN1CCN(C2CCN(C(=O)COc3ccc(-c4ccccc4)cc3)CC2)CC1,5.0,0
CN(CCC(=O)NCCCCNc1c2c(nc3ccccc13)CCCC2)C1CCCCC1,6.98,1
C[N+](C)(CCNC(=O)C(=O)NCC[N+](C)(C)Cc1ccccc1Cl)Cc1ccccc1Cl,9.15,1
O=C(OC1Cc2c(O)cc(O)cc2OC1c1ccc(O)c(O)c1)c1cc(O)c(O)c(O)c1,4.55,0
COc1ccc(-c2cc(-c3cc(OC)c(OC)c(OC)c3)c3c(N)[nH]nc3n2)cc1,5.22,0
COc1cc(/C=C/c2cc(=O)oc3c2ccc2oc(-c4ccc(F)cc4)cc23)cc(OC)c1,5.75,0
CCN(CCC(=O)NCCNc1c2c(nc3ccccc13)CCCC2)C1CCCCC1,6.63,1
COc1ccc2c(c1OC)C(=O)CC2CCC1CCN(Cc2ccccc2)CC1,8.1,1
CN(CCCCOc1ccc2c3c(c(=O)oc2c1)CCCC3)Cc1ccccc1,6.0,0
COc1ccc(C(=O)N2c3ccccc3Sc3ccc(Cl)cc32)cc1OC,5.19,0
O=C(CCc1c[nH]c2ccccc12)NCCC1CCN(Cc2ccccc2)CC1,5.89,0
CNC(=O)c1sc(-c2ccnc(NC(=O)CNCCNc3c4c(nc5cc(Cl)ccc35)CCCC4)c2)nc1OCC1CC1,7.39,1
c1ccc2c(c1)CN[C@@H](CN(CC[C@H]1CCCNC1)[C@H]1CCCc3cccnc31)C2,4.97,0
O=c1ccc2cc(/N=C/c3ccc(F)cc3)ccc2o1,6.65,1
COc1cccc2cc[n+](-c3ccc(Cl)cc3Cl)cc12,5.47,0
CCN(CCCCCC(=O)N1CCC(C2CCN(C(=O)CCCCCN(CC)Cc3ccccc3OC)CC2)CC1)Cc1ccccc1OC.O=C(O)C(=O)O,8.48,1
COc1ccc(-c2cc(-c3ccc(OC)c(OC)c3)c3c(N)[nH]nc3n2)cc1,6.09,1
O=C(CO/N=[N+](\[O-])N1CCCC1)NCCCNc1c2c(nc3ccccc13)CCCC2,7.45,1
CN(C)C(=O)Oc1cc(OC(=O)N(C)C)cc(C(O)CNC(C)(C)C)c1,4.52,0
CN(C)CCCN1C(=O)CSC1c1ccc(F)cc1F,4.01,0
COc1ccc2cc3[n+](cc2c1OCc1ccc(C(F)(F)F)cc1)CCc1cc2c(cc1-3)OCO2,5.89,0
C=CC(=O)N1C/C(=C\c2ccccc2Cl)C(=O)/C(=C/c2ccccc2Cl)C1,4.79,0
CN(CCOCCNC(=S)NC(=O)c1ccccc1)Cc1ccccc1,6.92,1
COc1ccc([N+](=O)[O-])c[n+]1C.F[B-](F)(F)F,4.79,0
C=CC[n+]1ccc(CCC(=O)C2Cc3cc(OC)c(OC)cc3S2)cc1,8.2,1
CC1=C[C@H]2Cc3nc4cc(Cl)ccc4c(NCCCCCCCCCNC(=O)c4cc(O)c5c(c4)C(=O)c4cccc(O)c4C5=O)c3[C@@H](C1)C2,5.53,0
CCOC(=O)C1=C(C)Oc2nc3c(c(N)c2[C@H]1c1ccncc1)CCCCC3,5.07,0
CC1CCN(Cc2ccc(CNCCN3CCN=C3C(C#N)C#N)o2)CC1,6.54,1
CN1c2ccc(OC(=O)NCCCCCCN3CCCCC3)cc2CN2CCc3ccccc3C21,5.915,0
C[n+]1c(/C=C/c2cc3ccccc3[nH]2)cc(N2CCOCC2)c2ccccc21,5.36,0
Oc1c(CNCCCCCCCCCNc2c3c(nc4ccccc24)CCCC3)ccc2cccnc12,8.26,1
COc1ccc(C(F)(F)F)c[n+]1CCCCOc1ccc2c(C)cc(=O)oc2c1,6.04,1
COc1ccccc1CN(C)Cc1ccc(-c2cc3cc(OC)c(OC)cc3oc2=O)cc1,7.21,1
CNC(=O)Oc1cccc(CN(C)CCCCCCCOc2ccc3c(c2)O/C(=C\c2c4ccccc4cc4ccccc24)C3=O)c1,5.6,0
CC1CCN(Cc2ccccc2[N+](=O)[O-])CC1,6.8,1
Cc1cccc([N+](=O)[O-])c1,6.855,1
COc1cccc2cc(C(=O)NCCCCCCCNc3c4c(nc5ccccc35)CCC4)oc12,6.0,0
COc1cc(C=CC(=O)OCCCCCN(C)Cc2cccc(OC(=O)N(C)C)c2)ccc1O,7.71,1
COc1cc2c(cc1OC)C(=O)/C(=C/c1ccc(CN(C)Cc3ccccc3)cc1)C2,5.94,0
c1ccc2c(NCCCCCCCNc3ccncc3)c3c(nc2c1)CCCC3,7.89,1
CC1=CC2Cc3nc4ccccc4c(NCCCCCCCCCCNc4c5c(nc6ccccc46)CCCC5)c3C(C1)C2,8.19,1
COc1cc2cc(-c3ccc(CN(CCO)Cc4ccccc4)cc3)c(=O)oc2cc1OC,7.31,1
CCN(CC)CCCOc1ccc2nc3n(c(=O)c2c1)CCC3,5.915,0
COc1ccc(/C=C/C(=O)Nc2ccc(CN(C)Cc3ccccc3)cc2)cc1OC,5.465,0
CCNC(=O)Oc1ccc2c(c1)[C@]1(C)CCO[C@@H]1N2C,7.09,1
COc1ccc2c3c1O[C@H]1C[C@@H](O)C=C[C@@]31[C@H](O)CN(C)C2,5.79,0
COc1cc2[se]n(CCCCC3CCN(Cc4ccccc4)CC3)c(=O)c2cc1OC,6.99,1
COc1cccc2c1C=[N+](c1ccc(I)cc1F)CC2,5.97,0
CN(C)c1ccc(/C=C2/CNC/C(=C\c3ccc(N(C)C)cc3[N+](=O)[O-])C2=O)c([N+](=O)[O-])c1,6.06,1
CC1=CC2Cc3nc4cc(Cl)ccc4c(NCCCCCNC(=O)C(N)Cc4c[nH]c5ccccc45)c3C(C1)C2,7.64,1
ON=Cc1nc(CCCCCNc2c3c(nc4ccccc24)CCCC3)ccc1O,6.58,1
C=CC(=O)N1C/C(=C\c2ccc(C)cc2)C(=O)/C(=C/c2ccc(C)cc2)C1,4.74,0
C#CCN(C)Cc1cc2cc(OCCCC3CCN(Cc4ccccc4)CC3)ccc2n1C,6.09,1
CCN(Cc1ccccc1)Cc1ccc(-c2cc3ccc(OCCNC(=O)Cc4cc(F)cc(F)c4)cc3oc2=O)cc1,6.74,1
c1ccc2c(c1)c(OCC1CCCCC1)nn2CC1CCCCC1,5.15,0
CC(=O)N1N=C(c2ccc(C)cc2)CC1c1ccc(-c2ccccc2)cc1,6.07,1
C=c1c(C(=O)NCCN(CC)CC)c(C)[nH]c1=Cc1c(O)[nH]c2ccc(F)cc12,5.23,0
C[C@H](CC[C@H](O)C(C)(C)O)[C@H]1CC[C@@]2(C)C3=CC[C@H]4C(C)(C)[C@@H](O)CC[C@]4(C)C3=CC[C@]12C,4.79,0
CN1C[C@@H](c2ccc(Cl)cc2)[C@@]2(CSc3ccccc3C2=O)C12C(=O)c1ccccc1C2=O,4.65,0
COc1ccccc1CN(C)Cc1ccc(C(=O)c2ccc(OC)c(OC)c2)cc1,5.43,0
c1ccc2c(c1)-c1ccccc1C2NC1CCCCC1,4.85,0
CC1c2[nH]c3ccccc3c2CCN1C(=O)C=Cc1ccc(O)c(O)c1,4.68,0
COc1cccc(Oc2ccc3nc4c(c(N)c3c2)CCCC4)c1,5.58,0
COc1ccc(C(=O)Cc2ncc(C(=O)N(C)CCCOc3ccc(C(F)(F)F)cc3)cn2)cc1,4.53,0
O=C(NCCCCCCNc1c2c(nc3ccccc13)CCCC2)c1ccccc1O,7.7,1
c1ccc2c(NCCCCCCCCCNc3ccncc3)c3c(nc2c1)CCCC3,7.08,1
COc1ccc(C2CC(c3cc(F)cc(F)c3)=NN2c2ccc(S(N)(=O)=O)cc2)cc1OC,8.2,1
CCC(CC)n1cc(C(=O)C(F)(F)F)cn1,8.530000000000001,1
C(=N/C1CCN(Cc2ccccc2)CC1)\c1ccccc1,5.68,0
COc1cccc(C2CC(c3cc(F)cc(F)c3)=NN2c2ccc(S(N)(=O)=O)cc2)c1OC,8.2,1
COc1ccc(C2C(c3ccccc3)NC3(C(=O)Nc4ccccc43)C23Cc2cc(OC)c(OC)cc2C3=O)cc1OC,5.28,0
Cc1ccc(/C=C2/CNCC3=C2N=C2SC=C(c4ccc(C)cc4)N2C3c2ccc(C)cc2)cc1,5.75,0
Nc1c2c(nc3ccc(Oc4ccc(Cl)cc4)cc13)CCCC2,5.54,0
C[C@H]1COc2c1c(=O)oc(=O)c1c3c(ccc21)C(C)(C)CCC3,5.49,0
c1ccc2c(c1)ccc[n+]2CCOCC[n+]1cccc2ccccc21,4.46,0
C=C(C)[C@H](O)CC[C@]1(C)[C@@H](CC=C(C)C)C[C@@]2(CC=C(C)C)C(=O)[C@]1(C(=O)C(C)C)C(=O)C1=C2O[C@@H](C(C)(C)O)C1,4.6,0
O=C(c1cccc(Cl)c1Cl)n1nc(OCCN2CCCCC2)c2ccccc21,4.98,0
Cc1c(C)c2ccc(OCCN3CCN(CCCNc4c5c(nc6ccccc46)CCCC5)CC3)cc2oc1=O,7.79,1
O=C1c2ccccc2C(=O)N1CCC1CCN(Cc2ccccc2)CC1,7.1,1
NC(=O)c1sc(-c2ccnc(NC(=O)CNCCNc3c4c(nc5ccccc35)CCCC4)c2)nc1OCC1CC1,9.1,1
C[N+]1(Cc2ccccc2)CCC(CCC(=O)c2ccc3c(c2)CCCCO3)CC1,6.86,1
O=C1/C(=C/c2ccc(Cl)cc2)CN(C(=O)C[C@H]2C[C@H]3CCCN3[C@]23C(=O)Nc2ccccc23)C/C1=C\c1ccc(Cl)cc1,5.47,0
COc1cc2c(cc1OC)C(=O)C1(C2)C(c2ccc(F)cc2)CN(C)C12C(=O)Nc1ccc([N+](=O)[O-])cc12,5.07,0
COc1cc(/C=C/C(=O)Nc2ccccc2)ccc1OCCCCCCCCN(C)C,5.05,0
c1cc[n+](CCCCCCCC[n+]2ccccc2)cc1,4.51,0
Cc1ccc([C@@H]2c3c(nc4c(c3N)CCCC4)N=C3CC(C)(C)CC(=O)C32)cc1,6.64,1
CN(C)Cc1ccc(CSCCNc2cc(Nc3ccc(F)cc3)c([N+](=O)[O-])cc2[N+](=O)[O-])o1,6.17,1
c1ccc2c[n+](Cc3ccc(C[n+]4ccc5ccccc5c4)cc3)ccc2c1,4.92,0
COc1ccc(Cn2cc(C(=O)NCCNc3c4c(nc5cc(Cl)ccc35)CCCC4)c(=O)c3ccccc32)cc1,7.13,1
CC1=CC2Cc3nc4cc(Cl)ccc4c(NCCCCCCCCCNC(=O)c4cc(O)cc(O)c4)c3C(C1)C2,8.59,1
CC(C)=CCC[C@]1(C)[C@@H](CC=C(C)C)C[C@@]2(CC=C(C)C)C(=O)[C@]1(C(=O)C(C)C)C(=O)C1=C2O[C@H](C(C)(C)O)[C@H]1O,4.73,0
COc1ccc(/C=C2\CCc3cc([N+](=O)[O-])ccc3C2=O)c(Cl)c1OC,5.54,0
CN(C)c1ccc(/C=N/c2ccc3oc(=O)ccc3c2)cc1,7.39,1
CN(Cc1ccccc1)Cc1ccc(NC(=O)Cc2ccc(O)cc2)cc1,5.49,0
O=c1c2ccc(OCCCCCCCNc3c4c(nc5ccccc35)CCCC4)cc2oc2ncccc12,6.55,1
CC(=O)N(C)CCC1CCN(Cc2ccccc2)CC1,6.18,1
O=C1/C(=C/c2ccc(N3CCCC3)cc2)CC/C1=C\c1ccc(N2CCCC2)cc1,4.18,0
COc1ccc(C(=O)COc2ccc([N+](C)(C)Cc3ccccc3)cc2)cc1OC,5.0,0
Cc1cccc(CNC2CCN(Cc3ccccc3)CC2)c1,5.39,0
COc1cc(C=CC(=O)N(Cc2cccc3[nH]c4ccccc4c23)C(C)C)ccc1O,4.66,0
COc1cc(Br)c(CN2CCN(C(c3ccc(F)cc3)c3ccc(F)cc3)CC2)cc1OC,5.99,0
O=C(CCc1c[nH]c2ccccc12)NCCCCCCNc1c2c(nc3cc(Cl)ccc13)CCCC2,8.2,1
COc1ccc2cc3[n+](cc2c1OC)CCc1cc2c(cc1-3)OCO2,6.1850000000000005,1
CCN(CC)CCCCCCOc1ccc2c(c1)C(=O)/C(=C/c1ccc(CN(C)Cc3ccccc3)cc1)C2,6.42,1
COc1ccc(-c2nc(NC(=O)C3CCN(Cc4ccccc4C)CC3)sc2-c2ccc(OC)cc2)cc1,5.87,0
CN1c2ccc(OC(=O)Nc3cccnc3)cc2[C@]2(C)CCO[C@H]12,5.77,0
COc1cc2c(C)c(OC)c(=O)oc2cc1OCCCCOc1cc(O)cc(N(C)C)c1,6.56,1
CCC/N=C1/CCc2c1n(C)c1ccc(OC(=O)NC)cc21,5.42,0
O=C1CCc2cc3c(CCC4CCN(Cc5ccccc5)CC4)noc3cc2N1,9.24,1
COc1cccc2cc(C(=O)NCCCCCCNc3c4c(nc5ccccc35)CCC4)oc12,5.77,0
CN1C[C@@H](c2ccccc2Br)[C@@]2(CSc3ccccc3C2=O)C12C(=O)c1ccccc1C2=O,4.57,0
COc1ccc(C2C(c3ccccc3)NC3(C(=O)Nc4ccc([N+](=O)[O-])cc43)C23Cc2cc(OC)c(OC)cc2C3=O)cc1OC,4.81,0
O=C(c1ccccc1Cl)n1nc(OCCN2CCCC2)c2ccccc21,5.01,0
C[C@@]12CC[C@@H]3[C@]4(CC[C@H]5[C@@]3(C)CCC[C@@]5(C)C(=O)OCC[N+](C)(C)CCCCCCCCC[N+](C)(C)CCOC(=O)[C@]3(C)CCC[C@@]5(C)[C@@H]6CC[C@@]7(C)C[C@]6(CC[C@@H]53)C[C@H]7OC(=O)CCCCCCCCC(=O)O[C@@H]1C4)C2,5.3,0
CN(CCCOc1ccc2c(=O)c3cccnc3oc2c1)Cc1cccc(OC(=O)NCCCCCCCN2CCOCC2)c1,6.86,1
CCN(CCCCCCNc1ccc(Cc2ccc(NCCCCCCN(CC)Cc3ccccc3OC)cc2)cc1)Cc1ccccc1OC,5.97,0
CCNCC(=O)Nc1ccc2nc3n(c(=O)c2c1)CCC3,6.25,1
COc1cc(C#N)cc[n+]1C.F[B-](F)(F)F,4.25,0
CN(CCCOc1ccc2ccc(=O)oc2c1)Cc1cccc(OC(=O)NC2CCCC2)c1,6.28,1
O=[N+]([O-])C1C(Cc2c[nH]cn2)NC2(c3ccccc3-c3nc4ccccc4nc32)C1c1ccc(Br)cc1,4.79,0
C#CCCOC[n+]1ccc(C=NO)cc1,4.01,0
CC(=O)Nc1nc(NCCc2ccccc2)c2ccccc2n1,5.16,0
[O-]c1cc2c3c(c1)c1cc4c(cc1c[n+]3CC2)OCO4,5.42,0
COc1ccc(C2CC(c3cc(F)cc(F)c3)=NN2c2ccc(S(N)(=O)=O)cc2)c(OC)c1,8.2,1
c1ccc2c(c1)CN1CCCC1=N2,5.62,0
O=C1CCN(Cc2ccccc2)CC1=Cc1cc[nH]c1,5.22,0
CCOC(=O)c1c(C)nc2nc3c(c(N)c2c1-c1ccc(Cl)cc1)CCCCC3,4.72,0
N#CC1C(=N)N(Cc2ccccc2)C(=NCc2ccccc2)C([N+](=O)[O-])C12C(=O)c1ccc(Br)c3c(Br)ccc2c13,5.21,0
CCCNC(=O)Oc1ccc2c(c1)[C@@H]1CCN(CC)C1C2,5.66,0
COc1ccc2c3c1O[C@H]1CC(O)CC[C@@]31CCN(C)C2,6.21,1
O=C(Cc1ccccc1)N1c2ccccc2Sc2ccc(Cl)cc21,5.12,0
COc1ccccc1CN(C)CCCN(C)CCCNCCC[n+]1c(-c2ccccc2)c2cc(N)ccc2c2ccc(N)cc21,6.035,1
Cc1ccc(C2c3ccc4ccccc4c3Oc3nc4c(c(N)c32)CCCC4)cc1,6.4,1
Cc1cc(=O)oc2cc(OCCSC(=S)N3CCC(N4CCCCC4)CC3)ccc12,5.94,0
COc1cc(/C=C/C(=O)Nc2ccccc2)ccc1OCCCCCCN1CCCCC1,6.15,1
O=C(NCCCCCCNc1c2c(nc3ccccc13)CCCC2)C1Cc2c([nH]c3ccccc23)CN1,7.43,1
COc1ccc(/C=C/C(=O)Nc2ccc(CN(C)Cc3ccccc3)cc2)c(OC)c1,5.06,0
Cc1ccc(-c2noc(-c3cccc(OCC4CCN(Cc5ccccc5)CC4)c3)n2)cn1,6.13,1
COc1cc(O)c(C(=O)/C=C/c2ccc(F)cc2)cc1I,8.03,1
C[N+](C)(C)CCCBr,4.06,0
CC1(C)CCN(Cc2ccc(-c3cnc4[nH]c5cnc(C#N)cc5c4c3)cc2)CC1,7.96,1
CN1CCCc2ccc(C(=O)CCC3CCN(Cc4ccccc4)CC3)cc21,7.44,1
CNCCCN1C(=O)CSC1c1ccc(Cl)cc1Cl,4.31,0
O=C(Nc1cccc(C2=NCCN2)c1)Nc1cccc(C2=NCCN2)c1,6.23,1
NC(Cc1c[nH]c2ccccc12)C(=O)NCCCNc1c2c(nc3ccccc13)CCCC2,6.24,1
CNC(=O)Oc1cccc(CN(C)CC#CCOc2ccc3c(=O)c4ccccc4oc3c2)c1,6.68,1
CNC(=O)Oc1cccc(CN(C)CCCCCCCOc2ccc3c(c2)O/C(=C\c2cc(OC)c(OC)c(OC)c2)C3=O)c1,6.28,1
S=C(NNc1c2c(nc3ccccc13)CCCC2)Nc1ccccc1,6.21,1
COc1ccc(C(=O)c2ccc(CN(C)Cc3cccc(C)c3)cc2)cc1OC,5.78,0
CCOc1ccc(Cc2nc3cc(C(=O)NCCCNc4c5c(nc6ccccc46)CCCC5)ccc3n2CCC(C)C)cc1,8.5,1
CN(C)Cc1ccc(CSCCCSCc2ccc(CN(C)C)o2)o1,6.48,1
COc1ccc(C(=O)COc2cccc([N+](C)(C)Cc3ccccc3)c2)cc1OC,6.48,1
CCOP(=O)(OCC)C(Nc1ccccc1OC)c1ccc(OCc2nc3ccccc3c(=O)n2-c2ccc(F)cc2)c(OC)c1,5.58,0
COc1ccc(NC(=O)c2coc3ccc(/C=C/C(=O)OCCN(C)C)cc3c2=O)cc1,5.45,0
COc1ccc(-c2nc(NC3CCN(Cc4ccc(C)cc4)CC3)sc2-c2ccc(OC)cc2)cc1,6.08,1
CC(C)c1ccc(NC(=O)Oc2ccc3c(c2)[C@]2(C)CCN(C)C2N3C)cc1,6.12,1
COc1cccc(C#N)[n+]1C.F[B-](F)(F)F,4.8,0
Cn1c2ccccc2c(=NCCCCCCNc2c3c(nc4ccccc24)CCCC3)c2c3ccccc3[nH]c21,8.9,1
c1ccc2oc(CN(CCCCCCNc3c4c(nc5ccccc35)CCC4)Cc3cc4ccccc4o3)cc2c1,5.68,0
COc1cc2c[n+]3c(cc2c(CO)c1OC)-c1c(cc2c(c1OC)OCO2)CC3,4.7,0
COc1ccc(C2c3ccc4ccccc4c3Oc3nc4c(c(N)c32)CCCC4)c(OC)c1,6.43,1
O=C(Nc1nc(-c2ccc(Cl)cc2)c(-c2ccc(Cl)cc2)s1)C1CCN(Cc2cccc(F)c2)CC1,6.19,1
O=C1c2ccccc2C(=O)N1CCCCCCNCc1ccc(F)cc1,5.5,0
COc1ccccc1CN(C)CCCCCC(=O)N(C)CCCCCCCCN(C)C(=O)CCCCCN(C)Cc1ccccc1OC.O=C(O)C(=O)O,6.77,1
O=C(CC1CCN(Cc2ccccc2)CC1)NCCc1c[nH]c2ccccc12,5.42,0
CCN(CCCCCC(=O)N1CCC(C2CCN(C(=O)CCCCCN(CC)Cc3ccccc3OC)CC2)CC1)Cc1ccccc1OC,8.48,1
COc1cc2c(cc1O)C(=O)C(Cc1cc[n+](Cc3cccc(Cl)c3)cc1C(C)=O)C2,8.57,1
Oc1cccc2nc3c(O)cccc3nc12,5.34,0
O=C(Cc1c[nH]c2ccc(Br)cc12)NCCCCCCCNc1c2c(nc3cc(Cl)ccc13)CCCC2,9.22,1
COc1ccc(C(=O)c2ccc(CN(C)Cc3ccccc3)cc2)cc1OC,6.34,1
Clc1ccc(Cn2cc(CNC34CC5CC(CC(C5)C3)C4)nn2)cc1,6.88,1
O=C(O[C@H]1CN2Cc3cc4c(cc3[C@]13C=C[C@@H](O)C[C@H]23)OCO4)c1cccc([N+](=O)[O-])c1,5.4,0
COc1cc2oc(-c3ccc(OCC(=O)NCCCCCCNc4c5c(nc6cc(Cl)ccc46)CCCC5)cc3)cc(=O)c2c(OC)c1OC,7.67,1
CCOC(=O)C1=C(C)Oc2nc3c(c(N)c2[C@H]1c1ccccc1)CCCC3,5.81,0
CCOP(=O)(OCC)C(Nc1cccc(O)c1)c1ccc(OCc2nc3ccccc3c(=O)n2-c2ccc(F)cc2)c(OC)c1,5.36,0
C#CCCCN(C)C(=O)Oc1cccc2c(CN(C)CCC3CCCCCC3)c[nH]c12,5.97,0
COc1cc(CNCCCNC2=CC(=O)C(NCCCNCc3ccc(O)c(OC)c3)=CC2=O)ccc1O,6.7,1
CNC(=O)Oc1cccc(CN(C)CCCOc2ccccc2)c1,7.1,1
C=CC(=O)N1C/C(=C\c2ccccc2)C(=O)[C@@]2(C1)[C@H](c1ccccc1)CN(C)[C@]21C(=O)Nc2ccccc21,5.06,0
COC(=O)C(=NNc1ccc(OC)cc1)C(=O)C(F)(F)F,4.52,0
O=C(CCCCCCNc1c2c(nc3ccccc13)CCCC2)NCCc1c[nH]c2ccccc12,9.3,1
COc1ccc(CN2CCC(CCC(=O)c3ccc4c(c3)NCCCC4)CC2)cc1,4.26,0
CN(C)S(=O)(=O)NC1CCc2c(O)cccc2C1,7.51,1
Fc1ccc2c(C3CCN(CCN4CCCCC4)CC3)noc2c1,5.65,0
N#CC(c1ccc2c(c1)OCO2)N1CCCCC1,4.21,0
C#CCN(CC#C)C(=O)Oc1cccc2c(CN(C)CCC3CCCCCC3)c[nH]c12,6.33,1
c1ccc(CNc2ccnc(N3CCN(C4CCCCC4)CC3)n2)cc1,4.64,0
COc1cc2c(cc1O)C(=O)C(C)C2,7.65,1
COc1cccc(CC2CCN(CCCOc3ccc4c(c3)oc(=O)c3ccccc34)CC2)c1,4.73,0
CCCOCCn1c(=O)nc(NC2CCC(O)CC2)c2nnc(-c3ccc(OC)nc3)cc21,5.25,0
COc1ccc2c(c1)CCC(Cc1cc[n+](Cc3cccc(F)c3)cc1C(C)=O)C2=O,7.26,1
CC(=O)N(C)[C@@H](C)[C@H]1[C@H](O)C[C@@]2(C)[C@@H]3CC[C@H]4[C@]5(C)CSC(C(C)C)=N[C@H]5CC[C@@]45C[C@@]35C(=O)C[C@]12C,6.53,1
CN1C[C@@H](c2cccs2)[C@@]2(CSc3ccccc3C2=O)C12C(=O)c1ccccc1C2=O,4.67,0
CC=C1C(=O)C[C@@]2(C)[C@@H]3CC[C@H]4C(C)(C)[C@@H](N(C)C)CC[C@@]45C[C@@]35CC[C@]12C,4.24,0
CN(C)CCCN1C(=O)CSC1c1cccc(F)c1F,5.119999999999999,0
Cc1ccc(-c2nc(NC(=O)C3CCN(Cc4ccc(C#N)cc4)CC3)sc2-c2ccc(C)cc2)cc1,5.89,0
CCCCCCOC(=O)C(CCC(=O)NCCC1CCN(Cc2ccccc2)CC1)NC(=O)OC(C)(C)C,6.02,1
c1ccc2c(c1)CN1Cc3cc(OCCCN4CCCCC4)ccc3N=C21,6.85,1
O=C(CCc1ccc2nc(-c3ccccc3)c3c(c2c1)OCCC3)NCCCCCCCCNc1c2c(nc3cc(Cl)ccc13)CCCC2,7.85,1
CCN1CCN(c2ccc(-c3nc4ccccc4[nH]3)cc2)CC1,5.29,0
CN1CC[C@@]2(C)c3cc(OC(=O)Nc4ccccc4)ccc3N(C=O)[C@@H]12,6.48,1
O=c1[nH]c(COCCC2CCN(Cc3ccccc3)CC2)nc2c1cnn2C1CCCC1,6.65,1
CCNCc1cccc2[nH]c3cc(Cl)ccc3c12,5.29,0
COc1cccc2n1cc(-c1ccc(OC(=O)N(C)C)cc1)[n+]2C,5.09,0
COc1ccc2c(c[n+](C)c3c4cc5c(cc4ccc23)OCO5)c1OC,5.824999999999999,0
Cc1ccc(-c2nc(NCC3CCN(Cc4ccc(F)cc4)CC3)sc2-c2ccc(C)cc2)cc1,6.43,1
CNC(=O)Oc1ccc2c(c1)[C@@]1(C)CCN(C)[C@H]1N2C,5.0,0
CNC(=O)Oc1cccc(CN(C)CCCOc2ccc3c(c2)OC(=Cc2cc(O)c(O)c(O)c2)C3=O)c1,8.52,1
CCN1CCN(C2CCN(C(=O)COc3ccc(-c4ccc([N+](=O)[O-])cc4)cc3)CC2)CC1,5.68,0
COc1cc(-c2cccc3c2N(C)CC3)c(CN2CC[C@@]34C=C[C@H](O)C[C@@H]3Oc3c(OC)ccc(c34)C2)c(OC)c1OC,4.73,0
CCC1C/C(=C\c2cc(OC)c(OC)c(OC)c2Br)C(=O)c2ccccc21,7.35,1
C=C(C)[C@H](O)CC[C@]1(C)[C@@H](CC=C(C)C)C[C@@]2(CC=C(C)C)C(=O)[C@]1(C(=O)C(C)C)C(=O)C1=C2O[C@H](C(C)(C)O)C1,4.58,0
CCOC(=O)c1ccc2nc(-c3cccnc3)c3c(c2c1)NCCC3,4.64,0
COc1cccc2c1CC(C)C2=O,7.17,1
Cc1ccc(NC(=O)Oc2ccc3c(c2)[C@]2(C)CCN(C)[C@@H]2N3C)cc1,6.85,1
C[C@@H](c1cccc(OC(=O)NCCCCNc2c3c(nc4ccccc24)CCCC3)c1)N(C)C,6.53,1
O=C1c2ccccc2C(=O)C12N1CSC[C@@H]1[C@@H](c1ccc(Br)cc1)[C@@]21CSc2ccccc2C1=O,4.46,0
Nc1c2c(nc3nc(-c4ccccc4)cc(C(F)(F)F)c13)CCCCCC2,5.11,0
O=C1C(=NCCCNc2c3c(nc4ccccc24)CCCC3)CC(=O)c2c(O)cccc21,6.99,1
Cc1ccc(C2=CSC3=NC4=C(CNC/C4=C/c4ccc(Br)cc4)C(c4ccc(Br)cc4)N23)cc1,6.0,0
Cc1cccc2n1cc(-c1cccc(OC(=O)N(C)C)c1)[n+]2C,4.62,0
N=C1C2CCCCC2=NC2CCCCC12,6.44,1
C=C(C)[C@H](CC=C(C)C)Cc1c(O)cc(OC)c2c1O[C@H](c1ccc(O)cc1O)CC2=O,4.38,0
CCC(C)C(=O)C1C(=O)[C@]2(CC=C(C)C)OC(=O)[C@](CC=C(C)C)(C[C@H](CC=C(C)C)[C@@]1(C)C/C=C/C(C)(C)O)C2=O,5.15,0
CN(C)Cc1ccc(CSCCSCc2ccc(CN(C)C)o2)o1,6.3,1
COc1cccc(CN(C)CCCCCCCOc2ccc3c(=O)c4ccccc4oc3c2)c1,4.4,0
CN(C)CCCN1C(=O)CSC1c1ccc(F)cc1Cl,4.09,0
CN1c2ccc(OC(=O)NC3CCCCC3)cc2[C@]2(C)CCN(CCc3ccccc3)[C@H]12,7.66,1
CCN(CC)CCCCOc1ccc(/C=C/C(=O)Nc2ccccc2)cc1OC,4.38,0
CN(CCCCCN1C(=O)c2ccccc2C1=O)Cc1cccc(Cl)c1,6.27,1
Cc1cc(C=NO)c(O)c(CNc2ncccc2OCc2ccccc2)c1,4.01,0
COc1cc2c(cc1OC)C(=O)C1(C2)C(c2ccc(F)cc2)C(c2ccccc2)NC12C(=O)Nc1ccccc12,5.16,0
CC(C)=CC[C@H]1C[C@@]2(CC=C(C)C)C(=O)O[C@@](CC=C(C)C)(C(=O)C(C(=O)C(C)C)[C@]1(C)C/C=C/C(C)(C)O)C2=O,5.02,0
Nc1c2c(nc3ccc(Oc4ccccc4)cc13)CCCCC2,5.27,0
CCCn1c2c(c3c(Br)c(OC(=O)NC)ccc31)CC/C2=N/CC,6.64,1
COc1ccc(Cn2cc(C(=O)NCCCCCCNc3c4c(nc5ccccc35)CCCC4)c(=O)c3ccccc32)cc1,6.71,1
COc1cccc(CN2CCN(CCOc3ccc4c5c(c(=O)oc4c3)CCCC5)CC2)c1,5.14,0
Nc1c2c(nc3ccccc13)-c1ccccc1NCC2,4.16,0
O=C1/C(=C/c2ccc(OCCN3CCCC3)cc2)Oc2ccccc21,6.26,1
CCN1CC[C@H]2c3cc(OC(=O)NC)ccc3CC21,6.6,1
CC[N+](C)(C)c1cccc(O)c1,5.7,1
COc1cc2oc(-c3cccc(CN(C)Cc4ccccc4)c3)cc(=O)c2cc1OC,5.64,0
COc1ccc(-c2nc(NCC3CCN(Cc4ccccc4C(F)(F)F)CC3)sc2-c2ccc(OC)cc2)cc1,6.16,1
O=C1c2ccccc2S(=O)(=O)N1CCCCCNCc1ccccc1,7.48,1
c1cc[n+](Cc2ccc3ccc(C[n+]4ccccc4)cc3c2)cc1,6.7,1
NC(=O)c1ccc2c(CCC3CCN(Cc4ccccc4)CC3)noc2c1,8.06,1
CN(C)Cc1ccc(CSCCNc2cc(NCc3cccnc3)c([N+](=O)[O-])cc2[N+](=O)[O-])o1,6.51,1
C#CCN(C(=O)Oc1cccc2c(CN(C)CCC3CCCCCC3)c[nH]c12)C(C)C,5.27,0
Cc1cccc(O)c1,6.324999999999999,1
C=CC[n+]1ccc(CCC(=O)c2cc3cc(OC)c(OC)cc3s2)cc1,6.27,1
O=c1cc(Cl)c2ccc(OCCNC3CCN(Cc4ccccc4)CC3)cc2o1,5.69,0
COc1ccc2nc3c(c(NCCCN=C4CC(=O)c5ccccc5C4=O)c2c1)CCCC3,5.21,0
CNc1ccc(C=C2Cc3cc(OC)c(OCCN4CCCCC4)cc3C2=O)cc1,6.52,1
CN(C)C(=O)Oc1ccc2c(c1)[C@]1(C)CCN(C)C1N2C,6.01,1
CSc1ccc(C2SCC(=O)N2c2ccc3oc(=O)ccc3c2)cc1,6.51,1
CO[C@@H]1[C@@H](O)[C@H]2c3cc4c(cc3CN3CC=C([C@H]1O)[C@H]23)OCO4,4.07,0
Cc1ccc(C(c2ccccc2O)N2CCN(c3cnccn3)CC2)cc1,5.96,0
CCCCCCNCC(=O)Nc1ccc2nc3n(c(=O)c2c1)CCC3,7.6,1
COc1cc2c(c(O)c1OC)CCN1Cc3c(ccc(O)c3OC)C[C@@H]21,4.05,0
CC1=CC2Cc3nc4cc(Cl)ccc4c(NCCCCCCCCCCNc4c5c(nc6ccccc46)CCCC5)c3C(C1)C2,8.38,1
O=C(Cc1c[nH]c2ccccc12)NCCCCCCCNc1c2c(nc3cc(Cl)ccc13)CCCC2,9.7,1
COc1cccc2cc[n+](-c3cccc(C#N)c3)cc12,5.47,0
CC(C)(C)OC(=O)N1Cc2[nH]c3ccccc3c2CC1C(=O)NCCCCCCNc1c2c(nc3ccccc13)CCCC2,6.73,1
CCCCCCOC(=O)C(CCC(=O)NCCC1CCN(Cc2ccccc2)CC1)NC(=O)c1cccs1,6.3,1
Nc1c2c(nc3c1C(c1ccccc1)c1ccc4ccccc4c1O3)CCCC2,6.52,1
CN1CCN(c2ccc(/C=C/c3ccc4ccccc4[n+]3C)cc2)CC1,5.85,0
CN1Cc2cc(O)ccc2N(C)C1c1c(Cl)cccc1Cl,4.87,0
CCN(C)C(=O)Oc1ccc2c(c1)C=CC(C)N(C)C2CCOc1ccc([N+](=O)[O-])cc1,7.85,1
CN(C)Cc1ccc(CSCCNc2cc(NCCCN3CCOCC3)c([N+](=O)[O-])cc2[N+](=O)[O-])o1,6.43,1
CN(C)C(=O)NC1CCc2cc(O)ccc2C1,8.14,1
CCN1CCN(C2CCN(C(=O)COc3ccc(-c4ccccc4F)cc3)CC2)CC1,4.72,0
O=[N+]([O-])c1cccc(-c2cnc3cccnc3n2)c1,6.33,1
O=C1/C(=C/c2ccccc2)CN(Cc2ccc3ccccc3c2)C/C1=C\c1ccccc1,5.71,0
O=C(COc1ccccc1C(F)(F)F)NCC1CCN(Cc2ccccc2)CC1,6.12,1
CCOC(=O)C(=NNc1ccc(C)cc1)C(=O)C(F)(F)F,5.13,0
COc1ccc2[nH]cc(CCNC(=O)c3ccc(CN(C)Cc4ccccc4)cc3)c2c1,5.21,0
c1ccc(-c2ccc(NCCCCN3CCc4ccccc4C3)nn2)cc1,4.82,0
Cc1ccc(C)c(NC(=O)Oc2ccc3c(c2)[C@]2(C)CCN(C)[C@@H]2N3C)c1,7.58,1
COC(=O)/C=C/C(=O)Nc1cccc(OCCCSC(=S)N2CCCCC2)c1,5.7,0
O=C(NCCc1c[nH]c2ccccc12)c1ccc[n+](Cc2ccccc2F)c1,4.54,0
Nc1c2c(nc3c(Cl)cc(Cl)cc13)CCC2,4.88,0
N#Cc1ccc(C[n+]2ccc(C(=O)NCCc3c[nH]c4ccccc34)cc2)cc1,4.64,0
Cc1cc(-c2ccc3c(c2)OCO3)nnc1NCCN1CCCCC1,6.0,0
O=C(NCCC1CCN(Cc2ccccc2)CC1)c1ccccc1,6.25,1
COc1cc2c(cc1OC)C[N+](C)(CCCCCCCc1cccc(OC)[n+]1C)CC2,7.135,1
CCN(CC)Cc1ccc(CNCCN2CCN=C2C(C#N)C#N)o1,6.22,1
N#Cc1cc2c(cn1)[nH]c1ncc(-c3ccc(CN4CCC[C@@H](O)C4)cc3)cc12,6.15,1
O=C(CCC1CCN(Cc2ccccc2)CC1)c1ccc2c(c1)OCO2,7.52,1
O=c1c2cc(Cl)ccc2oc2ccc(OCCCCCN3CCCCCC3)cc12,6.92,1
C[n+]1c2ccccc2c(-c2cccs2)c2ccccc21.F[B-](F)(F)F,4.39,0
c1ccc(CN2CCC(CCc3ncnc4ccccc34)CC2)cc1,6.47,1
Nc1c2c(nc3ccc(Cl)cc13)CCC2,5.8,0
COP1(=O)OCCC(C(=O)OC(C)(C)C)=C(C)O1,5.220000000000001,0
CC(C)N(C)C(=O)Oc1cccc2c(CN(C)CCC3CCCCCC3)c[nH]c12,5.55,0
CCCCCCNC(=O)Oc1ccc2c(c1)[C@]1(C)CCN(C)C1C2,7.11,1
CN1c2ccc(OC(=O)Nc3ccccc3)cc2[C@]2(C)CC[N@@+](C)([O-])[C@H]12,6.7,1
C#CCNCC(=O)Nc1ccc2nc3n(c(=O)c2c1)CCC3,7.33,1
CNC(=O)Oc1ccccc1OC(C)C,5.9350000000000005,0
CN(C)Cc1ccc(CSCc2ccc(CSCc3ccc(CN(C)C)o3)cc2)o1,6.58,1
CC1(C)CC(=O)C2C(=Nc3nc4c(c(N)c3[C@H]2c2ccccc2)CCCC4)C1,6.49,1
C[C@H]1CN2C(=O)[C@]34Cc5c([nH]c6c7c(ccc56)OC(C)(C)CC7=O)C(C)(C)[C@@H]3C[C@@]2(C1)C(=O)N4,4.24,0
O=C1CC2Cc3ccsc3C2=NN1CCCCN1CCN(Cc2ccccc2)CC1,6.27,1
CCOC(=O)C1C(C)=Nc2nc3c(c(N)c2[C@H]1c1ccc(OC)cc1)CCCC3,7.395,1
ON=Cc1nccc(CCCCCNc2c3c(nc4ccccc24)CCCC3)c1O,7.11,1
COc1cc2cc(-c3ccc(CN(C)Cc4ccccc4)cc3)c(=O)oc2cc1OC,7.35,1
CC(=O)n1cc(/C=C2\CN(Cc3ccccc3)CCC2=O)c2ccccc21,4.96,0
COc1cc(/C=C/C(=O)Nc2ccccc2)ccc1OCCCCCN1CCCCC1,5.32,0
CSc1nc(-c2ccc(C(F)(F)F)cc2)nn1C(=O)N(C)C,6.3,1
O=C(Nc1ccc(-c2cn(CCNc3c4c(nc5ccccc35)CCCC4)nn2)cn1)Nc1cccc2c1C1CCCCN1C2=O,9.1,1
c1cc[n+](CCCCCCCCCC[n+]2ccccc2)cc1,6.4,1
CN(CCOCCNC(=S)NC(=O)c1ccccc1)C1CCCCC1,7.89,1
COc1cc(CNC(=O)CCCCCCNc2c3c(nc4cc(Cl)ccc24)CC2C=C(C)CC3C2)ccc1O,9.11,1
NC(=O)c1sc(-c2ccnc(NC(=O)C3CC3)c2)nc1OCCNc1c2c(nc3ccccc13)CCCC2,6.52,1
CN(CCOCCNC(=S)NC(=O)c1ccc2ccccc2c1)Cc1ccccc1,7.0,1
O=C1CCN(Cc2ccccc2)C/C1=C\c1cn(C(=O)c2ccc(F)cc2)c2ccccc12,4.22,0
CN1CCC(C(=O)N2C/C(=C\c3ccccc3Cl)C(=O)[C@@]3(C2)[C@H](c2ccccc2Cl)CN(C)[C@]32C(=O)Nc3ccccc32)[C@@]12C(=O)Nc1ccccc12,5.29,0
C#CCCCC[n+]1ccccc1C=NO,4.21,0
O=C(CCC1CCN(Cc2ccccc2)CC1)c1ccc2c(c1)NCCCC2,6.855,1
O=C1CC2CCc3ccsc3C2=NN1CCN1CCN(Cc2ccccc2)CC1,6.77,1
Cc1ccccc1N=C1NNC2(C(=O)Nc3c(C(F)(F)F)cccc32)C1[N+](=O)[O-],4.77,0
ICC1CN=C(Nc2ccccn2)S1,4.15,0
COc1ccc2c(c1)CC/C(=C\c1ccc(CN(C)Cc3ccccc3)cc1)C2=O,6.96,1
COc1ccc(Cn2cc(C(=O)NCCCCCCCCNc3c4c(nc5ccc(OC)cc35)CCCC4)c(=O)c3ccccc32)cc1,4.13,0
COc1cccc(Oc2ccc3nc4c(c(N)c3c2)CCC4)c1,5.28,0
c1ccc2c(NCCCCCCCNc3c4c(nc5ccccc35)CCC4)c3c(nc2c1)CCC3,7.12,1
CCN(CCCCCCn1c(=O)c2cc3c(=O)n(CCCCCCN(CC)Cc4ccccc4OC)c(=O)c3cc2c1=O)Cc1ccccc1OC,8.11,1
CNC(=O)Oc1cccc(CN(C)CCCCCCCOc2ccc3c(c2)CC/C(=C\c2cc(OC)c(OC)c(OC)c2)C3=O)c1,5.31,0
Cn1c2ccccc2c2cc[n+](-c3ccc(Cl)cc3)cc21,6.385,1
COc1ccc(CCNc2nc(NC(C)C)nc3ccccc23)cc1OC,5.12,0
CN(C)CCC[C@@]1(c2ccc(F)cc2)OCc2cc(-c3n[nH]c(-c4ccc(Cl)cc4)n3)ccc21,5.17,0
Cc1c(C)c2ccc(OCC3CCN(CCCO)CC3)cc2oc1=O,6.05,1
O=C(Nc1cc(Cl)nc(Cl)c1)OCCCCCCNCc1ccccc1,6.12,1
CCCCC1=NC2(CCCC2)C(=O)N1CC(=O)c1ccc(Cl)cc1,6.54,1
COc1cc2c(c3c1OCOC3)C[C@H]1c3c(cc4c(c3OC)OCO4)CC[N+]1=C2,4.72,0
CC(C)CC(NC(=O)C1(C(F)(F)F)CCCCC1)C(=O)Nc1nnc(Cc2ccc(C#N)cc2)s1,5.12,0
COC(=O)Nc1cccc2n1cc(-c1ccc(OC(=O)N(C)C)cc1)[n+]2C,5.96,0
CC(C)(C)c1cc[n+](COC[n+]2ccc(C(C)(C)C)cc2)cc1,4.92,0
C#CCNC1CCc2cc(Cl)c(OC(=O)N(C)CCC)cc21,4.36,0
CN(C)Cc1ccc(CSCCN=CC(NCCSCc2ccc(CN(C)C)o2)=[N+]([O-])O)o1,7.13,1
Cc1ccc(C=NC2CCN(Cc3ccccc3)CC2)cc1,5.36,0
Cc1ccc2cc(C3CC(c4cc(Cl)sc4Cl)=NN3)c(Cl)nc2c1,6.82,1
CC(C)c1ccc(NC(=O)Oc2ccc3c(c2)[C@]2(C)CCN(C)[C@@H]2N3C)cc1,6.12,1
COc1cc(/C=C/C(=O)Nc2ccccc2)ccc1OCCCCCCN1CCCC1,5.96,0
CCN(Cc1cccc2[nH]c3cc(Cl)ccc3c12)C(=O)C=Cc1ccc(O)c(OC)c1,5.16,0
CC(C)N(CCOc1ccc(-c2nc3cc(Cl)ccc3[nH]2)cc1)C(C)C,5.43,0
O=C1/C(=C/c2ccc(F)cc2)CN(C(=O)C2C[C@H]3CCCN3[C@]23C(=O)Nc2cc(Cl)ccc23)C/C1=C\c1ccc(F)cc1,4.65,0
Nc1c2c(nc3ccccc13)CCCc1ccccc1-2,4.42,0
C[n+]1cc2c3c(ccc2c2ccc4cc5c(cc4c21)OCO5)OCO3,5.91,0
COc1c(F)c[n+](CCC[n+]2cc(F)c(OC)c(F)c2)cc1F,4.615,0
CC(C)(C)c1cc[n+](CCCCC[n+]2ccc(C(C)(C)C)cc2)cc1,4.62,0
CCC[n+]1ccc(CCC(=O)c2cc3cc(OC)c(OC)cc3s2)cc1,5.59,0
CO[C@H]1CC[C@@]2(C)C(=CC[C@@H]3[C@@H]2CC[C@]2(C)C([C@H](C)N(C)C=O)=CC[C@@H]32)C1,4.31,0
Cn1c(=O)cc2cc3o[nH]c(CCC4CCN(Cc5ccccc5)CC4)c3cc21,9.32,1
CN1CCC(C(=O)N2C/C(=C\c3ccccc3F)C(=O)[C@@]3(C2)[C@H](c2ccccc2F)CN(C)[C@]32C(=O)Nc3ccccc32)[C@@]12C(=O)Nc1ccccc12,5.21,0
CNC(=O)c1sc(-c2ccnc(NC(=O)C3CC3)c2)nc1OCCOCc1cn(CCNc2c3c(nc4ccccc24)CCCC3)nn1,7.35,1
Nc1c2c(nc3c1C(c1ccc(O)cc1)c1ccc4ccccc4c1O3)CCCC2,5.11,0
O=C1c2ccc([N+](=O)[O-])cc2C(=O)N1CCC1CCN(Cc2ccccc2)CC1,7.9,1
CC(=O)N1OC(C)(C)CC(c2ccccc2)=C1CN1C(=O)c2ccccc2C1=O,5.6,0
CN(C)c1ccc(/C=C2\CCc3ccccc3C2=O)c([N+](=O)[O-])c1,4.1,0
c1ccc(CNC2CCN(Cc3ccccc3)CC2)cc1,5.77,0
CCOC(=O)C1=C(C)Oc2nc3c(c(N)c2[C@H]1c1ccncc1)CCC3,5.18,0
c1ccc(CN2CCC(CCN3CCc4ccccc4C3)CC2)cc1,5.8,0
CCN(CC)Cc1ccc(C(=O)c2ccc(OC)c(OC)c2)cc1,4.43,0
CC(C)=CCC[C@]1(C)[C@@H](CC=C(C)C)C[C@]2(CC=C(C)C)C(=O)C3=C(O[C@H](C(C)(C)O)[C@H]3O)[C@@]1(C(=O)C(C)C)C2=O,5.05,0
Nc1cc(-c2ccccc2Br)nc2nc(-c3ccccc3)cc(C(F)(F)F)c12,6.05,1
CCCCCCCNC(=O)Oc1ccc2c(c1)[C@]1(C)CCN(Cc3ccccc3)C1C2,6.3,1
CC(C)NCc1cccc2[nH]c3ccccc3c12,4.75,0
COc1cc(CCC(=O)NCC(=O)NNc2c3c(nc4ccccc24)CCCC3)cc(OC)c1OC,7.39,1
Oc1cc2c(ccc3c(CCC4CCN(Cc5ccccc5)CC4)[nH]oc32)n1,8.44,1
COc1ccc(Oc2ccc3nc4c(c(N)c3c2)CCC4)cc1,5.37,0
CC(C)=CC[C@H]1C[C@@]2(CC=C(C)C)C(=O)[C@](C(=O)C(C)C)(C(=O)C3=C2O[C@H](C(C)(C)O)C3)[C@]1(C)CCC(=O)C(C)C,4.96,0
COc1ccc(C(=O)Cc2ncc(C(=O)NC3CCN(Cc4ccccc4)CC3)cn2)cc1,4.55,0
CN1CCC(CC2=Cc3ccccc3C2)CC1,5.36,0
C#CCN(C)C(C)Cc1cccc(OC(=O)N(C)CCCCCC)c1,5.51,0
Cc1c(C)c2ccc(OCC3CCN(Cc4cccc(F)c4)CC3)cc2oc1=O,6.34,1
CCN(CCCCN1C(=O)c2ccccc2C1=O)Cc1ccccc1,6.17,1
Cc1cc(-c2ccc(Cl)cc2)nnc1NCCN1CCCCC1,5.89,0
COc1cc2c(cc1OC)C(=O)/C(=C/c1ccc(OCCN[N+]3(C)CCN(c4ccc(/C=C5\Cc6cc(OC)c(OC)cc6C5=O)cc4)CC3)cc1)C2,4.62,0
COc1ccc(Cn2cc(C(=O)NCCCNc3c4c(nc5ccccc35)CCCC4)c(=O)c3ccccc32)cc1,6.89,1
CNC(=O)Oc1cccc(CN(CCCOc2ccc3c(=O)c4ccccc4oc3c2)C(C)C)c1,9.15,1
Cn1c(=O)c2c(ncn2C)n(C)c1=O,5.119999999999999,0
CC[C@@]1(c2cccc(O)c2)CCCCN(CCCCCCCCCN2CCCC[C@@](CC)(c3cccc(O)c3)C2)C1,4.78,0
COc1cc2c(cc1OC)C(=O)C(CC1CCN(CCCNc3c4c(nc5cc(Cl)ccc35)CCCC4)CC1)C2,9.57,1
Cc1ccccc1NC(=O)Oc1ccc2c(c1)[C@]1(C)CCN[C@@H]1N2,6.08,1
Cc1c(N2CCN(C)CC2)nc2ccccc2c1C(=O)NCCCCCCCNc1c2c(nc3ccccc13)CCCC2,8.39,1
COC(=O)C[N+]1(C)CCC(CCC(=O)C2Cc3cc(OC)c(OC)cc3S2)CC1,7.27,1
CC(C)(C)c1cc[n+](Cc2ccccc2C[n+]2ccc(C(C)(C)C)cc2)cc1,5.0,0
Cc1ccc(NCC[C@@H]2CCCN3CCCC[C@H]23)c2c(=O)c3ccccc3sc12,5.28,0
c1ccc(CN2CCC(CNc3nsc4ccccc34)CC2)cc1,7.0,1
Cc1c(C)c2ccc(OCCCCCCN(C)Cc3ccccc3)cc2oc1=O,6.47,1
O=C1C(=O)N(C(=O)c2ccccc2)c2ccc(CN3CCCCC3)cc21,7.1,1
CN1C[C@@H](c2cccc(Br)c2)[C@@]2(CSc3ccccc3C2=O)C12C(=O)c1ccccc1C2=O,4.7,0
CN1C[C@@H](c2ccc(F)cc2)[C@@]2(CSc3ccccc3C2=O)C12C(=O)c1ccccc1C2=O,4.63,0
CCN(CC)CCCCCCOc1ccc(/C=C/C(=O)Nc2ccccc2)cc1OC,5.74,0
Cc1cc(=O)[nH]c2c1C(=O)C(=NCCCNc1c3c(nc4cc(Cl)ccc14)CCCC3)CC2=O,7.96,1
COc1cc(N)c(Cl)cc1C(=O)CCC1CCN(CC2CCNCC2)CC1,6.93,1
CC1=C[C@@H]2Cc3nc4cc(Cl)ccc4c(NCCCCC(=O)N4CCC(NC(=O)Nc5ccc(OC(F)(F)F)cc5)CC4)c3[C@H](C1)C2,8.71,1
CC1=CC2Cc3nc4cc(Cl)ccc4c(N)c3C(C1)C2NC=O,7.01,1
CCOC(=O)c1c(C)nc2nc3c(c(N)c2c1-c1cccc(OC)c1)CCCC3,5.92,0
O=C1CCN(Cc2ccccc2)CC1=Cc1c[nH]c2ccc(OCc3ccccc3)cc12,4.6,0
COc1cc2c(cc1OC)/C(=N\NC(=O)c1ccccc1OC(C)=O)C(CC1CCN(Cc3ccccc3)CC1)C2,7.34,1
COc1cc2c(cc1OC)C(NC(=O)CN1CCN(Cc3ccccc3)CC1)c1cnn(C)c1-2,5.74,0
COc1ccc(-c2nc(NC(=O)C3CCN(Cc4ccccc4C#N)CC3)sc2-c2ccc(OC)cc2)cc1,5.55,0
CN1CCC(C(=O)N2C/C(=C\c3cccc([N+](=O)[O-])c3)C(=O)[C@@]3(C2)[C@H](c2cccc([N+](=O)[O-])c2)CN(C)[C@]32C(=O)Nc3ccccc32)[C@@]12C(=O)Nc1ccccc12,5.61,0
COc1ccc2c3c1O[C@H]1C[C@H](O)CC[C@@]31CCN(C)C2,4.24,0
Cc1ccc2nc3c(c(N)c2c1)CCCCC3,4.65,0
Nc1c2c(nc3ccccc13)OCCC2,6.58,1
COc1ccc2c(c1)c(CC(=O)NCCCNCCCNC1=CC(=O)C(NCCCNCCCNC(=O)Cc3c(C)n(C(=O)c4ccc(Cl)cc4)c4ccc(OC)cc34)=CC1=O)c(C)n2C(=O)c1ccc(Cl)cc1,4.99,0
COc1cc2oc(=O)c(OCCCCOc3cc(O)cc(N(C)C)c3)c(C)c2cc1OC,9.63,1
COc1cccc2c1C=[N+](c1ccccc1)CC2,5.79,0
CN(C)Cc1ccc(CNCCN2CCN=C2C(C#N)C#N)o1,6.41,1
CC(=O)c1c[n+](Cc2ccccc2C)ccc1CC1Cc2cc(OCC(F)(F)F)ccc2C1=O,7.43,1
COC(=O)c1c[n+](Cc2cccc(Cl)c2)ccc1CCC(=O)c1ccc(OC)c(OC)c1,6.77,1
CCOC(=O)c1cc2c(N)c3c(nc2nc1C)CCCC3,6.11,1
COc1ccc2nc3c(c(NCCCCCCCNC(=O)C4(C)CCc5c(C)c(O)c(C)c(C)c5O4)c2c1)CCCC3,5.17,0
C#CCN(CCCN1C(=O)c2ccccc2C1=O)Cc1ccccc1,5.92,0
O=C1N=C(Nc2ccc3oc(=O)ccc3c2)S/C1=C/c1ccc(F)cc1,6.67,1
Cc1ccc(/C=C2/CNCC3=C2N=C2SC=C(c4ccc5ccccc5c4)N2C3c2ccc(C)cc2)cc1,6.01,1
O=C(NCCCCCCNc1c2c(nc3cc(Cl)ccc13)CCCC2)Oc1ccc2cc[nH]c2c1,6.82,1
C[N+](C)(C)CCNC(=O)C=Cc1ccc(O)c(O)c1,5.14,0
C[C@@H]([C@H]1CC[C@H]2[C@@H]3CC[C@H]4C[C@@H](NC(=O)c5ccccc5)CC[C@]4(C)[C@H]3CC[C@]12C)N(C)C,4.54,0
CC1CCN(Cc2ccc3ccccc3c2)CC1,5.54,0
COc1ccc(Cn2cc(C(=O)NCCCCCCCNc3c4c(nc5cc(Cl)ccc35)CCCC4)c(=O)c3ccccc32)cc1,7.29,1
C(=C\C[n+]1ccc2ccccc2c1)\C[n+]1ccc2ccccc2c1,4.77,0
c1nnc(-c2cc3c(cn2)[nH]c2ncc(-c4ccc(CN5CCCCC5)cc4)cc23)o1,6.35,1
O=C1c2ccccc2C(=O)C12N1CSC[C@@H]1[C@@H](c1ccc(Cl)cc1)[C@@]21CSc2ccccc2C1=O,4.67,0
CC(C)(C)c1cc(C(=O)CNCC2CCN(Cc3ccccc3)CC2)cc(C(C)(C)C)c1O,5.61,0
CC(=O)N(C)[C@H]1CC[C@@]2(C)[C@@H](CC[C@@H]3[C@@H]2CC[C@]2(C)[C@@H]([C@H](C)N(C)C)CC[C@@H]32)C1,4.15,0
Cc1ccc2c(c1)c1c(n2CCc2ccc(C)nc2)CCN(C)C1,4.35,0
COc1cc(C2Oc3cc(O)c(C/C=C(\C)CCC=C(C)C)c(O)c3C(=O)C2O)ccc1O,4.31,0
CCN(CCCCCCN=C1CC(=O)c2ncccc2C1=O)Cc1ccccc1OC,7.55,1
CCN(CC)CCOc1ccc(-c2nc3cc(C)ccc3[nH]2)cc1,4.29,0
CC[N+](CC)(CCCCCn1c(=O)cc(C)n(CCCCCCn2c(C)cc(=O)n(C)c2=O)c1=O)Cc1ccccc1[N+](=O)[O-],10.0,1
COc1ccccc1CNCCCCCCN=C1CC(=O)c2ccccc2C1=O,5.73,0
Fc1ccc(/C=N/C2CCN(Cc3ccccc3)CC2)cc1,5.54,0
COc1cc2c(cc1OC)SC(C(=O)CC(O)C1CC[N+](C)(Cc3ccccc3)CC1)C2,6.72,1
COc1cc2cc(C(=O)C3CC[N+](C)(Cc4ccccc4)CCC3OC)sc2cc1OC,6.92,1
CN(CCCCCN1C(=O)c2ccccc2C1=O)Cc1ccccc1F,6.28,1
COc1c(-c2ccc(O)cc2)cc2oc3cc(O)c(O)cc3c2c1O,4.8,0
CC/N=C1/CCc2c1n(C)c1ccc(OC(=O)NC)c(Br)c21,6.85,1
CC(C)c1ccc(NC(=O)OCC2CCN(Cc3ccccc3)CC2)cc1,5.65,0
Oc1cc(O)cc(Oc2c(O)cc(O)c3c2Oc2c(cc(O)c(-c4c(O)cc5c(c4O)Oc4c(Oc6cc(O)cc(O)c6)c(O)cc(O)c4O5)c2O)O3)c1,5.34,0
O=C(Nc1cc(Cl)nc(Cl)c1)OCCCCCNCc1ccccc1,6.82,1
CC(C)c1ccccc1NC(=O)Oc1ccc2c(c1)[C@]1(C)CCN(C)[C@@H]1N2C,7.82,1
COc1ccc(NC(=O)Oc2ccc3c(c2)[C@]2(C)CCN(C)C2N3C)cc1,5.77,0
Cc1cc(C2(c3cc(C)c(O)c(C)c3)CCCCC2)cc(C)c1O,4.82,0
CC1CCN(CC2CCCCC2)CC1,8.05,1
CNC(=O)Oc1cccc(CN(C)CCCOc2ccc(Cc3ccccc3)cc2)c1,7.61,1
COc1ccc2nc3c(c(NCCCCCNC(=O)C(N)Cc4c[nH]c5ccccc45)c2c1)CCCC3,6.21,1
Nc1c2c(nc3cccc(F)c13)C1CC(C2)C1,7.54,1
CCCCCCNC(=O)Oc1cccc(CN(C)CCCOc2ccc3ccc(=O)oc3c2)c1,7.89,1
COc1cc2cc(-c3ccc(CN(C)Cc4cccc([N+](=O)[O-])c4)cc3)c(=O)oc2cc1OC,6.43,1
O=C1C2Cc3c([nH]c4ccccc34)[C@@H](c3ccc4c(c3)OCO4)N2C(=O)CN1CCC1CCN(Cc2ccccc2)CC1,6.82,1
COc1c(F)c[n+](CCCCCOc2ccc3c(C)cc(=O)oc3c2)cc1F,6.325,1
S=C(NNc1c2c(nc3ccccc13)CCCC2)Nc1ccc(Cl)cc1,6.11,1
COc1cccc2c1Cc1c-2nc2ccccc2c1N,5.78,0
COc1cccc(C(c2ccc(F)cc2)N2CCN(c3cnccn3)CC2)c1O,6.15,1
CC(C)c1ccc(NC(=O)Oc2ccc3c(c2)[C@]2(C)CCN(CCc4ccccc4)[C@@H]2N3C)cc1,8.22,1
Cc1ccc([C@@H]2[C@H]3CSCN3C3(C(=O)c4ccccc4C3=O)[C@]23CSc2ccccc2C3=O)cc1,5.15,0
Cc1ccc(-c2noc(-c3cccc(OCC4CCN(Cc5ccc(F)cc5)CC4)c3)n2)cn1,5.52,0
CCCCCCCNC(=O)Oc1ccc(Cc2nc3cc(C(=O)N(CC)CC)ccc3n2CCCCN2CCCCC2)cc1,5.6850000000000005,0
Nc1c2c(nc3nc(-c4ccccc4)cc(C(F)(F)F)c13)CCC2,5.09,0
Cn1ncc2c1-c1c(Br)sc(Br)c1C2NC(=O)CN1CCN(Cc2ccccc2F)CC1,6.06,1
O=C(CCC1CCN(Cc2ccccc2)CC1)c1ccc2[nH]c(-c3ccccc3)nc2c1,7.48,1
O=c1c(NCCCCc2c3c(nc4cc(Cl)ccc24)CCCC3)c(NCCCCc2c3c(nc4ccc(Cl)cc24)CCCC3)c1=O,8.7,1
C[n+]1c(/C=C/c2ccc(F)cc2)ccc2ccccc21,5.62,0
Cc1[nH]c2ccccc2c1CC(=O)NCCC1CCN(Cc2ccccc2)CC1,5.14,0
CN1CCC(C(=O)N2C/C(=C\c3ccc(Cl)cc3Cl)C(=O)[C@@]3(C2)[C@H](c2ccc(Cl)cc2Cl)CN(C)[C@]32C(=O)Nc3ccccc32)[C@@]12C(=O)Nc1ccccc12,5.36,0
C[C@@]12CC[C@@H]3[C@](C)(CC[C@H](OC(=O)CCc4ccc(O)cc4)[C@]3(C)C(=O)O)[C@H]1CC[C@H]1C(=CC[C@@H]3[C@]1(C)CC[C@@H](O)[C@]3(C)CO)C2,5.77,0
CN1CCN(Cc2ccc(CNCCN3CCN=C3C(C#N)C#N)o2)CC1,5.35,0
CCCCCCCNC(=O)Oc1ccc2c(c1)[C@]1(C)CCN(CC)[C@@H]1C2,7.24,1
O=C1C(=O)N(Cc2ccc(Br)cc2)c2ccc(Br)cc21,7.05,1
CCCCCCNC(=O)Oc1ccc2c(c1)C1CCN(CCC)C1C2,6.26,1
CN(Cc1ccccc1)Cc1ccc(-c2cc3cc(N)ccc3oc2=O)cc1,6.55,1
c1ccc(-c2ccc(NCCN3CCc4ccccc4C3)nn2)cc1,4.08,0
Fc1ccc(N(Cc2ccc3c(c2)OCO3)C(=S)Nc2cccc(C(F)(F)F)c2)cc1,5.1,0
CC(C)(C)c1ccc(Oc2ccc3nc4c(c(N)c3c2)CCC4)cc1,5.56,0
c1cc[n+](CCCCCCCCCC[n+]2ccc3ccccc3c2)cc1,7.7,1
Cc1ccc([N+](C)(C)C)cc1O,5.51,0
COc1ccccc1/C=C1\CN(C(=O)C[C@H]2C[C@H]3CCCN3[C@]23C(=O)Nc2ccccc23)C/C(=C\c2ccccc2OC)C1=O,4.8,0
Cc1ccccc1NC(=O)Oc1ccc2c(c1)[C@]1(C)CCN(C)C1N2C,7.995,1
O=C1CC2Cc3ccsc3C2=NN1CCCCCN1CCN(Cc2cccc3c2ccn3S(=O)(=O)c2ccccc2)CC1,5.16,0
CC1=C[C@H]2Cc3nc4cc(Cl)ccc4c(NCCCCCCCNc4c5c(nc6cc(Cl)ccc46)CCCC5)c3[C@@H](C1)C2,7.94,1
COc1ccc2nc3c(c(NCCNC(=O)c4sc(-c5ccnc(NC(=O)C6CC6)c5)nc4OC)c2c1)CCCC3,7.64,1
COc1ccc2cc3[n+](cc2c1OCc1ccc(C(C)C)cc1)CCc1cc2c(cc1-3)OCO2,5.38,0
COc1cc2cc(C(=O)CCc3cc[n+](CC4CC4)cc3)sc2cc1OC,6.96,1
c1ccc2c(c1)CN1CCCCCCC1=N2,5.04,0
CCCCCCNC(=O)Oc1cccc(CN(C)CCCOc2ccc3c(=O)c4cccnc4oc3c2)c1,7.38,1
CCOc1ccc2[nH]c(SCc3cn(CC4CCN(Cc5ccccc5)CC4)nn3)nc2c1,5.16,0
CC1=CC2Cc3nc4cc(Cl)ccc4c(NCCCCCCCNc4c5c(nc6cc(Cl)ccc46)CCCC5)c3C(C1)C2,8.4,1
COc1ccc(-c2ccccc2/C=C2/Cc3cc(OC)ccc3C2=O)cc1,7.67,1
COC(=O)CC1=NO[C@@H]2CCCC[C@@H]2[C@H]1c1ccccc1,4.45,0
CC(C)(C)c1cc(C=CC(=O)NCCC2CCN(Cc3ccccc3F)CC2)cc(C(C)(C)C)c1O,6.12,1
c1ccc2[nH]c(-c3ccc(OCCN4CCCCC4)cc3)nc2c1,5.99,0
COc1ccc(CN2CCC(c3oc4ccccc4c3C(=O)c3ccc(OC)cc3)CC2)cc1,4.22,0
O=C1/C(=C/c2ccc(Br)cc2)CN(Cc2ccc3ccccc3c2)C/C1=C\c1ccc(Br)cc1,6.08,1
c1ccc2c(NCCCCC[Se][Se]CCCCCNc3c4c(nc5ccccc35)CCCC4)c3c(nc2c1)CCCC3,8.58,1
O=c1c2ccccc2nc2n1CCC2,4.325,0
CC(=O)N1N=C(c2ccccc2[N+](=O)[O-])CC1c1ccc(-c2ccccc2)cc1,7.28,1
COc1ccccc1C(=O)Nc1ccc2c(c1)CN(C(=O)c1ccccc1)C(=O)C2,10.53,1
O=C(CCC1CCN(Cc2ccccc2)CC1)c1cc2c3c(c1)cc(O)n3CCC2,8.44,1
CN1C[C@@H](c2ccccc2)[C@@]2(CSc3ccccc3C2=O)C12C(=O)c1ccccc1C2=O,4.95,0
c1ccc(CN2CCC(CCc3[nH]nc4ccccc34)CC2)cc1,6.92,1
COc1ccc(/C=C/C(=O)Nc2cc[n+](Cc3ccc(F)cc3)cc2)cc1OC,8.07,1
O=C1C(=O)N(Cc2ccccc2[N+](=O)[O-])c2ccc(Br)cc21,6.58,1
Nc1c2c(nc3ccc(Oc4ccccc4)cc13)CCCC2,5.62,0
CN(CCOCCNC(=S)Nc1ccc(Cl)cc1)Cc1ccccc1,5.75,0
COc1cc2c(cc1OC)C(O)C(CC1CCN(c3ccccc3)CC1)C2,6.52,1
Brc1ccc(/C=C2/CNCC3=C2N=C2SC=C(c4ccc5ccccc5c4)N2C3c2ccc(Br)cc2)cc1,6.14,1
COC(=O)c1ccc(C[n+]2ccc(CCC(=O)C3Cc4cc(OC)c(OC)cc4S3)cc2)cc1,6.0,0
O=C1c2ccccc2C(=O)N1CCCCCCNCc1ccc(F)cc1F,5.8,0
C[C@H]1C[C@@]23CC[C@H]4[C@@](C)(CCC[C@@]4(C)C(=O)OCC[N+](C)(C)Cc4ccccc4)[C@@H]2CC[C@]1(Cl)C3,5.05,0
N#CC1C(=N)N2CCCN=C2C([N+](=O)[O-])C12c1ccccc1-c1nc3ccccc3nc12,5.38,0
COc1cccc2cc(CN(CCCCCCNc3c4c(nc5ccccc35)CCCCC4)Cc3cc4cccc(OC)c4o3)oc12,5.99,0
Nc1ccc2c(N)c3c(nc2c1)-c1ccccc1C3,4.54,0
COc1ccc(-c2nc(C(=O)NCCCCCCNc3c4c(nc5ccccc35)CCCC4)cc3c2[nH]c2ccccc23)cc1,6.83,1
Cc1cc(C)c(C(=O)n2nc(OCCN3CCCCC3)c3ccccc32)c(C)c1,4.94,0
c1ccc(CN2CCC(CCc3noc4cc(C5CCCCC5)ccc34)CC2)cc1,9.1,1
COc1ccc(/C=N/NC(=O)CN2CCN(Cc3ccccc3)CC2)cc1,4.05,0
CN(CCOCCNC(=S)NC1CCCCC1)Cc1ccccc1,5.85,0
COc1ccc([C@@H]2NC(C(=O)O)Cc3c2n(C)c2ccccc32)cc1OC,5.6,0
CN(C)CCCOc1ccc(C(=O)/C=C/c2ccccc2)cc1,4.98,0
COc1cccc(CCCCCCc2cccc(OC)[n+]2C)[n+]1C,7.16,1
COc1cc2oc(-c3ccc(CN(C)Cc4ccccc4)cc3)cc(=O)c2cc1OC,5.51,0
CC(C)c1ccc(NC(=O)Oc2ccc3c(c2)[C@]2(C)CC[N+](C)(C)C2N3C)cc1,6.84,1
CO[C@H]1O[C@@](C)(c2nccc3cc4c(cc23)OCO4)c2ccc3c(c21)OCO3,4.55,0
COc1cc(O)c2c(c1)C[C@@H]1c3c(cc4c(c3-2)OCO4)CCN1C,4.07,0
Cc1cc(=O)oc2cc(OCc3cc[n+](Cc4cccc(Br)c4)cc3)ccc12,6.89,1
COc1ccc2cc3[n+](cc2c1OCc1ccc(C)cc1)CCc1cc2c(cc1-3)OCO2,4.12,0
COc1ccc2c(=O)c3ccc(OCCCCCCCN(C)Cc4ccccc4)cc3oc2c1,5.11,0
CCN(CC)CCCCCCCCOc1ccc(/C=C/C(=O)O)cc1OC,5.5,0
Nc1c2c(nc3ccccc13)CCC2,5.36,0
COc1ccc(C(=O)Cc2ncc(C(=O)N(C)CCCOc3ccc([N+](=O)[O-])cc3)cn2)cc1OC,5.42,0
CC(C)(C)c1cccc(C(=O)C(F)F)c1,8.14,1
COc1ccc(C(F)(F)F)c[n+]1CCCCC[n+]1cc(C(F)(F)F)ccc1OC,4.66,0
Nc1c2c(nc3ccc(Br)cc13)CCCCC2,4.86,0
CN1CC[C@@]2(C)c3cc(OC(=O)NCCN4CCOCC4)ccc3N(C)[C@@H]12,6.16,1
COc1cc2c(c(CO)c1OC)C[C@H]1c3c(cc4c(c3OC)OCO4)CC[N+]1=C2,4.18,0
CC1=CC2Cc3nc4cc(Cl)ccc4c(NCCCCCCCCCNc4c5c(nc6cc(Cl)ccc46)CCCC5)c3C(C1)C2,8.49,1
CNC(=O)Oc1ccc2c(c1)CN(CCCOc1ccc3c(=O)c4ccccc4oc3c1)CC2,7.91,1
N#Cc1cc(-c2ccccc2)nnc1NCCN1CCOCC1,4.0,0
COc1cccc(C(=O)N2c3ccccc3Sc3ccc(Cl)cc32)c1,5.34,0
C#CCOc1ccc(-c2cc(-c3ccc(OCCN4CCOCC4)cc3)nc(N)n2)cc1,7.52,1
Cc1cc(=O)oc2ccc(OC/C=C/CCn3cnc4c(N5CCCCC5)ncnc43)cc12,4.92,0
CCCN(CCC)CCCCOc1ccc(C(=O)/C=C/c2ccccc2)cc1,5.23,0
CNC(=O)Oc1cccc(CN(C)CCCCCCCOc2cccc(-c3cc(=O)c4ccccc4o3)c2)c1,9.28,1
NC(=O)Nc1nc(NCCc2ccccc2)c2ccccc2n1,5.1,0
c1ccc2c[n+](CCCCCC[n+]3ccc4ccccc4c3)ccc2c1,6.52,1
CCN(CC)CCOC(=O)/C=C/c1ccc2oc(C(=O)Nc3ccccc3)cc(=O)c2c1,5.46,0
C[n+]1c2ccccc2c(-c2ccccc2)c2ccccc21.F[B-](F)(F)F,4.21,0
COc1cc(CCC(=O)/C=C/c2ccc(CNc3c4c(nc5cc(Cl)ccc35)CC3CC(C)=CC4C3)cc2)cc(CN(C)C)c1O,7.68,1
CCN(CC)CCOC(=O)/C=C/c1ccc2occ(C(=O)Nc3cccc(Cl)c3)c(=O)c2c1,5.07,0
CCC(C)n1cc(C(=O)C(F)F)cn1,7.015000000000001,1
CNC(=O)Oc1cccc(CN(C)CCCCCCCOc2ccc(-c3cc4ccccc4oc3=O)cc2)c1,8.92,1
CN(CCC1CCCCCC1)Cc1c[nH]c2c(OC(=O)N(C)Cc3ccccc3)cccc12,6.28,1
O=C(/C=C/c1ccc(F)cc1)c1cc(I)c(Br)cc1O,7.96,1
O=C(CCC1CCN(Cc2cccc([N+](=O)[O-])c2)CC1)c1ccc2c(c1)NCCCC2,6.41,1
CC(C)=CCC/C(C)=C/Cc1c(O)cc2c(c1O)C(=O)C[C@@H](c1ccc(O)cc1)O2,4.04,0
COc1ccc2c3c1O[C@H]1C[C@@H](O)C=C[C@@]31CCN(C)C2,5.705,0
CCCCCCCNC(=O)Oc1cccc2c1OCC1CCN(C)C21,7.69,1
CCOc1nn(-c2cccc(OCc3ccccc3)c2)c(=O)o1,6.12,1
CN(C)CCCN(c1nc2ccccc2[nH]1)c1nc2ccccc2[nH]1,4.22,0
CC[C@@]1(c2cccc(O)c2)CCCCN(CCCCCCCCCCN2CCCC[C@@](CC)(c3cccc(O)c3)C2)C1,5.24,0
c1ccc2c[n+](CCCCCCCCC[n+]3ccc4ccccc4c3)ccc2c1,7.4,1
c1ccc(CN2CCC(COc3noc4ccccc34)CC2)cc1,5.59,0
CCOCC[n+]1ccc(CCC(=O)C2Cc3cc(OC)c(OC)cc3S2)cc1,8.15,1
CCCN(CCC)CCCCCOc1ccc(C(=O)/C=C/c2ccccc2)cc1,4.53,0
CCOC(=O)C1=C(C)Oc2nc3c(c(N)c2[C@H]1c1cccc(OC)c1)CCCCC3,4.89,0
COc1cccc(CC2CCN(CCCOc3ccc4c5c(c(=O)oc4c3)CCCC5)CC2)c1,5.31,0
CCNC(=O)Oc1ccc2c(c1)[C@]1(C)CCN(C)[C@@H]1N2C,7.03,1
C[C@@H]1CC[C@H]2C(C(=O)c3c(O)c([C@@]4(O)CC[C@@H](O)[C@H]5O[C@H]54)cn(O)c3=O)[C@H](C)C=C[C@@H]2C1,4.41,0
CN(Cc1ccccc1)Cc1ccc(C(=O)c2ccc(OCCCCCCCN3CCCCC3)cc2)cc1,6.96,1
COCC[n+]1ccc(CCC(=O)C2Cc3cc(OC)c(OC)cc3S2)cc1,7.52,1
Cc1cccc2sc(NC(=O)CCN3CCN(CC4CCCO4)CC3)nc12,5.1,0
Cc1ccccc1Oc1ccc2nc3c(c(N)c2c1)CCCCC3,5.24,0
CN(C)C(=O)Oc1cccc(-c2cn3c(Cl)cccc3[n+]2C)c1,4.9,0
O=c1c2cc(OCCCN3CCCCC3)ccc2nc2n1CCC2,5.96,0
Cc1ccc(-c2nc(NC(=O)C3CCN(Cc4cc(F)cc(F)c4)CC3)sc2-c2ccc(C)cc2)cc1,5.6,0
CCN(CC)CCOc1ccc(C(=O)/C=C/c2ccccc2)cc1,5.12,0
O=C1CN(CCN2CCOCC2)C(=O)CN1CCC(c1ccccc1)c1ccccc1,4.7,0
CN(CCCCNc1ccc(-c2ccccc2)nn1)Cc1ccccc1,4.96,0
CC1(C)C[C@@H](c2ccccc2)C(CN2C(=O)c3ccccc3C2=O)=NO1,4.18,0
Clc1ccc2c(NCCCCCCNc3c4c(nc5cc(Cl)ccc35)CCCC4)c3c(nc2c1)CCCC3,9.22,1
COc1cccc2cc[n+](-c3ccc(Br)cc3)cc12,6.72,1
COc1cc(/C=C/C(=O)Nc2ccccc2)ccc1OCCCN1CCCCC1,4.84,0
O=c1c2ccccc2[se]n1-c1ccc(OCCN2CCCCC2)cc1,4.96,0
COc1cc2c(cc1OC)CC(CC1CCN(CCCNc3c4c(nc5cc(Cl)ccc35)CC3C=C(C)CC4C3)CC1)C2,8.425,1
CC(=O)Oc1cccc2nc3c(OC(C)=O)ccc(C/C=C(\C)CCC=C(C)C)c3nc12,5.7,0
COc1ccccc1C(=O)Nc1ccc2c(c1)CN(C(=O)c1ccccc1OC)C(=O)C2,10.67,1
COc1ccc(Cn2cc(C(=O)NCCCCNc3c4c(nc5cc(Cl)ccc35)CCCC4)c(=O)c3ccccc32)cc1,7.05,1
N#CC1C(=N)N(Cc2ccccc2)C(=NCc2ccccc2)C([N+](=O)[O-])C12c1ccccc1-c1nc3ccccc3nc12,5.28,0
CNC(=O)Oc1ccc2c(c1)[C@]1(C)CCN(C)[C@@H]1N2C.O=C(O)c1ccccc1O,7.55,1
CC(=O)N(CCC1CCN(Cc2ccccc2)CC1)c1ccccc1,7.28,1
O=C(c1cccc(Cl)c1Cl)n1nc(OCCCN2CCCCC2)c2ccccc21,4.77,0
COc1cccc(CCCCCc2cccc(OC)[n+]2C)[n+]1C,6.98,1
CN(C)C(=O)C1C[C@@H]1c1ccc(-c2ncn(C)c2Sc2ccc(Cl)cn2)cc1,5.79,0
COc1cc2c(cc1OC)C(NC(=O)CN1CCN(Cc3ccccc3F)CC1)c1cnn(C)c1-2,5.61,0
COc1ccc(/C=C2\COc3cc(OCCCCCCNc4c5c(nc6ccccc46)CCCC5)ccc3C2=O)cc1,6.8,1
O=C1c2ccccc2C(=O)N1CCCCCCNCc1ccccc1,5.68,0
COc1cc2occ(-c3ccc(OC4CCN(Cc5ccccc5)CC4)cc3)c(=O)c2cc1OC,7.03,1
COc1cc(/C=C/C(=O)NCCNc2c3c(nc4ccccc24)CCCC3)ccc1OCc1ccccc1,7.26,1
C[C@@H]1C[C@H]2CC(=O)C3CCC[N+]4([O-])CCC[C@]2(O)[C@]34C1,6.23,1
CN=C(C[N+](=O)[O-])NCCSCc1ccc(CN(C)C)o1,5.915,0
CC(C)(C)c1cc(C(=O)CNCCC2CCN(Cc3ccccc3)CC2)cc(C(C)(C)C)c1O,5.86,0
O=c1c2cc(OCCCn3ccnc3)ccc2nc2n1CCCc1ccccc1-2,4.25,0
COc1ccc(-c2cc(=O)c3ccc(OCCN4CCOCC4)cc3o2)cc1,7.96,1
CN(CCOCCNC(=S)Nc1ccccn1)Cc1ccccc1,5.4,0
CN(Cc1ccccc1)Cc1ccc(NC(=O)Cc2ccc(O)c(O)c2)cc1,5.33,0
CN(C)Cc1ccc(CSCCNc2cc(Oc3ccc([N+](=O)[O-])cc3)c([N+](=O)[O-])cc2[N+](=O)[O-])o1,6.57,1
COc1ccc2[nH]cc(CCNC(=O)c3ccc(CN(C)Cc4ccccc4Cl)cc3)c2c1,5.58,0
O=C(NCCc1c[nH]c2ccccc12)c1cc[n+](Cc2ccccc2)cc1,5.38,0
COc1ccc(-c2cc(-c3ccc(Br)cc3)c3c(N)[nH]nc3n2)cc1,5.43,0
COc1cc2c(cc1OC)C(=O)C1(C2)C(c2ccccc2Cl)CN(C)C12C(=O)Nc1ccc(Cl)cc12,5.18,0
CCCCNC(=O)Oc1ccc2c(c1)[C@]1(C)CCN(C)C1N2C,6.82,1
CCN1CCN(C2CCN(C(=O)COc3ccc4c(c3)CCC4=O)CC2)CC1,5.31,0
CNC(=O)Oc1cccc(CN(C)CCCOc2ccc3ccccc3c2)c1,7.08,1
CN(Cc1ccccc1)Cc1ccc(/C=C2\Cc3ccc(OCCCCCN4CCCCC4)cc3C2=O)cc1,6.7,1
O=c1ccoc2ccc(OCCCCCN3CCOCC3)cc12,4.02,0
CN1CCN(c2nccc(NCc3cccc4ccccc34)n2)CC1,4.76,0
CC(=O)Nc1ccc(-c2c3ccccc3[n+](C)c3ccccc23)cc1.F[B-](F)(F)F,4.26,0
c1ccc2c(c1)CN1CCCCC1=N2,5.44,0
CCN(CC)Cc1cc(N)ccc1O,4.75,0
COc1cc2c3cc1Oc1c(O)c(OC)cc4c1[C@@H](Cc1ccc(O)c(c1)Oc1ccc(cc1)C[C@@H]3N(C)CC2)N(C)CC4,4.01,0
O=c1ccc2cc(/N=C/c3ccc(Br)cc3)ccc2o1,7.25,1
CCOC(=O)C1=C(C)Oc2nc3c(c(N)c2[C@H]1c1ccc(OC)cc1)CCCC3,6.06,1
CCOP(=O)(OCC)C(Nc1cccc(Cl)c1Cl)c1ccc(OCc2nc3ccccc3c(=O)n2-c2ccc(F)cc2)c(OC)c1,5.59,0
COc1nc(-c2ccnc(NC(=O)C3CC3)c2)sc1C(=O)NCCCNc1c2c(nc3cc(Cl)ccc13)CCCC2,8.44,1
COc1cc2oc(-c3ccc(NCCCCNc4c5c(nc6cc(Cl)ccc46)CCCC5)cc3)cc(=O)c2c(OC)c1OC,8.29,1
CCN(CC)CCSC(=NO)c1nc(C)no1,4.05,0
C[n+]1c(/C=C/c2ccc(Cl)cc2)ccc2ccccc21,5.36,0
C#CCOc1ccc(-c2cc(-c3ccc(OCC#C)cc3)nc(N)n2)cc1,5.87,0
COc1cc2occ(-c3ccc(CN(C)Cc4ccccc4)cc3)c(=O)c2cc1OC,5.91,0
CCCCCCCNC(=O)Oc1cccc(CN(CCCOc2ccc3c(=O)c4ccccc4oc3c2)C(C)C)c1,6.77,1
Cc1cccc(Oc2ccc3nc4c(c(N)c3c2)CCCC4)c1,5.04,0
COc1cc2c(cc1OC)C(=O)C(=Cc1ccc(O)c(CN(C)C)c1)O2,6.29,1
COc1cc2occ(-c3ccc(N4CCCC4)cc3)c(=O)c2cc1OC,5.79,0
COc1cc2c(cc1OC)C(=O)C(Cc1cn(CC3CCN(Cc4ccccc4)CC3)nn1)C2,5.31,0
CNC(=O)Oc1cccc(CN(C)CCCCCCCOc2ccc3c(O)c(Cc4cc(O)c(O)c(O)c4)ccc3c2)c1,8.31,1
c1ccc2c(c1)Nc1ccccc1[Se]2,5.25,0
O=C(Nc1cncc(C(=O)NC2CCN(Cc3ccccc3)CC2)c1)c1ccnc(NC(=O)C2CC2)c1,6.21,1
CCOC(OCC)c1ccc(/C=C2\CCC/C(=C\c3ccc(C(OCC)OCC)cc3)C2=O)cc1,4.91,0
COc1ccc2[nH]cc(CCNC(=O)c3cc[n+](Cc4ccc(F)cc4)cc3)c2c1,5.29,0
O=c1oc2cc(OCCN3CCN(Cc4ccccc4)CC3)ccc2c2c1CCCC2,5.89,0
CCN(CCCCCCNc1ccc(NCCCCCCN(CC)Cc2ccccc2OC)cc1)Cc1ccccc1OC,7.37,1
COc1ccc2[nH]cc(CCNC(=O)CCc3cc[n+](Cc4cccc(F)c4)cc3)c2c1,6.36,1
CC1(C)CN=C2C([N+](=O)[O-])C3(C(=O)Nc4ccccc43)C(C#N)C(=N)N2C1,5.9,0
COc1ccc([C@@H]2CC(=O)c3c(cc(O)c(C/C=C(\C)CCC=C(C)C)c3O)O2)cc1O,4.03,0
O=C1c2ccccc2C(=O)C12N1CSC[C@@H]1[C@@H](c1ccc(Cl)cc1Cl)[C@@]21CSc2ccccc2C1=O,4.71,0
Cc1cccc2c1Cc1c-2nc2ccccc2c1N,5.41,0
COc1ccc(C(=O)N2c3ccccc3Sc3ccc(Cl)cc32)cc1,5.23,0
Cc1cc(=O)oc2cc(OCCSC(=S)N3CCCCC3)ccc12,6.33,1
CC(=O)N1N=C(c2ccc3c(c2)OCO3)CC1c1ccc(-c2ccccc2)cc1,6.04,1
CCOC(=O)C1C(C)=Nc2nc3c(c(N)c2[C@H]1c1ccc([N+](=O)[O-])cc1)CCCC3,6.22,1
CNC(=O)Oc1cccc(CN(C)CCCCCCCOc2ccc3c(c2)C/C(=C\c2cc(OC)c(OC)c(OC)c2)C3=O)c1,5.75,0
Cc1ccc(C(C)C)cc1OCC(=O)NCc1ccc2c(c1)OCO2,5.71,0
N#Cc1cc2c(cn1)[nH]c1ncc(-c3ccc(CN4CCOCC4)cc3)cc12,4.88,0
COc1cc2c(cc1OC)/C(=C\c1ccc(N3CCCCC3)c(O)c1)OC2=O,7.92,1
C/C(=C\C(=O)N(C)[C@H]1CC[C@@]2(C)[C@@H](CC[C@@H]3[C@@H]2CC[C@]2(C)C([C@H](C)N(C)C)=CC[C@@H]32)C1)C(C)C,5.21,0
CCCNCC(=O)Nc1ccc2nc3n(c(=O)c2c1)CCC3,6.51,1
CC(=O)O[C@@H]1C[C@@]2(C)[C@@H]3CC[C@H]4[C@](C)(CO)[C@@H](NC(=O)c5ccccc5)C=C[C@]4(O)CC3=CC[C@]2(C)[C@H]1[C@H](C)N(C)C,4.52,0
O=C1CC2Cc3ccsc3C2=NN1CCCCCCN1CCN(Cc2cccc3c2ccn3S(=O)(=O)c2ccccc2)CC1,5.04,0
CN1CC[C@@]2(C)c3cc(OC(=O)Nc4ccccc4)ccc3N(C)C12,7.62,1
CCCCC1=NC2(CCCC2)C(=O)N1Cc1ccc(-c2ccccc2C#N)cc1,7.08,1
O=C(CN1CCN(Cc2ccccc2)CC1)NC1c2c[nH]nc2-c2c(Br)sc(Br)c21,5.95,0
O=C(CCCCCCCCc1ccc(O)c(O)c1)c1c(O)ccc(C(CCCCCCCCc2ccc(O)cc2)c2c(O)cccc2O)c1O,4.51,0
Cc1ccc(-c2nc(NCC3CCN(Cc4cc(F)cc(F)c4)CC3)sc2-c2ccc(C)cc2)cc1,6.52,1
O=C(Nc1ccncc1Br)OCCCCCNCc1ccccc1,5.39,0
COC(=O)C(C)CC(=O)C[C@@H](C)[C@H]1C[C@@H]2OC(C)(C)O[C@H]3C[C@H]4C(C)(C)C(=O)CC[C@]4(C)C4=C3[C@@]2(C)[C@]1(C)CC4=O,4.74,0
CC1=CC2Cc3nc4cc(Cl)ccc4c(NCCCCCCCCNC(=O)c4cc(O)c5c(c4)C(=O)c4cccc(O)c4C5=O)c3C(C1)C2,8.36,1
CN(C)Cc1ccc(CSCCNc2cc(Nc3ccccc3C#N)c([N+](=O)[O-])cc2[N+](=O)[O-])o1,6.2,1
CCC(=O)N(CCC1CCN(Cc2ccccc2)CC1)c1ccccc1,6.08,1
CCCCN1CC(C)(C)CN=C1C=NO,4.03,0
O=C1CC2Cc3ccsc3C2=NN1CCCCCCCN1CCN(Cc2cccc3c2ccn3S(=O)(=O)c2ccccc2)CC1,5.14,0
CC1=C[C@@H]2Cc3nc4cc(Cl)ccc4c(NCCCCCCCNc4c5c(nc6ccccc46)CCCC5)c3[C@H](C1)C2,8.88,1
CCCCCN=C(C=NO)N(C)C,4.89,0
Cc1c(C)c2c(c(C)c1O)CCC(C)(C(=O)NCCCCCCNc1c3c(nc4cc(Cl)ccc14)CCCC3)O2,7.0,1
COc1cc2c(cc1O)CC(C)C2=O,6.42,1
CCCCCCSc1nc(-c2ccc(C)cc2)nn1C(=O)N(C)C,6.7,1
CN(Cc1ccnc(NC(=O)Nc2cccc3c2C2CCCCN2C3=O)c1)Cc1cn(CCNc2c3c(nc4ccccc24)CCCC3)nn1,7.23,1
c1ccc(C[n+]2cccc3ccccc32)c(C[n+]2cccc3ccccc32)c1,4.46,0
C[C@H](CCC=C(CO)CO)[C@H]1CC[C@@]2(C)C3=CC[C@H]4C(C)(C)C(=O)CC[C@]4(C)C3=CC[C@]12C,4.66,0
CCCCNC(=O)Oc1cccc(CN(C)CCCOc2ccc3ccc(=O)oc3c2)c1,7.85,1
c1cc(C[n+]2ccc3ccccc3c2)cc(C[n+]2ccc3ccccc3c2)c1,5.1,0
CNC(=O)Oc1ccc2c(c1)[C@@]1(C)CCN(C)C1N2C,5.0,0
CN(C)C(=O)Oc1ccc(-c2cn3c(NC=O)cccc3[n+]2C)cc1,5.92,0
CC1=CC2Cc3nc4cc(Cl)ccc4c(NCCCCCCNc4c5c(nc6ccccc46)CCCC5)c3C(C1)C2,9.05,1
CCCCCCCNC(=O)Oc1ccc2c(c1)CN(C)C(c1ccc(F)cc1)N2C,5.79,0
CN(CCCOc1ccc2ccc(=O)oc2c1)Cc1cccc(OC(=O)NCCCCCc2ccccc2)c1,7.13,1
COc1ccc(CN2CCC(CCN3C(=O)c4ccc([N+](=O)[O-])cc4C3=O)CC2)cc1,6.36,1
CCN(CC)CCCCOc1ccc2c(c1)C(=O)/C(=C/c1ccc(CN(C)Cc3ccccc3)cc1)C2,6.05,1
CC[n+]1ccc(CCC(=O)C2Cc3cc(OC)c(OC)cc3S2)cc1,6.55,1
CN1CCC(CCN2C(=O)c3ccc([N+](=O)[O-])cc3C2=O)CC1,5.17,0
Cc1c(C)c2c(c(C)c1O)CCC(C)(C(=O)NCCCCCNc1c3c(nc4ccccc14)CCCC3)O2,6.44,1
C[C@@H]1CCC[C@H](C)N1S(=O)(=O)c1ccccc1,6.41,1
COc1cc2cc(C(=O)CCc3cc[n+](C)cc3)sc2cc1OC,6.05,1
O=C1c2ccccc2C(=O)C12N1CSC[C@@H]1[C@@H](c1ccc(F)cc1)[C@@]21CSc2ccccc2C1=O,4.7,0
CC1(C)CC(=O)C2C(=Nc3nc4c(c(N)c3[C@H]2c2ccncc2)CCCC4)C1,6.22,1
CC1=CC2Cc3nc4cc(Cl)ccc4c(NCCCCCCCCNc4c5c(nc6cc(Cl)ccc46)CCCC5)c3C(C1)C2,8.88,1
CCCCC1(O)c2nc3ccccc3c(N)c2CC1C,4.04,0
COc1cccc2cc(CNCCCCCCCNc3c4c(nc5ccccc35)CCCCC4)oc12,8.59,1
O=C(C[n+]1ccccc1)NN=Cc1ccc(C=NNC(=O)C[n+]2ccccc2)cc1,8.64,1
Cc1cccc(C(=O)Nc2ccc3c(c2)CN(C(=O)c2cccc(C)c2)C(=O)C3)c1,10.87,1
CC1=CC2Cc3nc4cc(Cl)ccc4c(NCCCCCCCCCCCCNc4c5c(nc6cc(Cl)ccc46)CCCC5)c3C(C1)C2,8.46,1
COc1ccc2c(c1)CCC(Cc1cc[n+](Cc3cccc(Cl)c3)cc1C(C)=O)C2=O,7.15,1
Cc1ccc(S(=O)(=O)N2[C@H](C)CCC[C@@H]2C)cc1,6.43,1
CN1CCN(Cc2ccc3c(c2)C(=O)C(=O)N3C(=O)c2ccccc2)CC1,7.32,1
CCOC(=O)C(=NNc1ccc(C(=O)OCC)cc1)C(=O)C(F)(F)F,5.42,0
COc1ccc(/C=C2\Oc3cc(OCCN4CCCCC4)ccc3C2=O)cc1,6.07,1
C=CC[C@@H]1[C@H](O)[C@@H](OCc2ccccc2)[C@H](O)CN1CCCCCCCC,4.66,0
CN(CCCCCCN1C(=O)c2ccccc2C1=O)Cc1cccc(Cl)c1,5.92,0
CN1CCC(CCN2C(=O)c3ccccc3C2=O)CC1,9.05,1
COc1cc(CNC(=O)c2ccc(CNc3c4c(nc5cc(Cl)ccc35)CC3C=C(C)CC4C3)cc2)ccc1O,7.6,1
O=C1/C(=C/c2cccc([N+](=O)[O-])c2)CN(C(=O)C2C[C@H]3CCCN3[C@]23C(=O)Nc2cc(Cl)ccc23)C/C1=C\c1cccc([N+](=O)[O-])c1,5.37,0
CC/N=C1/CCc2c1n(C)c1ccc(OC(=O)NC)cc21,5.25,0
C[C@H](CC[C@H](O)[C@](C)(O)CO)[C@H]1CC[C@@]2(C)C3=CC[C@H]4C(C)(C)C(=O)CC[C@]4(C)C3=CC[C@]12C,4.65,0
CSc1nc(-c2ccc(C)cc2)nn1C(=O)N(C)c1ccccc1,5.62,0
CN1Cc2c(c(O)n(-c3ccc(Cl)cc3)c2O)C12C(=O)c1ccccc1C2=O,4.55,0
C=C(C)[C@@H](O)CC[C@]1(C)[C@@H](CC=C(C)C)C[C@]23C[C@@H](C(C)(C)O)OC2=C(CC=C(C)C)C(=O)[C@@]1(C(=O)C(C)C)C3=O,5.04,0
Cc1ccc(Oc2ccc3nc4c(c(N)c3c2)CCC4)cc1,5.08,0
CCOP(=O)(OCC)C(Nc1ccccc1C(C)=O)c1ccc(OCc2nc3ccccc3c(=O)n2-c2ccc(F)cc2)c(OC)c1,5.25,0
O=[N+]([O-])c1cccc(-n2cc(COc3ccc(/C=N/Nc4c5c(nc6ccccc46)CCCC5)cc3)nn2)c1,5.84,0
COc1ccc2c(c1)CCC(Cc1cc[n+](Cc3ccccc3Cl)cc1C(C)=O)C2=O,7.53,1
COc1cccc2cc(C(=O)NCCCCCCCNc3c4c(nc5ccccc35)CCCC4)oc12,7.36,1
Nc1c2c(nc3c1C(c1ccc([N+](=O)[O-])cc1)c1ccc4ccccc4c1O3)CCCC2,5.24,0
CC1=CC2Cc3nc4cc(Cl)ccc4c(NCCCCCCCCCNC(=O)c4cc(O)c5c(c4)C(=O)c4cccc(O)c4C5=O)c3C(C1)C2,8.44,1
COc1ccc(C(=O)c2ccc(/C=C/CN(C)Cc3ccccc3)cc2)cc1OC,5.68,0
CC[N+](CC)(CCCCCn1c(=O)cc(C)n(CCCCCn2c(C)cc(=O)n(C)c2=O)c1=O)Cc1ccccc1C(F)(F)F,9.3,1
O=C1C(=NCCNc2c3c(nc4ccccc24)CCCC3)C(Cl)C(=O)c2ccccc21,7.02,1
COc1cc2[se]n(-c3ccc(CCN4CCCCC4)cc3)c(=O)c2cc1OC,4.98,0
c1ccc(CNc2ccnc(N3CCOCC3)n2)cc1,4.85,0
Nc1[nH]nc2nc(-c3ccc(Br)cc3)cc(-c3ccc(Br)cc3)c12,6.77,1
C=C(C)[C@@H](O)CC[C@]1(C)[C@@H](CC=C(C)C)C[C@]2(CC=C(C)C)C(=O)C3=C(O[C@H](C(C)(C)O)C3)[C@@]1(C(=O)C(C)C)C2=O,4.97,0
COc1cc(N)c(Cl)cc1C(=O)CCC1CCN(CC2CC2)CC1,6.03,1
O=C(CCC1CCN(Cc2ccccc2)CC1)c1cc2c3c(c1)CCN3C(=O)CC2,8.01,1
O=C1CC2CCCc3ccsc3C2=NN1CCCCN1CCN(Cc2ccccc2)CC1,5.91,0
c1cc(OCCCN2CCCCC2)ccc1CN1CCCCC1,5.5,0
OCCN1CCN(c2nccc(NC(c3ccccc3)c3ccccc3)n2)CC1,4.67,0
CCOc1ccc(Cc2nc3cc(C(=O)NCCOCCOCCNc4c5c(nc6ccccc46)CCCC5)ccc3n2CCC(C)C)cc1,6.4,1
C/N=C1/CCc2c1n(C)c1ccc(OC(=O)NC)c(Br)c21,6.75,1
Cn1cc[n+](COCC2CCCc3ccccc32)c1C=NO,4.25,0
CNC(=O)Oc1cccc(CN(C)CCCOc2ccc3c(=O)cc(-c4ccccc4)oc3c2)c1,8.24,1
CC(=O)N1CCN(c2nccc(NCc3cccc4ccccc34)n2)CC1,4.86,0
CCN(CC)CCOC(=O)/C=C/c1ccc2occ(C(=O)Nc3ccc(OC)cc3)c(=O)c2c1,5.26,0
COc1cc(/C=C/c2cc(=O)oc3c2ccc2oc(-c4cc(OC)cc(OC)c4)cc23)cc(OC)c1,5.55,0
CCN(C)C(=O)Oc1cccc(CNCCc2c[nH]c3cc(F)ccc23)c1,4.78,0
COc1ccc2[nH]cc(CCNC(=O)C3CCN(Cc4ccccc4)CC3)c2c1,4.91,0
O=C(NCCCCCCCCNc1c2c(nc3cc(Cl)ccc13)CCCC2)c1c[nH]c2ccccc12,7.34,1
O=C(Nc1ccc(CN2CCOCC2)cc1C(=O)C(=O)n1c(O)ccc1O)c1ccccc1,6.64,1
Cc1ccc(Oc2ccc3nc4c(c(N)c3c2)CCCCC4)cc1,5.42,0
CNC(=O)Nc1cccc2n1cc(-c1ccc(OC(=O)N(C)C)cc1)[n+]2C,5.87,0
COc1ccc2[nH]cc(CCNC(=O)c3cc[n+](Cc4ccc(OC(=O)N(C)C)cc4)cc3)c2c1,5.89,0
C[C@H](CCC(=O)O)[C@H]1CC(=O)[C@@]2(C)C3=C(C(=O)C[C@]12C)[C@@]1(C)CCC(=O)C(C)(C)[C@@H]1C[C@@H]3O,4.62,0
CCCCNC1c2ccccc2-c2ccccc21,4.3,0
COc1cc2c(cc1OC)/C(=C/c1ccc(N3CCCCC3)c(O)c1)OC2=O,7.3,1
CCN(CCCCCC(=O)N1CCC(CCC2CCN(C(=O)CCCCCN(CC)Cc3ccccc3OC)CC2)CC1)Cc1ccccc1OC.O=C(O)C(=O)O,8.13,1
c1cc2c(cc1OCCCN1CCCCC1)CN1CCCCC1=N2,6.65,1
Cc1c(C)c2ccc(OCC3CCN(Cc4ccccc4)CC3)cc2oc1=O,6.42,1
Cc1nc(C(=O)NCCCCNc2c3c(nc4ccccc24)CCCC3)cc2c1[nH]c1ccccc12,6.49,1
CC1=CC2Cc3nc4cc(Cl)ccc4c(NCCCCCCCCCCNc4c5c(nc6cc(Cl)ccc46)CCCC5)c3C(C1)C2,8.04,1
Cc1cc(-c2ccc(Cl)cc2)nnc1NCCN1CCOCC1,4.47,0
O=c1c2ccccc2cc(O)n1CCC1CCN(Cc2ccccc2)CC1,7.64,1
COc1ccc2cc3[n+](cc2c1OCc1cccc(C)c1)CCc1cc2c(cc1-3)OCO2,5.14,0
CC1Cc2cc3c(cc2C1=O)OCO3,7.029999999999999,1
COc1ccc(C2CC(c3cc(F)ccc3F)=NN2c2ccc(S(N)(=O)=O)cc2)c(OC)c1,8.2,1
CC(=O)N1N=C(c2ccc(Br)cc2)CC1c1ccc(-c2ccccc2)cc1,6.04,1
O=C(CCC1CCN(Cc2cccc(F)c2)CC1)c1ccc2c(c1)NCCCC2,6.84,1
CN[C@@H](C)[C@H]1[C@H](O)C[C@@]2(C)[C@@H]3CC[C@H]4[C@]5(C)CSC(C(C)C)=N[C@H]5CC[C@@]45C[C@@]35C(=O)C[C@]12C,7.12,1
O=S(=O)(c1ccccc1)n1ccc2c(N3CCN(CCCNc4c5c(nc6ccccc46)CCCC5)CC3)cccc21,8.01,1
O=C(NCCCCCNc1c2c(nc3cc(Cl)ccc13)CCCC2)Oc1ccc(-c2cc3cccnc3[nH]2)cc1,7.64,1
CCNc1nc(NCCc2ccc(OC)c(OC)c2)c2ccccc2n1,5.12,0
COc1ccc(C(=O)CCc2cc[n+](Cc3cccc(Cl)c3)cc2C(=O)O)cc1OC,7.74,1
COc1cc(/C=C/C(=O)Nc2ccccc2)ccc1OCCCCN1CCCCC1,5.15,0
O=C1c2ccccc2C(=O)N1CCCCCNCc1cccc(Cl)c1,6.8,1
CN(C)C(=O)Oc1ccc(-c2cn3c(Cl)cccc3[n+]2C)cc1,4.9,0
Brc1ccc2c(CCC3CCN(Cc4ccccc4)CC3)noc2c1,7.3,1
COc1ccc(Cn2cc(C(=O)NCCCCCCNc3c4c(nc5cc(Cl)ccc35)CCCC4)c(=O)c3ccccc32)cc1,7.03,1
O=C(Cc1cc(=O)oc2cc(O)ccc12)NCCCNCCNCCCNc1c2c(nc3ccccc13)CCCC2,7.42,1
COc1ccc(OC)c(C2CC(c3cc(F)ccc3F)=NN2c2ccc(S(N)(=O)=O)cc2)c1,8.2,1
[O-]/[N+](=C\c1ccc2cccc(O)c2n1)Cc1ccccc1,7.54,1
CC(C)(C)c1cc[n+](C[n+]2ccc(C(C)(C)C)cc2)cc1,4.7,0
O=C(NCCCCCCNc1c2c(nc3ccccc13)CCC2)c1cc2ccccc2o1,6.26,1
COc1cc2cc(C(O)C3CC[N+](C)(Cc4ccccc4)CC3)sc2cc1OC,4.71,0
COc1cccc2c1C=[N+](c1c(F)cccc1F)CC2,5.89,0
O=C(CNCc1ccccc1F)Nc1ccc2nc3n(c(=O)c2c1)CCC3,6.28,1
O=[N+]([O-])c1ccc2c(c1)c(OCc1ccc3ccccc3c1)nn2Cc1ccccc1,5.2,0
COc1cc(/C=C/c2ccc3ccccc3[n+]2C)ccc1N1CCOCC1,5.72,0
N=c1c2ccc(Cl)cc2nc2n1CCCCC2,5.9,0
COc1ccc2c3c1O[C@H]1C[C@@H](O)C=C[C@@]31CCNC2,5.97,0
Cc1ccc2[nH]c(-c3ccc(OCCN4CCCCC4)cc3)nc2c1,6.41,1
CCN(CC)CCOC(=O)/C=C/c1ccc2occ(C(=O)Nc3ccc(C)cc3)c(=O)c2c1,5.05,0
COc1cc2c(cc1OC)C(=O)[C@]1(C2)[C@H](c2ccccc2OC)[C@H](Cc2c[nH]c3ccccc23)NC12C(=O)Nc1ccccc12,5.56,0
O=c1oc2cc(OCCCN3CCN(Cc4ccccc4)CC3)ccc2c2c1CCCC2,6.05,1
O=C(COc1ccccc1)N1CCN(C2CCN(Cc3ccccc3)CC2)CC1,4.37,0
COc1ccc(C(=O)CNc2ccc3oc(=O)ccc3c2)cc1,7.26,1
CC(=O)c1c(-c2ccc(OCCCCCCCN(C)Cc3ccccc3)cc2)oc2ccccc12,4.76,0
CCN(Cc1ccccc1)Cc1ccc(C(=O)c2ccc(OC)c(OC)c2)cc1,6.24,1
O=C(CCN1CCCCC1)N1CCN(CCNc2c3c(nc4ccccc24)CCCC3)CC1,7.29,1
CN(CCCOc1ccc2c3c(c(=O)oc2c1)CCCC3)Cc1ccccc1,5.68,0
COc1ccc2[nH]cc(CCNC(=O)CCCCCCNc3c4c(nc5cc(Cl)cc(Cl)c35)CCCC4)c2c1,10.4,1
C#CCNC1CCc2c(OC(=O)N(C)C)cccc21,4.07,0
CNC(=O)Oc1cccc(CN(C)CCCCCCCCOc2ccc3c(=O)c4ccccc4oc3c2)c1,8.17,1
C/C=C1\[C@H]2C=C(C)C[C@]1(NC1OCC3=C4CC(C)(C)[C@H](O)[C@H]4[C@@H](C)CCC31O)c1ccc(=O)[nH]c1C2,7.22,1
c1ccc(CN2CCC(CCNc3noc4ccccc34)CC2)cc1,6.09,1
C=CC(=O)N1C/C(=C\c2ccccc2F)C(=O)/C(=C/c2ccccc2F)C1,4.93,0
C[C@@H]1CCC[C@H](C)N1Cc1ccc(-c2cnc3[nH]c4cnc(C#N)cc4c3c2)cc1,6.87,1
COc1cc(C(C)N(C)C)c2c(c1)oc(=O)c1ccccc12,4.82,0
O=[N+]([O-])c1ccc(CNC2CCN(Cc3ccccc3)CC2)cc1,6.14,1
COc1ccc(CN2CCC(Nc3nc(-c4ccc(OC)cc4)c(-c4ccc(OC)cc4)s3)CC2)cc1,6.11,1
C[C@H]1C=C2N3CC[C@@H](O)C24C(C[C@H](O)C3)C(=O)C[C@@H]4C1,4.55,0
CCN(CCCCCCNC(=O)COc1ccc(-c2cc(=O)c3c(OC)c(OC)c(OC)cc3o2)cc1)Cc1ccccc1OC,5.9,0
C=CC(=O)N1C/C(=C\c2ccccc2OC)C(=O)/C(=C/c2ccccc2OC)C1,5.06,0
C=CCNCC(O)COc1cc(C(C)C)ccc1C,6.87,1
COc1ccc2cc3[n+](cc2c1OCc1ccc(Cl)c(Cl)c1)CCc1cc2c(cc1-3)OCO2,5.91,0
CNc1ccccc1-c1nc(C(N)=O)cs1,4.28,0
COc1cc2cc(C(=O)CCC3CC[N+](C)(CC4CCCCO4)CC3)sc2cc1OC,7.55,1
O=C(O)c1ccc(-n2cc(COc3ccc(/C=N/Nc4c5c(nc6ccccc46)CCCC5)cc3)nn2)cc1,5.39,0
CC(=O)N(CCC1CCN(Cc2ccccc2)CC1)c1cccc(F)c1,7.19,1
O=C(COc1cc(F)ccc1[N+](=O)[O-])NCC1CCN(Cc2ccccc2)CC1,6.99,1
COc1cc(/C=C/c2ccc3ccccc3[n+]2C)ccc1N1CCN(C)CC1,5.68,0
c1ccc2c(NCCCCCSSCCCCCNc3c4c(nc5ccccc35)CCCC4)c3c(nc2c1)CCCC3,8.79,1
Cc1cccc2sc(NC(=O)CCN3CCN(Cc4ccccc4F)CC3)nc12,5.28,0
CCOC(=O)c1ccc2nc(-c3ccc(Cl)cc3)c3c(c2c1)N(Cc1ccccc1)C(=O)CC3,5.38,0
O=C(c1ccccc1Cl)n1nc(OCCCN2CCCCC2)c2ccccc21,5.01,0
C=C[C@@H]1[C@H]2C=C(C)C[C@]1(N)c1ccc(=O)[nH]c1C2,6.31,1
Cn1cc(-c2cc3c(cn2)[nH]c2ncc(-c4ccc(CN5CCCCC5)cc4)cc23)cn1,6.06,1
CC1CCc2c(nc3nc(-c4ccccc4)cc(C(F)(F)F)c3c2N)C1,5.49,0
CCOC(=O)C(=NNc1ccccc1)C(=O)C(F)(F)F,5.49,0
CN(Cc1ccccc1)Cc1ccc(C(=O)c2ccc(OCCCN3CCCCC3)cc2)cc1,7.62,1
O=C(NCCCNc1c2c(nc3ccccc13)CCCC2)Oc1ccc(-c2cc3cccnc3[nH]2)cc1,6.63,1
COc1ccc(/C=C/C(=O)NCCC2CCN(Cc3ccccc3)CC2)c(OC)c1,6.2,1
CC1CCCCN1CCCN1CC(=O)N(CCc2ccc(F)cc2)CC1=O,4.7,0
c1ccc2c(NCCCCCCCCNc3c4c(nc5ccccc35)CCCCC4)c3c(nc2c1)CCCCC3,8.8,1
CN(C)C(=O)Oc1ccc2c(c1)[C@]1(C)CCN(C)[C@@H]1N2C,6.68,1
COc1c(F)c[n+](CCCCOc2ccc3c(C)cc(=O)oc3c2)cc1F,6.220000000000001,1
Nc1c2c(nc3cnccc13)OCCC2,4.38,0
CN1CCC(=CC=CC2Cc3ccccc3C2=O)CC1,8.52,1
O=[N+]([O-])c1ccc2c(c1)c(OCc1cccc3ccccc13)nn2Cc1cccc2ccccc12,5.17,0
Cc1ccc2c(N)c3c(nc2c1)CCC3,6.46,1
COc1cc(/C=C/c2cc(N3CCN(C)CC3)c3ccccc3[n+]2C)ccc1N1CCN(C)CC1,5.38,0
N#Cc1c(Cl)nc(NCCCCC2CCN(Cc3ccccc3)CC2)c(C#N)c1-c1ccccc1,7.51,1
CN1Cc2c(c(O)n(C)c2O)C12C(=O)c1ccccc1C2=O,5.68,0
CCOC(=O)C(=NNc1ccc(F)cc1)C(=O)C(F)(F)F,5.57,0
c1ccc2c(NCCCCCCCCCCN3CCOCC3)c3c(nc2c1)CCCC3,7.55,1
CCOP(=O)(OCC)C(Nc1ccc([N+](=O)[O-])cc1)c1ccc(OCc2nc3ccccc3c(=O)n2-c2ccc(F)cc2)c(OC)c1,5.75,0
COc1ccc(CCC(=O)Nc2nc(-c3cc4ccccc4oc3=O)cs2)cc1OC,6.13,1
Cc1ccc(-n2c(O)c3c(c2O)C2(C(=O)c4ccccc4C2=O)N(C)C3)cc1,5.13,0
COc1ccc(C2C(c3ccccc3)NC3(C(=O)Nc4ccc(Cl)cc43)C23Cc2cc(OC)c(OC)cc2C3=O)cc1OC,5.08,0
COc1ccccc1Oc1ccc2nc3c(c(N)c2c1)CCCCC3,5.02,0
CN(C)c1ccc(-c2c3cc(O)c(=O)cc-3oc3cc(O)c(O)cc23)cc1,4.66,0
CCCCCCNC(=O)Oc1cccc(CN(CCCOc2ccc3c(=O)c4ccccc4oc3c2)C(C)C)c1,6.77,1
O=C(c1cnn(C2CCCC2)c1)C(F)F,6.645,1
Cc1ccc(N)cc1,6.375,1
Cc1cccc(CN2CCC(CC(=O)NCCc3c[nH]c4ccccc34)CC2)c1,5.33,0
COc1cccc2cc[n+](-c3c(F)cccc3F)cc12,5.57,0
Cc1nc(C(=O)NCCCCCCCCNc2c3c(nc4ccccc24)CCCC3)cc2c1[nH]c1ccccc12,6.82,1
Cc1cccc(C(=O)N2Cc3cc(NC(=O)c4ccccc4)ccc3CC2=O)c1,10.58,1
Cc1ccc(C2C([N+](=O)[O-])C(Cc3c[nH]cn3)NC23c2ccccc2-c2nc4ccccc4nc23)cc1,5.7,0
NC(Cc1c[nH]c2ccccc12)C(=O)NCCCCCCCCNc1c2c(nc3cc(Cl)ccc13)CCCC2,7.3,1
COc1cc2c(cc1OC)SC(C(=O)CCc1cc[n+](CC3CC3)cc1)C2,6.96,1
Cc1cccc(C)c1,7.004999999999999,1
c1ccc2c(c1)ccc[n+]2CCCCC[n+]1cccc2ccccc21,5.4,0
COc1ccccc1NCC1CCN(Cc2ccccc2)CC1,6.8,1
CC(=O)O[C@@H]1C[C@@]2(C)[C@@H]3C[C@H]4OC[C@@]5(C)[C@@H](NC(=O)c6ccccc6)C=C[C@@](O)(CC3=CC[C@]2(C)[C@H]1[C@H](C)N(C)C)[C@@H]45,4.85,0
O=c1c2ccccc2nc2n1CC[C@@H]2[C@@H]1CCCN1,5.24,0
C#CCN(C)C1CCc2c(OC(=O)N(C)CC)cccc21,5.4,0
COc1ccc(C(=O)c2ccc(CN(CCO)Cc3ccccc3)cc2)cc1OC,5.85,0
CCO[P@](=O)(SCC)c1ccccc1,5.1,0
CC[C@H](C)C1=N[C@H]2CC=C3CC4C(=O)C[C@]5(C)[C@@H]([C@H](C)N(C)C)[C@H](O)C[C@@]5(C)[C@@H]4CC[C@H]3[C@]2(C)CO1,6.58,1
CCCCCCCCCCCCCCCCNCC(=O)Nc1ccc2nc3n(c(=O)c2c1)CCC3,8.28,1
CCCCNC(=O)Oc1cccc(CN(C)CCCOc2ccc3c(=O)cc(-c4ccccc4)oc3c2)c1,7.51,1
COc1cccc(-[n+]2ccc3cccc(OC)c3c2)c1,5.16,0
Cc1ccccc1CN1CCC(C(=O)NCCc2c[nH]c3ccccc23)CC1,5.45,0
CC(C)c1ccc(NC(=O)Oc2ccc3c(c2)[C@@]2(C)CCO[C@H]2O3)cc1,5.17,0
COc1cccc2cc[n+](-c3cccc(F)c3)cc12,5.04,0
CN(C)CCOC(=O)/C=C/c1ccc2oc(C(=O)Nc3ccc(Cl)cc3)cc(=O)c2c1,5.91,0
COc1ccc2c(c1OC)C(=O)C(C)C2,6.74,1
O=c1cc(-c2ccc(O)cc2)oc2cccc(OCc3ccccc3)c12,6.15,1
CCOC(=O)C1=C(C)Oc2nc3c(c(N)c2[C@H]1c1cccs1)CCCC3,4.61,0
COc1ccc2c3c1O[C@H]1C[C@@H](O)C=C[C@@]31CCN(C/C=C/CNC13CC4CC(C)(CC(C)(C4)C1)C3)C2,6.94,1
CCC(=O)Oc1ccc(C)c([N+](C)(C)C)c1,4.16,0
CN(CCCCCN1C(=O)c2ccccc2C1=O)Cc1ccccc1,6.44,1
Nc1cc(-c2ccc(F)cc2)nc2nc(-c3ccccc3)cc(C(F)(F)F)c12,5.18,0
CC/N=C1/CCc2c1n(C)c1ccc(OC(=O)NC)c(Cl)c21,6.8,1
CNC(=O)c1sc(-c2ccnc(NC(=O)CNCCNc3c4c(nc5ccccc35)CCCC4)c2)nc1OCC(C)C,7.31,1
CN(C)S(=O)(=O)NC1CCc2ccc(O)cc2C1,7.43,1
c1ccc2oc(CN(CCCCCCCNc3c4c(nc5ccccc35)CCC4)Cc3cc4ccccc4o3)cc2c1,6.65,1
C=CC(=O)N1C/C(=C\c2ccccc2F)C(=O)[C@@]2(C1)[C@H](c1ccccc1F)CN(C)[C@]21C(=O)Nc2ccccc21,5.16,0
Fc1ccc(CNC2CCN(Cc3ccccc3)CC2)cc1,5.92,0
CN(CCCCCCCOc1cccc(-c2oc3ccccc3c2C(=O)c2ccccc2)c1)Cc1ccccc1,6.62,1
CCN1CCCC1CNc1ccc(-c2ccccc2)nn1,4.21,0
CCN(CCCCNC1=CC(=O)C(NCCCCN(CC)Cc2ccccc2OC)=CC1=O)Cc1ccccc1OC,7.87,1
Cc1c(C)c2c(c(C)c1O)CCC(C)(C(=O)NCCCCCCCCNc1c3c(nc4ccccc14)CCCC3)O2,6.4,1
CCOC(=O)c1c(C)nc2nc3c(c(N)c2c1-c1ccccc1)CCCC3,6.09,1
COc1cc(/C=C2\CCc3cc([N+](=O)[O-])ccc3C2=O)c(Br)c(OC)c1OC,6.24,1
Cc1ccc(Oc2ccc3nc4c(c(N)c3c2)CCCC4)cc1,5.48,0
CC(=O)CCC[N+](C)(C)C,4.07,0
COc1cc2oc(-c3ccc(OCC(=O)NCCCCCNc4c5c(nc6cc(Cl)ccc46)CCCC5)cc3)cc(=O)c2c(OC)c1OC,8.16,1
Cc1ccc2[nH]c3c(c2c1)CN(CCCCCCN1CCc2[nH]c4ccc(C)cc4c2C1)CC3,6.715,1
O=C(CF)c1cnn(C2CCCC2)c1,5.74,0
COc1cc2c(cc1OC)SC(C(=O)CCc1cc[n+](C)cc1)C2,6.05,1
COc1cccc(CNC2CCN(Cc3ccccc3)C2)c1OC,5.36,0
COC(=O)CC[C@@H](C)[C@H]1CC(=O)[C@@]2(C)C3=C(C(=O)C(OC(C)=O)[C@]12C)[C@@]1(C)CC[C@H](O)C(C)(C)C1CC3=O,4.77,0
CC(C)(C)c1ccc(Oc2ccc3nc4c(c(N)c3c2)CCCC4)cc1,5.71,0
COc1ccc(C(=O)CCc2cccc([N+](C)(C)Cc3ccccc3)c2)cc1OC,5.98,0
CN1c2ccccc2C(n2cncn2)c2ccccc21,4.73,0
COc1ccc(Cn2cc(C(=O)NCCNc3c4c(nc5ccccc35)CCCC4)c(=O)c3ccccc32)cc1,6.73,1
COc1cc2c(cc1OC)[C@]1(OC2=O)[C@H](O)[C@@H](O)C=C2CCN(C)[C@H]21,5.63,0
COc1cccc2cc[n+](-c3ccccc3F)cc12,5.59,0
c1cc2cc3c(cc2c([C@H]2Oc4ccc5c(c4O2)OCO5)n1)OCO3,4.11,0
CCN(CCCCCC(=O)Nc1ccc(-c2ccc(NC(=O)CCCCCN(CC)Cc3ccccc3OC)cc2)cc1)Cc1ccccc1OC.O=C(O)C(=O)O,7.44,1
CCCNC(=O)Oc1ccc2c(c1)[C@]1(C)CCN(CC)C1C2,6.81,1
O=C1c2ccccc2CN1CCC1CCN(Cc2ccccc2)CC1,7.01,1
COc1ccc2c(c1OC)CC(C)C2=O,7.0600000000000005,1
CCOc1cc2c(cc1OCC)C(=O)C(C)C2,7.31,1
CN(Cc1ccccc1)Cc1ccc(C(=O)c2ccc(OCCCCCN3CCCCC3)cc2)cc1,6.84,1
Oc1ccccc1CNC1CCN(Cc2ccccc2)C1,5.65,0
Cc1cc(C)c(NC(=O)Oc2ccc3c(c2)[C@]2(C)CCN(C)[C@@H]2N3C)c(C)c1,5.89,0
C[N+](C)(C)CCCCCCCCCC[N+](C)(C)C,5.615,0
CC[N+](C)(CCCCCC(=O)N1CCC(CCC2CCN(C(=O)CCCCC[N+](C)(CC)Cc3ccccc3OC)CC2)CC1)Cc1ccccc1OC,8.24,1
COC(=O)Nc1ccc2n(c1)cc(-c1ccccc1)[n+]2C,4.3,0
CCCCN=C(C=NO)N(C)C,4.27,0
C[C@@H]1O[C@@H](OC[C@H]2O[C@@H](Oc3c(-c4ccc(O)c(O)c4)oc4cc(O)cc(O)c4c3=O)[C@H](O)[C@@H](O)[C@@H]2O)[C@H](O)[C@H](O)[C@H]1O,7.92,1
CCOC(OCC)c1ccc(/C=C2\CNC/C(=C\c3ccc(C(OCC)OCC)cc3)C2=O)cc1,6.04,1
CC1=CC2Cc3nc4cc(Cl)ccc4c(N)c3C(C1)C2N,6.65,1
Nc1c2c(nc3ccccc13)CCCCC2,7.41,1
Cc1ccc2c(c1)C1(C(=O)N2)C(C#N)C(=N)N2CC(C)(C)CN=C2C1[N+](=O)[O-],5.86,0
O=C(CCC1CCN(Cc2ccccc2)CC1)c1ccc2c(c1)OCCO2,7.52,1
COc1ccc(-c2csc(NC(=O)CCN3CCCC3)n2)cc1,6.29,1
COc1cc2oc(-c3ccc(CN4CCCC4)cc3)cc(=O)c2cc1OC,7.47,1
CNC(=O)Oc1ccc2c(c1)OC[C@@H]1CCN(C)[C@H]21,7.52,1
O=C(CCc1c[nH]c2ccccc12)NCCCCCCCNc1c2c(nc3ccccc13)CCCC2,10.22,1
O=C(CCNCCNc1c2c(nc3ccccc13)CCCC2)N1CCN(CCNc2c3c(nc4ccccc24)CCCC3)CC1,8.35,1
COc1ccc(N(CCC2CCN(Cc3ccccc3)CC2)C(C)=O)cc1,6.16,1
CN(CCCOc1ccc2c(=O)c3ccccc3oc2c1)Cc1cccc(OC(=O)NCCCCCCCN2CCOCC2)c1,7.58,1
CCCCCCCNC(=O)Oc1ccc2c(c1)[C@]1(C)CCN(Cc3ccccc3)[C@@H]1C2,6.3,1
O=c1c(OC2O[C@H](CO)[C@H](O)[C@H](O)[C@H]2O)c(-c2ccc(O)cc2)oc2cc(O)cc(O)c12,7.92,1
O=C1CCN(Cc2ccccc2)C/C1=C\c1cn(C(=O)c2ccc([N+](=O)[O-])cc2)c2ccccc12,4.3,0
Cc1ccc(Nc2nccc(N(C)c3ccc4c(C)n(C)nc4c3)n2)cc1S(N)(=O)=O,6.03,1
COc1ccc2cc3[n+](cc2c1OC)CCc1cc(O)c(O)cc1-3,5.11,0
CCCCCCCCNC(=O)Oc1ccc2c(c1)[C@]1(C)CCN(C)[C@@H]1N2C,7.8,1
O=C(Nc1cncc(OCC2CCN(Cc3ccccc3F)CC2)c1)c1ccnc(NC(=O)C2CC2)c1,8.33,1
CC(C)c1ccc(COc2ccc3[nH]c(=O)oc(=O)c3c2)cc1,4.26,0
O=C1N=C(Nc2ccc3oc(=O)ccc3c2)S/C1=C/c1ccccc1,7.03,1
Cc1ccc2nc3c(c(N)c2c1)CCC3,5.0,0
Cc1cc(=O)oc2cc(OCc3cc[n+](Cc4ccc(F)cc4)cc3)ccc12,7.43,1
CN(C)C(=O)Oc1cccc(C(=O)C=Cc2ccc(O)cc2)c1,6.06,1
COc1cc2cc(-c3cccc(CN(C)Cc4ccccc4)c3)c(=O)oc2cc1OC,6.7,1
COc1cc(CO)ccc1O[C@@H]1O[C@H](CO)[C@@H](O)[C@H](O)[C@H]1O,5.34,0
COc1cc2c(cc1OC)C(=O)/C(=C/c1ccc(N3CC[N+](C)(Cc4ccccn4)CC3)cc1)C2,6.42,1
COc1ccc(NC(=O)C2CCN(C(=O)c3ccccc3)CC2)cc1,8.01,1
COc1ccc(-c2cc3c(c(=O)o2)C[C@@]2(O)[C@@]4(C)C=CC(=O)C(C)(C)[C@@]4(O)CC[C@@]2(C)O3)cc1,7.05,1
COc1ccc(C(=O)Cc2ncc(C(=O)N(C)CCCOc3ccc(OC)c(OC)c3)cn2)cc1,4.53,0
FC(F)(F)Oc1ccc(/C=N/C2CCN(Cc3ccccc3)CC2)cc1,6.0,0
CC(CC(=O)C[C@@H](C)[C@H]1C[C@H](O)[C@@]2(C)C3=C(C(=O)C[C@]12C)[C@@]1(C)CCC(=O)C(C)(C)[C@@H]1CC3)C(=O)O,4.64,0
N#CC(c1ccc2c(c1)OCO2)N1CCCC1,4.29,0
CC(c1ccc2c(c1)oc(=O)c1ccccc12)N(C)C,4.96,0
COc1cc(CCC(=O)C=CCCCNc2c3c(nc4cc(Cl)ccc24)CC2CC(C)=CC3C2)ccc1O,8.17,1
O=[N+]([O-])c1ccc(/C=N/C2CCN(Cc3ccccc3)CC2)cc1,6.05,1
COc1ccc(CCNc2c3c(nc4cc(Cl)ccc24)CCCC3)cc1OC,6.22,1
N#Cc1cc2c(cn1)[nH]c1ncc(-c3nc(CN4CCCCC4)cs3)cc12,7.75,1
O=C(COc1ccc([N+](=O)[O-])cc1)NCC1CCN(Cc2ccccc2)CC1,6.29,1
Cc1ccc(NC(=O)c2cc(=O)c3cc(/C=C/C(=O)OCCN(C)C)ccc3o2)cc1C,6.68,1
O=C(NCCCNc1c2c(nc3ccccc13)CCCC2)c1ccc(F)cc1,9.09,1
c1ccc2oc(CN(CCCCCCCNc3c4c(nc5ccccc35)CCCC4)Cc3cc4ccccc4o3)cc2c1,6.93,1
O=c1oc2cc(OCCCCN3CCN(Cc4ccccc4)CC3)ccc2c2c1CCCC2,5.19,0
CC1(C)CN=C2C([N+](=O)[O-])C3(c4ccccc4-c4nc5ccccc5nc43)C(C#N)C(=N)N2C1,5.37,0
Cc1ccc(CNC2CCN(Cc3ccccc3)C2)cc1,5.19,0
Nc1c2c(nc3ccc(Oc4ccc(Cl)cc4)cc13)CCCCC2,5.38,0
O=C(c1ccccc1)N1c2ccccc2Sc2ccc(Cl)cc21,5.0,0
COc1cc(-c2cc3c(c(=O)o2)C[C@]2(O)[C@@]4(C)C(=O)C=CC(C)(C)[C@]4(O)CC[C@@]2(C)O3)cc(OC)c1OC,8.12,1
Cc1c(C)c2ccc(OCC3CCN(Cc4cccc(OCCCO[N+](=O)[O-])c4)CC3)cc2oc1=O,6.32,1
CCCNC(=O)Oc1cccc(CN(C)CCCOc2ccc3c(=O)ccoc3c2)c1,6.6,1
Cc1nc(N)ncc1-c1nnnn1-c1ccc(-c2ccccc2)cc1,4.57,0
CNC(=O)Oc1cccc(CN(C)CCCCCCCOc2ccc3c(O)coc3c2)c1,5.79,0
COc1cc2cc(C(=O)C3CCC[N+](C)(CCOc4ccccc4)CC3)sc2cc1OC,6.41,1
COc1cc2c(cc1OC)C(=O)C1(C2)C(c2ccccc2Cl)CN(C)C12C(=O)Nc1ccccc12,5.37,0
CO[C@@H]1C=C[C@@]23c4cc5c(cc4CN(C[C@@H]2OC(=O)c2ccc([N+](=O)[O-])cc2)C3C1)OCO5,4.83,0
O=C(NCCc1c[nH]c2ccccc12)C1CCN(Cc2ccccc2)CC1,5.11,0
Clc1ccc(CNC2CCN(Cc3ccccc3)CC2)c(Cl)c1,6.21,1
NC(Cc1c[nH]c2ccccc12)C(=O)NCCCCCNc1c2c(nc3cc(Cl)ccc13)CCCC2,7.12,1
CNC(=O)Oc1ccc2c(c1)[C@]1(C)CCNC1N2C,7.68,1
O=c1c2ccccc2ncn1CCC1CCN(Cc2ccccc2)CC1,5.92,0
C#CCN[C@@H]1CCc2ccccc21,7.72,1
N#Cc1ccc2[nH]cc(CCC(=O)NCCCCCCNc3c4c(nc5cc(Cl)ccc35)CCCC4)c2c1,9.15,1
COc1ccc(-c2cc3c(c(=O)o2)C[C@@]2(O)[C@@]4(C)CCC(=O)OC(C)(C)[C@@]4(O)CC[C@@]2(C)O3)cc1,5.6,0
COc1ccc(C2c3c(nc4c(c3N)CCCC4)N=C3CC(C)(C)CC(=O)C32)cc1,6.43,1
CC1=N[C@H]2CC=C3CC4C(=O)C[C@]5(C)[C@@H]([C@H](C)N(C)C)[C@H](O)C[C@@]5(C)[C@@H]4CC[C@H]3[C@]2(C)CO1,5.28,0
COc1cc(C(=O)n2nc(OCCN3CCCC3)c3ccccc32)cc(OC)c1OC,4.94,0
COc1ccc2[nH]cc(CCNC(=O)C3CCN(Cc4ccccc4C)CC3)c2c1,5.13,0
O=C1CCCCN1CCC1CCN(Cc2ccccc2)CC1,6.57,1
COc1cc2c(cc1OC)SC(C(=O)CC1C=CC[N+](C)(Cc3ccccc3)CC1)C2,6.12,1
CC1=CC2Cc3nc4cc(Cl)ccc4c(NCCCCCCCCC(=O)N4CCNC(=O)C4)c3C(C1)C2,9.39,1
O=C1CC(=NCCCNc2c3c(nc4cc(Cl)ccc24)CCCC3)C(=O)c2ccccc21,8.27,1
COc1ccc2c(c1)C/C(=C/c1ccccc1-c1ccc3ccccc3c1)C2=O,7.49,1
N#CC(C#N)C1=NCCN1CCNCc1ccc(CN2CC=CCC2)o1,7.02,1
Cc1cccc(C2C([N+](=O)[O-])C(Cc3c[nH]cn3)NC23c2ccccc2-c2nc4ccccc4nc23)c1,5.11,0
COc1cc2c(cc1OC)-c1cccc3c1N(CC3)C2,5.41,0
Cc1cccc(F)c1,7.154999999999999,1
O=C(CC1CCN(Cc2ccccc2F)CC1)Nc1[nH]nc2cc(-c3cccnc3)ccc12,6.16,1
CC(=O)O[C@@H]1C[C@@]2(C)Oc3cc(C)oc(=O)c3C[C@@H]2[C@@]2(C)C=CC(=O)C(C)(C)[C@H]12,4.87,0
CCOC(OCC)c1ccc(/C=C/C(=O)C2CCc3ccccc3C2=O)cc1,4.11,0
CC(C)N1CCN(c2nccc(NCc3cccc4ccccc34)n2)CC1,4.8,0
CC(C)OP(=O)(F)OC(C)C,6.92,1
Cc1nc(C(=O)NCCCCCCNc2c3c(nc4ccccc24)CCCC3)cc2c1[nH]c1ccccc12,7.03,1
CCC(=O)Oc1cccc([N+](C)(C)C)c1,5.22,0
O=c1ccc2cc(/N=C/c3ccc(Cl)cc3)ccc2o1,7.1,1
CCCC[N+](C)(CCCc1c[nH]c2ccccc12)CCC1CCCCCC1,4.63,0
C=CC(=O)N1C/C(=C\c2ccc(C)cc2)C(=O)[C@@]2(C1)[C@H](c1ccc(C)cc1)CN(C)[C@]21C(=O)Nc2ccccc21,5.13,0
NC(Cc1c[nH]c2ccccc12)C(=O)NCCCCCCCNc1c2c(nc3cc(Cl)ccc13)CCCC2,7.72,1
CSc1nc(-c2ccc(OC(F)(F)F)cc2)nn1C(=O)N(C)C,6.1,1
CN1CC[C@@]2(C)c3cc(OC(=O)N4CCc5ccccc5C4)ccc3N(C)[C@@H]12,6.83,1
COc1cc(C(C)N(C)C)cc2oc(=O)c3ccccc3c12,5.55,0
NC(Cc1c[nH]c2ccccc12)C(=O)NCCCCCCNc1c2c(nc3cc(Cl)ccc13)CCCC2,8.16,1
O=c1c2ccccc2ccn1CCC1CCN(Cc2ccccc2)CC1,5.96,0
O=C(Nc1cncc(OCC2CCN(Cc3ccccc3Cl)CC2)c1)c1ccnc(NC(=O)C2CC2)c1,7.09,1
CN(Cc1ccccc1)Cc1ccc(C(=O)NCCc2c[nH]c3ccccc23)cc1,5.72,0
COc1cc(CCC(=O)NCCCCC(=O)NNc2c3c(nc4ccccc24)CCCC3)cc(OC)c1OC,7.23,1
CCCCCCCNC(=O)Oc1cccc(CN(C)CCCOc2ccc3c(=O)c4cccnc4oc3c2)c1,7.38,1
CN1Cc2c(c(O)n(-c3ccccc3)c2O)C12C(=O)c1ccccc1C2=O,4.16,0
Nc1cc(-c2ccc(Cl)cc2)nc2nc(-c3ccccc3)cc(C(F)(F)F)c12,6.28,1
CO[P@]1(=O)CC[C@H]2COC(=O)C2=C(C)O1,4.52,0
CNC(=O)Oc1ccc2c(c1)[C@@]1(C)CCNC1N2,5.83,0
O=c1c2cc(OCCCN3CCCCC3)ccc2nc2n1CCCCC2,6.09,1
COc1cccc2cc[n+](-c3ccc(Br)cc3F)cc12,6.05,1
CCOC(=O)c1c(C)nc2nc3c(c(N)c2c1-c1ccc(C)cc1)CCCCC3,4.89,0
COc1cc(C(=O)NCCCCCCC(=O)NNc2c3c(nc4ccccc24)CCCC3)cc(OC)c1OC,8.25,1
CCN(Cc1ccccc1)Cc1ccc(-c2cc3cc(OCCNC(=O)CCc4ccc(F)c(F)c4)ccc3oc2=O)cc1,5.56,0
Cc1ccccc1F,6.664999999999999,1
O=C1C(=NCCNc2c3c(nc4cc(Cl)ccc24)CCCC3)C(Cl)C(=O)c2ccccc21,8.49,1
C[C@@]12CC[C@@H]3[C@@](CC[C@H]4[C@@]3(C)CCC[C@@]4(C)C(=O)OCC[N+](C)(C)CCCCCCCCCC[N+](C)(C)CCOC(=O)[C@]3(C)CCC[C@@]4(C)[C@@H]5CC[C@@]6(C)C[C@]5(CC[C@@H]43)CC6=O)(CC1=O)C2,4.06,0
S=C(NCc1ccccc1)NNc1c2c(nc3ccccc13)CCCC2,6.66,1
O=C(NCCCCCNc1c2c(nc3cc(Cl)ccc13)CCCC2)Oc1ccc2cc[nH]c2c1,6.61,1
COc1ccccc1CN1CCC(CCC(=O)c2ccc3c(c2)NCCCC3)CC1,5.58,0
COc1ccc2c(c1)CCC(Cc1cc[n+](Cc3ccccc3C)cc1C(C)=O)C2=O,8.0,1
Cc1ccc(C(C)C)cc1OCC(=O)NCCN1CCCC1,5.71,0
COc1ccccc1C(C)NS(N)(=O)=O,10.57,1
CN1CCN(c2ccc(/C=C/c3cc(N4CCN(C)CC4)c4ccccc4[n+]3C)cc2)CC1,5.6,0
O=C(c1ccccc1)c1c(C2CCN(Cc3ccccc3)CC2)oc2ccccc12,4.38,0
O=C1CC(=O)c2c(c(O)c3ccccc3c2O)C1=O,6.52,1
CC(C)(C)OC(=O)NC(Cc1c[nH]c2ccccc12)C(=O)NCCCCCCNc1c2c(nc3ccccc13)CCCC2,6.94,1
COc1cc2c(cc1OC)C(=O)/C(=C/c1ccc(CN(C)C)c(O)c1)O2,4.61,0
CN(CCCN1CCN(CCNc2c3c(nc4ccccc24)CCCC3)CC1)c1ccccc1,7.07,1
O=C1c2c(ccc(O)c2O)CCn2cccc21,4.3,0
N#CC1C(=N)N2CCN=C2C([N+](=O)[O-])C12C(=O)Nc1ccc([N+](=O)[O-])cc12,5.49,0
O=C(NCCCCCCNCc1ccc2ccccc2c1)c1cc(Cl)nc(Cl)c1,4.0,0
O=C(CCC1CCN(Cc2cccc(Cl)c2)CC1)c1ccc2c(c1)NCCCC2,6.48,1
COc1cccc2c1CC[C@H](NC(=O)N(C)C)C2,7.7,1
COc1ccc2[nH]cc(CCNC(=O)c3ccc(CN(C)Cc4cccc(Cl)c4)cc3)c2c1,5.25,0
O=C(/C=C/c1cccc(O)c1)NCCC1CCN(Cc2ccccc2)CC1,5.95,0
CN(C)C(=O)Oc1ccc(-c2cn3c(NC(=O)c4ccccc4)cccc3[n+]2C)cc1,6.7,1
c1ccc(CCNc2nc(NC3CC3)nc3ccccc23)cc1,5.07,0
Cc1cccc(C(=O)Nc2ccc3c(c2)CN(C(=O)c2cccc(Cl)c2)C(=O)C3)c1,10.68,1
Cc1c(Cl)c(=O)oc2cc(OCCNC3CCN(Cc4ccccc4)CC3)ccc12,5.74,0
CC(C)(C)c1cc[n+](/C=C2\C=CC3=CC/C(=C\[n+]4ccc(C(C)(C)C)cc4)C=C3C2)cc1,7.62,1
Fc1cccc(Cc2nnc3sc(-c4ccoc4)nn23)c1,5.75,0
Cc1ccc2nc3c(c(Nc4ccccc4)c2c1)CCCC3,5.43,0
COc1ccccc1C(=O)Nc1ccc2c(c1)CN(C(=O)c1cccc(C)c1)C(=O)C2,10.59,1
O=C1C(=NCCNc2c3c(nc4cc(Cl)ccc24)CCCC3)CC(=O)c2c(O)cccc21,9.14,1
O=C(CCc1ccccc1)N1c2ccccc2Sc2ccc(Cl)cc21,5.1,0
COc1cccc2c1C=[N+](c1ccccc1F)CC2,5.53,0
Cc1ccc(C(C)C)cc1OCC(=O)NCCN1CCN(C)CC1,5.71,0
CN1c2ccccc2C(n2nnc3ccccc32)c2ccccc21,4.91,0
S=C(NNc1c2c(nc3ccccc13)CCCC2)Nc1ccc(Br)cc1,6.24,1
COc1cc2c(cc1OC)CN(c1cc[n+](Cc3ccc(C[n+]4ccc(N5CCCCC5)cc4)cc3)cc1)CC2,7.21,1
COc1ccc2c(c1)C(=O)C(C)C2,6.755,1
O=C(/C=C/c1ccccc1)c1ccc(OCCCCCCN2CCCC2)cc1O,5.5,0
O=[N+]([O-])C1C(Cc2c[nH]cn2)NC2(c3ccccc3-c3nc4ccccc4nc32)C1c1ccccc1,4.93,0
C[n+]1c2ccccc2c(-c2ccc(NC(=O)C(F)(F)F)cc2)c2ccccc21.F[B-](F)(F)F,4.44,0
COc1cccc2cc[n+](-c3ccccc3)cc12,5.85,0
CC(C)C1=N[C@H]2CC[C@]34C[C@]35C(=O)C[C@]3(C)[C@@H]([C@H](C)N(C)C)[C@H](O)C[C@@]3(C)[C@@H]5CC[C@H]4[C@]2(C)CS1,7.22,1
COc1ccccc1CN(C)CCCCCCCOc1ccc2c(=O)c3ccccc3oc2c1,5.66,0
CN1CCCCc2ccc(C(=O)CCC3CCN(Cc4ccccc4)CC3)cc21,7.09,1
Cc1cccc(C[n+]2ccc(COc3ccc4c(C)cc(=O)oc4c3)cc2)c1,7.08,1
c1ccc2c(NCCCCCCCCNc3c4c(nc5ccccc35)CCCC4)ccnc2c1,8.06,1
Fc1ccc(CN2CCC(Nc3nc(-c4ccc(Cl)cc4)c(-c4ccc(Cl)cc4)s3)CC2)c(Cl)c1,6.43,1
Cc1ccc(C(C)C)cc1OCC(O)CNCCC1=CCCCC1,6.87,1
C#CCN1CCc2nc3nc(N4CCCC4)c(C#N)cc3c(N)c2C1,6.19,1
N#Cc1cc(C#N)c(NCCC2CCN(Cc3ccccc3)CC2)nc1N,6.66,1
COc1ccc2c(c1)C(=O)/C(=C/c1ccc(CN(C)Cc3ccccc3)cc1)C2,6.2,1
COc1cccc2cc(C(=O)NCCCCCCCNc3c4c(nc5ccccc35)CCCCC4)oc12,6.38,1
O=C(O)/C=C/c1ccc2occ(C(=O)Nc3ccccc3)c(=O)c2c1,5.03,0
COc1ccccc1-n1c(O)c2c(c1O)C1(C(=O)c3ccccc3C1=O)N(C)C2,4.95,0
Fc1ccc(CN2CCC(CNc3nc(-c4ccc(Cl)cc4)c(-c4ccc(Cl)cc4)s3)CC2)c(Cl)c1,6.28,1
CC[C@@H]1[C@H]2OC(=O)[C@@](C)(O)[C@H]2[C@]23CC[C@@H]([C@@H]4CC(C)C(=O)O4)N2CCCC[C@H]13,4.16,0
CCOC(=O)C1=C(C)Oc2nc3c(c(N)c2[C@H]1c1ccc(OC)c(OC)c1)CCC3,4.57,0
COc1ccccc1Oc1ccc2nc3c(c(N)c2c1)CCCC3,6.08,1
COc1ccc2c(c1)[nH]c1c(C)nccc12,4.95,0
CCCCCCCCNC(=O)Oc1ccc2c(c1)[C@]1(C)CCN(C)C1N2C,6.96,1
COc1cc(/C=C2\Oc3cc(OCCN4CCCCC4)ccc3C2=O)cc(OC)c1OC,6.38,1
COc1cc2oc3cc(CN(C)Cc4ccccc4)ccc3c(=O)c2cc1OC,4.52,0
O=C(NCCc1c[nH]c2ccccc12)c1cc2ccc(OCc3ccc(F)cc3)cc2cc1O,6.8,1
CCNC(=O)Oc1cccc2c1OCC1CCN(C)C21,6.38,1
c1cc(-c2cc3c(cn2)[nH]c2ncc(-c4ccc(CN5CCCCC5)cc4)cc23)ccn1,6.11,1
CN1C/C(=C/c2ccc(N(C)C)cc2[N+](=O)[O-])C(=O)/C(=C/c2ccc(N(C)C)cc2[N+](=O)[O-])C1,7.24,1
Cc1ccc(-c2c3ccccc3[n+](C)c3ccccc23)cc1.F[B-](F)(F)F,4.38,0
Cn1c2c(c3ccccc31)CC[N+](c1ccc(Br)cc1)=C2,5.82,0
C=C1C[C@]23C[C@H]1CC[C@H]2[C@]1(C)CCC[C@](C)(CO)[C@@H]1C[C@@H]3O,4.64,0
Cn1ccc2cc(-c3cnc4ccc(C(=O)N5CCCCC5)cc4n3)ccc2c1=O,5.27,0
C[C@@H](c1cccc(OC(=O)NCCCCCCNc2c3c(nc4cc(Cl)ccc24)CCCC3)c1)N(C)C,7.59,1
CC(C)C1=NC[C@]2(C)[C@H](CC[C@]34C[C@]35C(=O)C[C@]3(C)[C@@H]([C@H](C)N(C)C)[C@H](O)C[C@@]3(C)[C@@H]5CC[C@@H]24)N1,5.51,0
CC1(C)CCCN(Cc2ccc(-c3cnc4[nH]c5cnc(C#N)cc5c4c3)cc2)C1,5.48,0
CCOC(=O)c1c(C)nc2nc3c(c(N)c2c1-c1ccc(OC)c(OC)c1)CCCC3,5.89,0
COc1cc2c(cc1OC)C(=O)C(Cc1cc[n+](Cc3cccc(Cl)c3)cc1C(C)=O)CC2,7.68,1
COc1cc(CNC(=O)Cc2cn(CCCCC3=CC4Cc5nc6cc(Cl)ccc6c(N)c5C(C3)C4)nn2)ccc1O,8.97,1
COc1cc2c(cc1OC)C(=O)C1(C2)C(c2ccc(F)cc2)CN(C)C12C(=O)Nc1ccc(Cl)cc12,5.43,0
CC(=O)Nc1cc(C(=O)Nc2cncc(OCC3CCN(Cc4ccc(F)cc4)CC3)c2)ccn1,8.05,1
CCN(CC)CCCCCCCOc1ccc2c(c1)C(=O)/C(=C/c1ccc(CN(C)Cc3ccccc3)cc1)C2,6.29,1
C=C1c2cccc(Cl)c2N=C2CCCCCN12,5.82,0
CCN(Cc1ccccc1)Cc1ccc(-c2cc3ccc(OCCNC(=O)/C=C/c4cc(F)cc(F)c4)cc3oc2=O)cc1,5.34,0
COCCn1cnc2cc(NC(=O)c3ccccc3)cc(C(=O)NCc3cc(F)cc(F)c3)c21,6.92,1
COS(=O)(=O)[O-].C[N+](C)(C)c1cccc(OC(=O)Nc2ccccc2)c1,5.73,0
COc1ccc(-c2nc(NC3CCN(Cc4ccc(C(F)(F)F)cc4)CC3)sc2-c2ccc(OC)cc2)cc1,6.12,1
CCN(CC)c1cc(/C=C2/OC(=O)c3cc(OC)c(OC)cc32)ccc1O,8.89,1
CC[N+](CC)(CC)CCOc1cc(OCC[N+](CC)(CC)CC)cc(C(=O)NCCCCCC(=O)NNc2c3c(nc4ccccc24)CCCC3)c1,7.8,1
CCN(CC)c1ccc(/C=C/c2cc(N3CCCCC3)c3ccccc3n2)cc1,4.19,0
O=C(CCCCCCCCc1ccc(O)cc1)c1c(O)cccc1O,5.74,0
COc1cc(N)c(Cl)cc1C(O)CCC1CCN(CC2CCCCC2)CC1,5.99,0
COc1cc2c(cc1OC)C(=O)/C(=C/c1ccc(N3CC[N+](C)(Cc4cccc(Br)c4)CC3)cc1)C2,5.7,0
Cc1ccc(/C=C2\CN(Cc3cccc(C)c3)C/C(=C\c3ccc(C)cc3)C2=O)cc1,5.49,0
Oc1ccc(CNC2CCN(Cc3ccccc3)CC2)cc1,5.4,0
CCC(C)C(=O)OCCCc1ccc2oc(-c3ccc4c(c3)OCO4)cc2c1,5.21,0
CO[P@@]1(=O)CC[C@H]2COC(=O)C2=C(C)O1,5.52,0
COc1cc(C)cc(OC)c1OC,5.31,0
Nc1c2c(nc3nc(-c4ccccc4)cc(C(F)(F)F)c13)CCCC2,6.46,1
COc1ccc(C(=O)Cc2ncc(C(=O)N(C)CCCOc3cccc(OC)c3)cn2)cc1,4.35,0
C=C1c2ccc(Cl)cc2N=C2CCCCCN12,6.8,1
O=C(NCCCCCCNc1c2c(nc3ccccc13)CCCCC2)c1cc2ccccc2o1,6.51,1
Cc1ccccc1NC(=O)Oc1ccc2c(c1)[C@]1(C)CC[N@@+](C)([O-])[C@@H]1N2C,6.75,1
O=C1Nc2ccc([N+](=O)[O-])cc2C12NN=C(Nc1ccc(Cl)cc1)C2[N+](=O)[O-],4.43,0
COc1cc2c(cc1OC)C(=O)C1(C2)C(c2ccccc2)CN(C)C12C(=O)Nc1ccc([N+](=O)[O-])cc12,4.88,0
COc1cccc(C(C)N(C)CCCNC(=O)CCCCC2CCSS2)c1,4.13,0
C=CC[N+](C)(C)c1cccc(O)c1,5.52,0
COc1ccc(Cn2cc(C(=O)NCCCCCNc3c4c(nc5ccccc35)CCCC4)c(=O)c3ccccc32)cc1,6.53,1
CC(=O)c1ccc(Oc2ccc3nc4c(c(N)c3c2)CCC4)cc1,5.24,0
Cc1ccccc1NC(=O)Oc1ccc2c(c1)[C@]1(C)CCOC1N2C,7.89,1
CN(CCC1CCN(Cc2ccccc2)CC1)Cc1c[nH]c2ccccc12,4.47,0
COc1cc2[se]n(-c3ccc(OCCCN4CCCCC4)cc3)c(=O)c2cc1OC,5.29,0
CC(C)(c1ccc(-c2cnc3[nH]c4cnc(C#N)cc4c3c2)cc1)N1CCCCC1,6.29,1
O=C(Nc1ccc2c(c1)CN(C(=O)c1ccccc1)C(=O)C2)c1cccc(Cl)c1,10.88,1
CCn1c2ccccc2c2cc(C=Cc3ccc(NC(=S)NCCN4CCCC4)cc3)ccc21,5.58,0
CC(C)(C)c1cc[n+](CCCC[n+]2ccc(C(C)(C)C)cc2)cc1,5.43,0
CCc1cc(NCCC2CCN(Cc3ccccc3)CC2)nnc1-c1ccccc1,7.57,1
CCCSc1nc(-c2ccc(Cl)cc2)nn1C(=O)N(C)C,6.52,1
COc1cccc2cc[n+](-c3ccc(Br)cc3Br)cc12,6.24,1
CCN(CCCCCCCCc1cccc(OC)c1)Cc1ccccc1OC,5.25,0
CN(CCOCCCNC(=S)NC(=O)c1ccccc1)Cc1ccccc1,5.96,0
O=[N+]([O-])c1ccc(-n2cc(COc3ccc(/C=N/Nc4c5c(nc6ccccc46)CCCC5)cc3)nn2)cc1,5.98,0
CC[N+](CC)(CC)CCOc1cc(OCC[N+](CC)(CC)CC)cc(C(=O)NCCCCCC(=O)NNc2c3c(nc4cc(Cl)ccc24)CCCC3)c1,8.17,1
O=C(NCCCCCCCNc1c2c(nc3ccccc13)CCCCC2)c1cc2ccccc2o1,6.49,1
O=C1/C(=C/c2ccc(F)cc2)COc2cc(OCCCCCCNc3c4c(nc5ccccc35)CCCC4)ccc21,6.98,1
COc1cccc2c1C=[N+](c1ccc(C)cc1)CC2,6.28,1
C[C@@]12CCNC1Nc1ccc(OC(=O)Nc3ccccc3)cc12,7.66,1
Cc1cc(=O)[nH]c2c1C(=O)C(=NCCNc1c3c(nc4ccccc14)CCCC3)CC2=O,6.18,1
Cc1c(Cl)c(=O)oc2cc(OCCCCSC(=S)N3CCCCC3C)ccc12,8.17,1
Cc1ccc(C(C)C)cc1OCC(O)CNC(C)(C)C,6.87,1
CC1CCN(Cc2ccccc2)CC1,8.28,1
COc1ccc(C2Oc3cc(O)c(C/C=C(\C)CCC=C(C)C)c(O)c3C(=O)C2O)cc1O,4.5,0
CCN(CCCCCCN=C1CC(=O)c2ccccc2C1=O)Cc1ccccc1OC,6.18,1
CN(CCCOc1ccc([N+](=O)[O-])cc1)C(=O)c1cnc(CC(=O)c2cccs2)nc1,6.06,1
O=c1oc2cc(OCCCCN3CCC(Cc4ccccc4)CC3)ccc2c2ccccc12,4.85,0
CCCC(C)n1cc(C(=O)C(F)F)cn1,6.815,1
c1cc[n+](CCCCCCCCC[n+]2cccc3ccccc32)cc1,6.92,1
CC(C)N(CCOc1ccc(-c2nc3ccccc3[nH]2)cc1)C(C)C,4.63,0
CC(C)(C)c1cc[n+](CCCCCCCCC[n+]2ccc(C(C)(C)C)cc2)cc1,7.43,1
COc1cc2cc(C3CC[N+](C)(Cc4ccccc4)CC3O)sc2cc1OC,4.71,0
COc1ccc(C(F)(F)F)c[n+]1CCC[n+]1cc(C(F)(F)F)ccc1OC,5.210000000000001,0
O=C(Nc1ccc(OC(F)(F)F)cc1)NC1CCN(C(=O)CCNc2c3c(nc4cc(Cl)ccc24)CCCC3)CC1,7.84,1
Cc1cc(=O)oc2cc(OCCSC(=S)N3CCCC3)ccc12,6.05,1
O=C(COc1ccc(Cc2ccccc2)cc1)NCCN1CCN(Cc2ccccc2)CC1,6.0,0
C[C@@H]1CCC[C@H](C)N1S(=O)(=O)c1ccc([N+](=O)[O-])cc1,5.94,0
CC(C)(C)c1cccc(C(=O)C(F)(F)F)c1,8.07,1
CN(C)CCCCOc1ccc(C(=O)/C=C/c2ccccc2)cc1,5.05,0
NC(Cc1c[nH]c2ccccc12)C(=O)NCCCCCCCCNc1c2c(nc3ccccc13)CCCC2,7.12,1
C[N+]1(Cc2ccccc2)CCC(CCC(=O)c2ccc3c(c2)OCCO3)CC1,7.0,1
O=C(/C=C/c1ccc(OCCCCCCN2CCCC2)cc1)c1ccc(OCCCCCCN2CCCC2)cc1O,6.11,1
CCN1CCN(C2CCN(C(=O)COc3ccc(I)cc3)CC2)CC1,4.7,0
COc1cc2cc(C(=O)C3CCC[N+](C)(CC#N)CC3)sc2cc1OC,6.0,0
COc1cc(CNC2CCN(Cc3ccccc3)C2)cc(OC)c1OC,5.5,0
CNC(=O)Oc1ccc2c(c1)[C@]1(C)CCN(C)[C@]1(C)N2C,7.55,1
Cc1cccc(-c2cnc3cccnc3n2)c1,6.05,1
Cc1c(C)c2c(c(C)c1O)CCC(C)(C(=O)NCCC1CCN(Cc3ccccc3F)CC1)O2,6.27,1
COc1cccc2cc[n+](-c3ccc(I)cc3F)cc12,5.91,0
COc1cc2c(cc1OC)C(=O)/C(=C/c1ccc(CN3CCCC3)c(O)c1)O2,5.88,0
COc1cccc2c1C=[N+](c1ccccc1Br)CC2,5.82,0
COc1nc(-c2ccnc(NC(=O)C3CC3)c2)sc1C(=O)NCCCCCCNc1c2c(nc3ccccc13)CCCC2,7.66,1
Nc1c2c(nc3c1C(c1c(Cl)cccc1Cl)c1ccc4ccccc4c1O3)CCCC2,5.4,0
Cc1c(C)c2ccc(OCC3CCCN(CCCC(F)F)C3)cc2oc1=O,6.32,1
COc1ccccc1NC(=O)C1CCN(C(=O)c2ccccc2)CC1,8.07,1
CN1c2ccc(OC(=O)NCCCCCCN3CCCC3)cc2CN2CCc3ccccc3C21,6.06,1
CN(CCCOc1ccc2c(=O)c3cccnc3oc2c1)Cc1cccc(OC(=O)NCCCCCc2ccccc2)c1,7.05,1
COc1cc2c(cc1OC)C(=O)/C(=C/c1ccc(CN(C)Cc3ccccc3)cc1)CC2,6.75,1
CCc1nc(C(=O)NCCCCCCNc2c3c(nc4ccccc24)CCCC3)cc2c1[nH]c1ccccc12,7.01,1
CSc1nc(-c2ccc(C)cc2)nn1C(=O)N(C)C,6.1,1
COc1cc2c(cc1OC)C(=O)C1(C2)C(c2ccccc2)C(c2ccccc2)NC12C(=O)Nc1ccccc12,5.29,0
COc1ccc(CN2CCC(CCNC(=O)C=Cc3cc(C(C)(C)C)c(O)c(C(C)(C)C)c3)CC2)cc1,5.67,0
CN(CCCCCCCOc1ccc(-c2oc3ccccc3c2C(=O)c2ccccc2)cc1)Cc1ccccc1,4.39,0
Clc1ccc2c(NCc3ccccn3)c3c(nc2c1)CCCC3,7.05,1
Cc1cc2onc(CCC3CCN(Cc4ccccc4)CC3)c2cc1C,8.24,1
COc1ccc(-c2cc(=O)c3ccc(OCCN4CCN(CCO)CC4)cc3o2)cc1,8.12,1
COc1ccc2[nH]cc(CCNC(=O)c3ccc(CN(C)Cc4ccccc4OC)cc3)c2c1,5.27,0
CCN(CC)CCN1CC(=O)N(CCc2ccccc2)CC1=O,4.7,0
CN(CCCCOc1ccc2c(=O)c3ccccc3oc2c1)Cc1ccccc1,5.2,0
COc1cc(/C=C/C(=O)Nc2ccccc2)ccc1OCCCCCCN(C)C,5.08,0
CCN(C)C(=O)Oc1cccc(C(C)N(C)C)c1,4.45,0
CCn1c(=O)n(C)s/c1=N\CCC1CCN(Cc2ccccc2)CC1,6.85,1
COc1cc2c(cc1OC)C(=O)/C(=C/c1ccc(N3CC[N+](C)(Cc4ccccc4)CC3)cc1)C2,6.43,1
CCCCCCNC(=O)Oc1cccc(CN(C)CCCOc2ccc3c(=O)cc(-c4ccccc4)oc3c2)c1,7.17,1
NC(Cc1c[nH]c2ccccc12)C(=O)NCCCCCCNc1c2c(nc3ccccc13)CCCC2,6.97,1
COc1ccccc1CNCCCCCCN1CCC(CCC2CCN(CCCCCCNCc3ccccc3OC)CC2)CC1,5.89,0
CCN(CCCOc1ccc2c(C)c(C)c(=O)oc2c1)Cc1cccc(F)c1,5.92,0
Fc1ccccc1Cc1nnc2sc(-c3ccoc3)nn12,5.75,0
CNC(=O)Oc1cccc(CN(C)CCCCCCCOc2ccc3c(c2)OCC(=Cc2cc(O)c(O)c(O)c2)C3=O)c1,8.01,1
C/C=C1\[C@H]2C=C(C)C[C@]1(NC1OCC3=C4CC(C)(C)C[C@H]4[C@@H](C)[C@H](O)CC31O)c1ccc(=O)[nH]c1C2,6.96,1
O=C1C(=NCCCNc2c3c(nc4ccccc24)CCCC3)C(Cl)C(=O)c2ccccc21,7.42,1
CC(C)NC(=O)Oc1ccc2c(c1)[C@]1(C)CCN(C)C1N2C,4.46,0
Cc1ccc(O)cc1[N+](C)(C)C,5.55,0
O=C(CCC1CCN(Cc2ccccc2)CC1)c1ccc2c(c1)NC(c1ccccc1)N2,7.48,1
COc1ccc2nc3c(c(NCCCCCNC(=O)C4(C)CCc5c(C)c(O)c(C)c(C)c5O4)c2c1)CCCC3,4.88,0
c1ccc(CN2CCC(CCc3noc4ccccc34)CC2)cc1,7.26,1
Nc1[nH]nc2nc(-c3ccccc3)cc(-c3ccc(Br)cc3)c12,5.65,0
CCOC(=O)C1=C(C)Oc2nc3c(c(N)c2[C@H]1c1ccc(C#N)cc1)CCCC3,5.46,0
C/C=C1\[C@H]2C=C(C)C[C@]1(/N=C/c1ccc(OC)cc1OC)c1ccc(=O)[nH]c1C2,7.08,1
CC1CCCN(Cc2ccc(CNCCN3CCN=C3C(C#N)C#N)o2)C1,6.43,1
CCNC(=O)c1sc(-c2ccnc(NC(=O)CNCCNc3c4c(nc5ccccc35)CCCC4)c2)nc1OCC1CC1,7.34,1
CCCCNC(=O)Oc1ccc2c(c1Br)c1c(n2C)/C(=N\C)CC1,5.5,0
O=c1oc2cc(OCCCN3CCC(Cc4ccccc4)CC3)ccc2c2ccccc12,5.39,0
COc1ccc2[nH]cc(CCNC(=O)CC3CCN(Cc4ccc(C)cc4)CC3)c2c1,5.03,0
COc1cccc(CN2CCC(CCC(=O)c3ccc4c(c3)NCCCC4)CC2)c1,6.07,1
O=C(Cc1ccccc1)N1c2ccccc2[Se]c2ccccc21,5.19,0
CCCCCCCCCCNCC(=O)Nc1ccc2nc3n(c(=O)c2c1)CCC3,7.62,1
CN(C)CCOc1ccc(-c2nc3ccccc3[nH]2)cc1,4.97,0
CC(C)Cc1ccc(C(=O)CC(Sc2ccccc2N)c2cccc([N+](=O)[O-])c2)cc1,5.89,0
Cc1cc(=O)oc2cc(OCc3cc[n+](Cc4cccc([N+](=O)[O-])c4)cc3)ccc12,6.64,1
CC(=O)O[C@@H]1C2CC[C@H]3C4CC=C([C@H](C)N(C)C)[C@@]4(C)CC[C@@H]3[C@@]2(C)CC[C@@H]1NC(=O)C=C(C)C,5.28,0
Fc1cc(F)cc(CN2CCC(CNc3nc(-c4ccc(Cl)cc4)c(-c4ccc(Cl)cc4)s3)CC2)c1,6.2,1
c1ccc2c(CNc3ccnc(N4CCSCC4)n3)cccc2c1,4.89,0
CNC(=O)Oc1ccc2c(c1)[C@]1(C)CCNC1N2,7.96,1
CCN(CCCCCC(=O)Nc1ccc(CCc2ccc(NC(=O)CCCCCN(CC)Cc3ccccc3OC)cc2)cc1)Cc1ccccc1OC.O=C(O)C(=O)O,6.77,1
O=C(Nc1ccc(OC(F)(F)F)cc1)NC1CCN(C(=O)CCCNc2c3c(nc4cc(Cl)ccc24)CCCC3)CC1,8.57,1
CC1C(=O)c2ccccc2C(=O)C1=NC1CCN(Cc2ccccc2)CC1,4.32,0
COC(=O)c1sc(-c2ccnc(NC(=O)C3CC3)c2)nc1OCCNc1c2c(nc3ccccc13)CCCC2,6.89,1
CN(C)C(=O)Oc1cccc(-c2cn3c(C(F)(F)F)cccc3[n+]2C)c1,4.47,0
CCN(CCCCCOc1ccc2c(=O)c3ccccc3oc2c1)Cc1cccc(OC(=O)NC)c1,9.09,1
CC(C)N1CCN(c2nccc(NC(c3ccccc3)c3ccccc3)n2)CC1,4.69,0
O=C(NCCCNc1c2c(nc3cc(Cl)ccc13)CCCC2)c1nc2ccc([N+](=O)[O-])cc2s1,7.75,1
O=C1/C(=C/c2ccccc2)CN(C(=O)C[C@H]2C[C@H]3CCCN3[C@]23C(=O)Nc2ccccc23)C/C1=C\c1ccccc1,4.76,0
CCCN1CCN(c2nccc(NC(c3ccccc3)c3ccccc3)n2)CC1,4.84,0
CNC(=O)Oc1ccc2c(c1)[C@]1(C)CC[N+](C)(C)C1N2C,7.525,1
CCN(CCCCNC(=O)COc1ccc(-c2cc(=O)c3c(O)c(OC)c(OC)cc3o2)cc1)Cc1ccccc1OC,7.41,1
CN1Cc2c(c(O)n(-c3ccc([N+](=O)[O-])cc3)c2O)C12C(=O)c1ccccc1C2=O,5.18,0
CCN(CC)CCSC(=NO)c1nc(Cc2ccccc2)no1,4.52,0
COc1cc2cc(-c3ccc(CN(C)Cc4ccc([N+](=O)[O-])cc4)cc3)c(=O)oc2cc1OC,4.61,0
COc1cc(/C=C/C(=O)Nc2ccccc2)ccc1OCCCCCN(C)C,4.48,0
O=C(CCOCCc1c[nH]c2ccccc12)NCCCCCNc1c2c(nc3cc(Cl)ccc13)CCCC2,8.82,1
COc1cc(/C=C/c2ccc3ccccc3[n+]2C)ccc1F,5.55,0
COc1cc(/C=C/c2cc(=O)oc3c2ccc2oc(-c4cccc(Cl)c4)cc23)cc(OC)c1,5.75,0
CN(Cc1ccccc1)Cc1ccc(C(=O)c2ccc(O)c(F)c2)cc1,5.44,0
CCN(CC)c1ccc(/C=C/c2ccc3ccccc3[n+]2C)cc1,6.4,1
CC[C@H]1[C@@H]2OC(=O)[C@@](C)(O)[C@@H]2[C@@]23CC[C@@H]([C@@H]4CC(C)C(=O)O4)N2CCCC[C@H]13,4.77,0
c1cc[n+](CCCCCCC[n+]2cccc3ccccc32)cc1,6.27,1
COc1ccccc1CNCCCCCC(=O)N1CCC(CCC2CCN(C(=O)CCCCCNCc3ccccc3OC)CC2)CC1,6.87,1
C/N=C1/CCc2c1n(C)c1ccc(OC(=O)NC)c(Cl)c21,6.64,1
c1ccc2c(NCCCCC[Se]CCCCCNc3c4c(nc5ccccc35)CCCC4)c3c(nc2c1)CCCC3,8.65,1
CC1=CC2Cc3nc4cc(Cl)ccc4c(NCCCCCCNC(=O)C(N)Cc4c[nH]c5ccccc45)c3C(C1)C2,7.93,1
COc1cc2cc(C(=O)C=C3CC[N+](C)(Cc4ccccc4)CC3)sc2cc1OC,6.2,1
Cc1ccc2ccc(CNCCCCCCCCNc3c4c(nc5ccccc35)CCCC4)c(O)c2n1,9.3,1
CCCNc1nc(NCCc2ccccc2)c2ccccc2n1,5.14,0
COc1ccc([N+]2=Cc3c(cccc3OC)CC2)cc1,5.98,0
COc1cc(N)c(Cl)cc1C(=O)NC1CCN(Cc2ccccc2)CC1,6.05,1
N#CC1C(=N)N(Cc2ccccc2)C(=NCc2ccccc2)C([N+](=O)[O-])C12c1ccccc1-c1nc3ccc([N+](=O)[O-])cc3nc12,5.36,0
CCN(Cc1ccccc1)Cc1ccc(NC(=O)Cc2ccc(OC)c(OC)c2)cc1,5.49,0
CN(C)Cc1ccc(CSCCCCCCCCCCSCc2ccc(CN(C)C)o2)o1,5.89,0
CCN1CCC2c3cc(OC(=O)NC)ccc3CC21,6.6,1
CCCCCCCC1OCc2c[n+](C)c(C)c(OC(=O)N(C)C)c2CO1,5.68,0
COc1cc(/C=C/c2cc(=O)oc3c2ccc2oc(-c4ccc(C)cc4)cc23)cc(OC)c1,5.75,0
COc1cc2c(cc1OC)SC(C(=O)CCc1cc[n+](Cc3ccccc3)cc1)C2,8.34,1
Cc1c(C)c2ccc(OCCCCN(C)Cc3ccccc3)cc2oc1=O,6.1,1
COc1ccc2c(c1OC)c1c3c4c(cc5c(c42)OCO5)CCN3C(=O)C1=O,4.48,0
CCCCCCCNC(=O)Oc1ccc2c(c1)[C@@H]1CCN(CCC)C1C2,6.2,1
COc1cc2cc(C(=O)CCc3cc[n+](CC4CCC4)cc3)sc2cc1OC,7.4,1
CCOC(=O)C1=C(C)Oc2nc3c(c(N)c2[C@H]1c1cccnc1)CCCCC3,4.49,0
COc1ccccc1CNCCCCCCNC(=O)c1cc(Cl)nc(Cl)c1,5.08,0
O=C(CNc1ccc2oc(=O)ccc2c1)N1CCN(c2ccccc2)CC1,7.1,1
CC(C)c1ccc(NC(=O)Oc2ccc3c(c2)[C@]2(C)CCNC2N3)cc1,6.96,1
COc1ccc2c(c1)c(/C=C1\CN(Cc3ccccc3)CCC1=O)cn2C(=O)c1ccccc1,4.1,0
Nc1cc(-c2cccc(F)c2)nc2nc(-c3ccccc3)cc(C(F)(F)F)c12,5.15,0
O=C(CCC1CCN(Cc2ccccc2)CC1)c1ccc2c(c1)CCCN2c1ccccc1,7.27,1
O=C(Nc1nc(-c2ccc(Cl)cc2)c(-c2ccc(Cl)cc2)s1)C1CCN(Cc2cc(F)cc(F)c2)CC1,6.19,1
COc1cc2c(cc1OC)C[N+](C)(CCCCc1cccc(OC)[n+]1C)CC2,5.27,0
COc1ccc(-c2cc3c(c(=O)o2)C[C@]2(O)[C@@]4(C)CC[C@@H](OC(C)=O)C(C)(C)[C@]4(O)CC[C@@]2(C)O3)cc1,5.46,0
COCCN1CCN(c2nccc(NC(c3ccccc3)c3ccccc3)n2)CC1,4.41,0
O=C1c2ccccc2CCN1CCC1CCN(Cc2ccccc2)CC1,6.0,0
Oc1ccc(C=NC2CCN(Cc3ccccc3)CC2)c(O)c1,5.58,0
S=C(NCCCCNC(=S)Nc1c2c(nc3c1CCC3)CCCC2)Nc1c2c(nc3c1CCC3)CCCC2,5.12,0
Cc1c(Cl)c(=O)oc2cc(OCCCCSC(=S)N3C(C)CCCC3C)ccc12,6.94,1
COc1ccc2c(c1)[nH]c1c(C(C)=O)nccc12,5.4,0
COc1cc(CCC(=O)NCCC(=O)NNc2c3c(nc4ccccc24)CCCC3)cc(OC)c1OC,6.87,1
CC(C)(C)c1cccc(C(=O)CF)c1,6.195,1
c1ccc2c(c1)CCN1Cc3cc(OCCCN4CCCCC4)ccc3N=C21,6.67,1
COc1ccc(C(=O)Cc2ncc(C(=O)N3CCN(Cc4ccccc4)CC3)cn2)cc1,4.76,0
C/C=C1\C2C=C(C)CC1(NCC(=O)OC)c1ccc(=O)[nH]c1C2,5.17,0
CCOC(=O)c1cc2c(OC(=O)N(C)C)cccc2[n+](C)c1,8.15,1
O=c1ccoc2ccc(OCCCCN3CCCC3)cc12,5.43,0
c1ccc2c(c1)ccc[n+]2Cc1ccc2ccc(C[n+]3cccc4ccccc43)cc2c1,6.1,1
CNC(=O)Oc1ccc2c(c1)[C@]1(C)CCN(C)[C@@H]1N2C,7.37,1
CCCCCCCCNCC(=O)Nc1ccc2nc3n(c(=O)c2c1)CCC3,7.97,1
C=CC(=O)N1C/C(=C\c2cccc([N+](=O)[O-])c2)C(=O)/C(=C/c2cccc([N+](=O)[O-])c2)C1,5.01,0
CO[C@]1(c2cn(O)c(=O)c(C(=O)C3[C@H](C)C=C[C@@H]4C[C@H](C)CC[C@@H]34)c2O)CC[C@@H](O)[C@H]2O[C@H]21,6.09,1
Clc1ccc(/C=N/C2CCN(Cc3ccccc3)CC2)cc1,5.82,0
COc1cc(N)c(Cl)cc1C(=O)CCC1CCN(CC2CCCCCC2)CC1,7.24,1
COc1cccc2c1C=[N+](c1ccc(Br)cc1F)CC2,5.89,0
CCN(CC)CCOc1ccc(-c2nc3cc(Cl)ccc3[nH]2)cc1,5.06,0
COc1ccc(C(=O)CCc2cc[n+](Cc3cccc(F)c3)cc2C#N)cc1OC,7.96,1
Cc1cccc(C(=O)N2Cc3cc(NC(=O)c4cccc(Cl)c4)ccc3CC2=O)c1,10.84,1
Cc1cc(=O)[nH]c2c1C(=O)C(=NCCNc1c3c(nc4cc(Cl)ccc14)CCCC3)CC2=O,6.92,1
C[C@@H]1CCC[C@H](C)N1S(=O)(=O)c1cccc([N+](=O)[O-])c1,6.72,1
O=C(CCCc1c[nH]c2ccccc12)NCCC1CCN(Cc2ccccc2)CC1,5.9,0
Cc1cc(=O)oc2cc(OCc3cc[n+](Cc4ccc([N+](=O)[O-])cc4)cc3)ccc12,5.97,0
C=[N+]1N=C(CCC2CCN(Cc3ccccc3)CC2)c2ccccc21,6.47,1
C[C@@H]([C@H]1CC[C@H]2[C@@H]3CCC4C(=O)C(NC(=O)c5ccccc5)=CC[C@]4(C)[C@H]3CC[C@]12C)N(C)C,5.28,0
CCOC(=O)c1c(C)nc2nc3c(c(N)c2c1-c1ccc(OC)cc1)CCCC3,5.05,0
COc1cc2c(cc1OC)C(=O)/C(=C/c1ccc(CN3CCOCC3)c(O)c1)O2,5.22,0
COc1ccc(CN2CCC(c3oc4ccccc4c3C(=O)c3ccc(OC)c(OC)c3)CC2)cc1OC,4.17,0
C/N=C1/CCc2c1n(C)c1cc(Cl)c(OC(=O)NC)cc21,6.17,1
c1ccc(-c2ccc(NCCCCCN3Cc4ccccc4CN3)nn2)cc1,5.0,0
COc1cc2c(cc1OC)C(=O)C1(C2)C(c2ccccc2Cl)C(c2ccccc2)NC12C(=O)Nc1ccc([N+](=O)[O-])cc12,5.38,0
O=C(NCCCCCCNc1c2c(nc3cc(F)ccc13)CCCC2)Oc1ccc2cc[nH]c2c1,6.53,1
CCCCNC(=O)Oc1cccc(CN(C)CCCOc2ccc3c(=O)ccoc3c2)c1,6.6,1
CC1=CC2Cc3nc4cc(Cl)ccc4c(NCCCN(C)CCCNc4c5c(nc6cc(Cl)ccc46)CCCC5)c3C(C1)C2,9.51,1
O=C1C(=NCCNc2c3c(nc4ccccc24)CCCC3)CC(=O)c2c(O)cccc21,7.61,1
CCOC(=O)C1C(C)=Nc2nc3c(c(N)c2C1c1ccc(OC)cc1)CCCC3,6.98,1
CN1CC[C@@]2(C)c3cc(OC(=O)NCCCCCCCCN4CCOCC4)ccc3N(C)[C@@H]12,7.1,1
CNC(=O)c1sc(-c2ccnc(NC(=O)C3CC3)c2)nc1OCCCc1cn(CCNc2c3c(nc4ccccc24)CCCC3)nn1,6.78,1
O=C(NCCCCCNc1c2c(nc3cc(Cl)ccc13)CCCC2)c1c[nH]c2ccccc12,6.75,1
CN(CCOCCNC(=O)Nc1ccc([N+](=O)[O-])cc1)Cc1ccccc1,5.64,0
C=CC(=O)N1C/C(=C\c2ccc(F)cc2)C(=O)[C@@]2(C1)[C@H](c1ccc(F)cc1)CN(C)[C@]21C(=O)Nc2ccccc21,5.11,0
O=C(CCCCCNc1c2c(nc3cc(Cl)ccc13)CCCC2)NCCc1cc2ccccc2[nH]1,9.14,1
COc1ccccc1C(C)NS(=O)(=O)NC(=O)OCc1ccccc1,10.57,1
N#Cc1cc2c(cn1)[nH]c1ncc(-c3ccc(CN4CCC5(CC4)COC5)cc3)cc12,5.62,0
CNC(=O)Oc1cccc(-c2cn3c(NC(C)=O)cccc3[n+]2C)c1,5.35,0
CCOC(=O)C1C(C)=Nc2nc3c(c(N)c2C1c1ccc(F)cc1)CCCC3,6.71,1
CN(CCCCCCN1C(=O)c2ccccc2C1=O)Cc1ccccc1F,5.7,0
CCN(CC)Cc1ccc(C(=O)c2c(-c3ccc(OCCCCCCCN(C)Cc4ccccc4)cc3)oc3ccccc23)cc1,4.0,0
CCCCCCCNC(=O)Oc1ccc(Cc2nc3cc(C(=O)N(CC)CC)ccc3n2CCN2CCCCC2)cc1,5.0,0
CN[C@@H](C)C1=CC[C@H]2[C@@H]3CC=C4C[C@@H](OC)CC[C@]4(C)[C@H]3CC[C@]12C,4.08,0
CN(CCOCCNC(=S)NC(=O)c1ccc(Cl)c(Cl)c1)Cc1ccccc1,7.26,1
C=C[C@H]1C[N+]2=C(C[C@@H]1/C(=C\OC)C(=O)OC)c1[nH]c3cccc(OC)c3c1CC2,5.39,0
COc1ccc2c(c1)CCC(Cc1cc[n+](Cc3ccc(C)cc3)cc1C(C)=O)C2=O,6.25,1
Nc1c2c(nc3ncccc13)OCCC2,5.2,0
COc1cc(C=CC(=O)Nc2ccc(CN(C)Cc3ccccc3)cc2)ccc1O,5.08,0
CCCCCCNC(=O)Oc1ccc2c(c1)[C@]1(C)CCN(CC)C1C2,7.35,1
CN1C[C@@H](c2ccc(Br)cc2)[C@@]2(CSc3ccccc3C2=O)C12C(=O)c1ccccc1C2=O,4.55,0
CCN(CCCCCCN1C(=O)c2cccc3cccc(c23)C1=O)Cc1ccccc1OC,7.27,1
O=C1/C(=C/c2ccc(Cl)cc2)CN(C(=O)C2C[C@H]3CCCN3[C@]23C(=O)Nc2cc(Cl)ccc23)C/C1=C\c1ccc(Cl)cc1,5.47,0
C#CCNC1CCCc2ccc(OC(=O)N(C)CC)cc21,4.28,0
Cc1ccc2[nH]c(-c3ccc(OCCN(C)C)cc3)nc2c1,4.91,0
CNC(=O)c1sc(-c2ccnc(NC(=O)CNCCNc3c4c(nc5ccc(OC)cc35)CCCC4)c2)nc1OCC1CC1,7.51,1
O=C(N1CCCCC1)n1nc(-c2ccc(Cl)cc2)nc1SCC(F)(F)F,6.52,1
c1ccc2c(c1)ccc[n+]2CCCCCCC[n+]1cccc2ccccc21,7.05,1
COC(=O)C(CC1=NO[C@@H]2CCC[C@@H]2[C@H]1c1ccccc1)C(=O)OC,4.12,0
NC(=O)Cc1nc(NCCc2ccccc2)c2ccccc2n1,5.14,0
CCCCCCCCC1OCc2c[n+](C)c(C)c(OC(=O)N(C)C)c2CO1,5.89,0
N#Cc1ccc(C(=O)n2cc(/C=C3\CN(Cc4ccccc4)CCC3=O)c3ccccc32)cc1,4.7,0
CC(C)c1cc(-c2ccccc2)nnc1NCCC1CCN(Cc2ccccc2)CC1,6.37,1
CN(CCOCCNC(=S)Nc1cccc2ccccc12)Cc1ccccc1,5.0,0
COc1ccc2nc3c(c(N)c2c1)CCC3,5.08,0
C[C@@H]1C[C@H](C)CN(Cc2ccc(-c3cnc4[nH]c5cnc(C#N)cc5c4c3)cc2)C1,5.39,0
COc1cccc(CC2CCN(CCOc3ccc4c(c3)oc(=O)c3ccccc34)CC2)c1,4.53,0
COc1cccc(CN2CCN(CCCCOc3ccc4c(c3)oc(=O)c3ccccc34)CC2)c1,4.67,0
Oc1ccc(CNC2CCN(Cc3ccccc3)CC2)c(O)c1,5.64,0
CN1CCC(CCc2c(O)[nH]c3ccccc3c2=O)CC1,8.38,1
O=C(c1ccc(OCCCc2c[nH]cn2)cc1)C1CC1,4.07,0
CC(C)Nc1nc(NCCc2ccccc2)c2ccccc2n1,5.14,0
CC=C(C)C(=O)N=C1CC[C@@]2(C)C(CCC3C4=CC[C@H]([C@H](C)N(C)C)[C@@]4(C)CCC32)C1=O,5.24,0
CN(CCCCCNc1ccc(-c2ccccc2)nn1)Cc1ccccc1,6.13,1
CN(Cc1ccccc1)Cc1ccc(C(=O)c2ccc(NC(=O)CCCCN3CCCCC3)cc2)cc1,6.66,1
CNC(=O)Oc1ccc2c(c1)[C@]1(C)CCN(C)[C@@H]1N2C=O,5.6,0
CCN(CC)C(C)CN1c2ccccc2Sc2ccccc21,6.55,1
COc1ccc(-c2cc3c(c(=O)o2)C[C@H]2[C@@](C)(CC[C@@]4(O)C(C)(C)C(=O)CC[C@]24C)O3)cc1,5.6,0
CNC(=O)Oc1cccc(CN(C)CCCOc2ccc3c(c2)O/C(=C\c2cc(OC)c(OC)c(OC)c2)C3=O)c1,5.52,0
COc1cc(/C=C/C(=O)O)ccc1OCCCCCCN1CCCC1,4.16,0
COc1cc2c(cc1OC)C(=O)[C@]1(C2)[C@H](c2cccc([N+](=O)[O-])c2)[C@H](Cc2c[nH]c3ccccc23)NC12C(=O)Nc1ccccc12,5.72,0
O=C(CCCc1c[nH]c2ccccc12)NCCCCCCNc1c2c(nc3cc(Cl)ccc13)CCCC2,9.3,1
O=C1/C(=C/c2ccccc2F)CN(C(=O)C[C@H]2C[C@H]3CCCN3[C@]23C(=O)Nc2ccccc23)C/C1=C\c1ccccc1F,4.46,0
N#CC1C(=N)N2CCN=C2C([N+](=O)[O-])C12C(=O)c1ccc(Br)c3c(Br)ccc2c13,5.2,0
COc1cccc2c(CCC3CCN(Cc4ccccc4)CC3)noc12,8.15,1
COc1cc(CNC(=O)CCCCNc2c3c(nc4cc(Cl)ccc24)CC2C=C(C)CC3C2)ccc1O,8.26,1
Cc1cc(=O)oc2cc(OCc3cc[n+](Cc4ccc(Br)cc4)cc3)ccc12,6.66,1
O=C1CC2CCc3ccsc3C2=NN1CCCCN1CCCCC1,5.68,0
Oc1cccc(C2=Nc3ccccc3SC(c3cccc(O)c3)C2)c1,4.15,0
COc1cc2[se]n(-c3ccc(OCCCCN4CCCCC4)cc3)c(=O)c2cc1OC,5.47,0
COC(=O)C(=CC(=O)c1cc(O)ccc1O)CC/C=C(\C)CCC=C(C)C,5.09,0
N#CC(C#N)C1=NCCN1CCNCc1ccc(CN2CCCCCC2)o1,6.92,1
O=C(C=Cc1ccc(O)cc1O)NCCC1CCN(Cc2ccccc2)CC1,6.0,0
CC1=C(C)c2nc3ccccc3c(N)c2C1,5.46,0
O=c1c(NCCCCCCCc2c3c(nc4ccccc24)CCCC3)c(NCCCCCCCc2c3c(nc4ccccc24)CCCC3)c1=O,7.89,1
Nc1c2c(nc3c(Cl)cccc13)C1CCC2C1,7.07,1
CNC(=O)Oc1cccc(CN(C)CCCOc2ccc3c(=O)ccoc3c2)c1,8.05,1
CN(Cc1ccccc1)Cc1ccc(-c2cc3cc([N+](=O)[O-])ccc3oc2=O)cc1,6.83,1
CCN(CCCCCCN1C(=O)c2ccc3c4c(ccc(c24)C1=O)C(=O)N(CCCCCCN(CC)Cc1ccccc1OC)C3=O)Cc1ccccc1OC,7.26,1
C#CCN(C)C(=O)Oc1cccc2c(CN(C)CCC3CCCCCC3)c[nH]c12,6.47,1
CN1c2ccccc2C(N2CCOCC2)c2ccccc21,4.91,0
O=c1c2ccccc2[se]n1CCCCCCNc1c2c(nc3ccccc13)CCCC2,7.71,1
CCCNc1nc(NCCc2ccc(OC)c(OC)c2)c2ccccc2n1,5.16,0
CC(C)C1=N[C@H]2CC[C@]34C[C@]35C(=O)C[C@]3(C)[C@@H]([C@H](C)N(C)C(=O)c6ccccc6)[C@H](O)C[C@@]3(C)[C@@H]5CC[C@H]4[C@]2(C)CS1,7.37,1
Cc1ccc2c(c1)-c1nc3ccccc3c(N)c1C2,5.34,0
O=C(NCCCCCCCNc1c2c(nc3cc(Cl)ccc13)CCCC2)c1[nH]nc2ccccc12,7.02,1
COC(=O)C1=C(C)O[P@@](=O)(OC)CC[C@H]1COCc1ccccc1,4.46,0
CC1NC(C(=O)NCCCCCCNc2c3c(nc4ccccc24)CCCC3)Cc2c1[nH]c1ccccc21,6.69,1
c1ccc2c(NCCCCCCCCN3CCOCC3)c3c(nc2c1)CCCC3,7.78,1
CN(Cc1ccc(C(=O)NCCc2c[nH]c3ccccc23)cc1)Cc1ccccc1Cl,5.42,0
CNC(=O)Oc1cccc(CN(C)CCCCCCCOc2ccc3c(c2)O/C(=C\c2ccc(Cl)c(Cl)c2)C3=O)c1,5.1,0
CNC(=O)Oc1cccc(CN(C)CCCCCCOc2ccc(C(=O)/C=C/c3cc(OC)c(OC)c(OC)c3)c(O)c2)c1,8.88,1
Cc1cc(NCCC2CCN(Cc3ccccc3)CC2)nnc1-c1ccccc1,7.68,1
c1ccc(CN2CCC(Nc3ccc(-c4ccccc4)nn3)CC2)cc1,4.19,0
COc1cc2c(cc1OC(C)C)CC(C)C2=O,7.235,1
N#Cc1ccc2c(CCC3CCN(Cc4ccccc4)CC3)noc2c1,7.0,1
COc1ccc(NC(=S)NCCOCCN(C)Cc2cccc([N+](=O)[O-])c2)cc1OC,5.82,0
CCN(CCCCCCNC1=CC(=O)C(NCCCCCCN(CC)Cc2ccco2)=CC1=O)Cc1ccco1,6.84,1
CN(CCCCCOc1ccc2c(=O)c3ccccc3oc2c1)Cc1ccccc1,5.155,0
COc1ccc2c(c1)-c1nc3ccccc3c(N)c1C2,5.37,0
c1ccc2c(NCCSSCCNc3c4c(nc5ccccc35)CCCC4)c3c(nc2c1)CCCC3,8.3,1
Cc1cn2cc(C(N)=O)ccc2[n+]1C,4.57,0
CCN(CC)c1ccc(/C=C/c2ccc3ccccc3[n+]2C)c(OC)c1,6.16,1
CC(C)=CC(=O)N[C@H]1CC[C@@]2(C)[C@@H](CC[C@@H]3[C@@H]2CC[C@]2(C)C([C@H](C)N(C)C)=CC[C@@H]32)[C@H]1O,4.31,0
COc1cc(/C=C/c2ccc3ccccc3[n+]2C)cc(OC)c1OC,5.8,0
Nc1c2c(nc3ccccc13)-c1ccccc1C2,6.17,1
N#Cc1c(NCCC2CCN(Cc3ccccc3)CC2)nc(NCCC2CCN(Cc3ccccc3)CC2)c(C#N)c1-c1ccccc1,5.01,0
CN1CC[C@@]2(C)c3cc(OC(=O)NCCCCCCN4CCOCC4)ccc3N(C)[C@@H]12,6.03,1
Cc1cc(S(=O)(=O)N2CCOCC2)c(C(C)C)cc1O,5.25,0
C=C1c2cc(Cl)ccc2N=C2CCCCCN12,6.3,1
NC(=O)c1cc[n+](COC[n+]2ccccc2C=NO)cc1,4.18,0
COc1cc2cc(C(=O)CC(O)C3CC[N+](C)(Cc4ccccc4)CC3)sc2cc1OC,6.69,1
O=C(NCCCCCCCNc1c2c(nc3ccccc13)CCC2)c1cc2ccccc2o1,7.31,1
Cc1cc(C)c(S(=O)(=O)Nc2ccc(C3C4=C(CC(C)(C)CC4=O)N(c4ccc(Br)cc4)C4=C3C(=O)CC(C)(C)C4)cc2)c(C)c1,6.85,1
CN(Cc1ccccc1)Cc1ccc(C(=O)c2ccc(OCCCN3CCOCC3)cc2)cc1,6.97,1
O=C(Nc1cncc(OCC2CCN(Cc3ccccc3)CC2)c1)c1ccnc2[nH]ccc12,8.41,1
N#Cc1cc2c(cn1)[nH]c1ncc(-c3ccc(CN4CCCCC4)cc3)cc12,6.48,1
O=C(Nc1cc(-c2cn(CCNc3c4c(nc5ccccc35)CCCC4)nn2)ccn1)Nc1cccc2c1[C@H]1CCCCN1C2=O,8.02,1
N#CC(C#N)c1nc2ccccc2n1CCNCc1ccc(CN2CCCCC2)o1,7.14,1
O=C(NCCCCCCNc1c2c(nc3ccccc13)CCCC2)c1cc2c(cn1)[nH]c1ccccc12,7.04,1
O=C(CCCCCCCCc1ccc(O)c(O)c1)c1c(O)cccc1O,5.71,0
COc1cc2ncnc(N3CCN(c4ccc([N+](=O)[O-])cc4)CC3)c2cc1OC,6.32,1
CN(CCCCCCCOc1ccc2c(=O)c3ccccc3oc2c1)Cc1ccccc1,5.55,0
C=C1c2ccccc2N=C2CCCCCN12,5.43,0
CNC(=O)c1sc(-c2ccnc(NC(=O)CNCCNc3c4c(nc5ccccc35)CCCC4)c2)nc1OCC(C)(C)C,6.99,1
COc1ccc(Cn2cc(C(=O)NCCCCNc3c4c(nc5ccccc35)CCCC4)c(=O)c3ccccc32)cc1,6.31,1
CN=C(NCCNCc1ccc(CN(C)C)o1)C(C#N)C#N,6.2,1
COc1ccccc1CNCCCCCOC(=O)Nc1cc(Cl)nc(Cl)c1,5.21,0
O=S(=O)(c1ccccc1)n1ccc2c(N3CCN(CCCCCNc4c5c(nc6ccccc46)CCCC5)CC3)cccc21,7.74,1
CNC(=O)Oc1cccc(CN(C)CCCCCCCOc2ccc3c(c2)OC/C(=C\c2cc(OC)c(OC)c(OC)c2)C3=O)c1,5.01,0
Cc1c(C)c2c(c(C)c1O)CCC(C)(C(=O)NCCNc1c3c(nc4cc(Cl)ccc14)CCCC3)O2,6.68,1
COc1ccc2c(c1)C/C(=C/c1ccccc1-c1ccccc1)C2=O,7.53,1
C[C@@H]([C@H]1[C@H](O)C[C@@]2(C)[C@@H]3CC[C@H]4[C@]5(C)COC(C(C)(C)F)=N[C@H]5CC[C@@]45C[C@@]35C(=O)C[C@]12C)N(C)C,6.13,1
C[n+]1c2ccccc2c(-c2ccc(N)cc2)c2ccccc21.F[B-](F)(F)F,5.12,0
O=[N+]([O-])c1ccc2c(Nc3ccccc3)c3c(nc2c1)CCCC3,5.32,0
COc1cc2c(cc1OC)CC(CC1CCN(CCNc3c4c(nc5cc(Cl)ccc35)CC3C=C(C)CC4C3)CC1)C2,7.89,1
c1ncc(-c2cc3c(cn2)[nH]c2ncc(-c4ccc(CN5CCCCC5)cc4)cc23)o1,6.49,1
Fc1ccc2c(NCCCCCCNc3c4c(nc5cc(F)ccc35)CCCC4)c3c(nc2c1)CCCC3,9.05,1
COc1ccc2[nH]cc(CCNC(=O)c3cc[n+](Cc4ccccc4F)cc3)c2c1,5.48,0
ON=Cc1nc(CCCCNc2c3c(nc4ccc(Cl)cc24)CCCC3)ccc1O,5.64,0
CCOC(=O)C1=C(C)N(CCC2CCN(Cc3ccccc3)CC2)C(=O)NC1c1coc2c(Cl)cc(Cl)cc2c1=O,7.22,1
CCN(CC)Cc1cc2cc(c1O)Oc1ccc(cc1)C[C@H]1c3cc(c(OC)cc3CCN1C)Oc1c(OC)c(OC)cc3c1[C@@H](C2)N(C)CC3,4.17,0
COc1ccc2cc3[n+](cc2c1OCc1ccc(Cl)cc1)CCc1cc2c(cc1-3)OCO2,5.6,0
COc1ccc(C(C#N)N2CCCCC2)cc1OC,4.35,0
Cc1ccc(-n2cc(COc3ccc(/C=N/Nc4c5c(nc6ccccc46)CCCC5)cc3)nn2)cc1,5.43,0
CCOP(=O)(OCC)C(Nc1c(C)cccc1C)c1ccc(OCc2nc3ccccc3c(=O)n2-c2ccc(F)cc2)c(OC)c1,5.52,0
O=C1Nc2ccccc2C12NN=C(Nc1cccc(Cl)c1)C2[N+](=O)[O-],5.22,0
CCOP(=O)(OCC)C(NCc1cccs1)c1cn(-c2ccccc2)nc1-c1ccc(Cl)cc1,7.77,1
COc1cccc[n+]1C.F[B-](F)(F)F,4.385,0
COc1ccc(/C=C/C(=O)c2cc(I)c(OC)cc2O)cc1,7.96,1
CC[C@H]1C[C@@H]2CN3CCc4c([nH]c5cc([C@H]6C[C@H]7C(C(=O)OC)[C@H](Cc8c6[nH]c6ccccc86)N(C)C[C@H]7CC)ccc45)[C@](C(=O)OC)(C2)[C@H]13,7.15,1
Cc1ccc(C(C)C)cc1OCC(=O)N1Cc2ccccc2C1,5.71,0
Cc1ccc(NC(=O)c2coc3ccc(/C=C/C(=O)OCCN(C)C)cc3c2=O)cc1,6.01,1
Cc1ccc(C(C)C)cc1OCC(=O)NC1CCCCC1,5.71,0
CC1=C[C@H]2Cc3[nH]c(=O)ccc3[C@@]3(C1)[C@@H]2[C@H](C)CN3C,4.92,0
c1ccc(CN2CCC(CNc3ccc(-c4ccccc4)nn3)CC2)cc1,4.25,0
COc1ccc2cc3[n+](cc2c1OCc1ccccc1C)CCc1cc2c(cc1-3)OCO2,4.98,0
Fc1ccc2c(C3CCN(CCN4CCCC4)CC3)noc2c1,5.48,0
CCN(CC)Cc1ccc(NC(=O)c2ccccc2)c(C(=O)C(=O)N(CC)CC)c1,7.35,1
O=C(CCC1CCN(Cc2ccccc2)CC1)c1ccc2c(c1)CCCCN2,6.9,1
CN(CCC(=O)N1CCN(CCNc2c3c(nc4ccccc24)CCCC3)CC1)c1ccccc1,7.15,1
Cc1ccccc1/C=C1\CN(C(=O)C[C@H]2C[C@H]3CCCN3[C@]23C(=O)Nc2ccccc23)C/C(=C\c2ccccc2C)C1=O,4.9,0
CC(C)c1ccc(NC(=O)Oc2ccc3c(c2)[C@]2(C)CC[N+](C)(CCc4ccccc4)C2N3C)cc1,6.52,1
CC1(C)CC(=O)C2C(=Nc3nc4c(c(N)c3C2c2ccccc2)CCCC4)C1,6.15,1
CCN(Cc1ccccc1)Cc1ccc(-c2cc3ccc(OCCNC(=O)/C=C/c4ccc(Cl)c(Cl)c4)cc3oc2=O)cc1,5.37,0
c1ccc(CNC2CCN(Cc3ccccc3)C2)cc1,5.95,0
Cc1ccccc1NC(=O)Oc1ccc2c(c1)[C@]1(C)CCO[C@@H]1N2C,7.89,1
COc1ccc(-c2nc(NCC3CCN(Cc4c(F)cccc4Cl)CC3)sc2-c2ccc(OC)cc2)cc1,6.44,1
CCCCCCCNC(=O)Oc1ccc2c(c1)[C@]1(C)CCN(CC)C1C2,7.24,1
Cc1c(C)c2ccc(OCC3CCN(Cc4cccc(CO[N+](=O)[O-])c4)CC3)cc2oc1=O,5.89,0
COc1ccc2[nH]cc(CCNC(=O)CCc3cc[n+](Cc4ccc(F)cc4)cc3)c2c1,6.24,1
COc1ccc2[nH]cc(CCNC(=O)CCc3cc[n+](Cc4ccccc4F)cc3)c2c1,6.28,1
CC(C)(O[C@@H]1O[C@H](CO)[C@@H](O)[C@H](O)[C@H]1O)[C@H]1Cc2cc3ccc(=O)oc3cc2O1,4.17,0
N#Cc1cc(C#N)c(NC2CCN(Cc3ccccc3)CC2)nc1Cl,5.27,0
CC(C)c1ccc(NC(=O)Oc2ccc3c(c2)[C@]2(C)CCOC2O3)cc1,7.57,1
O=C(NCCc1c[nH]c2ccccc12)c1ccc[n+](Cc2ccccc2)c1,4.52,0
COc1cc(C(=O)NCCCCCCCC(=O)NNc2c3c(nc4ccccc24)CCCC3)cc(OC)c1OC,8.28,1
CN(C)CCCCCCOc1ccc(C(=O)/C=C/c2ccccc2)cc1,4.85,0
CC[N+](CC)(CC)CCOc1cc(OCC[N+](CC)(CC)CC)c(C(=O)NCCCCCC(=O)NNc2c3c(nc4ccccc24)CCCC3)cc1OCC[N+](CC)(CC)CC,7.63,1
COc1ccc(OC)c(C2CC(c3cc(F)cc(F)c3)=NN2c2ccc(S(N)(=O)=O)cc2)c1,8.2,1
COc1ccc(CNc2c3c(nc4ccccc24)CCCC3)cc1OC,5.66,0
O=C1NCCCc2c1c1ccccc1n2CCc1ccc(F)cc1,5.0,0
CC(C)c1ccc(NC(=O)Oc2ccc3c(c2)C2(C)COC(C2)O3)cc1,5.37,0
Cc1ccc(C(=O)c2c(-c3ccc(OCCCCCCCN(C)Cc4ccccc4)cc3)oc3ccccc23)cc1,4.98,0
CC(=O)c1c[n+](Cc2cccc(Cl)c2)ccc1CC1Cc2cc(O)ccc2C1=O,6.93,1
CN1C[C@@H](c2cccc(F)c2)[C@@]2(CSc3ccccc3C2=O)C12C(=O)c1ccccc1C2=O,4.61,0
O=C1CCN(Cc2ccccc2)CC1=Cc1c[nH]c2ccccc12,5.1,0
CN(CCOCCNC(=S)NC(=O)c1ccc(-c2ccccc2)cc1)Cc1ccccc1,6.64,1
CCC(c1ccc(O)c(OC)c1)c1ccc(OC)cc1O,5.32,0
CCN(Cc1ccccc1)Cc1ccc(NC(=O)Cc2ccc(OC)c(O)c2)cc1,5.56,0
CC(=O)CCCCn1c(=O)c2c(ncn2C)n(C)c1=O,5.18,0
CCNCc1ccc2nc(-c3ccc(Cl)cc3)c3c(c2c1)N(Cc1ccccc1)CCC3,6.03,1
COc1cc2c(cc1OC)-c1cc3ccc(OC)c(OC)c3c[n+]1CC2,5.77,0
COc1cc2c(cc1OC)C(=O)C(CCCCCCCc1cccc(OC)[n+]1C)C2,6.645,1
O=C(C[C@H]1C[C@H]2CCCN2[C@]12C(=O)Nc1ccccc12)N1C/C(=C\c2cccc3ccccc23)C(=O)[C@]2(C[C@H]3CCCN3[C@@]23C(=O)Nc2ccccc23)C1,4.69,0
COc1cccc(C)c1,5.984999999999999,0
CCN(CC)Cc1cccc(C(=O)c2c(-c3ccc(OCCCCCCCN(C)Cc4ccccc4)cc3)oc3ccccc23)c1,4.28,0
COc1ccc(C(=O)N2c3ccccc3Sc3ccccc32)cc1,5.2,0
CCOC(=O)c1c(C)nc2nc3c(c(N)c2c1-c1ccc(Cl)cc1)CCCC3,5.89,0
CCN(CC)CCCOc1ccc(C(=O)/C=C/c2ccccc2)cc1,4.65,0
CCCCC1=NC2(CCCC2)C(=O)N1Cc1cc(OC)c(OC)cc1Br,7.08,1
CCN(CC)CCOc1ccc(C(=O)c2c(-c3ccc(OCCCCCCCN(C)Cc4ccccc4)cc3)oc3ccccc23)cc1,4.11,0
COc1cc2cc(C(=O)C3=CC[N+](C)(Cc4ccccc4)CC3)sc2cc1OC,6.28,1
Cc1ccccc1NC(=O)Oc1ccc2c(c1)[C@@]1(C)CO[C@H](C1)O2,7.42,1
COc1cc(CCC(=O)NNc2c3c(nc4ccccc24)CCCC3)cc(OC)c1OC,6.44,1
CCCCN(CCc1c[nH]c2cc(O)ccc12)CCC1CCCCCC1,4.15,0
O=C1c2ccccc2C(=O)N1CCCCCNCc1ccc(F)cc1,6.57,1
O=c1c2cc(OCCCN3CCCCC3)ccc2nc2n1CCCC2,6.65,1
CC(C)(C)c1cc(C=CC(=O)NCCC2CCN(Cc3ccc(F)cc3F)CC2)cc(C(C)(C)C)c1O,5.75,0
Clc1ccc(C(Cn2ccnc2)OCc2csc3c(Cl)cccc23)c(Cl)c1,7.0,1
O=C(C=Cc1ccc(O)cc1)NCCC1CCN(Cc2ccccc2)CC1,5.8,0
Cc1cc(C)cc(Oc2ccc3nc4c(c(N)c3c2)CCC4)c1,5.43,0
CCOC(=O)C1C(C)=Nc2nc3c(c(N)c2C1c1cccnc1)CCCC3,6.8,1
COc1ccc2c(c1)CC(NS(=O)(=O)N(C)C)CC2,7.8,1
CN(C)CCOC(=O)/C=C/c1ccc2occ(C(=O)Nc3ccccc3)c(=O)c2c1,5.43,0
O=C(CCc1c[nH]c2ccccc12)NCCCCCCCCNc1c2c(nc3cc(Cl)ccc13)CCCC2,9.3,1
COC/C(C=O)=C\CCC1=CC(c2cc(O)ccc2O)OC1=O,5.07,0
COc1cc2ncnc(N3CCN(c4ccccc4[N+](=O)[O-])CC3)c2cc1OC,6.04,1
O=C1CC2CCc3ccsc3C2=NN1CN1CCN(Cc2ccccc2)CC1,4.87,0
N#CC(C#N)C1=NCCN1CCNCc1ccc(CN2CCCCC2)o1,7.52,1
CNC(=O)Oc1ccc2c(c1)c(C)cn2Nc1ccncc1F,7.0,1
COc1cc2c(cc1OC)C(=O)C1(C2)C(c2ccccc2Cl)CN(C)C12C(=O)Nc1ccc([N+](=O)[O-])cc12,5.12,0
COc1ccc2[nH]cc(CCNC(=O)/C=C/c3cc[n+](Cc4ccc(F)cc4)cc3)c2c1,6.68,1
CN(C(=O)NCc1ccccc1)C(=O)Oc1ccc2c(c1)[C@]1(C)CCN(C)C1N2C,5.2,0
CNC(=O)Oc1ccc2c(c1)[C@]1(C)CCN(C)[C@@H]1N2,7.25,1
Clc1ccc2c(NCCCNCCCCCCOc3cccc4[nH]c5ccccc5c34)c3c(nc2c1)CCCC3,8.59,1
O=C(CNCc1ccccc1)Nc1ccc2nc3n(c(=O)c2c1)CCC3,6.64,1
Cc1ccc2cc(C3CC(c4sccc4Cl)=NN3)c(Cl)nc2c1,6.7,1
COc1ccc2oc(-c3ccc(CN(C)Cc4ccccc4)cc3)cc(=O)c2c1,4.74,0
COc1ccc2sc3c(C)ccc(NCCC4CCN(C)CC4)c3c(=O)c2c1,4.79,0
COc1cc2c(cc1OC)C(=O)C(Cc1cc[n+](Cc3ccccc3)cc1Br)C2,9.44,1
COc1ccc2nc3c(c(NCCCCCNC(=S)NC45CC6CC(CC(C6)C4)C5)c2c1)CCCC3,6.33,1
CCN(CC)CCCCCOc1ccc2c(c1)CC/C(=C\c1ccc(CN(C)Cc3ccccc3)cc1)C2=O,7.25,1
CC(C)C1=N[C@H]2CC=C3CC4C(=O)C[C@]5(C)[C@@H]([C@H](C)N(C)C)[C@H](OC(=O)C(C)(C)C)C[C@@]5(C)[C@@H]4CC[C@H]3[C@]2(C)CO1,6.08,1
CCOC(=O)C(=NNc1ccc(Br)cc1)C(=O)C(F)(F)F,5.87,0
O=C(CN1CCN(Cc2ccccc2)CC1)NC1c2cnn(-c3ccccc3)c2-c2c(Br)sc(Br)c21,6.06,1
O=C(NCCCCCCNCc1ccccc1)c1cc(Cl)nc(Cl)c1,5.5,0
COc1ccc2nc3c(c(NCCCCCCNC(=O)C(N)Cc4c[nH]c5ccccc45)c2c1)CCCC3,6.03,1
CN(Cc1ccccc1)Cc1ccc(/C=C2\Cc3ccc(OCCCCN4CCCCC4)cc3C2=O)cc1,6.75,1
CCOC(=O)C(=NNc1ccccc1[N+](=O)[O-])C(=O)C(F)(F)F,6.12,1
COc1ccc2nc3c(c(N4CCCCCN(c5c6c(nc7ccc(OC)cc57)CCCC6)CCCCC4)c2c1)CCCC3,5.34,0
CCOC(=O)C1=C(C)Oc2nc3c(c(N)c2[C@H]1c1cccs1)CCCCC3,4.84,0
COc1ccc2c(c1)CCC(Cc1cc[n+](Cc3cccc(C(F)(F)F)c3)cc1C(C)=O)C2=O,6.51,1
Clc1ccc(CNC2CCN(Cc3ccccc3)C2)cc1,6.75,1
COc1cc(N)c(Cl)cc1C(CCC1CCN(CC2CCCCC2)CC1)=NO,7.62,1
C[C@@H]([C@H]1CC[C@H]2[C@@H]3CC[C@H]4C[C@@H](N(C)C)CC[C@]4(C)[C@H]3CC[C@]12C)N(C)C,4.66,0
COc1ccc2c(c1)C[C@@H](NC(=O)N(C)C)CC2,7.65,1
C[C@@H]1CC[C@H]2C(C(=O)c3c4c(cn(O)c3=O)[C@@]3(O)CC[C@H](O)[C@H](O4)[C@@H]3O)[C@H](C)C=C[C@@H]2C1,4.33,0
Cc1ccc(-c2noc(-c3cccc(OCC4CCN(Cc5cccc(F)c5)CC4)c3)n2)cn1,6.42,1
C/C=C1\[C@H]2C=C(C)C[C@]1(N[C@H]1OC(=O)C3=C4CC(C)(C)C[C@H]4[C@@H](C)[C@@H](O)C[C@]31OC)c1ccc(=O)[nH]c1C2,6.0,0
Nc1cc(-c2ccccc2)nc2nc(-c3ccccc3)cc(C(F)(F)F)c12,5.15,0
Cc1ccc(C2CC(c3cccc(O)c3)=Nc3ccccc3S2)cc1,4.31,0
CCc1ccccc1NC(=O)Oc1ccc2c(c1)[C@]1(C)CCN(C)[C@@H]1N2C.O=C(O)C(O)C(O)C(=O)O,8.0,1
c1ccc2c(NCCOCCOCCNc3c4c(nc5ccccc35)CCCC4)c3c(nc2c1)CCCC3,7.71,1
O=C1C=C(NCCCCCCNCc2nc3ccccc3s2)C(=O)C=C1NCCCCCCNCc1nc2ccccc2s1,4.66,0
CCOC(=O)C1C(C)=Nc2nc3c(c(N)c2C1c1ccc(C)cc1)CCCC3,6.77,1
O=C(O[C@H]1CN2Cc3cc4c(cc3[C@]13C=C[C@@H](O)C[C@H]23)OCO4)c1ccccc1Cl,4.89,0
O=C(CCc1c[nH]c2ccccc12)NCCCCCCCCCCNc1c2c(nc3cc(Cl)ccc13)CCCC2,7.66,1
CCN(CC)CCOC(=O)/C=C/c1ccc2occ(C(=O)Nc3ccc(Cl)cc3)c(=O)c2c1,5.12,0
CNCOc1cccc(CN(C)CCCCCCCOc2ccc3c(=O)c4ccccc4oc3c2)c1,9.49,1
CN(CCOc1ccc2c3c(c(=O)oc2c1)CCCC3)Cc1ccccc1,5.55,0
COc1ccc2sc3c(N)ccc(NCC[C@@H]4CCCN5CCCC[C@H]45)c3c(=O)c2c1,5.62,0
COC(=O)C1=C(C)OP(=O)(OC)OCC1,5.985,0
COc1ccc(C(=O)c2c(C3CCN(Cc4cc(OC)ccc4OC)CC3)oc3ccccc23)cc1,4.21,0
COc1cc2oc(C(=O)NCCC3CCN(Cc4ccccc4)CC3)cc(=O)c2cc1OC,7.34,1
CCCCC/C=C\C/C=C\CCCCCCCC(=O)OCCCc1ccc2oc(-c3ccc4c(c3)OCO4)cc2c1,5.57,0
CCN(C)C(=O)Oc1cccc(CNCCc2c[nH]c3cc(F)ccc23)c1.O=C(O)/C=C/C(=O)O,4.76,0
CC1=CC2Cc3nc4cc(Cl)ccc4c(NCCCCCCCCCCCCNc4c5c(nc6ccccc46)CCCC5)c3C(C1)C2,8.72,1
COc1cccc(Oc2ccc3nc4c(c(N)c3c2)CCCCC4)c1,5.37,0
CN1CC[C@@]2(C)c3cc(OC(=O)Nc4ccccc4)ccc3N(C)[C@H]2O1,6.89,1
COc1cc2[se]n(-c3ccc(CN4CCCC4)cc3)c(=O)c2cc1OC,5.37,0
c1cc(C[n+]2cccc3ccccc32)cc(C[n+]2cccc3ccccc32)c1,4.4,0
Cc1ccc([N+]2=Cc3c(c4ccccc4n3C)CC2)cc1,5.82,0
CN(C)Cc1ccc(CSCCN=C(NC#N)NCCSCc2ccc(CN(C)C)o2)o1,6.54,1
COc1cc2c(cc1OC)C(=O)/C(=C/c1ccc(CN(C)Cc3ccccc3)c(O)c1)O2,4.58,0
CN1CC[C@@]2(C)c3cc(OC(=O)Nc4ccccc4)ccc3NC12,7.39,1
CCOC1(c2cc(O)ccc2O)C=C(CC/C=C(\C)CCC=C(C)C)C(=O)O1,5.13,0
CCNC(=O)Oc1ccc2c(c1)[C@]1(C)CCOC1N2C,7.09,1
CN(Cc1ccccc1)Cc1ccc(/C=C2\CCc3cc(OCCCCCN4CCN(Cc5ccc(F)cc5)CC4)ccc3C2=O)cc1,5.11,0
O=C(CCC1CCN(Cc2ccccc2F)CC1)c1ccc2c(c1)NCCCC2,6.48,1
CN1Cc2c(c(O)n(-c3ccc(Br)cc3)c2O)C12C(=O)c1ccccc1C2=O,4.13,0
CC(=O)Oc1cccc([N+](C)(C)C)c1,5.52,0
C[n+]1c(-c2ccccc2)cn2cc(C(N)=O)ccc21,5.02,0
Fc1ccc(CNC2CCN(Cc3ccccc3)C2)cc1,6.83,1
COc1ccc(CN2CCC(c3cc4ccccc4o3)CC2)cc1OC,4.28,0
CCOC(=O)C1C(C)=Nc2nc3c(c(N)c2C1c1ccc([N+](=O)[O-])cc1)CCCC3,6.51,1
CC(C)(C)c1cc(C=CC(=O)NCCC2CCN(Cc3ccccc3Cl)CC2)cc(C(C)(C)C)c1O,5.61,0
CCCCN(CCCC)CCCCOc1ccc(C(=O)/C=C/c2ccccc2)cc1,4.66,0
Brc1ccc([N+]2=Cc3ccccc3CC2)cc1,4.98,0
COc1cc2cc(C(=O)CCC3CC[N+](C)(CCOc4ccccc4)CC3)sc2cc1OC,6.41,1
CCOC(=O)C1=C(C)Oc2nc3c(c(N)c2C1c1ccc(C)cc1)CCCC3,6.74,1
CCOc1ccc(/C=N/NC(=O)CN2CCN(Cc3ccccc3)CC2)cc1,4.09,0
CN(CCC(=O)NCCNc1c2c(nc3ccccc13)CCCC2)C1CCCCC1,6.24,1
CN(Cc1ccc(C(=O)NCCc2c[nH]c3ccccc23)cc1)Cc1cccc(Cl)c1,5.29,0
COc1cc2c(cc1OC)C[N+](C)(CCCCCCc1cccc(OC)[n+]1C)CC2,6.77,1
O=C(Oc1cc(O)c2c(=O)cc(-c3ccc(O)cc3)oc2c1)N1CCCCC1,4.2,0
CC12CC3CC(C)(C1)CC(N)(C3)C2,6.11,1
S=C(NCCCCNc1c2c(nc3ccccc13)CCCC2)Nc1c[nH]c2ccccc12,7.6,1
C/C(=C/CCC(CO)c1cc2cc(O)c(O)cc2o1)CO,4.54,0
COc1cc2[se]n(CCCCCCNc3c4c(nc5ccccc35)CCCC4)c(=O)c2cc1OC,7.82,1
COc1cc2c(cc1OC)C(=O)C(CC1C=CN(Cc3ccccc3)C=C1C(C)=O)CC2,6.46,1
CC(COC(=O)c1ccc(Oc2nc(Oc3ccc(C(=O)OCC(C)N(C)C)cc3)nc(Oc3ccc(C(=O)OCC(C)N(C)C)cc3)n2)cc1)N(C)C,4.09,0
COc1ccc(CC(=O)Nc2ccc(CN(C)Cc3ccccc3)cc2)cc1OC,5.73,0
Cc1ccccc1NC(=O)Oc1ccc2c(c1)[C@]1(C)CC[N+](C)(C)C1N2C,7.84,1
Oc1ccc2c3c1O[C@H]1C[C@@H](O)C=C[C@@]31CCNC2,5.84,0
COc1ccc(/C=C/C(=O)NCCC2CCN(Cc3ccccc3)CC2)cc1OC,6.58,1
O=C(NCCNc1c2c(nc3ccccc13)CCCC2)Oc1ccc2cc[nH]c2c1,5.9,0
O=C(Nc1ccc2c(c1)CN(C(=O)c1cccc(Cl)c1)C(=O)C2)c1ccccc1,10.55,1
COc1ccc(/C=C/C(=O)c2cc(I)c(Cl)cc2O)cc1,7.93,1
CC(=O)O[C@H]1C[C@@H]2C(=CC[C@]3(C)[C@@H]([C@H](C)N(C)C)[C@H](O)C[C@@]23C)C[C@@]23O[C@@H]2[C@H]2OC[C@](C)([C@H]2NC(=O)c2ccccc2)[C@H]13,5.52,0
CCCCOC(=O)C(C)CC(=O)C[C@@H](C)[C@H]1CC(=O)[C@@]2(C)C3=C(C(=O)C(OC(C)=O)[C@]12C)[C@@]1(C)CC[C@H](O)C(C)(C)C1CC3=O,5.03,0
C/C=C1\[C@H]2C=C(C)C[C@]1(N[C@H]1OC(=O)C3=C4CC(C)(C)C[C@H]4[C@@H](C)[C@@H](O)C[C@]31O)c1ccc(=O)[nH]c1C2,5.66,0
CNC(=O)Oc1cccc2c1OCC1CCN(C)C21,7.52,1
c1cc(C[n+]2ccc(N3CCCCC3)cc2)cc(-c2cccc(C[n+]3ccc(N4CCCCC4)cc3)c2)c1,7.22,1
COc1ccc2nc3c(c(NCCN=C4CC(=O)c5c(O)cccc5C4=O)c2c1)CCCC3,6.19,1
Cc1cc(=O)oc2cc(OCc3cc[n+](Cc4ccccc4)cc3)ccc12,6.45,1
Cc1c(C)c2ccc(OCCNC3CCN(Cc4ccccc4)CC3)cc2oc1=O,5.77,0
CC(C)C1=N[C@H]2CC[C@]34C[C@]35C(=O)C[C@]3(C)[C@@H]([C@H](C)N(C)CCc6ccccc6)[C@H](O)C[C@@]3(C)[C@@H]5CC[C@H]4[C@]2(C)CS1,7.7,1
C[C@@H]([C@H]1CC[C@H]2[C@@H]3CC[C@H]4C[C@@H](NC(=O)c5ccccc5)[C@@H](O)C[C@]4(C)[C@H]3CC[C@]12C)N(C)C,4.11,0
COc1cccc2cc(CN(CCCCCCCNc3c4c(nc5ccccc35)CCCCC4)Cc3cc4cccc(OC)c4o3)oc12,6.7,1
O=C(Nc1ccc2c(c1)CN(C(=O)c1ccccc1)C(=O)C2)c1ccccc1,9.29,1
CC1=CC2Cc3nc4ccccc4c(NCCCCCCCCCCNc4c5c(nc6cc(Cl)ccc46)CCCC5)c3C(C1)C2,8.83,1
CN1CC[C@@]2(C)c3cc(OC(=O)Nc4ccccc4)ccc3N(C)[C@@H]12,7.66,1
CC1CC2C(=O)C(=O)C3CCCN4CCCC2[C@]34C1,4.78,0
