smiles,pchembl,label
Brc1ccc(-c2cc(-c3ccc4c(c3)OCO4)c(-c3cccs3)n2Cc2ccccc2)cc1,,0
Brc1ccc(-c2cnnc(N3CCCC3)n2)cc1,,0
Brc1ccc(-c2nnc(-c3ccco3)o2)cc1,,0
Brc1ccc(C2CCCc3cncn32)cc1,,0
Brc1ccc(Oc2cccc3nncn23)cc1,,0
Brc1cccc(-c2cnc3n2CCCCC3)c1,,0
Brc1cccc(-c2nc(-c3ccccn3)no2)c1,,0
Brc1ccccc1CSc1nnc(-c2cnccn2)o1,,0
Brc1cnc(NCCCOCC2CCOCC2)nc1,,0
C#CC(C)(C)OC(=O)C1CN=CNC1,,0
C#CCCN(CCCN)CC(O)c1cc(C(F)(F)F)nc2c(C(F)(F)F)cccc12,,0
C#CCN(C1CCCC1)S(=O)(=O)C=C,,0
C#CCN(C[C@@H]1c2c(c(O)n(-c3ccccc3)c2O)C[C@@H](OC(=O)NC2CC2)[C@H]1OC(=O)NC1CC1)S(=O)(=O)c1ccc(C)cc1,,0
C#CCN(Cc1ccco1)C(=O)c1cc(COc2cccc3cccnc23)on1,,0
C#CCN(c1nc(-c2cc(C)c(OC)cc2Cl)c(C)s1)[C@@H](CC1CC1)c1ccc(C)c(F)c1,,0
C#CCNC(=O)C1=C[C@@H](c2csc3ccccc23)C[C@@H](OCc2ccc(CO)cc2)O1,,0
C#CCNc1nc(NCCCCC2CCN(Cc3ccccc3)CC2)c(C#N)cc1C#N,9.0,1
C#CCOC(=O)c1ccc(-n2cncn2)nc1,,0
C#CCSc1nc(NNC(N)=S)c(C#N)c(-c2ccc(C)cc2)n1,,0
C#CCSc1nncn1-c1ccc(C(F)(F)F)cc1,,0
C#C[C@]1(O)CC[C@H]2[C@@H]3CCc4cc(C(C)=O)c(N5CCN(C(=O)C6CCCN6C(=O)c6ccc7ccccc7n6)CC5)cc4C3CC[C@@]21C,,0
C#Cc1cc(Oc2cnc(NC(C)CO)nc2N)c(C(C)C)cc1OC,,0
C#Cc1cc(Oc2cnc(NCC(C)O)nc2N)c(C(C)C)cc1OC,,0
C#Cc1cc(Oc2cnc(NCCCO)nc2N)c(C(C)C)cc1OC,,0
C#Cc1cccc(Nc2ncnc3cc(OCCOC)c(OCCOC(=O)c4ccccc4OC(C)=O)cc23)c1,,0
C#Cc1nc(-c2ccc(F)cc2)cn1C#C,,0
C(/C=C/C1=[N+](CCCc2ccccc2)c2cccc3cccc1c23)=c1\c2cccc3cccc(c32)n1CCCc1ccccc1,,0
C(=N/Nc1ccccn1)\c1c(-c2ccccc2)nc2n1ccc1nc(-c3ccccc3)c(/C=N/Nc3ccccn3)n12,,0
C(=Nn1cnnc1)c1ccc2c(c1)CCC2,,0
C(CCC[Te][Te]CCCCCCOC1CCCCO1)CCOC1CCCCO1,,0
C/C(=C1/c2ccc(Cn3c(C4CC4)nc4cscc43)cc2COc2cc(F)ccc21)c1nc(=O)o[nH]1,,0
C/C(=N/NC(=O)c1cc(-c2ccc(Br)s2)[nH]n1)c1ccco1,,0
C/C(=N\OC(Cn1ccnc1)c1ccc(F)cc1F)c1ccc(F)cc1,,0
C/C(=N\OC(Cn1ccnc1)c1ccc(F)cc1F)c1ccccc1F,,0
C/C(=N\OCCCCO)c1ccc2nnc(Cc3c(F)cc4ncccc4c3F)n2n1,,0
C/C(=N\OCCO)c1ccc2ncc([C@H](C)c3c(F)cc4ncccc4c3F)n2n1,,0
C/C(CCC(=O)OC[C@@H]1O[C@H](C#Cc2ccccc2)C=C[C@@H]1Oc1ccc(C)cc1)=N/O[C@@H](C)c1cn([C@H](CO)Cc2ccccc2)nn1,,0
C/C1=C\CC/C(C=O)=C\[C@@H]2[C@@H](CC1)C2(C)C,,0
C/C=C(/C)C(=O)O[C@H]1C(C)=C2[C@H]([C@@H]1OC(=O)CCCCCCC)[C@@](C)(OC(C)=O)C[C@H](OC(=O)C(C)CC)[C@@]1(O)[C@H]2OC(=O)[C@@]1(C)O,,0
C/C=C(\C)C(=O)O[C@@H](C[C@@]1(C)[C@H](C)C[C@H](OC(C)=O)[C@]2(COC(C)=O)[C@@H]1[C@H](OC(=O)C(C)CC)CC[C@]21CO1)C1=CC(=O)OC1,,0
C/C=C/C(=O)N(CC)C(CC)C(=O)N(C)C,,0
C/C=C/C=C\C=C\CN(C1Cc2cc(C#N)ccc2N(Cc2cncn2C)C1)S(=O)(=O)c1ccccn1,,0
C/C=C/[C@H]1C(C(=O)c2c(O)[nH]cc(-c3ccc(OC(=O)C4CC4)cc3)c2=O)=CC(C)[C@H]2CC[C@H](COC(=O)C3CC3)C[C@@H]21,,0
C/N=c1/scc(-c2ccc(Br)cc2)n1C,,0
C1=C(/C=N/N2CCN(c3ccccc3)CC2)CCCC1,,0
C1=C[C@H](C2CCCC2)OO[C@@H]1C1CCCC1,,0
C1CCC2(CC1)CC1(CCCCC1)OO2,,0
C1CCCn2c(nnc2C23CC4CC(CC(C4)C2)C3)CC1,,0
C1CCCn2c(nnc2C23CCC(c4nc(CC5CC5)no4)(CC2)CC3)CC1,,0
C=C(C(=O)C(OC(C)=O)[C@@H](C)[C@H]1[C@@H](OC(C)=O)C[C@@]2(C)[C@@H]3CC[C@H]4C(C)C(=O)C=C[C@@]45C[C@@]35CC[C@]12C)[C@@H](C)COC(=O)CCl,,0
C=C(C)C(C)(C)N(O)c1cc(C)on1,,0
C=C(C)C1CC[C@H]2[C@@H]3CC[C@H]([C@H](C)CCC(=O)N4CCCC4)[C@@]3(C)CC[C@@H]2[C@@]1(C)CCC(=O)N1CCCC1,,0
C=C(C)C=Cc1c(OCc2cn(C3CCN(C(=O)OC(C)(C)C)CC3)nn2)c(O)c2ccccc2c1O,,0
C=C(C)CN(CC)C(=O)CSc1nc(=O)cc(O)n1C1CCCC1,,0
C=C(C)[C@@H]1CC=C2[C@@H](CC[C@]23C(=C)CC[C@@]3(C)[C@H](C)CC(=O)C2CC(CCC=C(C)C)=CC[C@]2(C)C(=O)O)[C@@]1(C)CCC(=O)OC,,0
C=C(C)[C@@H]1CC=C2[C@@H](CC[C@]3(C)[C@@H]([C@H](C)CC(=O)CC(C)C(=O)OC)CC[C@@]23C)[C@@]1(C)CCC(=O)OC,,0
C=C(C)[C@@H]1CC[C@@]2(C)CC[C@@H](O)C(C)=C2C1,,0
C=C(C)[C@@H]1CC[C@]2(C(=O)O)CC[C@]3(C)[C@H](CC[C@@H]4[C@@]5(C)C[C@H](COC(C)=O)[C@H](OC(C)=O)[C@@](C)(COC(C)=O)[C@@H]5CC[C@]43C)[C@@H]12,,0
C=C(C)[C@@H]1CC[C@]2(C(=O)OCC)CC[C@]3(C)[C@H](CC[C@@H]4[C@@]5(C)CCC(=O)[C@@](C)(CO)[C@@H]5CC[C@]43C)[C@@H]12,,0
C=C(C)[C@@H]1CC[C@]2(C)C(C(=O)C=C3C4C[C@@](C)(C(=O)OCC)CC[C@]4(C)CC[C@]32C)[C@@]1(C)CCC(=O)OCC,,0
C=C(C)[C@@H]1C[C@@H](OC(C)C)/C(C)=C/CCC2=C[C@@H]1OC2=O,,0
C=C(C)[C@H](CC=C(C)C)C[C@@]12C[C@@H](CC(O)C(C)(C)O)C(C)(C)[C@@](CC=C(C)C)(C(=O)C(C(=O)c3ccc(O)c(O)c3)C1=O)C2=O,,0
C=C(C)[C@H](CC=C(C)C)Cc1c(O)c(C[C@@H](CC=C(C)C)C(=C)C)c2oc3c(O)c(O)ccc3c(=O)c2c1O,,0
C=C(C)c1ccc(-c2csc(NS(=O)(=O)c3ccccc3)n2)cc1,,0
C=C(C1C[C@@H]2O[C@]2(C)C(=O)C1OC(=O)/C(C)=C\C)[C@H](CC=C(C)C)OC(=O)/C(C)=C\C,,0
C=C(CCCC(C)=O)[C@@H]1[C@@H](OC(C)=O)OC=C2[C@H](CC=C(C)C)OC(=O)C[C@H]21,,0
C=C(CC[C@@H](C)[C@H]1CC=C2C3=C([C@@H](O)[C@H](OC(C)=O)[C@@]21C)[C@@]1(C)C[C@@H](O)[C@H](OC(=O)CCC(=O)OC)C(C)(C)[C@@H]1CC3)C(C)C,,0
C=C(CC[C@@H](C)[C@H]1CC=C2C3=C([C@@H](O)[C@H](OC(C)=O)[C@@]21C)[C@@]1(C)C[C@@H](OC(=O)CCC(=O)OC)[C@H](O)C(C)(C)[C@@H]1CC3)C(C)C,,0
C=C(CC[C@@H](C)[C@H]1CC[C@@H](C2CC=C3C[C@@H](O)CC[C@]3(C)C2=O)[C@]1(C)CCO)C(C)C,,0
C=C(CC[C@@H](C)[C@H]1CC[C@H]2C3=C[C@H](OC(C)=O)[C@@]4(O)C[C@@H](OC(C)=O)CC[C@]4(C)[C@@]3(O)[C@H](OC(C)=O)C[C@]12C)C(C)C,,0
C=C(Cl)CSC(=S)N(CC)CC,,0
C=C(N=[N+]=[N-])c1cn(COCCO)c(=O)[nH]c1=O,,0
C=C(c1cc(OC)c(OC)c(OC)c1)c1ccc2c(c1)c(C#N)cn2C,,0
C=C(c1ccc(C)cc1)C1COC(c2cc(C(C)CC)c3oc(=O)c(C(=O)OCC)cc3c2)OO1,,0
C=C(c1ccccc1)c1ccc(N(C)C)cc1,,0
C=C(c1ccccc1C)[n+]1ccccc1,,0
C=C/C(C)=C\C[C@]1(C)[C@H](C)C[C@H](O)[C@@]23C(=C[C@H](OC(=O)CC(C)C)C[C@@H]12)[C@@H](OC(C)=O)O[C@H]3OC(C)=O,,0
C=C/C=C/C/C(I)=C\CC#CC/C=C\C/C(I)=C\CCCC(=O)OC,,0
C=C1/C(=C\C=C2/CCC[C@]3(C)[C@@H]([C@@H](C/C=C/C(O)(C(C)(F)F)C(F)(F)F)CCCC(C)(C)O)CC[C@@H]23)C[C@@H](O)C[C@@H]1F,,0
C=C1/C(=C\C=C2/CCC[C@]3(C)[C@@H]([C@H](C/C=C\C(O)(C(F)(F)F)C(F)(F)F)CCCC(C)(C)O)CC[C@@H]23)C[C@@H](O)C[C@@H]1F,,0
C=C1/C(=C\C=C2/CC[C@@H](CCCCCCC(C)(C)O)[C@]3(C)[C@@H]([C@H](C)CCO)CC[C@@H]23)C[C@@H](O)C[C@@H]1O,,0
C=C1C(=O)O[C@@H]2/C=C(/C)[C@@H](O)C[C@H]3O[C@]3(C)C[C@@H](OC(=O)/C(C)=C\C)[C@@H]12,,0
C=C1C(=O)O[C@@H]2C[C@@H]3[C@]4(CC[C@]5(C)[C@@H]([C@H](C)CC(=O)C=C(C)C)CC[C@@]35C)C[C@]4(CCC(=O)OC)[C@H]12,,0
C=C1C(=O)O[C@@H]2C[C@@H]3[C@]4(CC[C@]5(C)[C@@H]([C@H](C)CC/C=C(\C)COC(=O)c6ccccc6)CC[C@@]35C)C[C@]4(CCC(=O)OC)[C@H]12,,0
C=C1C(=O)[C@@]2(C)CC[C@@H]3[C@]1(CC[C@H]1[C@@]3(C)CCC[C@@]1(C)C(=O)NCC(=O)OCCCOc1no[n+]([O-])c1S(=O)(=O)c1ccccc1)C2,,0
C=C1C=C(c2c(O)n(CC)c(=S)n(CC)c2=O)C=C(C)N1Cc1ccco1,,0
C=C1C=C[C@H]([C@@H](C)CC(=O)C=C(C)C)CC1,,0
C=C1CC(C/C=C(\C)CC2CC(=C)C(=O)O2)OC1=O,,0
C=C1CCC(=O)C(C)CCC2C1CC2(C)C,,0
C=C1CC[C@@H]2[C@H]([C@H]3[C@@H](C)CC[C@@H]13)C2(C)C,,0
C=C1CC[C@@H]2[C@](C)(COC(=O)CCC(=O)OC)CCC[C@@]2(C)[C@@H]1CCC1=CC(=O)OC1,,0
C=C1CC[C@@H]2[C@]3(C)COC(C)(C)O[C@@H]3CC[C@@]2(C)[C@@H]1C/C=C1/C(=O)OC[C@H]1Oc1cccnc1[N+](=O)[O-],,0
C=C1CC[C@H]2C(C)(C)CCC[C@]2(C)[C@H]1C/C=C(/CC(=O)OC)C(=O)OC,,0
C=C1[C@@H](OC(C)=O)CC[C@@]2(C)C[C@H](OC(=O)/C=C/c3ccccc3)C3=C(C)C[C@H](OC(C)=O)[C@@H]([C@@H](OC(C)=O)[C@H]12)C3(C)C,,0
C=C1[C@@H](OC(C)=O)C[C@@H]2[C@](C)(COC=O)[C@H](OC(C)=O)CC[C@@]2(C)[C@@H]1C[C@@H](Nc1ccc(C(=O)O)cc1)C1=CCOC1=O,,0
C=C1[C@@H]2C(OC(=O)C(C)CC)C(=O)C(=CC)[C@H]2[C@H](C(C)C)C[C@H]1OC(=O)/C=C(\C)CC,,0
C=C1[C@@H]2CC(=O)C([C@H](C)OC(C)=O)[C@H]2[C@H]([C@@]2(C)CO2)[C@@H](OC(=O)C(C)CC)[C@H]1OC(=O)/C=C(\C)CC,,0
C=C1[C@H]2C[C@@H](OC(C)=O)[C@]1(C)[C@@]1(C)CCC(C)=C[C@H]1O2,,0
C=CC#Cc1ccc(-c2cccs2)s1,,0
C=CC(=C)CC[C@]1(C)[C@H](C)C[C@H](OC)[C@@]23C(=C[C@H](OC(=O)CC)C[C@@H]12)[C@@H](OC)O[C@H]3OC(C)=O,,0
C=CC(=C)CC[C@]1(C)[C@H]2C[C@H](OC(=O)C(C)CC)C=C3[C@H](OC(C)=O)O[C@H](OC(C)=O)[C@@]32[C@H](O)C[C@@H]1C,,0
C=CC(=O)/C=C/c1ccccc1Cl,,0
C=CC(=O)N1CCN(c2nc(=O)n(-c3ccccc3C(C)C)c3cc(-c4ccccc4F)c(Cl)cc23)CC1,,0
C=CC(=O)NCCNC(=O)c1ccc(Oc2ccc(Cl)cc2NS(=O)(=O)c2ccc(Cl)c(C(F)(F)F)c2)cc1,,0
C=CC(=O)Nc1cc2c(Nc3ccc(Br)c(Cl)c3F)ncnc2cc1OCCNC(=O)NCCC,,0
C=CC(=O)Nc1cc2c(Nc3ccc(F)c(Cl)c3)ncnc2cc1OCc1cn(CCC(O)=NO)nn1,,0
C=CC(=O)Nc1cc2c(Nc3cccc(Cl)c3F)ncnc2cc1OCc1cn(CCCCC(O)=NO)nn1,,0
C=CC(=O)Nc1cccc(-n2c(=O)n(CC3CC3)c3cnc(Nc4ccc(N5CCOCC5)cc4)nc32)c1,,0
C=CC(=O)Nc1cccc(CNc2nc(Nc3cnn(C4CCOCC4)c3)ncc2Cl)c1,,0
C=CC(=O)Nc1cccc(Cn2nc(-c3ccc(Oc4ccccc4)cc3)cc2CO)c1,,0
C=CC(=O)Nc1cccc(Nc2nc(N/N=C/c3cn(Cc4ccccc4)c4ccccc34)ncc2Cl)c1,,0
C=CC(=O)Nc1cccc(Nc2nc(Nc3ccc(N(CCOC)CCOC)cc3)ncc2F)c1,,0
C=CC(=O)Nc1cccc(Nc2nc(Nc3ccc(OCCn4ccnc4)cc3)ncc2Cl)c1,,0
C=CC(=O)O[C@H]1CC[C@]2(C)[C@H]3CC=C4[C@@H]5CC(C)(C)CC[C@]5(C(=O)OCCCCO[N+](=O)[O-])CC[C@@]4(C)[C@]3(C)CC[C@H]2C1(C)C,,0
C=CC(=O)n1c(=O)n(C(=C)C)c2ccccc21,,0
C=CC(C)(C)O[C@H]1COc2ccc(/C=C/[C@H](OC)[C@@H](C)/C(=C\OC)C(=O)OC)cc2OC1(C)C,,0
C=CC(C)(O)CC[C@@H]1C(=C)CC[C@H](Br)[C@@]1(C)CCC(O)C(C)(C)Cl,,0
C=CCC(CC(=O)N(CCO)Cc1ccccc1)C(=O)NC[C@H](OC(=O)C(CC=C)Cc1ccc(F)cc1)c1ccccc1,,0
C=CCC1C=CC(ON=C(C)CCN2CCCCc3nc(C)c(C)cc32)C(CO)O1,,0
C=CCCCc1ccc2cc(N3CCCN(C(=O)c4cc(CC=C)ccc4-n4nccn4)CC3)ccc2c1,,0
C=CCCOC(=O)C[C@]1(C)[C@H]2CC[C@@H]3[C@H]4[C@H]5OC[C@@]4(CCC5(C)C)CC[C@@]3(C)[C@]2(C)CC[C@H]1C(C)(C)C(=O)OCC=C,,0
C=CCN(C(=O)COC(=O)c1cc[n+]([O-])cc1)c1nc(-c2ccccc2)cs1,,0
C=CCN(C)c1nc(I)nc2c1ncn2C(C)C,,0
C=CCN(CC#C[C@@H](O)[C@]12CC[C@@H](C(=C)C)[C@@H]1[C@H]1CC[C@@H]3[C@@]4(C)CC[C@H](OC(C)=O)C(C)(C)[C@@H]4CC[C@@]3(C)[C@]1(C)CC2)CC=C,,0
C=CCN(CC=C)P(=O)(N1CC1)N1CC1,,0
C=CCN(CC=C)S(=O)(=O)c1ccc(NC(=O)c2cc(C(F)(F)F)nn2C)cc1,,0
C=CCN(c1ccccc1)S(=O)(=O)c1cccc(C(=O)NCc2ccco2)c1,,0
C=CCN1C(=O)C2(OCCCO2)c2c(C)ccc(C)c21,,0
C=CCN1C(=O)c2ccccc2S1(=O)=O,,0
C=CCN1CC[N+]2(CC1)CC(C)OC(C)C2,,0
C=CCNC(=S)SCCOc1ccc(Nc2ncc(F)c(Nc3cccc(NC(=O)C=C)c3)n2)cc1,,0
C=CCOC(=O)C1=C[C@@H](c2ccc3c(c2)OCO3)C[C@@H](OCc2ccc(CO)cc2)O1,,0
C=CCOC(=O)c1ccc(-n2cncn2)nc1,,0
C=CCOc1c(Br)cc(/C=C(\C#N)C(=O)NC(C)C)cc1OCC,,0
C=CCOc1c(Br)cc(C(C)(C)c2cc(Br)c(OCC=C)c(Br)c2)cc1Br,,0
C=CCOc1ccc(C(=O)C=Cc2cc(CC=C)c(O)cc2OC)cc1,,0
C=CCOc1ccccc1CN(C(=O)CCl)c1ccc2c(c1)OCO2,,0
C=CCOc1nc(N2CCCC2)nc(N2CCCC2)n1,,0
C=CCSc1ccc2c3c(cccc13)C1=NC(=O)C(C(=O)OCC(=O)OCC(F)(F)C(F)(F)F)=C12,,0
C=CCSc1nc2cc(-n3nc(C(C)(C)C)oc3=O)c(F)cc2s1,,0
C=CCc1cc(NC(C)=O)c(O)c(-c2cc(C=CC)c(O)c(NC(C)=O)c2)c1,,0
C=CCc1ccc(O)c(-c2cc(O[C@H]3CCc4cc(CC=C)cc(-c5cc(CC=C)ccc5O)c4O3)ccc2O)c1,,0
C=CCc1ccc(O)c(-c2ccc(OCCCc3c4[n+](cc5c(OC)c(OC)ccc35)CCc3cc5c(cc3-4)OCO5)c(CC=C)c2)c1,,0
C=CCc1ccc(OCCC)c(-c2ccc(OCCCCCc3c4[n+](cc5c(OC)c(OC)ccc35)CCc3cc5c(cc3-4)OCO5)c(CC=C)c2)c1,,0
C=CCc1ccc(OCCOc2cccc3ccc(C)nc23)c(OC)c1,,0
C=CCc1ccccc1OCC(O)CN1C(=O)c2ccccc2C1=O,,0
C=CCn1c(-c2ccccc2Cl)nn(C2CCC3OCC2O3)c1=S,,0
C=CCn1c(CC(=O)Nc2ccc(C)cc2C)nnc1SCC(=O)N1CCOCC1,,0
C=CCn1c(COc2ccccc2)nnc1SCc1ccc(C#N)cc1,,0
C=CCn1c(Cc2csc(N)n2)nnc1SCC(=O)Nc1ccc(C(=O)OCC)cc1,,0
C=CCn1c(SCC(=O)NC2CCCC2)nc2scc(-c3ccco3)c2c1=O,,0
C=CCn1c(SCC(=O)Nc2cc(C)on2)nnc1C1COc2ccccc2O1,,0
C=CCn1c(SCc2c(C)noc2C)nc2sc(C)c(C)c2c1=O,,0
C=CCn1c(SCc2c(F)cccc2Cl)nnc1-c1ccco1,,0
C=CCn1c(SCc2nc(=O)c3c(-c4ccccc4)csc3[nH]2)nnc1-c1ccccc1F,,0
C=CCn1cc(C(=O)OC)c(=O)c2cc(S(=O)(=O)N(CC)CC)ccc21,,0
C=CCn1cc(C(=O)c2cc(Br)ccc2O)cc(C#N)c1=O,,0
C=CCn1cnc2c3cccnc3n(-c3ccccc3)c(=O)c21,,0
C=COCCOCCOc1ccn2c(C(=O)Nc3cccc4c3c(C3CC3)nn4Cc3cccc(C)n3)cnc2c1,,0
C=CS(=O)(=O)C1=C[C@H](OC)O[C@@H]1COC(c1ccccc1)(c1ccccc1)c1ccccc1,,0
C=C[C@@H](O)C#CC#C[C@H](/C=C\CCCCCCC)O[C@]1(C)CC[C@@H](C(C)C)[C@@H](O)[C@@H]2[C@@](C)(O)CC[C@]21O,,0
C=C[C@@H]1C2=CCOC(=O)C2=CO[C@H]1O[C@@H]1O[C@H](COC(=O)c2ccccc2)[C@@H](O)[C@H](OC(=O)c2ccccc2)[C@H]1OC(=O)c1ccccc1,,0
C=C[C@@](C)(O)CC/C=C(\C)C(=O)O[C@@]12C=CO[C@@H](O[C@@H]3O[C@H](CO)[C@@H](O)[C@H](O)[C@H]3O)[C@@H]1[C@@]1(CO)O[C@H]1[C@H]2OC(=O)/C(C)=C/CC/C(C)=C/CO,,0
C=C[C@H](C#CC#C[C@@H](O)/C=C\CCCCCCC)O[C@]1(C)CC[C@@H](C(C)C)[C@@H](O)[C@@H]2[C@@](C)(O)CC[C@]21O,,0
C=C[C@]1(C)CC[C@@H](C(=C)COC(=O)CCC(=O)OCC#CCOc2no[n+]([O-])c2S(=O)(=O)c2ccccc2)C[C@H]1C(=C)C,,0
C=C[C@]1(C)C[C@@]2(O)[C@H](CC1=O)C13CO[C@@](O)([C@H]1[C@@](C)(COC(=O)c1ccccc1)CC[C@H]3O)[C@H]2OC(C)=O,,0
C=C[Si](OC(=C)C)(OC(=C)C)OC(=C)C,,0
C=Cc1cccc2c3cc4c(cc3c(=O)n(CC)c12)OCO4,,0
C=Cn1nc(C)c(-c2ncnc3[nH]ccc23)n1,,0
C=c1c(=Cc2c(C)[nH]n(-c3ccccc3)c2=O)cc(C)n1C,,0
C=c1c(C(=O)NCCOc2ccc(/C=C/C(O)=NO)cc2)c(C)[nH]c1=Cc1c(O)[nH]c2ccc(F)cc12,,0
C=c1c(C)c(O)c(=C)c(COC(=O)OCOc2c(Br)cc(Br)c3nc4ccccc4nc23)c1O,,0
C=c1c(O)c(Cl)c(Cl)c(O)c1=C,,0
C=c1ccc(=c2[nH]/c(=C/N3CCOCC3)c(=O)o2)cc1,,0
CC#C[C@]1(O)CC[C@H]2C3=C(C4=C(CC3)CC(=O)CC4)C(c3ccc(OCCCCCCCCCBr)cc3)C[C@@]21C,,0
CC(/C=C/C=C/C(O)CC(O)C=C1OC(C)(O)C(=O)C1C)=C\C=C\C(C)C(O)C(C)CCc1ccccc1,,0
CC(/C=C/C=C\C(O)CC(O)C=C1OC(C)(O)C(=O)C1C)=C\C=C\C(C)C(O)C(C)CCc1ccccc1,,0
CC(=NNC(=O)C(N)=O)c1c(O)cc(C)oc1=O,,0
CC(=NO)c1ccc(COc2cc(F)cc(C3CCOCC3)c2)cc1,,0
CC(=Nn1c(/N=C/c2ccccc2Cl)c(C#N)c(-c2ccccc2O)c(C#N)c1=O)c1nc2ccccc2[nH]1,,0
CC(=O)/C=C/c1ccc(C(F)(F)F)cc1,,0
CC(=O)C(=C[C@@H]1O[C@H](c2ccccc2)O[C@H](CC(=O)Oc2ccccc2)C1C(=O)Oc1ccccc1)C(C)=O,,0
CC(=O)C(=Cc1cccc(C#N)c1)C(C)=O,,0
CC(=O)C1=C(C)N(c2cccc(C(F)(F)F)c2)C(=O)N(C)C1c1ccc(C#N)cc1C(=O)NC1CC1,,0
CC(=O)C1C(C)=NC(SCC(N)=O)=C(C#N)C1c1cccs1,,0
CC(=O)C1C(c2ccccc2)C2(C)OC(=O)C(C#N)C12C,,0
CC(=O)C1CC[C@H]2[C@H]3[C@H]([C@H](O[C@@H]4CCCCO4)C[C@]12C)[C@@]1(C)CCC(=O)C[C@@H]1C[C@H]3OC(=O)c1ccccc1,,0
CC(=O)C1CC[C@H]2[C@H]3[C@H]([C@H](O[C@@H]4CCCCO4)C[C@]12C)[C@@]1(C)CCC(=O)C[C@H]1C[C@H]3OC1CCCCO1,,0
CC(=O)CSc1nc2cc3c(cc2cc1C#N)OCCO3,,0
CC(=O)Cn1c(=O)oc2ccccc21,,0
CC(=O)N(C(C)=O)c1nc(-c2n[nH]c(=S)n2-c2ccc(C)cc2)cs1,,0
CC(=O)N(C)CC#CCN1CCC[C@H]1CF,,0
CC(=O)N(CC(=O)O)c1ccccc1C,,0
CC(=O)N(Cc1cc(-c2ncco2)ccc1-c1ccccc1S(=O)(=O)Nc1onc(C)c1C)C(C)C,,0
CC(=O)N1N=C(c2ccc(O[C@H]3O[C@@H]4O[C@@]5(C)CC[C@H]6[C@H](C)CC[C@@H]([C@H]3C)[C@@]46OO5)cc2)CC1c1ccc(Br)cc1,,0
CC(=O)NC(C)(c1ccccc1)c1nc(-c2ccc(N(C)C)cc2)cs1,,0
CC(=O)NC(C)c1ccc(C(=O)CSc2nnc(C3CC3)n2C2CC2)cc1,,0
CC(=O)NC(Cc1c[nH]cn1)C(=O)NC(CCC(N)=O)C(=O)NC(Cc1ccc(-c2ccccc2)cc1)C(=O)N1Cc2ccccc2CC1C(N)=O,,0
CC(=O)NCCNC(=O)c1cc(Cl)c(Cl)n1C,,0
CC(=O)NCCc1ccc(C(=O)COC(=O)c2ccc(C)s2)cc1,,0
CC(=O)N[C@H]1[C@H]([C@H](O)[C@H](O)CNC(=O)C(=O)Nc2ccccc2)O[C@@](OCCCn2cc(-c3ccc(-c4ccccc4)cc3)nn2)(C(=O)O)C[C@@H]1O,,0
CC(=O)Nc1c(C)noc1C=Cc1ccc(C)c(S(=O)(=O)NC2CC2)c1,,0
CC(=O)Nc1cc(NC(C)=O)cc(N(CCCl)CCCl)c1,,0
CC(=O)Nc1ccc(-c2ccnc(Nc3ccccc3)n2)cc1,,0
CC(=O)Nc1ccc(C(=O)N(C)C(C)Cc2cc(C)ccn2)cn1,,0
CC(=O)Nc1ccc(C)c(Nc2nccc(-c3cccnc3)n2)c1,,0
CC(=O)Nc1ccc(C)cc1C(F)(F)C(=O)NC(C)C,,0
CC(=O)Nc1ccc(CCC(=O)N=CC(=O)N(C)c2ccc(C)c(COc3cccc4ccc(C)nc34)c2C)cn1,,0
CC(=O)Nc1ccc(CCC(=O)N=CC(=O)N(C)c2ccc(Cl)c(COc3cccc4c(N(C)C)cc(C)nc34)c2Cl)cn1,,0
CC(=O)Nc1ccc(NC(=O)CSc2ncnc3sc(C)c(C)c23)cc1,,0
CC(=O)Nc1ccc(S(=O)(=O)N(C)CC(=O)N(C)Cc2sccc2C)cc1,,0
CC(=O)Nc1ccc(S(=O)(=O)NCCSCc2ccco2)cc1,,0
CC(=O)Nc1cccc(-n2nnc(SCC(=O)NCc3cccs3)n2)c1,,0
CC(=O)Nc1cccc(N=CC(C=O)c2nc3ccccc3o2)c1,,0
CC(=O)Nc1cccc(NC(=O)CS(=O)(=O)c2cn(CC(=O)N(C(C)C)C(C)C)c3ccccc23)c1,,0
CC(=O)Nc1cnc2c(ccn2-c2cc(NC(C)C)c(C(=O)NC[C@@H](F)C(C)(C)O)cn2)c1,,0
CC(=O)Nc1sc2c(c1C(=O)O)CCNC2,,0
CC(=O)Nn1c(-c2ccccc2)n[nH]c1=S,,0
CC(=O)Nn1c(Cc2csc(NC(=O)CCl)n2)nnc1SCC(=O)N/N=C/c1ccccc1,,0
CC(=O)OC(C)c1cc2c(s1)C(=O)c1ccsc1C2=O,,0
CC(=O)OC(C)c1cc2c(s1)C(=O)c1sccc1C2=O,,0
CC(=O)OCC(CCl)OC(C)=O,,0
CC(=O)OCCOCNC(=S)N/N=C/c1cc(Br)cs1,,0
CC(=O)OCP(C)(=O)COC(C)=O,,0
CC(=O)OC[C@@]1(C)[C@@H]2CC[C@]3(C)[C@H](CC=C4[C@@H]5CC(C)(C)CC[C@]5(C(=O)O)[C@@H](OC(C)=O)C[C@]43C)[C@@]2(C)CC[C@@H]1OC(C)=O,,0
CC(=O)OC[C@@]1(C)[C@@H]2CC[C@]3(C)[C@H](CC=C4[C@H]5[C@](C(=O)NC(C)CO)(CC[C@@H](C)[C@@]5(C)O)CC[C@]43C)[C@@]2(C)CC[C@@H]1OC(C)=O,,0
CC(=O)OC[C@@]1(O)[C@@H](OC(C)=O)C[C@]2(O)C(COC(=O)C(OC(=O)CC(C)C)C(C)C)=CO[C@@H](OC(=O)CC(C)C)[C@H]12,,0
CC(=O)OC[C@H]1OC(O[C@H]2CC[C@@]3(C)C(=CC[C@H]4[C@@H]5CC[C@H](/C(C)=N/OCC=C(C)C)[C@@]5(C)CC[C@@H]43)C2)C=C[C@@H]1OC(C)=O,,0
CC(=O)OC[C@H]1O[C@@H](Sc2nnc(-c3ccccc3O)n2/N=C/c2ccccc2Cl)[C@H](OC(C)=O)[C@@H](OC(C)=O)[C@@H]1OC(C)=O,,0
CC(=O)OC[C@H]1O[C@@H](Sc2nnc(-c3cn(-c4ccccc4)nc3CC(C)C)o2)[C@H](OC(C)=O)[C@@H](OC(C)=O)[C@@H]1OC(C)=O,,0
CC(=O)OC[C@H]1O[C@@H](n2cc(CN3C(=O)/C(=C\C=C\c4ccccc4)c4ccccc43)nn2)[C@H](OC(C)=O)[C@@H](OC(C)=O)[C@@H]1OC(C)=O,,0
CC(=O)OC[n+]1cccc([C@H]2SCc3c(C(=O)c4cn(C(=O)N(C)C)c5cc(-c6ccc(F)cc6)ccc45)ccn32)c1,,0
CC(=O)O[C@@H]1C[C@H]2C(C)(C)/C(=N/OCc3ccccc3)C=C[C@]2(C)[C@H]2CC[C@@]3(C)[C@@H](c4ccoc4)OC(=O)C4O[C@]43[C@@]21C,,0
CC(=O)O[C@H](/C=C\[C@H]1CC=CC(=O)O1)C[C@@H](OC(C)=O)[C@H](C)OC(C)=O,,0
CC(=O)O[C@H](c1nc2ccccc2c(=O)n1C1C[C@]2(OC1=O)c1ccccc1N1C(=O)C(C)N[C@H]12)C(C)C,,0
CC(=O)O[C@H]1CC[C@@H](C)[C@]23OC(C)(C)[C@H](C[C@H](OC(=O)c4ccccc4)[C@]12C)[C@H]3OC/C=C/c1ccccc1,,0
CC(=O)O[C@H]1CC[C@@]2(C)C(=CC[C@H]3[C@@H]4C/C(=C\c5ccc(N(C)C)cc5)[C@H](OC(C)=O)[C@@]4(C)CC[C@@H]32)C1,,0
CC(=O)O[C@H]1CC[C@@]2(C)C(C1)/C(=N/NC(=S)NC1CCCCC1)C[C@H]1[C@@H]3CC[C@H]([C@H](C)CCCC(C)C)[C@@]3(C)CC[C@@H]12,,0
CC(=O)O[C@H]1C[C@H]2[C@@H](CC[C@@H]3CC4(CC[C@@]32C)OOC2(CCCCC2)OO4)[C@@H]2CC[C@H]([C@H](C)CCC(=O)N3CCCCC3)[C@@]12C,,0
CC(=O)O[C@H]1C[C@]2(O)C(COC(=O)C(OC(=O)CC(C)C)C(C)C)=CO[C@@H](OC(=O)CC(C)C)[C@@H]2[C@@]1(O)COC(=O)CC(C)C,,0
CC(=O)Oc1ccc(/C=C/C(=O)OCCCSc2nc(-c3ccc(S(N)(=O)=O)cc3)n(-c3ccccc3)n2)cc1OC(C)=O,,0
CC(=O)[C@@]12C=C[C@H](O1)C1CCCCC2C1=O,,0
CC(=O)c1c(C)[nH]c(C(=O)CSc2nnc3ccccn23)c1C,,0
CC(=O)c1c2c3c(cccc3n(C)c1=O)C(=O)c1ccccc1-2,,0
CC(=O)c1cc(Br)cc(F)c1OCC(=O)NC(C)C,,0
CC(=O)c1ccc(/C=C/c2ccc3c(c2)OCO3)cc1,,0
CC(=O)c1ccc(NC(=O)C(=NNC(N)=O)C(C#N)CC(C)(C)C=O)cc1,,0
CC(=O)c1ccc(OCC(=O)c2cc(C)n(-c3ccc4c(c3)OCO4)c2C)cc1,,0
CC(=O)c1ccc(OCC2CN(C(=O)c3cc(C)n(Cc4cccs4)c3C)CCO2)cc1F,,0
CC(=O)c1ccc(S(=O)(=O)Nc2cccc(-c3ccc(N4CCCC4)nn3)c2)cc1,,0
CC(=O)c1cccc(N=CCc2nnnn2-c2ccc(F)cc2)c1,,0
CC(=O)c1cn(Cc2ccc(C#N)cc2)c2ccccc12,,0
CC(C#N)CN(C)C1CCN(C(=O)Cn2cc(NC(=O)c3cnn4cccnc34)c(-c3cc(Cl)ccc3OC(F)F)n2)CC1,,0
CC(C)(C(=O)NCCn1ccc2ncnc(Nc3ccc(Oc4cccc(C(F)(F)F)c4)c(Cl)c3)c21)S(C)(=O)=O,,0
CC(C)(C)C(=O)C(Cc1cccc(-c2cc(C(C)(C)S(C)(=O)=O)cc3cccnc23)c1)c1ccc(S(C)(=O)=O)cc1,,0
CC(C)(C)C(=O)OCOP(=O)(OCOC(=O)C(C)(C)C)C(Cl)(Cl)P(=O)(OCOC(=O)C(C)(C)C)OCOC(=O)C(C)(C)C,,0
CC(C)(C)C(=O)O[C@@H]1COC2C1OC[C@H]2O,,0
CC(C)(C)C(N)C(=O)N1C[C@H](O)C[C@H]1B(O)O,,0
CC(C)(C)C(NC(=O)C(CCCc1ccc(-c2ccccc2)cc1)CC(O)=NO)C(=O)NC(c1ccccc1)c1ccccc1,,0
CC(C)(C)C1=CC(=O)C(=O)C(C(C)(C)C)=C1,,0
CC(C)(C)CC(NC(=O)N1CCOCC1)C(=O)NCCNc1ccc(OC(F)(F)F)cc1,,0
CC(C)(C)N(C(=O)N(CCCl)N=O)C1CCCCC1,,0
CC(C)(C)NC(=O)CSc1nnc(CN2CCCCCC2=O)n1-c1ccccn1,,0
CC(C)(C)OC(=O)N1CCN(C(=S)SCc2cn(Cc3ccc(Cl)c(Cl)c3)nn2)CC1,,0
CC(C)(C)OC(=O)NC(=O)C1CCCN1C(=O)C(CC1CCCC1)CN(O)C=O,,0
CC(C)(C)[Si](C)(C)OCC#C[C@@]1(O)CCCCC1CC(Sc1ccccc1)Sc1ccccc1,,0
CC(C)(C)[Si](C)(C)OCC1OC(n2ccc(N)nc2=O)C(O[Si](C)(C)C(C)(C)C)C1O[Si](C)(C)C(C)(C)C,,0
CC(C)(C)[Si](OCC[C@H]1OC(=O)C(Sc2ccccc2)[C@@H]1CCO)(c1ccccc1)c1ccccc1,,0
CC(C)(C)c1[nH]nc(O[C@@H]2O[C@H](CO)[C@@H](O)[C@H](O)[C@H]2O)c1Cc1ccccc1OCc1ccccc1,,0
CC(C)(C)c1cc(F)c2c(=O)n(-c3cccc(-n4cc(C(N)=O)c5ccc(-c6ccccc6F)nc54)c3CO)ncc2c1,,0
CC(C)(C)c1cc[n+](CCCCCC[n+]2ccc(C(C)(C)C)cc2)cc1,7.5,1
CC(C)(C)c1ccc(CN(CC/C=C/c2ccccc2)n2cnnc2)cc1,,0
CC(C)(C)c1ccc(COCC(Cn2cncn2)c2ccc(Cl)cc2Cl)cc1,,0
CC(C)(C)c1ccc(Cn2nnc3c(=O)[nH]c(C4CCCN(C(=O)Cc5cccs5)C4)nc32)cc1,,0
CC(C)(C)c1ccc(NC(=O)CCN)c(-c2ccc(-c3cc(C(C)(C)C)ccc3NC(=O)CCN)cc2)c1,,0
CC(C)(C)c1ccc2c(c1)[C@@H]1O[C@H](COCc3ccccc3)[C@@H](OCc3ccccc3)[C@H](OCc3ccccc3)[C@H]1CS2(=O)=O,,0
CC(C)(C)c1csc(CS(=O)(=O)c2ccccn2)n1,,0
CC(C)(C)n1c(=O)n(-c2ccccc2)n(C(C)(C)C)c1=O,,0
CC(C)(C)n1ncc(OCc2ccc(OCCCF)cc2)c(Cl)c1=O,,0
CC(C)(C)n1ncc(OCc2ccc(OCCOCCF)cc2)c(Cl)c1=O,,0
CC(C)(C)n1ncc(OCc2nnc(-c3ccccc3F)s2)c(Cl)c1=O,,0
CC(C)(C)n1ncc2c(=O)n(Cc3cccc(Cn4cnc5c(cnn5C(C)(C)C)c4=O)c3F)cnc21,,0
CC(C)(CC(O)(Cc1cc2ncncc2[nH]1)C(F)(F)F)c1cc(Cl)cc2c1OCC2,,0
CC(C)(CN1C(=O)c2cccc3cccc(c23)C1=O)C[N+](C)(C)CCCCCCCCCC[N+](C)(C)CC#CCOC1=NOCC1,,0
CC(C)(Cc1nnc(CN2C(=O)COc3c(Cl)cc(Cl)cc32)n1CCC(F)(F)F)c1ccccc1,,0
CC(C)(O)C(C)(C)OB(OC(C)(C)C(C)(C)O)c1ccncc1F,,0
CC(C)(O)CCC[C@@H](C/C=C/C(O)(C(C)(F)F)C(F)(F)F)[C@H]1CC[C@H]2/C(=C/C=C3C[C@@H](O)C[C@H](O)C3)CCC[C@]12C,,0
CC(C)(O)CCC[C@@H](C/C=C\C(O)(C(F)(F)F)C(F)(F)F)[C@H]1CC[C@H]2/C(=C/C=C3C[C@@H](O)C[C@H](O)C3)CCC[C@]12C,,0
CC(C)(O)CCC[C@H](C/C=C/C(O)(C(C)(F)F)C(F)(F)F)[C@H]1CC[C@H]2/C(=C/C=C3C[C@@H](O)C[C@H](O)C3)CCC[C@]12C,,0
CC(C)(O)CCC[C@H](C/C=C\C(O)(C(F)(F)F)C(F)(F)F)[C@H]1CC[C@H]2/C(=C/C=C3C[C@@H](O)C[C@H](O)C3)CCC[C@]12C,,0
CC(C)(O)Cn1cc(-c2ccc3c(c2)OCCc2sc(-c4ncnn4CC(F)(F)F)nc2-3)cn1,,0
CC(C)(O)[C@H](F)CNC(=O)c1cnc(-n2ccc3cc(C#N)cnc32)cc1NC1CCC(C(N)=O)CC1,,0
CC(C)(O)[C@H](F)CNC(=O)c1cnc(-n2ccc3cc(C#N)cnc32)cc1NC1CCC(F)C1,,0
CC(C)(O)[C@H](F)CNC(=O)c1cnc(-n2ccc3cc(C#N)cnc32)cc1Nc1ccc(C(N)=O)cc1,,0
CC(C)(O)[C@H](F)CNC(=O)c1cnc(-n2ccc3cc(C#N)cnc32)cc1Nc1ccc2[nH]ncc2c1,,0
CC(C)(O)[C@H](F)CNC(=O)c1cnc(-n2ccc3cc(C#N)cnc32)cc1Nc1cccc(C#N)c1,,0
CC(C)(O)c1ccc(N2CCN(c3nnc(CC4=CC=C(F)C5OC45F)c4ccccc34)CC2)nc1,,0
CC(C)=CCC/C(C)=C/CC/C(C)=C/C1Oc2c(C=CC(C)CC/C=C(\C)CCC=C(C)C)cc(O)cc2C2=C1C(=O)C1=C(NCCS1(=O)=O)C2=O,,0
CC(C)=CCC/C(C)=C/CC/C(C)=C/CCCC(P(=O)(OCOC(=O)C(C)(C)C)OCOC(=O)C(C)(C)C)S(=O)(=O)O,,0
CC(C)=CCC[C@](C)(/C=C/[C@@H](OC(=O)C=C(C)C)[C@](C)(O)/C=C/C(=O)/C=C/N(C)C)CC=O,,0
CC(C)=CCC[C@]1(C)[C@@H](CC=C(C)C)C[C@]23C[C@@H](C(C)(C)O)OC2=C(CC=C(C)C)C(=O)[C@@]1(C(=O)C(C)C)C3=O,,0
CC(C)=CCN1C(=O)C2(OC(COc3ccccc3)CC3=CCCC32)c2c(Br)cccc21,,0
CC(C)=CCOc1cc(Oc2ccc(S(=O)(=O)N3CCOCC3)cc2)cc(C(=O)Nc2ncc(F)s2)c1,,0
CC(C)=CCOc1ccc(-c2cnc(-c3cccnc3)o2)cc1,,0
CC(C)=CC[C@@H](OC(=O)C1CCOC1)C1=CC(=O)c2c(O)ccc(O)c2C1=O,,0
CC(C)=CC[C@H]1C[C@@]23C[C@@H](CC=C(C)C)C(C)(C)[C@@](CC=C(C)C)(C(=O)C(C(=O)c4ccc(O)c(O)c4)=C2OC1(C)C)C3=O,,0
CC(C)=CCc1c(O)cc(O)c2c1O[C@@]13C(=CC4C(=O)C1(CC=C(C)C)OC[C@@H]3[C@H]4COC(=O)/C=C/c1ccccc1)C2=O,,0
CC(C)=CCn1c2ccc(NC(=O)OCCF)cc2c(=O)n1C,,0
CC(C)=CCn1cc(CCN2C(=O)c3ccccc3C2=O)c2ccccc21,,0
CC(C)=NO[C@@H](C)c1cc(-c2c(C)cc(C)cc2C)no1,,0
CC(C)C(=O)C1C(=O)C(=O)N(c2ccc(-c3ccsc3)cc2)C1c1cccnc1Cl,,0
CC(C)C(=O)NCCc1cc2nc(-c3ccncc3)ccn2n1,,0
CC(C)C(Br)C(=O)NCC(=O)O,,0
CC(C)C(C(O)=NO)N(CCn1cc(CN(C)S(=O)(=O)c2ccc(F)cc2)nn1)S(=O)(=O)c1ccc(OCCF)cc1,,0
CC(C)C(NC(=O)C(Cc1cccnc1)NC(=O)N[C@H](C)c1ccc(F)cc1)C(=O)NC(CCCN=C(N)N)C(=O)c1nccs1,,0
CC(C)C(NC(=O)C(NC(=O)N[C@H](C)c1ccc(Br)cc1)C1CCCCC1)C(=O)NC(CCCN=C(N)N)C(=O)c1nccs1,,0
CC(C)C(NC(=O)c1cc(-c2nc3cc([N+](=O)[O-])ccc3[nH]2)ccc1O)C(=O)NC(Cc1ccccc1)C(=O)NC(Cc1c[nH]cn1)C(=O)O,,0
CC(C)C(NC(=O)c1ccc(C(=O)N2CCOCC2)cc1)C(=O)N1CCCC1C(=O)NC(C(=O)C(F)(F)C(F)(F)F)C(C)C,,0
CC(C)C(NC(=O)c1ccc(N=[N+]=[N-])cc1)c1nc(C(=O)Nc2ccccc2C(=O)c2ccc(Br)cc2)cs1,,0
CC(C)C(NC(=O)c1ccccc1F)C(=O)NCCc1ccccn1,,0
CC(C)C1=CC[C@H](CS(=O)(=O)c2nc3ccccc3o2)[C@@]12C=CC(=O)CC2,,0
CC(C)C1C(=O)N(Cc2cn(CCC3OCCCO3)nn2)CCS(=O)(=O)N1Cc1ccc(-c2cccc(N(C)C)c2)cc1,,0
CC(C)C1NC(=O)C[C@H]2/C=C/CCSSCC(NC1=O)C(=O)Nc1cccc(c1)CC(=O)O2,,0
CC(C)C1NC(=O)[C@]2(C)CSC(=N2)c2csc(n2)CNC(=O)C[C@@H](/C=C/CCSC(=O)CCCCO[N+](=O)[O-])OC1=O,,0
CC(C)CC(=O)C1C(=O)C(=O)N(c2ccc(-c3ccsc3)cc2)C1c1ccccc1OC(F)(F)F,,0
CC(C)CC(=O)OC[C@H]1O[C@@H](n2cc(-c3ccc(S(N)(=O)=O)cc3)nn2)[C@H](OC(=O)CC(C)C)[C@@H](OC(=O)CC(C)C)[C@H]1OC(=O)CC(C)C,,0
CC(C)CC(C(=O)NCC1CCCO1)N(C(=O)Cn1nnc(-c2ccc(F)cc2)n1)c1cccc(C(F)(F)F)c1,,0
CC(C)CC(C(=O)NCc1ccc(C(F)(F)F)cc1)C(O)=NO,,0
CC(C)CC1C(=O)N(Cc2cn(CCC3OCCO3)nn2)CCS(=O)(=O)N1Cc1ccc(-c2cccc(CO)c2)cc1,,0
CC(C)CC1C(=O)N(Cc2cn(CCC3OCCO3)nn2)CCS(=O)(=O)N1Cc1ccc(-c2cccc(N(C)C)c2)cc1,,0
CC(C)CC1C(=O)NC(C2Cc3ccccc3C2)C(=O)N1C(C(=O)NC(C)C)c1ccc2occc2c1,,0
CC(C)CCC[C@@H](C)COS(=O)(=O)O,,0
CC(C)CCC[C@@H](C)[C@H]1CC[C@H]2[C@@H]3C[C@H](n4cc[n+](CC(=O)c5cccc(Br)c5)c4)[C@]45C[C@H]4CC[C@]5(C)[C@H]3CC[C@]12C,,0
CC(C)CCC[C@@H](C)[C@H]1CC[C@H]2[C@@H]3C[C@H](n4cc[n+](Cc5ccccc5Br)c4)[C@]45C[C@H]4CC[C@]5(C)[C@H]3CC[C@]12C,,0
CC(C)CCN1C(c2cc(-c3ccc(C(F)(F)F)cc3)cc(C(CC(C)C)C(=O)O)c2)CCCC1C(F)(F)F,,0
CC(C)CCNC(=O)C(c1ccncc1)N(CC1CCCO1)C(=O)Cn1nnc(-c2ccc(F)cc2)n1,,0
CC(C)CN(C)c1ncc(-c2[nH]nc3cc(NC(=O)N[C@H](C)c4ccc(F)cc4)ncc23)cn1,,0
CC(C)CN(CC(C)C)C(=O)c1cc(S(=O)(=O)N2CCCCC2)c[nH]1,,0
CC(C)CN(CC(C)C)c1nnc(NC(=O)Cn2c(=O)oc3ccccc32)s1,,0
CC(C)CN(Cc1ccc(-c2cccc(S(C)(=O)=O)c2)s1)S(=O)(=O)Cc1ccccc1,,0
CC(C)CN(Cc1ccc2c(c1)C=CC(C)(C)O2)S(=O)(=O)c1ccc(Oc2c(Cl)cccc2[N+](=O)[O-])cc1,,0
CC(C)CN(NC(=O)C1CCC2(CC1)OOC1(OO2)C2CC3CC(C2)CC1C3)c1ccnc(C#N)n1,,0
CC(C)CNC(=O)C(NC(=O)C(C)C[C@H](O)[C@H](CC(C)C)NC(=O)C(CNC(=O)OC(C)(C)C)=NC(=O)C1NO[C@H]2OCCC12)C(C)C,,0
CC(C)CNC(=O)C(NC(=O)C(C)C[C@H](O)[C@H](CC(C)C)NC(=O)C(CS(C)(=O)=O)=NC(=O)C1NO[C@H]2OCCC12)C(C)C,,0
CC(C)COC(=O)C(C)NP(=O)(CO[C@@H]1C=C(F)[C@H](n2cnc3c(N)ncnc32)O1)Oc1ccccc1,,0
CC(C)COC(=O)Cn1cnc2ccc(Br)cc2c1=O,,0
CC(C)COC(=O)N[C@@H]1CCN(C(=O)OC2C3CC4CC(C3)CC2C4)C1,,0
CC(C)COc1cc(Nc2ccc(S(=O)(=O)N(C)C)cc2)n2ncc(C(C)C)c2n1,,0
CC(C)Cc1cc(CNS(=O)(=O)c2c(F)cccc2F)nn1-c1ccccc1,,0
CC(C)Cc1ccc(C(C)c2nnc(SCc3cn(-c4ccccc4)nn3)o2)cc1,,0
CC(C)Cc1ccc(C(C)c2nnc(SCc3cn(CC(=O)Nc4ccccc4[N+](=O)[O-])nn3)o2)cc1,,0
CC(C)Cc1nn(C)c(=O)c2c(SCCCO)n(Cc3cnc(Cl)c4ccccc34)cc12,,0
CC(C)Cn1c(SCc2cccc(F)c2)nc2ccsc2c1=O,,0
CC(C)Cn1cnc(S(=O)(=O)NCCc2nnc3ccccn23)c1,,0
CC(C)Cn1cnnc1C1CCCN1C(=O)OC(C)(C)C,,0
CC(C)N(C(=O)COc1nnc(C(F)(F)F)s1)c1ccc(F)cc1,,0
CC(C)N(C)S(=O)(=O)c1ccc2c(c1)CCN(C(=O)c1cscn1)C2,,0
CC(C)N(CC#Cc1ccccc1)C(C)C,,0
CC(C)N(CC(C(O)=NO)C(CC1CCCC1)C(=O)N1CCCCC1)S(C)(=O)=O,,0
CC(C)N1C(=O)C(CCCn2cnc3c(NCc4ccccc4)ncnc32)[C@H]1c1ccccc1F,,0
CC(C)N1CCN(CCOc2ccn3c(C(=O)Nc4cccc5c4c(C4CC4)nn5Cc4ccn(C(C)C)n4)cnc3c2)CC1,,0
CC(C)N1CCc2nc(C#Cc3cccnc3)ccc2C1=O,,0
CC(C)NC(=O)c1cn([C@H]2CC[C@@H](NC(=O)/C=C/c3cccs3)CC2)nn1,,0
CC(C)Nc1cc(C(N)=O)ccc1-n1nc(C(C)C)c2c(-n3cnc(-c4cccnc4)c3)cccc21,,0
CC(C)OC(=O)C(C)NP(=O)(OC[C@H]1O[C@@H](n2ccc(=O)[nH]c2=O)[C@](C)(F)[C@@H]1O)Oc1ccc(Br)cc1,,0
CC(C)OC(=O)CC(=O)CSc1nc(-c2ccc(F)cc2)cc(-c2cccs2)c1C#N,,0
CC(C)OC(=O)CCc1ccccc1O[P@@](=O)(NC(C)C(=O)OC(C)C)OC[C@H]1O[C@@H](n2cnc3c(N)nc(N)nc32)[C@](C)(O)[C@H]1O,,0
CC(C)OC(=O)c1cn(-c2ccccc2)nc1-c1ccco1,,0
CC(C)OCc1ccccc1C1C(C(=O)C(C)C)C(=O)C(=O)N1c1ccc(-c2ccon2)cc1,,0
CC(C)OCc1noc(C2CCOC2)n1,,0
CC(C)OP(=O)(COCCOc1nsc(N)n1)OC(C)C,,0
CC(C)OP(=O)(OC(C)C)C(Cc1cc(N=[N+]=[N-])cc(C(C)(C)C)c1)P(=O)(OC(C)C)OC(C)C,,0
CC(C)Oc1ccc(-c2cc(-c3ccco3)nc(N)c2C#N)cc1,,0
CC(C)Oc1cccc(N2CCC(CC#N)(n3cc(C(N)=O)c(Nc4ccc(F)cc4)n3)CC2)n1,,0
CC(C)S(=O)(=O)N(Cc1ccco1)CC(O)Cn1c2ccccc2c2ccccc21,,0
CC(C)Sc1nnnn1-c1ccccc1,,0
CC(C)[C@@H](CO)Nc1ccc2ncc(-c3cccnc3)n2n1,,0
CC(C)[C@@H](OCc1ccccc1)[C@H](C)/C=N\O[C@@H](C)c1cn([C@@H]2COC[C@@H]2O)nn1,,0
CC(C)[C@@H](OCc1ccccc1)[C@H](C)/C=N\O[C@@H](C)c1cn([C@H](CO)Cc2ccccc2)nn1,,0
CC(C)[C@@H]1CC[C@@H](C)C[C@H]1OC(=O)N(CCCCCCc1cn(CCCCCCc2c[nH]c(N)n2)nn1)CCc1ccccn1,,0
CC(C)[C@@H]1CC[C@@H](C)C[C@H]1OC(=O)N(CCCCCCc1cn(CCCCCc2c[nH]c(N)n2)nn1)CCc1ccccn1,,0
CC(C)[C@H](CO)NC(=O)C[C@H]1CC[C@H](c2ccc(N3CCOc4ncnc(N)c4C3=O)cc2)CC1,,0
CC(C)[C@H](NC(=O)CCN(C)C)c1cccc(F)c1N1CCN(C(=O)C2CN(C(C)C)C[C@H]2c2cc(F)c(F)c(F)c2)CC1,,0
CC(C)[C@H]1c2cc3ccc(S(C)(=O)=O)cc3n2CCN1c1nccc(C(F)(F)F)n1,,0
CC(C)c1cc(Cn2c3ccccc3c(=O)n2C(C)Cn2cc(COc3ccccc3)nn2)on1,,0
CC(C)c1ccc(NC(=O)Cn2nnc(C(=O)NCc3cccs3)c2N)cc1,,0
CC(C)c1ccc(Nc2nc(N)nc3c2ncn3C/C=C/CP(=O)(OCOC(=O)C(C)(C)C)OCOC(=O)C(C)(C)C)cc1,,0
CC(C)c1cn(-c2ccc(O)cc2)nn1,,0
CC(C)c1csc(-c2nnc(S(=O)(=O)Cc3ccc(Br)cc3)n2/N=C/c2c(F)cccc2F)n1,,0
CC(C)c1csc(-c2nnc(S(=O)(=O)Cc3ccc(Br)cc3)o2)n1,,0
CC(C)c1csc(-c2nnc(SCC(=O)N/N=C/c3cccc([N+](=O)[O-])c3)n2-c2ccccc2)n1,,0
CC(C)c1nc(-c2cccc(NS(=O)(=O)c3cccc(F)c3)c2)c(-c2ccnc(NCC(N)=O)n2)s1,,0
CC(C)c1nc(-c2ccccn2)no1,,0
CC(C)c1nc(N2CCCC2)c(C#N)c2c1CCCC2,,0
CC(C)c1nc2sc3c(SCC(N)=O)ncnc3c2c2c1CCC2,,0
CC(C)c1nccn1C1CCCN(C(=O)c2ccsc2)C1,,0
CC(C)c1nccn1CC(=O)Nc1ccnn1C(C)C(C)C,,0
CC(C)c1nccn1CC1CC(c2ccccc2)(c2ccccc2)C(=O)O1,,0
CC(C)c1noc(-c2ccc(NCC3CCCOC3)nc2)n1,,0
CC(C)c1nsc(N2CCc3sccc3C2)n1,,0
CC(C)c1onc(CS(=O)(=O)c2c(Cl)cccc2Cl)c1COc1ccc(/C=C/c2cccc(C(=O)O)c2)c(Cl)c1,,0
CC(C)n1c(/C=C/C(=O)/C=C/C=C/c2nccs2)nc2ccccc21,,0
CC(C)n1cnc2c(-c3ccc(F)c(-c4ccc(S(=O)(=O)C(C)C)cc4F)c3)cnnc21,,0
CC(CCC(=O)O)(c1ccc(OCc2ccc3cc(F)ccc3n2)cc1)c1ccc(OCc2ccc3cc(F)ccc3n2)cc1,,0
CC(CN=C(C(=O)Nc1ccc(-c2ccc(C3CC3)cc2)cc1)c1ccc(CCC(=O)Nc2ccccc2N)cc1)N1CCOCC1,,0
CC(CNCc1cn(Cc2cc(Br)cc(Br)c2)c2ccccc12)CNc1cc(=O)c2ccccc2[nH]1,,0
CC(CS[C@@H](CCc1ccccc1C=O)c1cccc(/C=C/c2ccc3ccc(Cl)cc3n2)c1)C(=O)O,,0
CC(Cl)C(=O)NC(=O)NC12CC3CC(CC(C3)C1)C2,,0
CC(NC(=O)C1(CS)CCCC1)C(=O)O,,0
CC(NC(=O)C1CSC2c3ccccc3C(=O)N12)C(=O)NC1CCCC1,,0
CC(NC(=O)c1cc(C(=O)c2ccc(F)cc2F)c[nH]1)C(C)(C)O,,0
CC(NCS)C(=O)N1CCCC1C(=O)O,,0
CC(O)(C(=O)Nc1ccc(S(=O)(=O)c2cccnc2)cc1)C(F)(F)F,,0
CC(Oc1ccc(S(C)(=O)=O)cc1C(=O)N1CCN(c2ccc(C#N)cc2F)CC1)C(F)(F)F,,0
CC(Sc1nnc(-c2ccccc2F)o1)C(=O)Nc1ccc(N2CCOCC2)cc1,,0
CC(Sc1nnc(Cc2cccs2)n1C1CC1)C(=O)NC1CCS(=O)(=O)C1,,0
CC(c1ccc(C(F)(F)F)nc1)S(C)(=O)=N[N+](=O)[O-],,0
CC(c1ccc(OCc2c(-c3c(Cl)cccc3Cl)noc2C2CC2)nc1C(F)(F)F)N(C)c1ccc(C(=O)O)cc1,,0
CC(c1ccccc1F)n1cc(C(=O)NCCc2ccco2)nn1,,0
CC(c1ccccn1)C(O)(Cn1cncn1)c1ccc(F)cc1F,,0
CC(c1ccco1)N(C(=O)c1ccccc1NS(=O)(=O)c1cc([N+](=O)[O-])ccc1Cl)c1ccccn1,,0
CC/C=C(\OC(C)=O)C1=C(OC(C)=O)C(C)(CC=C(C)C)C(OC(C)=O)=C(Cc2c(OC(C)=O)ccc(C(=O)CCCCC)c2OC(C)=O)C1=O,,0
CC/C=C/COC1(c2ccc(Cl)cc2)SC=C(C)n2c1noc2=O,,0
CC/C=C\COC1(c2ccc(Cl)cc2)SC=C(C)n2c1noc2=O,,0
CC1(C#N)CCN(c2c(C(=O)N3CCN(S(=O)(=O)C4CC4)CC3)cnc3ccc(F)cc23)CC1,,0
CC1(C)C(=O)Oc2ccc(C(=O)c3cccs3)cc21,,0
CC1(C)C2CCC1(C)C(SC(=N)N)C2,,0
CC1(C)C=C2C(C(=O)C1)C(c1cccnc1)C(C#N)C(=N)N2N1CCOCC1,,0
CC1(C)C=C2C(OC(=N)C(C#N)C2c2cn(-c3ccccc3)nc2-c2ccccc2)C(=O)C1,,0
CC1(C)CC(/C=C2/OC(=O)c3ccccc32)=C(C#N)C(=O)O1,,0
CC1(C)CC(=O)C[C@@]2(C)C(c3ccsc3)C(=O)C3O[C@@]312,,0
CC1(C)CCc2c(ccc(C(=O)/C=C/c3ccc(OCc4cn(-c5ccc(Br)cc5)nn4)cc3)c2O)O1,,0
CC1(C)C[C@H](O)C[C@](C)(CNc2cc(F)cc(S(N)(=O)=O)c2)C1,,0
CC1(C)Cc2cccc(OCc3nnc(-c4ccccc4)o3)c2O1,,0
CC1(C)OC[C@H]([C@@H](CS(=O)(=O)c2ccc(Oc3ccc(OC(F)(F)F)cc3)cc2)N(O)C=O)O1,,0
CC1(C)O[C@@H]2OC(CNCCCCCCCNCC3O[C@@H]4OC(C)(C)O[C@@H]4[C@H]3OCc3ccccc3)[C@@H](OCc3ccccc3)[C@@H]2O1,,0
CC1(C)O[C@@H]2[C@H](O1)[C@@H](COC(=O)Cc1ccc(Br)cc1)O[C@H]2n1cnc2c(N)ncnc21,,0
CC1(C)Oc2ccc(C#N)cc2[C@@H](N(Cc2ncc[nH]2)c2ccccc2)[C@@H]1O,,0
CC1(C)S[C@@H]2C(CO)C(=O)N2C1C(=O)O,,0
CC1(C)[C@@H](O)CC[C@]2(C)C3C(=O)C=C4C5C[C@@](C)(C(=O)OCCCCCCCCO)CC[C@]5(C)CC[C@@]4(C)[C@]3(C)CC[C@@H]12,,0
CC1(C)[N+]([O-])=c2ccc(/C=C/c3ccccc3)cc2=[N+]1[O-],,0
CC1(COc2ccc(-c3ccc(F)nc3)cn2)Cn2cc([N+](=O)[O-])nc2O1,,0
CC1(C[S+]([O-])CC2(C)COC2)COC1,,0
CC1(c2ccc(Cl)s2)C(=O)N(Cl)C(=O)N1Cl,,0
CC12CCC(C(=O)OC3CCCCC3)(OC1=O)C2(C)C,,0
CC12COC3(P(=O)(c4ccccc4)c4ccccc4)CC1CCC23CP(=O)(c1ccccc1)c1ccccc1,,0
CC1=C(C#C/C(C)=C/C=C/C(C)=C/C=C/C=C(C)/C=C/C=C(\C)C(=O)C[C@@]23O[C@]2(C)C[C@@H](O)CC3(C)C)C(C)(C)C[C@H](O)C1,,0
CC1=C(C#N)C(=C(C#N)C#N)OC1(C)c1ccc(F)cc1F,,0
CC1=C(C#N)CCC(=O)N1Cc1c(F)cccc1Cl,,0
CC1=C(C)C(=O)O[C@@H]([C@](C)(O)[C@H]2C[C@H](O)[C@H]3[C@@H]4C[C@@H](O)[C@@]5(O)C=CCC(=O)[C@]5(C)[C@H]4CC[C@@]32C)C1,,0
CC1=C(CC(=O)OC(CO[N+](=O)[O-])CO[N+](=O)[O-])c2cc(F)ccc2C1=Cc1ccc([S+](C)[O-])cc1,,0
CC1=C(CC(=O)OCCCOc2no[n+]([O-])c2S(=O)(=O)c2ccccc2)c2cc(F)ccc2C1=Cc1ccc([S+](C)[O-])cc1,,0
CC1=CC(=O)C=C(C)C1=NOS(=O)(=O)c1ccccc1,,0
CC1=CC(=O)C=C2C[C@H](C(C)C)CC[C@@]12C,,0
CC1=CC2Cc3nc4ccccc4c(NCCCCCCCCCCCCNc4c5c(nc6ccccc46)CCCC5)c3C(C1)C2,8.0,1
CC1=NC(=O)NC(c2ccc(Br)s2)C1C(=O)OCC(C)C,,0
CC1=NC(=O)NC(c2ccc(N(C)C)cc2)C1C(=O)Nc1ccc(C)cc1,,0
CC1=NC(=O)NC(c2cccs2)C1C(=O)OC(C)C,,0
CC1=NC(=O)NC(c2ccsc2)C1C(=O)OC(C)C,,0
CC1=NN(c2ccc(C)cc2)C(=O)C1=C1SCCS1,,0
CC1=NN(c2ccc(Cl)c(C(=O)O)c2)C(=O)/C1=C\c1ccc(-c2ccc(Cl)c(C(=O)OCc3ccccc3)c2)o1,,0
CC1=NN(c2ccccc2)C(=O)C12C(C(=O)OC(C)C)C2(c1ccccc1)c1ccccc1,,0
CC1=NN(c2ccccc2F)C(=O)/C1=C/c1cn(CC2CO2)c2ccccc12,,0
CC1C(=O)C[C@H]2[C@H]3[C@@H]1C2(C)CCCC3(C)C,,0
CC1CC(C)CN(C(=O)c2ccncc2)C1,,0
CC1CC(c2c(F)cccc2OCCO)N(Cc2ccc(OC(F)(F)F)cc2)C1=O,,0
CC1CCC(=O)C(C(=O)CC2CC(=O)N(C)C(=O)C2)C1,,0
CC1CCC2C(CC3(Cc4ccc(F)cc4)C(=O)OC4OC5(C)CCC6C(C)CCC3C46OO5)C(=O)OC3OC4(C)CCC1C32OO4,,0
CC1CCN(C(=O)C2CCN(c3cc(N4CCCCC4)ncn3)CC2)CC1,,0
CC1CN(C(=O)COC(=O)C2(c3ccc(F)cc3)CCCC2)CC(C)O1,,0
CC1CSc2ccccc2NC1=S,,0
CC1N=C2C[C@@H]3C[C@@H](C3(C)C)[C@]2(C)OC1=O,,0
CC1OCC(Br)([N+](=O)[O-])CO1,,0
CC1Oc2ccccc2C2CC(c3ccccc3)=NN2C1=O,,0
CC=C(C)C(=O)C1CC[C@]2(CO2)[C@]2(COC(C)=O)[C@@H](OC(C)=O)C[C@@H](C)[C@](C)(C[C@H](OC(=O)C(C)CC)C3=CC(=O)OC3)[C@@H]12,,0
CC=CC=CC(=O)N=C(CC)C(=O)O,,0
CC=CCc1cc(O)c(O)c2ccccc12,,0
CC=Cc1occ(C(=O)c2c(OC)cc(OC)cc2C(=O)OC)c(=O)c1OC,,0
CCC(/C=C/C=C/C=C/C(=O)c1c(O)[nH]cc([C@]2(O)CC[C@@H](O)CC2)c1=O)CO,,0
CCC(=Cc1ccc2c(c1)OCO2)CCC(=O)N=CC(=O)OC,,0
CCC(=NOCc1ccc(C(F)(F)F)cc1C(F)(F)F)c1cc(Cl)ccc1NS(=O)(=O)C(F)(F)F,,0
CCC(=O)CNC(=O)Nc1nc2ccc(-c3oc4c(OC)c(O)c(O)c(OC)c4c(=O)c3O)cc2s1,7.0,1
CCC(=O)N1CC23C=CC(CC2CC12CCCCC2)O3,,0
CCC(=O)NC1CN(C(=O)OC(C)(C)C)C1,,0
CCC(=O)Nc1cc(CNc2c(C#N)c(-c3ccccc3)nn2-c2ccccc2)cc(Cl)c1O,,0
CCC(=O)Nc1ccc(C(=O)CN2C(=O)NC3(CCCCCC3)C2=O)cc1,,0
CCC(=O)Nc1ccc(NC(=O)CSc2nnnn2C(C)C)cc1,,0
CCC(=O)OCCC(C)CCC=C(C)C,,0
CCC(=O)O[C@H]1C[C@H](n2cc(C)c(=O)[nH]c2=O)O[C@@H]1COP(=O)(OCC(Cl)(Cl)Cl)OCC(Cl)(Cl)Cl,,0
CCC(=O)c1c(O)c(CC=C(C)C)c(O)c2c1OC1(C2)OC(C)=C(C)C1=O,,0
CCC(=O)c1cc(-c2cccc3nccn23)c2cc(N3CCOCC3)ccn12,,0
CCC(Br)(CC)C(=O)NC(=O)NC(C)=O,,0
CCC(C)(C)C(=O)C(=O)N1C2CCC(C2)C1C(=O)OCCCc1ccncc1,,0
CCC(C)(C)NC(=O)C(c1ccc(C)cc1)N(CC1CCCO1)C(=O)c1csnn1,,0
CCC(C)(C)NC(=O)C(c1cccnc1)N(C(=O)c1csnn1)c1ccccc1,,0
CCC(C)(C)NC(=O)C(c1ccn(C)c1)N(C(=O)Cn1nnc2ccccc21)c1ccc(NC(C)=O)cc1,,0
CCC(C)C(=O)O[C@H]1C[C@@H](C)C=C2C=C[C@H](C)[C@H](CC[C@@H]3C[C@H](CC(=O)OC)N(CCc4ccc(O)c(OC)c4)C(=O)O3)[C@H]21,,0
CCC(C)C(=O)[C@@]12C(=O)C3=C(O[C@@H](C(C)(C)O)C3)[C@@](C)(C[C@H](CC=C(C)C)[C@@]1(C)CCC=C(C)C)C2=O,,0
CCC(C)NC(=O)CC1Oc2ccc(C)cc2NC1=O,,0
CCC(C)OC1C(=O)N2C(C(=O)OC(C)(C)C)=C(COC(C)=O)CS[C@H]12,,0
CCC(C)n1c(/C=C/C=C/C(=O)/C=C/c2nc3ccccc3n2C(C)CC)nc2ccccc21,,0
CCC(C)n1c(SC(C)C#N)nc2ccccc2c1=O,,0
CCC(CC)=NC(=O)/C=C/C=C/c1ccc2c(c1)OCO2,,0
CCC(CC)C(=O)NC(C(=O)NC(CC(=O)N1CCCC1)C(=O)NC(CC(=O)O)C(=O)N[C@H](CO)CC1CCCCC1)C(C)(C)C,,0
CCC(CC)C(=O)Nc1nnc(S(=O)(=O)N(C)c2cc(C)cc(C)c2)s1,,0
CCC(CC)COC(=O)C(C)NP(=O)(OC[C@H]1O[C@@](C#N)(c2ccc3c(N)ncnn23)[C@](C)(O)[C@@H]1O)Oc1ccccc1,,0
CCC(CC)Nc1cc(C(=O)NC2CC3CCC(C2)N3c2ccc(C(=O)C3CC3)cn2)c(C)cc1C(N)=O,,0
CCC(CC)OC(=O)C(C)NP(=O)(CO[C@@H]1C=C(F)[C@H](n2cnc3c(N)ncnc32)O1)Oc1ccccc1,,0
CCC(CC)Oc1ccc2nn(CC(=O)c3cc(N4CCOCC4)c(OC)c(C(C)(C)C)c3)c(=N)n2n1,,0
CCC(CC)n1cc(C(=O)C(F)F)cn1,7.495,1
CCC(CO)N(Cc1ccco1)C(=O)c1sccc1NC(C)=O,,0
CCC(CO)Oc1cc(NCc2ccc(Cl)cc2Cl)c2ncn(C(C)C)c2c1,,0
CCC(NC(=O)NCc1ccc2c(c1)OCO2)(C(F)(F)F)C(F)(F)F,,0
CCC(c1ccccc1)c1nn2c(-c3ccco3)nnc2s1,,0
CCC(c1nc2cccc(F)c2c(=O)n1C1CC1)n1nc(-c2ccc(OC)c(C)c2)c2c(N)ncnc21,,0
CCC/C=C(\CCC)C(NC(=O)c1ccc(C(F)(F)F)cc1)c1ccc(C(F)(F)F)cc1,,0
CCC1(CC)C(=O)C(C)(C)C(=O)OC1c1cccs1,,0
CCC1CC(=O)NN=C1c1ccc2nc(-c3ccc(OCC4CCN(S(C)(=O)=O)CC4)cc3)oc2c1,,0
CCC1Sc2ccc(S(=O)(=O)CCC(=O)Nc3ccc(NC(C)=O)cc3)cc2NC1=O,,0
CCCC(=O)O[C@@H]1[C@H](C(C)C)[C@@H]2[C@H]3C=C(C)[C@H](O)[C@H](OC(C)=O)[C@@H](OC(=O)CCC)[C@]3(C)C[C@H](OC(C)=O)[C@]2(C)[C@H]1OC(=O)CCC,,0
CCCC(=O)O[C@]1(C(=O)SCCl)[C@@H](C)CC2C3CC=C4CC(=O)C=C[C@]4(C)[C@@]3(F)[C@@H](O)C[C@@]21C,,0
CCCC(C)C(=O)NCc1cn2cc(Br)ccc2n1,,0
CCCC(C)n1c(CC)nc2c(-c3cc(C)c(OC)cc3C)ccnc21,,0
CCCC(CCC)N(CC(O)c1cc(-c2ccc(C(F)(F)F)cc2)nc(-c2ccc(C(F)(F)F)cc2)c1)C(CCC)CCC,,0
CCCC(NC(=O)C1C2CCC[C@H]2CN1C(=O)C(NC(=O)C(NC(=O)c1cnccn1)C(C)C)C(C)(C)C)C(=O)C(=O)NC(C)CC,,0
CCCC(NC(=O)C1C2CCC[C@H]2CN1C(=O)C(NC(=O)C(NC(=O)c1cnccn1)C(C)C)C(C)C)C(=O)C(=O)NC1CC1,,0
CCCC/N=C1/SC[C@@H]2[C@H](O)[C@H](O)CN12,,0
CCCC1(CCC)O[C@H]2[C@H](OC(=O)C=Cc3ccc(O)c(O)c3)C[C@]3(C[C@H]2O1)OC(CCC)(CCC)OC3=O,,0
CCCC1OC(=O)C(C)C[C@H](C)CCCCC(=O)CCC[C@@H](CC)CC/C=C(\COC)CC[C@@H](O)[C@@H](O)C[C@H](O)CNC1=O,,0
CCCC=Cc1ccc(CN2C(C(C)C)C(=O)N(Cc3cn(Cc4ccco4)nn3)CCS2(=O)=O)cc1,,0
CCCC=c1ncc(=Cc2c(O)n(CCCC)c(=O)n2CCc2cccs2)n1Cc1ccc(C(=O)OC)cc1,,0
CCCC=c1ncc(=Cc2c(O)n(CCCC)c(=O)n2CCc2csc(Br)c2)n1Cc1ccc(C(=O)OC)cc1,,0
CCCC=c1ncc(=Cc2c(O)n(CCCC)c(=O)n2Cc2ccc(C(F)(F)F)cc2)n1Cc1ccc(C(=O)OC)cc1,,0
CCCC=c1ncc(=Cc2c(O)n(CCCC)c(=O)n2Cc2cscn2)n1Cc1ccc(C(=O)OC)cc1,,0
CCCCC#CCCCC#CCCCCO,,0
CCCCC(=O)N(Cc1ccc2c(c1)OCCO2)c1cc(F)cc(-c2nn[nH]n2)c1,,0
CCCCC(=O)N(Cc1ccc2c(c1)OCCO2)c1cccc(-c2nn[nH]n2)c1,,0
CCCCC(CC)COS(=O)(=O)O,,0
CCCCC/C=C(\C)C(=O)N1CCCC1C(=O)N1CCCC1,,0
CCCCC1(CCCC)CS(=O)(=O)c2ccc(N(C)C)cc2[C@@H](c2ccc(OCCOCC[N+](CC)(CC)CC)cc2)[C@H]1O,,0
CCCCC1C2=C(CCCC2=O)OC2=C1C(=O)CCC2,,0
CCCCCC(=O)N1CC(O)C(n2cc(C3CC3)nn2)CC1c1ccc(C)cc1,,0
CCCCCC(=O)N1C[C@@H](n2cc(C3CC3)nn2)[C@H](O)C[C@@H]1c1ccc(C)cc1,,0
CCCCCC(C)C(C)c1cc(O)c2c(c1)OC(C)(C)C1=C2CN(C(=O)CO)CC1,,0
CCCCCC(O)c1ccc([C@@H]2[C@@H](C/C=C\CCCC(=O)OC(C)C)[C@H](Cl)C[C@H]2Cl)cc1,,0
CCCCCC1C=Cc2cc(Cl)cc(Br)c2O1,,0
CCCCCCC#Cc1cn(C/C=C/CN2C(=O)c3ccccc3C2=O)c(=O)[nH]c1=O,,0
CCCCCCCCCC(=O)O[C@H]1C[C@H]2C[C@@H]1[C@H](n1cnc3c(Cl)ncnc31)C2,,0
CCCCCCCCCCCC(=O)O[C@@H]1[C@H]2C[C@H](OC(=O)c3ccco3)[C@]3(C)[C@@H](OC(C)=O)[C@@H](OC(C)=O)C[C@@](C)(O)[C@@]13OC2(C)C,,0
CCCCCCCCCCCCCCCC(=O)N1C(C(=O)OC(C)(C)C)[C@@H]([C@H]2O[C@@H](n3ccc(=O)[nH]c3=O)[C@H](O)[C@@H]2O)O[C@@H]1CN,,0
CCCCCCCCCCNC1CC(OC2CC(O)(C(O)CO)C=C3C(=O)c4c(c(O)c5c(OC)cccc5c4O)C(=O)C32)OC(C)C1O,,0
CCCCCCCCCCc1cn(-c2nc(N)c3ncn([C@@H]4O[C@H](COS(=O)(=O)NC(=O)c5ccccc5O)[C@@H](O)[C@H]4O)c3n2)nn1,,0
CCCCCCCCCCn1cc(-c2ccc(-c3cc(-c4nccs4)nc(-c4nccs4)c3)cc2)nn1,,0
CCCCCCCCCOC1OC(CO)C(O)C(O)C1NC(C)=O,,0
CCCCCCCCC[C@H](O)C[C@@H]1CC[C@H]2C(C(=O)O[C@@H](C)CCCCC[C@@H]3C[C@@H]4CC[C@@H]5C[C@H](C)N=C(N3)N54)=C(C)N=C(N)N12,,0
CCCCCCCCC[C@H](O)C[C@@H]1CC[C@H]2C(C(=O)O[C@H](C)CCCCC[C@H]3C[C@H]4CC[C@H]5C[C@@H](C)N=C(N3)N45)=C(C)N=C(N)N12,,0
CCCCCCCCS(=O)(=O)Cl,,0
CCCCCCCCc1c2[n+](cc3c(OS(=O)(=O)c4ccc(C#N)cc4)c(OC)ccc13)CCc1cc3c(cc1-2)OCO3,,0
CCCCCCCCn1cc(CN(Cc2cn(CCCCCCCC)nn2)N2C(=O)c3cccc4c(Br)ccc(c34)C2=O)nn1,,0
CCCCCCCNC(=O)Oc1cccc(CN(C)CCCCOc2ccc3c(=O)c4ccccc4oc3c2)c1,7.0,1
CCCCCCC[C@@H](C/C=C/CCC(=O)N(C)C/C(=C\Cl)CC(=O)CC(=O)N1CC(OC)=CC1=O)OC,,0
CCCCCCNC(=O)Oc1ccc2c(c1)[C@]1(C)CCN(C)[C@@H]1C2,8.0,1
CCCCCCNC(=O)Oc1cccc(CN(C)CCCCCOc2ccc3c(=O)c4ccccc4oc3c2)c1,7.0,1
CCCCCCNc1c2c(nc3ccc(OC)cc13)CCCC2,7.0,1
CCCCCCOC(=O)C(CCC(=O)NCCC1CCN(Cc2ccccc2)CC1)NC(=O)Cc1cc2ccc(Cl)cc2s1,7.0,1
CCCCCCc1ccc(C#Cc2ccc(CN(Cc3ccc(C(F)(F)F)cc3)C(=O)C(=O)O)cc2)cc1,,0
CCCCN(C(=O)CSCC(=O)Nc1ccc(C)cc1)c1c(N)n(CC(C)C)c(=O)[nH]c1=O,,0
CCCCN(C(=O)CSc1nn(-c2ccc(F)cc2)c(=S)s1)c1c(N)n(CCCC)c(=O)[nH]c1=O,,0
CCCCN(C(=O)c1cnccn1)c1c(N)n(CCC)c(=O)[nH]c1=O,,0
CCCCN(CC(O)(Cn1cncn1)c1ccc(F)cc1F)c1[nH]c(=O)ncc1F,,0
CCCCN(CC)S(=O)(=O)c1ccc(C(=O)Nc2nnc(-c3cccs3)o2)cc1,,0
CCCCN(CCC1CCCCCC1)Cc1ccc(OC(=O)N(C)C)c2ccccc12,7.0,1
CCCCN(CCCC)c1nc2c(ncn2-c2ccccc2)c(=O)n1-c1ccccc1,,0
CCCCN(Cc1cccc(O)c1)c1ccc(C(O)(C(F)(F)F)C(F)(F)F)cc1,,0
CCCCN(Cc1ccco1)S(=O)(=O)c1csc(C(N)=O)c1,,0
CCCCN(c1c(OC)nn2c(-c3c(OC)cc(COCC)cc3OC)csc12)C1CCOCC1,,0
CCCCN(c1nc2ccccc2o1)[C@H](C)c1ccc(-c2cc(Cl)ccc2-c2nn[nH]n2)cc1,,0
CCCCN1C(=O)/C(=C/C=C/c2ccco2)C(=O)NC1=S,,0
CCCCN1C(=O)C(=O)N(CC(=O)Nc2sc(C)c(CC)c2C(=O)OCC)C1=O,,0
CCCCNC(=O)Oc1cccc(CN(CCCOc2ccc3c(=O)c4ccccc4oc3c2)C(C)C)c1,7.0,1
CCCCNC1CC(C)(C)NC(C)(C)C1,,0
CCCCNS(=O)(=O)NCCC(=O)OC,,0
CCCCOc1ccc(C(=O)/C=C/c2ccc3c(ccn3C)c2)c2c1C=CC(C)(C)O2,,0
CCCC[C@@]12O[C@]34CCCC=C3C(=O)O[C@@]43[C@H](CCC)[C@H]4C=C(C(=O)N1[C@H](C)c1ccccc1)[C@]32CC4,,0
CCCCc1c(C(=O)OCC)c(C(=O)OCC)c2c(-c3ccccc3)cc(N3CCOCC3)nn12,,0
CCCCc1nc(C)c(Cc2nc(Cc3cc(F)cc(F)c3)no2)c(=O)n1Cc1ccc(-c2ccccc2-c2nc(=O)o[nH]2)cc1,,0
CCCCc1nc(Cl)c(C(=O)OC(C)OC(C)=O)n1Cc1cccc2c1ccn2-c1ccccc1-c1nn[nH]n1,,0
CCCCc1nc(Cl)c(C(=O)OC(OC(=O)C(C)(C)C)C(C)C)n1Cc1cccc2c1ccn2-c1ccccc1-c1nn[nH]n1,,0
CCCCc1nc2cccc(COC)c2n1Cc1ccc(-c2ccccc2-c2nn[nH]n2)cc1,,0
CCCCc1nn(-c2c(F)c(F)c(F)c(F)c2F)c(=O)n1Cc1ccc(-c2ccccc2-c2nn[nH]n2)cc1,,0
CCCCc1nn(-c2ccccc2Br)c(=O)n1Cc1ccc(-c2ccccc2-c2nn[nH]n2)cc1,,0
CCCCc1nn(C)c2c1C(c1ccccc1Cl)=NCC(=O)N2C,,0
CCCCc1nnc(OCCc2ccccc2)n1Cc1ccc(-c2ccccc2-c2nn[nH]n2)cc1,,0
CCCCn1c(N)c(N(CCC(C)C)C(=O)COC(=O)/C=C/c2ccc(F)cc2)c(=O)[nH]c1=O,,0
CCCCn1ccnc1/C=C/C(=O)/C=C/c1nccn1CCCC,,0
CCCCn1nnnc1SCC(=O)Nc1ccc(N(C)C)cc1,,0
CCCN(CC1CC1)c1ccc(S(=O)(=O)NCC2CCCO2)c(C(F)(F)F)c1,,0
CCCN(CCC(F)(F)F)C(=O)c1c(CC)nc2n1CCN2c1c(C)cc(C)cc1C,,0
CCCN(CCC)c1c(CC)nc(-c2c(C)cc(C)cc2OC)n(C)c1=O,,0
CCCN(CCCN(C)C)C1=CC(Cc2sc3ccccc3[n+]2C)c2ccccc2N1c1ccccc1,,0
CCCN(CCO)c1c([N+](=O)[O-])cc(C(F)(F)F)cc1[N+](=O)[O-],,0
CCCN(Cc1ccccc1)c1cc(C)nc2c(-c3cnc(N(C)C)cc3C)c(C)nn12,,0
CCCN(c1c(OC)nn2c(-c3c(OC)cc(C4CC4)cc3OC)csc12)C1CCOCC1,,0
CCCN1C(=S)c2ccccc2C1c1ccccc1,,0
CCCN1C=CC(=C2C(=O)c3ccccc3C2=O)C=C1,,0
CCCNC(=O)c1onc(CSc2ccc(F)cc2)c1C(=O)NC(C)C,,0
CCCNC(=S)c1ccc[nH]c1=S,,0
CCCNc1ncnc2c1n(O)c(=O)c(=O)n2C,,0
CCCOC(=O)c1c(-c2ccccc2)nc(CC)c(C(=O)SCCCF)c1CCC,,0
CCCOC(Nc1c(SC)c(C#N)nn1-c1c(Cl)cc(C(F)(F)F)cc1Cl)C(Cl)(Cl)Cl,,0
CCCOCCc1cc(-c2ccc(S(C)(=O)=O)cc2)n(-c2ccc(C(F)(F)F)cc2)c1C,,0
CCCOCc1nc(=O)c2c(C)nn(-c3ccccc3)c2[nH]1,,0
CCCOc1c(OC)c(OC)cc2c1C(=O)[C@]1(OC)C=C[C@H]2N(C(=O)OCC(C)C)N1C(=O)OCC(C)C,,0
CCCOc1ccc(-c2ccc(-c3ccccc3Cl)n2Cc2cccc(N)n2)cc1,,0
CCCOc1cncc2[nH]c3c(=O)n(CCC)c(=O)n(CCC)c3c12,,0
CCCOc1ncccc1CNc1nnc(C)c(C)c1C#N,,0
CCCOn1c(Sc2ccccc2C)c(C(C)C)c(=O)[nH]c1=O,,0
CCCS(=O)(=O)Nc1cc(-c2cncc(C(=O)NC)c2)cnc1Cl,,0
CCCS(=O)(=O)Nc1ccc(F)c(C(=O)c2[nH]nc3ncc(-c4ccc(S(=O)(=O)NCC)cc4)cc23)c1F,,0
CCCS(=O)(=O)Nc1ccc(F)c(C(=O)c2[nH]nc3ncc(-c4cccc(O)c4)cc23)c1F,,0
CCCS(=O)(=O)Nc1ccc(F)c(C(=O)c2c[nH]c3ncc(-c4ccc(=O)[nH]c4)cc23)c1F,,0
CCCS(=O)(=O)Nc1cccc(-c2ccc3nccc(Nc4cccc5[nH]ncc45)c3c2)c1,,0
CCCS(=O)(=O)c1cc(C2CC[C@@H](c3cc(OC)c(OC)c(OC)c3)O2)cc(OC)c1OCCSc1ccc(C#N)cc1,,0
CCCSCCCCC1(Cc2ccncc2)C(=O)N(c2ccccc2)c2ccccc21,,0
CCCSc1nc(NN=C(C)c2ccccc2O)c2nnn(Cc3ccc(Cl)cc3)c2n1,,0
CCCSc1nc(Sc2nc3ccccc3s2)c2ncc(=O)n(Cc3ccccc3)c2n1,,0
CCCSc1nnc2nc3c(nn12)c1ccccc1n3C,,0
CCCc1c(C(=O)NN=CC(C)=Cc2ccccc2)nnn1-c1nonc1N,,0
CCCc1c(COc2ccc(C(=O)CCCCCCc3nn[nH]n3)cc2)ccc(C(C)=O)c1O,,0
CCCc1c(COc2cccc(C(=O)CCCc3nn[nH]n3)c2)ccc(C(C)=O)c1O,,0
CCCc1c(Cc2ccc(-c3ccccc3-c3nc(=O)o[nH]3)cc2)c(=O)n(C(C)/C(C)=N/OCC)c2nc(C)nn12,,0
CCCc1c(Cc2ccc(-c3ccccc3-c3nc(=O)o[nH]3)cc2)c(=O)n([C@H]2CC[C@@H](OCCO)CC2)c2ncnn12,,0
CCCc1c(Cn2ccnc2-c2ncccc2F)ncn2nc(OCC)nc12,,0
CCCc1c2c(nc(-c3ccccc3)c1C(=O)OCC)CCSC2=O,,0
CCCc1cc(-c2cc(C(=O)N(C)C)cc(C(F)(F)F)c2)nc(C#N)n1,,0
CCCc1cc(-c2nc(-c3cc(C)c(OC[C@@H](O)CNC(=O)CO)c(CC)c3)no2)cc(C)n1,,0
CCCc1cc(C(=O)Nc2cc(C)nn2-c2ccccc2)no1,,0
CCCc1cc(N2CCN(c3cc(Cl)ccc3C)CC2)n2cnnc2n1,,0
CCCc1cnc(N2CCC(C3Cc4c(F)c(C5=CCN(S(=O)(=O)CCC)CC5)cc(F)c4O3)CC2)nc1,,0
CCCc1nc(C(C)(C)NC(=O)C2CC(=O)N(CCOC)C2)no1,,0
CCCc1nc(N(C)C)ncc1C(=O)O,,0
CCCc1nccn1CC1CC(c2ccccc2)(c2ccccc2)C(=O)O1,,0
CCCc1noc(CCC(=O)NC(C)c2nnc3n2CCCCC3)n1,,0
CCCc1oc(=O)c(C(c2ccccc2)c2c(O)c(CC=C(C)C)c(O)c(C(C)=O)c2O)c(O)c1C(C)C,,0
CCCn1c(=O)[nH]c(=O)c2c1nc(-c1ccccc1OC(F)F)n2CCOC,,0
CCCn1c(=O)[nH]c2cc(-c3noc(C4CCCC4)n3)ccc21,,0
CCCn1c(=O)c2[nH]c(-c3cc(OCC(=O)Nc4ccc5c(c4)OCO5)nn3C)nc2n(CCC)c1=O,,0
CCCn1c(=O)c2[nH]c(-c3ccc(OCC(=O)O)cc3)nc2n(CCc2ccc(N=[N+]=[N-])c(I)c2)c1=O,,0
CCCn1c(=O)c2[nH]c(-c3cnn(CC4CC(=O)N(c5ccc(F)cc5)C4)c3)nc2n(CCC)c1=O,,0
CCCn1c(=O)c2[nH]c(-c3cnn(CCCc4ccccc4)c3)nc2n(CCC)c1=O,,0
CCCn1c(=O)c2[nH]c(-c3cnn(Cc4ccccc4)c3)nc2n(CCC)c1=O,,0
CCCn1c(=O)c2[nH]c(C(C3CC3C)C3CC3C)nc2n(CCC)c1=O,,0
CCCn1c(=O)c2[nH]c(C3CCCC3)nc2n(CCCF)c1=O,,0
CCCn1c(=O)c2[nH]c(CC3CCCC3)nc2n(CCC)c1=O,,0
CCCn1c(=O)n(CC(C)F)c(=O)c2[nH]c(C3CCCC3)nc21,,0
CCCn1c(N)c(N(CCOC)C(=O)c2ccc(N(C)S(=O)(=O)c3ccc(C)cc3)cc2)c(=O)[nH]c1=O,,0
CCCn1cc(-c2ccc(-c3c4c(nn3C)CCc3cnc(Nc5ccn(CCOC)n5)nc3-4)cc2)cn1,,0
CCCn1cc(S(=O)(=O)c2ccccc2)c(=O)c2cc(F)c(N3CCCCC3)cc21,,0
CCCn1ccc(=S)n2nc(-c3ccccc3)cc12,,0
CCCn1ccc2cc(-c3ccc(N4CCOCC4)nc3)cc(Cl)c2c1=O,,0
CCCn1nccc1S(=O)(=O)N1CCC2(CCCN(C(C)C)C2=O)C1,,0
CCCn1nnc(NC(=O)/C=C/c2ccc(C(C)C)cc2)n1,,0
CCN(C(=O)COc1nc(C(C)(C)C)no1)C1CC1,,0
CCN(C(=O)N1CC(Oc2cccc(F)c2C)C1)c1ccc(OC)nc1,,0
CCN(C(=O)OC(C)(C)C)C(=O)/C(C#N)=C/[C@H](CC1CCCNC1=O)NC(=O)C(Cc1ccc(F)cc1)NC(=O)c1cc(C)on1,,0
CCN(C)C(=O)Oc1ccc(C(CCOc2ccc([N+](=O)[O-])cc2)NC)cc1,7.0,1
CCN(CC)C(=O)C12CC3CC(CC(Cl)(C3)C1)C2,,0
CCN(CC)C(=O)c1cc(Cl)cc(S(=O)(=O)c2ccc(NC(=O)/C=C/c3cccnc3)cc2)c1,,0
CCN(CC)C(=O)n1cnc(S(=O)(=O)C(CC(C)C)C(=O)OC(C)C)n1,,0
CCN(CC)CCCCOc1cc(O)c2c(=O)c(-c3ccc(O)cc3)coc2c1,7.0,1
CCN(CC)S(=O)(=O)c1cc(-c2nnc(-c3ccc(Br)cc3)o2)ccc1Cl,,0
CCN(CC)S(=O)(=O)c1ccc(/C=C/C(=O)OCC(=O)NCc2ccco2)cc1,,0
CCN(CC)S(=O)(=O)c1ccc(C(=O)NCc2n[nH]c(=S)n2-c2ccc(Cl)c(Cl)c2)cc1,,0
CCN(CC)S(=O)(=O)c1ccc(C(=O)Oc2coc(CSc3nc(C)cc(C)n3)cc2=O)cc1,,0
CCN(CC)S(=O)(=O)c1ccc(N2CCCC2)c(NC(=O)C2=COCCO2)c1,,0
CCN(CC)S(=O)(=O)c1ccc(N2CCCCC2)c(NC(=O)C2=COCCO2)c1,,0
CCN(CC)S(=O)(=O)c1ccc(NC(=O)Cn2c(=O)oc3ccccc32)cc1,,0
CCN(CC)S(=O)(=O)c1ccc(NC(=O)c2cccs2)cc1,,0
CCN(CC)S(=O)(=O)c1ccc(NC2c3ccccc3C(=O)N2Cc2ccc3c(c2)OCO3)cc1,,0
CCN(CC)S(=O)(=O)c1cccc(-c2nnc(SCc3ncc(-c4ccccc4)o3)n2C)c1,,0
CCN(CC)S(=O)(=O)c1cccc(C(=O)c2c(C)cc3ccccn23)c1,,0
CCN(CC)c1cc(=O)n2c3ccccc3n(CC)c2n1,,0
CCN(CC)c1cc(C)nc(N(CC)c2c(Br)cc(C(C)=O)cc2OC)n1,,0
CCN(CC)c1ccc(/C=C/C=C2C(=O)NC(=S)NC2=O)cc1,,0
CCN(CC)c1ccc(/C=C2\C(=O)NC(=O)N(Cc3ccco3)C2=O)cc1,,0
CCN(CC)c1ccc(/C=N/NC(=O)c2cnccn2)cc1,,0
CCN(CC)c1ccc(/C=N/Nc2nc(NCc3ccco3)nc(Nc3ccc(OC)cc3)n2)c(OCc2ccc(Cl)cc2Cl)c1,,0
CCN(CC)c1ccc(C(P2(=O)OCC(C)(C)CO2)P2(=O)OCC(C)(C)CO2)cc1,,0
CCN(CC)c1ccc(C=NNC(=O)c2ccc(/C=C/C(=O)Nc3ccc(S(=O)(=O)Nc4cc(C)on4)cc3)cc2)c(O)c1,,0
CCN(CC)c1ccc(CN(C)c2c(-c3ccccc3)noc2C)cc1,,0
CCN(CC)c1ccc(Cl)c2nc(-c3c(OC)cc(COC)cc3OC)c(C)cc12,,0
CCN(CC)c1ccc(N=C2C(=O)c3ccccc3C(=O)C2Cl)cc1,,0
CCN(CC)c1ccc(NC(=O)c2ccc(Br)o2)c(C)c1,,0
CCN(CC)c1ccc(Nc2ncnc3sc(NC(=O)CCCCCCC(O)=NO)cc23)cc1F,,0
CCN(CC)c1ccc2c(-c3ccccc3C(=O)N3CCNCC3)c3ccc(=[N+](CC)CC)cc-3oc2c1,,0
CCN(CC)c1ccc2c(c1)OC(=O)CC(C(=O)OC)=C2,,0
CCN(CC)c1ccc2cc(C(=O)Nc3cccnc3N3CCOCC3)c(=O)oc2c1,,0
CCN(CC)c1ccc2cc(C(=O)c3ccc(N4CCN(S(=O)(=O)c5ccc(Br)cc5)CC4)cc3)oc2c1,,0
CCN(CC)c1ccc2ccc(=O)oc2c1,,0
CCN(CC)c1ccccc1C[S+]([O-])c1nccn1-c1ncccc1OC,,0
CCN(CC)c1ncnc2sccc12,,0
CCN(CC)c1nn2c(=N)n(CC(=O)c3cc(OCCCO)c(OC)c(C(C)(C)C)c3)nc2c(C)c1C,,0
CCN(CCCCCCNC1=CC(=O)C(NCCCCCCNC(=O)CCCCC2CCSS2)=CC1=O)Cc1ccccc1OC,7.0,1
CCN(CCOC)c1nc(C)nc2c(-c3c(C)cc(OC)cc3OC)c(C)nn12,,0
CCN(Cc1c[nH]cn1)c1nccc(OC)n1,,0
CCN(Cc1cc(=O)n2c(C(C)=O)c(C)sc2n1)c1ccc(F)cc1,,0
CCN(Cc1ccc(-c2nccnc2NS(=O)(=O)c2ccccc2Cl)cc1)c1ccccn1,,0
CCN(Cc1ccc(Cl)nc1)C1=C([N+](=O)[O-])C(C)CC(OC(C)C)N1C,,0
CCN(c1ccc(NC(=O)COC(=O)CCC(=O)c2ccc(F)cc2)cc1)C(C)C,,0
CCN(c1ccccc1)S(=O)(=O)c1cccc(C(=O)N(C)CC(=O)Nc2ccc(F)c(F)c2F)c1,,0
CCN1C(=O)C(=C(C)C)SC1=S,,0
CCN1C(=O)C(c2cccc(-c3cnn(C)c3)c2)C(=O)N(c2ccccc2)c2cc(C(F)(F)F)ccc21,,0
CCN1C(=O)c2cccc3c(S(=O)(=O)NCC(C)C)ccc1c23,,0
CCN1CCN(C(=O)c2csnn2)c2ccccc21,,0
CCN1CNC(=S)N(c2cccc(C)c2)C1,,0
CCN1N=C(C)C=C(c2ccccc2)n2c1nc1ccccc12,,0
CCNC(=O)Cc1c(O)n(-c2ccc(F)cc2)c(=O)n1Cc1ccccn1,,0
CCNC(=O)Nc1ccc(N(C)c2ccnc(Nc3ccc(CS(C)(=O)=O)cc3)n2)cc1,,0
CCNC(=O)ON(C)C(=O)COC(c1ccc(F)c(F)c1)P(=O)(OCOC(=O)C(C)(C)C)OCOC(=O)C(C)(C)C,,0
CCNC(=S)Nc1ccc2cc3ccc(NC(=S)NCC)cc3nc2c1,,0
CCNc1nc(NC(C)C)nc(NS(=O)(=O)c2ccc(N)cc2)n1,,0
CCNc1nc(SCCOc2ccc(Cl)cc2Cl)nc(N(C)C)n1,,0
CCOC(=O)/C(=C\c1cccc(O)c1)c1nc(=O)c2c(C)c(C)sc2[nH]1,,0
CCOC(=O)/C=C/CN(C(=O)OC(C)(C)C)S(=O)(=O)N1CC=CC1,,0
CCOC(=O)/C=C/[C@H](CCC(N)=O)NC(=O)C(Cc1ccc(F)cc1)N(C)C(=O)C(Cc1c[nH]cn1)NC(=O)c1cc(C)on1,,0
CCOC(=O)/C=C/[C@H]1Cc2ccccc2CN1C(=O)C(CC(C)C)NC(=O)C(CO)NC(=O)C(NC(=O)c1cccc(O)c1C)C(C)C,,0
CCOC(=O)/C=C/n1nnc(-c2ccccc2Cl)n1,,0
CCOC(=O)C#Cc1cn([C@H](C)C[C@@H]2CC[C@H](C(C)C(=O)NC(C)C)O2)nn1,,0
CCOC(=O)C(=Cc1cccnc1C)C(=O)OCC,,0
CCOC(=O)C(=O)C(C=NC(=S)c1ccncc1)C(=O)OCC,,0
CCOC(=O)C(CC)Sc1nc2c(c(=O)[nH]c(=O)n2C)n1C/C=C(/C)Cl,,0
CCOC(=O)C(Cc1ccccc1)=NC(=O)C(CC(C)C)NC(=O)C(CO)NC(=O)C(NC(=O)c1cccc(O)c1C)C(C)C,,0
CCOC(=O)C(NC(=O)CC)(Nc1nc2c(s1)CCCC2)C(F)(F)F,,0
CCOC(=O)C1(C(C)=O)C(c2ccc(N(C)C)cc2)N1c1ccc(/N=N/c2cccc(C)c2)cc1,,0
CCOC(=O)C1(CCc2ccccc2)CCN(C(=O)CN2CCOC2=O)CC1,,0
CCOC(=O)C1=C(C)N=C(C)C(C(=O)OCC)C1c1cc(C(C)CC)c2oc(=O)c(C(=O)OC)cc2c1,,0
CCOC(=O)C1=C(C)N=C(C)C(C(=O)OCC)C1c1cc(C(C)CC)c2oc(=O)c(C(=O)OCC)cc2c1,,0
CCOC(=O)C1=C(C)N=C(C)C(C(=O)OCC)C1c1ccc(OCC(=O)N/N=C(\C)c2cccs2)cc1,,0
CCOC(=O)C1=C(C)N=C(C)C(C(=O)OCCCN2C(=O)c3ccccc3S2(=O)=O)C1c1cccc(Cl)c1Cl,,0
CCOC(=O)C1=C(C)N=c2s/c(=C\c3ccc(-c4ccc(Cl)cc4Cl)o3)c(=O)n2C1c1ccc(SC)cc1,,0
CCOC(=O)C1=C(COCCNc2cc(=O)[nH]cn2)N=C(C)C(C(=O)OC)C1c1cccc(Cl)c1Cl,,0
CCOC(=O)C1=C(c2ccccc2)N=c2s/c(=C\c3cccc(O)c3)c(=O)n2C1c1cccs1,,0
CCOC(=O)C1=CN(CC)S(=O)(=O)NC1c1ccc(F)c(Cl)c1,,0
CCOC(=O)C1=NN(c2cccc(C)c2)C2(S1)SC(C(C)=O)=C(C)N2c1ccccc1,,0
CCOC(=O)C1C(c2ccc(Cl)cc2)NC(=O)NC1(O)C(F)(F)F,,0
CCOC(=O)C1CC2(COCc3ccccc3)C(=O)N(CCC3=CCCCC3)CC(=O)N2C1c1ccco1,,0
CCOC(=O)C1CCCCN1C(=O)C(=O)C(C)CC,,0
CCOC(=O)C1CCN(C(=O)COC(=O)C23CC4CC(CC(C4)C2)C3)CC1,,0
CCOC(=O)C1CCN(C(=O)c2cc(OCC)c(OCC)c(OCC)c2)CC1,,0
CCOC(=O)C1CCN(S(=O)(=O)c2cc(Br)cc3c2N(C(=O)C2CC2)CC3)CC1,,0
CCOC(=O)C1CCN(c2cc(C)nc3cc(-c4cccc(F)c4)nn23)CC1,,0
CCOC(=O)CC1Sc2ccccc2NC1=S,,0
CCOC(=O)CCC1[C@]2(C)OO[C@@]1(C)OO2,,0
CCOC(=O)CCCC1(Cc2ccncc2)C(=O)N(c2ccccc2)c2ccccc21,,0
CCOC(=O)CCCCCC(=O)Nc1ccc2c(c1)C(=O)N([C@H](C)CO)C[C@@H](C)[C@H](CN(C)S(=O)(=O)c1cn(C)cn1)O2,,0
CCOC(=O)CCCOc1c(OC)cc(Cc2cnc(N)nc2N)cc1OC,,0
CCOC(=O)CN(C(=O)COc1nc(C)cc(C)c1C#N)c1ccc(F)cc1,,0
CCOC(=O)CN1C(=O)N[C@@H](c2cccs2)C(C(C)=O)=C1C,,0
CCOC(=O)CN1C(=O)S/C(=C\c2ccccc2)C1=O,,0
CCOC(=O)COc1c(Cl)c(C)c(C=O)c(OC)c1C/C=C(C)/C=C/[C@]1(C)C(C)C(=O)CC[C@H]1C,,0
CCOC(=O)COc1ccc(C(=O)/C=C/c2cc(C)c3oc(=O)c(C(=O)OCC)cc3c2)cc1,,0
CCOC(=O)CSc1nc2c(sc(=S)n2Cc2ccco2)c(=O)n1-c1ccc(F)cc1,,0
CCOC(=O)CSc1nnc(CNC(=O)c2cccs2)n1-c1cc(C)ccc1C,,0
CCOC(=O)Cc1ccc(Nc2nc(NCc3cccs3)nc3ccsc23)cc1,,0
CCOC(=O)Cc1csc(NC(=O)CSc2nnnn2-c2ccc(C)c(C)c2)n1,,0
CCOC(=O)Cn1cncc1-c1ccc2c(c1)OCO2,,0
CCOC(=O)NCC(C)(C)C(=O)SCCO[P@](=O)(NCc1ccccc1)OC[C@H]1O[C@@H](n2ccc(=O)[nH]c2=O)[C@](C)(Cl)[C@@H]1O,,0
CCOC(=O)Nc1oc2c(-c3ccnc(C)c3)nccc2c1N(C(=O)OCC)c1ccc(F)c(Cl)c1,,0
CCOC(=O)[C@@]12C[C@@H]1[C@@H](n1cnc3c(NC)nc(C#Cc4ccc(Br)s4)nc31)[C@H](O)[C@@H]2O,,0
CCOC(=O)[C@]1(C)CCC[C@@]2(C)[C@@H]3CC[C@@]4(C)C[C@]3(CC[C@@H]21)C[C@@H]4n1cc(COc2ccc(C=O)cc2)nn1,,0
CCOC(=O)c1[nH]c(C)c(C(=O)OC)c1C,,0
CCOC(=O)c1c(-c2ccc(C)cc2)csc1NC(=O)CCSc1nnc2ccccn12,,0
CCOC(=O)c1c(-c2ccc(C)cc2)csc1NC(=O)c1nc(SC(C)C)ncc1Cl,,0
CCOC(=O)c1c(-c2ccc(C)cc2C)csc1NC(=O)CSc1nnnn1C,,0
CCOC(=O)c1c(-c2ccc(C)o2)csc1NC(=O)CSc1nncs1,,0
CCOC(=O)c1c(-c2ccccc2)nc(CC)c(C(=O)SCC)c1CCN1C(=O)c2ccccc2C1=O,,0
CCOC(=O)c1c(C)[nH]c(C(=O)COC(=O)C2CC(=O)N(Cc3ccccc3)C2)c1C,,0
CCOC(=O)c1c(C)[nH]c(C(=O)COC(=O)Cn2cc(C(F)(F)F)ccc2=O)c1C,,0
CCOC(=O)c1c(C)c(-c2ccccc2)n(CC(=O)N2CCCC2)c1C,,0
CCOC(=O)c1c(C)oc2cc(OCC)c(OCc3oc4cc(OCC)c(OS(=O)(=O)O)cc4c3C(=O)OCC)cc12,,0
CCOC(=O)c1c(NC(=O)CSc2nc3c(c(=O)n(C)c(=O)n3C)n2C(C)C)sc(C)c1C,,0
CCOC(=O)c1c(NC(=O)CSc2nnc(CNc3ccc(Cl)cc3)o2)sc(C)c1C,,0
CCOC(=O)c1c(NC(=O)c2cc(CC)on2)sc(C)c1C,,0
CCOC(=O)c1c(NC2CCC2)c(O)n(C2CCC2)c1C(=O)OCC,,0
CCOC(=O)c1c[nH]c(C(C)(C)C)nc1=O,,0
CCOC(=O)c1cc(-c2ccc(C#N)cc2)nc2c1c(C)nn2CCC#N,,0
CCOC(=O)c1cc(-c2ccc(C)cc2)n(CCC(=O)N2CCN(c3ccccn3)CC2)c1C,,0
CCOC(=O)c1cc(CC)sc1NC(=O)COC(=O)c1cnccn1,,0
CCOC(=O)c1cc2cc(N3CCN(C(=O)CCC45CC6CC(CC(C6)C4)C5)CC3)ccc2o1,,0
CCOC(=O)c1cc2ccccn2/c(=N/c2ccccc2)n1,,0
CCOC(=O)c1ccc(/N=c2\ssnc2Cl)cc1,,0
CCOC(=O)c1ccc(NC(=O)CCS(=O)(=O)c2ccc3c(c2)oc(=O)n3C)cc1,,0
CCOC(=O)c1ccc(NC(=O)CSc2ccc(-c3ccncc3)nn2)cc1,,0
CCOC(=O)c1ccc(NC(=O)CSc2ccc(-c3sc(C)nc3C)nn2)cc1,,0
CCOC(=O)c1ccc(NC(=O)CSc2nnc(-c3ccncc3)n2C)cc1,,0
CCOC(=O)c1ccc(NC(=O)Cn2c(C)nc3c(sc(=S)n3CC)c2=O)cc1,,0
CCOC(=O)c1cnc(/N=C/N(C)C)s1,,0
CCOC(=O)c1cnc(Nc2nc3ccccc3o2)nc1CSc1nnc(C)s1,,0
CCOC(=O)c1csc(-c2csc(-c3csc([C@@H](NC(=O)OC(C)(C)C)[C@@H](C)OC(C)(C)C)n3)n2)n1,,0
CCOC(=O)c1csc(N=Cc2cc(C=CC(=O)c3cccs3)cc(C(C)(C)C)c2O)n1,,0
CCOC(=O)c1nc(C)[nH]c1C(=O)OCC,,0
CCOC(C)(C)/C=C(\C#N)C(=O)N[C@H](C)Cn1nc(-c2ccc(Oc3ccccc3)cc2F)c2c(N)ncnc21,,0
CCOC(CN1C(=O)[C@]2(CC(=O)Nc3c2nnn3[C@@H](C)c2ccc(Cl)cc2)c2cc(Cl)ccc21)OCC,,0
CCOC(Cn1nc(-c2ccc3oc(N)nc3c2)c2c(N)ncnc21)OCC,,0
CCOC1(c2ccc([C@H](C)Nc3nccc(N4C(=O)OC[C@@H]4C(C)C)n3)cn2)CC1,,0
CCOC1c2ccccc2C(=O)N(C)c2ccccc21,,0
CCOCCC1(Oc2ccc(Oc3ccc(-c4nc5cc(F)ccc5[nH]4)cc3)cc2)C(=O)NC(=O)NC1=O,,0
CCOCCCN(Cc1ccco1)S(=O)(=O)c1cc2c(cc1Cl)NC(=O)CO2,,0
CCOCCOC(=O)C(C#N)C(=NCc1ccc(Cl)nc1)SC,,0
CCOCCOC(=O)C(C#N)C(=NNc1cc(Cl)c(Cl)cc1Cl)C(C)C,,0
CCOCCOC(=O)C(C#N)C(CC)=NCc1cnc(Cl)s1,,0
CCOCCOC(=O)C(C#N)C(CC)=NCc1nc(-c2ccc(F)cc2)no1,,0
CCOCCOP(=O)(OCCOCC)C(N=C(SC)C(C#N)C(=O)OCCOC)c1ccccc1F,,0
CCOCCSc1nc2c(c(-c3cccs3)c1C#N)CC/C2=C/c1cccs1,,0
CCOCCc1nnc(NC(=O)C(=O)c2cc(C)n(-c3ccc(Cl)cc3)c2C)s1,,0
CCOCCn1c(=O)c2[nH]c(Cc3ccccc3)nc2n(Cc2ccco2)c1=O,,0
CCOCCn1cccc1C(c1ccc(N(C)S(=O)(=O)c2ccccc2)cc1)C(F)(F)F,,0
CCOCOc1cccc2c1C(=O)c1c(OCOCC)cc(C=O)cc1C2=O,,0
CCOCc1nnc(NC(=O)COc2ccc3c(c2)OCO3)s1,,0
CCONC(=O)c1ccccc1Sc1ccc2c(C=Cc3ccccn3)[nH]nc2c1,,0
CCOP(=O)(Cc1ccc(Nc2ncc3scc(-c4ccccc4OC)c3n2)cc1)N1CCOCC1,,0
CCOP(=O)(OCC)C(NC(=O)c1cc(O)c2c(c1)C(=O)c1cccc(O)c1C2=O)c1ccccc1Br,,0
CCOP(=O)(OCC)OC[C@H]1O[C@@H](c2ccc(C3CC3)c(Cc3ccc4c(c3)OCCO4)c2)[C@H](O)[C@@H](O)[C@@H]1O,,0
CCOP(=O)(OCC)Oc1ccc([N+](=O)[O-])cc1,8.0,1
CCO[C@H]1OC(C(=O)N2CCOCC2)=C[C@@H](c2ccc3c(c2)OCO3)[C@@H]1CCCO,,0
CCOc1c(N2CCOCC2)cn[nH]c1=O,,0
CCOc1cc(-c2nc(-c3ccc(-c4ccccc4)nc3OCC)no2)cc(OCC)c1OCC,,0
CCOc1cc(-c2nc(C)c(C(C)=O)n2O)ccc1OCC(=O)Nc1cccc(C)c1,,0
CCOc1cc(-c2nc([C@H](C)Sc3nc(N)cc(N)n3)c(C)s2)ccc1OCCOCCOCCOC,,0
CCOc1cc(/C=C(\C#N)C(=O)Nc2ccccc2C)ccc1OCc1cc(=O)n2nc(CC)sc2n1,,0
CCOc1cc(=O)n(C)cc1-c1cc(N(CC2CCOCC2)S(=O)(=O)CC)ccc1Oc1ccc(F)cc1F,,0
CCOc1cc(=O)n(C)cc1-c1cc(N(CCc2ccccc2)S(=O)(=O)Cc2ccccc2)ccc1Oc1ccc(F)cc1F,,0
CCOc1cc(=O)n(C)cc1-c1cc(N(CCc2ccccc2Cl)S(=O)(=O)CC)ccc1Oc1ccc(F)cc1F,,0
CCOc1cc(=O)n(C)cc1-c1cc(N(Cc2ccccc2)S(=O)(=O)Cc2ccccc2)ccc1Oc1ccc(F)cc1F,,0
CCOc1cc(C)c(Cl)cc1S(=O)(=O)N(C)C,,0
CCOc1cc(C2CC(=O)N=C3CC(c4ccc(OC)cc4)CC(=O)C32)cc(Cl)c1O,,0
CCOc1cc(C=C2SC(=S)N(Nc3ccccc3)C2=O)ccc1O,,0
CCOc1cc(C=CC(=O)c2ccccc2NC(=O)NS(=O)(=O)c2ccc(C)cc2)ccc1O,,0
CCOc1cc(C=Cc2cc(C(F)(F)F)[nH]c(=O)n2)ccc1O,,0
CCOc1cc(CC2C(=O)OC[C@@H]2Cc2ccc(OCC)c(OCC)c2)ccc1O,,0
CCOc1cc(COc2ccc3c(c2)NCCN(C(CCC(=O)OC)C(O)=NO)S3)cc(OCC)c1,,0
CCOc1cc(N2CCOCC2)c(OCC)cc1NC(=O)c1[nH]c(C)c(C(C)=O)c1C,,0
CCOc1cc(N2CCOCC2)c(OCC)cc1NC(=O)c1c(C)noc1C,,0
CCOc1cc(N2CCOCC2)c(OCC)cc1NC(=O)c1ccc(C)s1,,0
CCOc1cc2c(cc1OCC)C(c1c(F)cccc1Cl)CC(=O)N2,,0
CCOc1cc2cc(-c3c(C)nc(NCC(F)(F)F)nc3N[C@@H]3C[C@H](CO)[C@@H](O)[C@H]3O)oc2c(C)n1,,0
CCOc1cc2ncnc(Nc3ccc(OCc4ccccc4OC)c(OC)c3)c2cc1OCC,,0
CCOc1ccc(-c2cc3c(=O)n(Cc4nc(-c5ccc(OCC)c(OC)c5)oc4C)ccn3n2)cc1Cl,,0
CCOc1ccc(-c2nnc(-c3cccnc3)o2)cc1OCC,,0
CCOc1ccc(Br)cc1S(=O)(=O)Nc1ccc(Cl)c(S(=O)(=O)N(C)C)c1,,0
CCOc1ccc(C)cc1S(=O)(=O)n1ccnc1,,0
CCOc1ccc(Cc2nc3cc(C(=O)N(CC)CC)ccc3n2CCCCNc2c3c(nc4ccccc24)CCCC3)cc1,7.5,1
CCOc1ccc(Cc2nc3cc(C(=O)NCCCCNc4c5c(nc6ccccc46)CCCC5)ccc3n2CCC(C)C)cc1,8.0,1
CCOc1ccc(NC(=O)Cn2nc3c(Oc4ccc(C)cc4)nccn3c2=O)cc1,,0
CCOc1ccc(OCC)c(-c2c(=O)n(OCc3ccccc3Br)c3ccccc3[n+]2[O-])c1,,0
CCOc1ccc(S(=O)(=O)NCc2ccncc2)cc1Cl,,0
CCOc1cccc(-c2nnc3sc(-c4ccco4)nn23)c1,,0
CCOc1cccc2cc(C(=O)OCC(=O)Nc3c(C)cccc3CC)c(=O)oc12,,0
CCOc1ccccc1-c1noc(CSc2nnc(-c3ccccc3)n2-c2ccc(F)cc2)n1,,0
CCOc1ccccc1-c1noc(CSc2nnc(-c3ccncc3)n2-c2ccc(F)cc2)n1,,0
CCOc1ccccc1-n1c(SCC(N)=O)nnc1-c1ccco1,,0
CCOc1ccccc1CNC(=O)C1CCN(S(=O)(=O)c2c(C)noc2/C=C/c2ccccc2F)CC1,,0
CCOc1ccccc1NC(=O)CSc1nnc2ccc(-c3ccccn3)nn12,,0
CCOc1ccccc1NC(=O)Cn1cnc2sc(C)c(S(=O)(=O)N3CCC(C)CC3)c2c1=O,,0
CCOc1ccnc(NCc2nc(C)cc(C(F)(F)F)n2)n1,,0
CCOc1nc(NC2CCCC2)nc(N2CCC(C)CC2)n1,,0
CCOc1nc(SC)nc(C(Cl)(Cl)Cl)n1,,0
CCOc1nc(SCCOc2ccc(Cl)cc2Cl)nc(N(C)C)n1,,0
CCOc1ncccc1CNC(=O)c1s[nH]c(=O)c1Cl,,0
CCOc1ncccc1CNS(=O)(=O)c1ccc2c(c1)CCC2,,0
CCOc1ncccc1CNS(=O)(=O)c1ccc2c(c1)CCCC(=O)N2,,0
CCOc1ncccc1Oc1ccc(S(=O)(=O)Nc2ccc(F)cn2)cc1C#N,,0
CCOc1nnc(NS(=O)(=O)c2ccc(Oc3ccc(Cl)cc3-c3ccnn3C)c(C#N)c2)s1,,0
CCOc1nnnc2c1sc1nc(N3CCOCC3)c3c(c12)CCCC3,,0
CCS(=O)(=O)CCN(C(=O)Cc1ccc(C(F)(F)F)c(F)c1)C(C)c1nc2c(Cl)nccn2c1-c1ccc(C#N)cc1,,0
CCS(=O)(=O)CCN(C(=O)Cc1ccc(F)c(C(F)(F)F)c1)[C@H](C)c1nc2nc(OC)ccc2c(=O)n1-c1ccc(C#N)cc1,,0
CCS(=O)(=O)N1Cc2cc(C(=O)N(C)C)nc(-c3cccc(-c4ccc(F)cc4)c3)c2[C@H]1CCO,,0
CCS(=O)(=O)Nc1ccc(CCNC(=O)c2ccnc3[nH]c(-c4ccsc4)nc23)cc1,,0
CCSC(SCC)[C@@H]1O[C@H](c2ccccc2)O[C@@H]2CO[C@H](c3ccccc3)O[C@@H]21,,0
CC[C@@H](C)[C@@](C)(NC(=O)c1ccc2c(c1)OCO2)C(=O)OC,,0
CC[C@@H](C)n1ncn(-c2ccc(N3CCN(c4ccc(OC[C@@H]5CO[C@@](Cn6cncn6)(c6ccc(F)cc6F)C5)cc4)CC3)cc2)c1=O,,0
CC[C@@H](Nc1c(Nc2cccc(C(=O)N(C)C)c2O)c(=O)c1=O)c1cc(Br)co1,,0
CC[C@@H](Nc1c(Nc2cccc(C(=O)N3CCN(C(C)=O)CC3)c2O)c(=O)c1=O)c1ccccc1,,0
CC[C@@H](Nc1nc(NCc2cc(Cl)ccc2O)c2ncn(C(C)C)c2n1)C(C)O,,0
CC[C@H](C)C1NC(=O)C(CC(C)C)NC(=O)C([C@@H](C)O)NC(=O)C(CO)NC(=O)C(CC(C)C)NC(=O)C[C@@H](CCCCCCC(C)C)OC1=O,,0
CC[C@H]1CCC2(CC1)OO[C@@]1(CC[C@@]3(C)[C@H](C[C@@H](OC(C)=O)[C@@H]4[C@@H]3CC[C@]3(C)[C@@H]([C@H](C)CCC(=O)O)CC[C@@H]43)C1)OO2,,0
CC[C@H]1C[C@H](n2c(=O)nc(-c3ccc(NC)nc3)c3oc4ncc(-c5cnn(C)c5)cc4c32)CCO1,,0
CC[C@H]1[C@@H](O)[C@H](C)C/C(C)=C/C=C/[C@H](OC)[C@@H]([C@@H](C)CO)OC(=O)C(OC)=CC(C)=CC(C)[C@H]1O,,0
CC[N+](C)(CC)CCSC1=Nc2ccccc2N=C(c2ccc(Sc3ccccc3)cc2)C1,,0
CC[N+](CC)(CCCCCCCC[N+](CC)(CC)CC/N=C1\C[C@H]2CC[C@]1(C)C2(C)C)CC/N=C1\C[C@H]2CC[C@]1(C)C2(C)C,,0
CC[N+](CC)(CCCCCn1c(=O)cc(C)n(CCCCn2c(C)cc(=O)n(C)c2=O)c1=O)Cc1ccccc1C(F)(F)F,9.0,1
CC[N+]1(c2ccccc2)CCSCC1,,0
CC[S+]([O-])CCn1c(=O)c2[nH]c(Cc3cccs3)nc2n(Cc2ccco2)c1=O,,0
CC[S+]([O-])c1ccc(CC(=O)Nc2cc(-c3cc(C#N)cnc3OC)cs2)cc1,,0
CC[n+]1c(/C=C/c2ccc(N(CCCl)CCCl)cc2)ccc2cc(Br)ccc21,,0
CC[n+]1ccc(Nc2ccc(NC(=O)c3ccc(Nc4cc[n+](CC)c5ccc(N)cc45)cc3)cc2N)cc1,,0
CC[n+]1ccc(Nc2ccc(NC(=O)c3ccc(Nc4cc[n+](CC)c5ccc(N)cc45)cc3N)cc2)cc1,,0
CCc1[nH]nc(NC(=O)c2cc[nH]n2)c1C,,0
CCc1c(-c2ccc(Oc3ncccc3Cl)cc2C)n(C)c(=O)[nH]c1=O,,0
CCc1c(CCN(C)CC(=O)O)cccc1-c1nsc(-c2ccc(OC(C)C)c(C(F)(F)F)c2)n1,,0
CCc1cc(-c2nc(-c3cc(C)c(OC[C@@H](O)CNC(=O)CO)c(CC)c3)no2)cc(OC2CCCC2)n1,,0
CCc1cc(-c2nnn(CCC3COCCO3)c2CC)ccc1-c1cn(Cc2ccc3ccccc3c2)nn1,,0
CCc1cc(-c2noc(-c3cc(C)nc(CC(C)C)c3)n2)cc(C)c1OC[C@@H](O)CNC(=O)CO,,0
CCc1cc(-c2noc(-c3cc(OC)cc(C(CC)CC)n3)n2)cc(C)c1OC[C@@H](O)CNC(=O)CO,,0
CCc1cc(-c2noc(-c3cnc(CC(C)C)c(C)c3)n2)cc(C)c1OC[C@H](O)CNC(=O)CO,,0
CCc1cc(=O)[nH]c(SCc2nc(-c3ccccc3)no2)n1,,0
CCc1cc(C)cc(CC)c1-c1c(O)n2n(c1=O)CC(CC)OCC2,,0
CCc1cc(C)cc(Oc2cccc(N(Cc3cccc(OC(F)(F)C(F)F)c3)CC(O)C(F)(F)F)c2)c1,,0
CCc1cc(COc2ccc(C3CCN(C(=O)C4CC4)CC3)cc2C)c(-c2cccc(-n3ncc(C(=O)O)c3C(F)(F)F)n2)s1,,0
CCc1cc2c(=O)n(-c3ccc(OC(C)C)cc3)c(=O)n(Cc3ccc(-c4ccccc4-c4nc(=O)o[nH]4)cc3F)c2s1,,0
CCc1cc2c(=O)n(/N=C/c3ccccc3)c(C)nc2s1,,0
CCc1cc2c(=O)n(Cc3ccco3)c(SCC(=O)NCC3CCCO3)nc2s1,,0
CCc1cc2c(=O)oc(-c3ccccc3F)nc2s1,,0
CCc1cc2c(cc3c(=O)n(CC(=O)NC4CCC(C)CC4)ncn32)s1,,0
CCc1ccc(-n2c(O)c3c(c2O)C(c2ccco2)N(c2ccccc2)O3)cc1,,0
CCc1ccc(CNC(=O)Cn2ccc3sccc3c2=O)cc1,,0
CCc1ccc(NC(=O)C(=O)NCc2ccccn2)cc1,,0
CCc1ccc(NC(=O)C(=O)NN=C(C)CC(=O)Nc2ccccn2)cc1,,0
CCc1ccc(NC(=O)CCc2c(C)nn(-c3ccc(N4CCCC4)nn3)c2C)cc1,,0
CCc1ccc(NC(=O)CCc2nnc3ccc(N4CCCC4)nn23)cc1,,0
CCc1ccc(S(=O)(=O)NCCc2csc3nc(-c4ccccc4)nn23)s1,,0
CCc1cccc(C)c1NC(=O)CSc1nnc(-c2ccco2)n1N,,0
CCc1cccc(N(C(=O)c2csnn2)C(C(=O)NC(C)(C)C)c2ccccn2)c1,,0
CCc1cccc2c1ccc1c3c(c(=O)oc12)C(C)CO3,,0
CCc1ccccc1N(C)S(=O)(=O)c1ccc(-c2cc(C)no2)s1,,0
CCc1ccccc1NC(=O)Oc1ccc2c(c1)[C@]1(C)CCN(C)[C@@H]1N2C,8.0,1
CCc1cnc(N2CCC(n3ncc4cc(-c5ccc(S(C)(=O)=O)cc5)ccc43)CC2)nc1,,0
CCc1cncc(-c2cnc3c(c2)CCCN3C(N)=O)c1,,0
CCc1nc(C)cn1CC1CC(c2ccccc2)(c2ccccc2)C(=O)O1,,0
CCc1nc(C2=CCCN(C)C2)no1,,0
CCc1nc(N)nc(N2CCOCC2)c1-c1ccc(NCc2ccc(S(C)(=O)=O)cc2)cc1,,0
CCc1nc(N2CCCC(C)C2)c2oc3ccccc3c2n1,,0
CCc1nc(N2CCN(S(=O)(=O)c3ccc(Br)cc3)CC2)c2c(C)c(C)sc2n1,,0
CCc1nc(SCC(=O)c2cccs2)c2oc3ccccc3c2n1,,0
CCc1nc2c(CC)c(Cn3ccnc3-c3cc(F)ccc3C)ncn2n1,,0
CCc1nn(C(C)C(=O)NC(C)CCc2ccco2)c(=O)c2cc3occc3n12,,0
CCc1nn(C(CC)C(=O)NCC(C)c2ccccc2)c(=O)c2cc3occc3n12,,0
CCc1nn(CCOCC(F)(F)F)c2c1C(c1ccc(Cl)cc1)N(c1cc(OC)c3nnc(C)n3c1)C2=O,,0
CCc1nn2cc(-c3cc4cccc(OCC#N)c4o3)nc2s1,,0
CCc1nnc(NC(=O)CSc2nc(-c3ccc(F)cc3)cc(-c3ccccc3)c2C#N)s1,,0
CCc1nnc(NC(=O)CSc2nnc(-c3ccccc3)n2-c2ccccc2)s1,,0
CCc1nnsc1C(=O)N(C)Cc1ccc(C#N)cc1,,0
CCc1noc(C)c1C(=O)N1CCCC1Cn1cccn1,,0
CCc1noc(C2=CCCN(C)C2)n1,,0
CCc1noc(C2CCCCN2C(=O)c2cc(C)oc2C)n1,,0
CCn1c(=N)n(CC(O)c2ccco2)c2ccccc21,,0
CCn1c(=O)c2c(no[n+]2[O-])n([C@@H]2O[C@H](COCc3ccccc3)[C@@H](OCc3ccccc3)[C@H]2OCc2ccccc2)c1=O,,0
CCn1c(=O)cc(N2CCOCC2)c2cc(-n3c(-c4ccccc4)cn(C(C)C)c3=O)ccc21,,0
CCn1c(C)nnc1SCCNC(=O)c1cnc(N(C)C)nc1C,,0
CCn1c(COC(c2ccc(C#N)cc2)c2cncn2C)c(-c2cccc(Cl)c2)cc(C#N)c1=O,,0
CCn1c(CSc2ncccn2)nnc1SCC(=O)N1CCCCC1,,0
CCn1c(SCC(=O)NC(C)(C)C)nnc1-c1ccoc1C,,0
CCn1c(SCC(=O)NN=CC=Cc2ccccc2[N+](=O)[O-])nc2ccccc21,,0
CCn1c(SCC(=O)Nc2nccs2)nnc1-c1ccc(S(=O)(=O)N2CCCCCC2)cc1,,0
CCn1c(SCc2ccc(C(=O)Nc3nccs3)cc2)nnc1-c1ccc(NC(C)=O)cc1,,0
CCn1c2nc(SC)nc(=O)c-2cc2cc(C)ccc21,,0
CCn1cc(-c2cccc(Cc3c4c(nn3C)CCc3cnc(Nc5ccn(CC)n5)nc3-4)c2)cn1,,0
CCn1ccc(Nc2ncc3c(n2)-c2c(nn(C)c2-c2ccc(-c4cnn(Cc5ccccc5)c4)cc2)CC3)n1,,0
CCn1nc(C(F)(F)F)cc1-c1ccc(Oc2cc(F)c(S(=O)(=O)Nc3ccc(F)cn3)cc2Cl)cc1,,0
CCn1nc(C(F)(F)F)cc1-c1ccc(Oc2ccc(S(=O)(=O)Nc3ncc(F)cc3F)cc2C#N)cc1,,0
CCn1nc(C)c(/C=N/NC(=S)Nc2ccc(Cl)cc2Cl)c1C,,0
CCn1nc(C)c(NC(=O)CSc2nnc(-c3ccco3)n2C)c1C,,0
CCn1nc(C2CC2)c2ccc(Nc3[nH]nc4ncccc34)cc21,,0
CCn1nnnc1SCC(=O)N1c2ccccc2Sc2ccccc21,,0
CCn1nnnc1SCc1cc(C#N)ccc1F,,0
CCn1sc(=O)n(CC(C)C)c1=O,,0
CN(C(=O)Cc1ccccc1)c1nnc(CCSCCc2nnc(N(C)C(=O)Cc3ccccc3)s2)s1,,0
CN(C(=O)c1cnn(-c2nccc(-c3ccccc3C(F)(F)F)n2)c1C1CC1)C1CCOC1,,0
CN(C)/C=C/C(=O)c1cnc(-c2ccccn2)s1,,0
CN(C)/C=C/c1ccnc2c1C(=O)c1ccccc1C2=O,,0
CN(C)/C=N/c1c(C(=O)c2ccccc2)sc2nccc(N(C)C)c12,,0
CN(C)C(=O)CN1CCN(C(=O)CCl)CC1,,0
CN(C)C(=O)CNc1cccc(Nc2ncc(F)c(Nc3cccc(O)c3)n2)c1,,0
CN(C)C(=O)CNc1ncnc2ccc(C#CCNC(=O)c3cccn(Cc4ccc(F)c(F)c4)c3=O)cc12,,0
CN(C)C(=O)C[C@H](CSc1ccccc1)Nc1c(C(=O)N/N=C/c2ccccc2F)cnc2c(C(F)(F)F)cccc12,,0
CN(C)C(=O)c1cc(CN2CCOc3c(F)cc(F)cc32)c2oc(N3CCOCC3)cc(=O)c2c1,,0
CN(C)C(=S)SCc1ccccc1,,0
CN(C)C(CNCc1nc(-c2ccsc2)no1)c1ccsc1,,0
CN(C)C1=CC(=O)C(N(C)C)=CC1=O,,0
CN(C)CC/C=C/C(=O)Nc1cccc(S(=O)(=O)N2CC[C@H](NC(=O)c3[nH]ncc3NC(=O)c3c(Cl)cccc3Cl)C2)c1,,0
CN(C)CCCNC(=O)CCNC(=O)c1cc(NC(=O)c2cc(NC(=O)c3cc(NC(=O)c4nccn4C)cn3C)cn2C)cn1C,,0
CN(C)CCCn1c(=O)c2ccc(NCCCN(C)CCCN3C(=O)c4cccc5cc([N+](=O)[O-])cc(c45)C3=O)c3c(=O)c4ccccc4n(c1=O)c23,,0
CN(C)CCN(Cc1ccc(-c2ccc(CNCCc3ccccc3)cc2)cc1)C(=O)/C=C/c1ccccc1,,0
CN(C)N=Nc1ccc(C(=O)O)cc1,,0
CN(C)S(=O)(=O)Nc1ccc(CCNC(=O)c2ccnc3[nH]c(-c4ccsc4)nc23)cc1,,0
CN(C)S(=O)(=O)Nc1cccc(C(=NO)c2ccccc2)c1,,0
CN(C)S(=O)(=O)Nc1ccccc1-c1cccc2c1[nH]c1ccccc12,,0
CN(C)S(=O)(=O)c1ccc(-c2csc(-c3cccnc3)n2)cc1,,0
CN(C)S(=O)(=O)c1ccc(-c2csc(N)n2)cc1,,0
CN(C)S(=O)(=O)c1ccc(C(=O)NCc2cccs2)cc1,,0
CN(C)S(=O)(=O)c1cccc(NC(=O)COC(=O)CCC(=O)c2cccs2)c1,,0
CN(C)S(=O)(=O)n1c(N)nc2ccc(-c3[nH]c(-c4c(F)cccc4F)nc3-c3ccccc3)cc21,,0
CN(C)c1ccc(-n2sc3ccccc3c2=O)cc1,,0
CN(C)c1ccc(/C=C/C=C2/C(=O)NC(=O)N(c3ccccc3)C2=O)cc1,,0
CN(C)c1ccc(/C=C/c2ccccc2)cc1,,0
CN(C)c1ccc(/C=C/c2ccccn2)cc1,,0
CN(C)c1ccc(/C=C2\C=Cc3ccccc32)cc1[N+](=O)[O-],,0
CN(C)c1ccc(/C=c2\sc3nnc(Cc4ccccc4)n3c2=O)cc1,,0
CN(C)c1ccc(C2=[N+]([O-])c3cc(N)ccc3C2=O)cc1,,0
CN(C)c1ccc(C2CC(c3cc(Cl)sc3SCc3ccccc3)=NN2c2nc(-c3ccc(Cl)cc3)cs2)cc1,,0
CN(C)c1ccc(C2SCC(=O)N2c2nc3cc4sc(N5C(=O)CSC5c5ccc(N(C)C)cc5)nc4cc3s2)cc1,,0
CN(C)c1ccc(Nc2ccc(S(=O)(=O)NCC3CC3)c(C(F)(F)F)c2)cc1,,0
CN(C)c1cccc(-c2cnc3ncn(Cc4ccc5ncccc5c4)c3n2)c1,,0
CN(C)c1cccc2c(S(=O)(=O)NCCCCC(NC(=O)c3ccc(N(C)Cc4cnc5nc(N)nc(N)c5n4)cc3)C(=O)O)cccc12,,0
CN(C)c1ccccc1C[S+]([O-])c1nccn1-c1ccc(Cl)cn1,,0
CN(C)c1ccnc(-n2cccc2/C=N/OCc2cccc(F)c2)c1C#N,,0
CN(C)c1nc(=O)cc(C(=O)NC2(c3ccc(C(F)(F)F)c(F)c3)CC2)[nH]1,,0
CN(C)c1nc(N2CC3CCN(C(=O)c4ccc(F)cc4-n4nccn4)CC32)cc(C(F)(F)F)n1,,0
CN(C)c1ncc(/C=C/c2ccccc2)cn1,,0
CN(C)c1ncc2nc(CCc3ccccc3)c(=O)n(C[C@H]3CCCO3)c2n1,,0
CN(C)c1ncccc1CNS(=O)(=O)c1ccc(F)cc1F,,0
CN(C)c1ncnc2c1ncn2Cc1ccccc1F,,0
CN(C)c1ncnc2c1ncn2[C@@H]1O[C@H](CO)[C@@H](NC(=O)C(N)CSC(c2ccccc2)(c2ccccc2)c2ccccc2)[C@H]1O,,0
CN(C)n1c(O)cc(N2CCCCC2)c1O,,0
CN(CC(O)CON=C1c2ccccc2-c2ccccc21)S(=O)(=O)c1ccc(Br)cc1,,0
CN(CC1CCOC1)c1ccc(Br)cn1,,0
CN(CCCCCl)P(=O)(OCC1=CC(=O)c2ccccc2C1=O)OC[C@H]1O[C@@H](n2cc(F)c(=O)[nH]c2=O)C[C@@H]1O,,0
CN(CCCN)CCCN1C(=O)c2ccc3c4ccc5c6c(ccc(c7ccc(c2c37)C1=O)c64)C(=O)N(CCCN(C)CCCCN)C5=O,,0
CN(CCNc1ccc(NCCN(C)c2ccccc2)c2c(O)c3c(c(O)c12)C(=O)C=CC3=O)c1ccccc1,,0
CN(CCO)C(=O)C1CCN(c2ncc(C(F)(F)F)cc2Cl)CC1,,0
CN(CCO)c1cc2ncnc(Nc3cccc(Br)c3)c2cn1,,0
CN(C[C@H](Cc1ccccc1)N(C[C@@H](Cc1cccc2ccccc12)N(CCc1ccccc1)N=O)N=O)N=O,,0
CN(C[C@H](Cc1ccccc1)N(C[C@H](Cc1ccccc1)N(CC1(c2ccccc2)CC1)N=O)N=O)N=O,,0
CN(Cc1ccc(Cl)s1)C(=O)CN1C(=O)N(C)C2(CCCCC2)C1=O,,0
CN(Cc1ccc2c(c1)OCO2)C(=O)Cc1cccs1,,0
CN(Cc1cccs1)C(=O)C12CC3CC(CC(C3)C1)C2,,0
CN(Cc1cccs1)C(=O)Cn1nnc2ccccc21,,0
CN(Cc1ncc[nH]1)C(=O)Cc1cc(F)cc(F)c1,,0
CN(Cc1nccs1)c1ncnc2ccc(-c3ccc4c(c3)OCO4)cc12,,0
CN(c1ccc(-c2cccc(O)c2)cc1)S(=O)(=O)c1cccc(O)c1,,0
CN(c1ccc(Cl)cc1)c1cc[n+](Cc2ccc(CCCCc3ccc(C[n+]4ccc(N5CCCC5)cc4)cc3)cc2)cc1,,0
CN(c1ccc(OC(F)(F)F)cc1)c1cc(-c2ccncc2)ncn1,,0
CN(c1ccccc1)S(=O)(=O)c1cccc(C(=O)OCC(=O)NCc2ccco2)c1,,0
CN(c1cccnc1)c1nc(=O)c2cccnc2s1,,0
CN(c1ncnc2[nH]ccc12)[C@H]1CN(C(=O)Nc2cc(Cl)ccc2Cl)CC12CC2,,0
CN1C(=O)C(N2CCCCC2)S/C1=C\C(=O)O,,0
CN1C(=O)CCc2cc(-c3cncc(COc4cc(C#N)ccn4)c3)ccc21,,0
CN1C(=O)CCc2cc(-c3cncc(COc4ccc(F)cn4)c3)ccc21,,0
CN1C(=O)CS[C@H]1[C@H]1O[C@H](CO)[C@@H](O)[C@@H]1O,,0
CN1CC2(CCN(Cc3ncc[nH]3)CC2)CC1=O,,0
CN1CC2(CCN(c3cncc4ccccc34)CC2)CC1=O,,0
CN1CCC2(CCN(c3cncc4ccccc34)CC2)C1=O,,0
CN1CCC=C(c2nc(C3CC3)no2)C1,,0
CN1CCOC(C)(C(=O)Nc2nccs2)C1,,0
CN1CCc2cc(C(=O)CCC3CCN(Cc4ccccc4)CC3)ccc21,8.0,1
CN1C[C@@H]2CCCN2P1Oc1cccc2cccnc12,,0
CN1Cc2cc(ccc2S(=O)(=O)C2CC2)NC(=O)CCc2cc(ccc2C2CC2)C(Nc2ccc3c(N)ncc(F)c3c2)C1=O,,0
CN1OC(c2ccccc2)=C(CO)C1c1ccccc1,,0
CNC(=O)C(NC(=O)C(CC(C)C)C(C(O)=NO)C1CCCC1)C(C)(C)C,,0
CNC(=O)C(NC(=O)C(CC(C)C)C(OCc1cccc2cccnc12)C(O)=NO)C(C)(C)C,,0
CNC(=O)COC(=O)/C=C/c1cn(-c2ccccc2)nc1-c1ccc2c(c1)OCCO2,,0
CNC(=O)Oc1cccc(C(C)N(C)C)c1,7.0,1
CNC(=O)[C@]12C[C@@H]1[C@@H](n1cnc3c(NCc4cc(Cl)ccc4Cl)nc(Cl)nc31)[C@H](O)[C@@H]2O,,0
CNC(=O)c1c(-c2ccc(F)cc2)oc2cc(N(C)S(C)(=O)=O)c(-c3ccc4c(n3)-c3cc5c(F)cccc5n3CC4F)cc12,,0
CNC(=O)c1c(-c2ccc(F)cc2)oc2cc(N(C)S(C)(=O)=O)c(-c3cnc4[nH]cnc(=O)c4n3)cc12,,0
CNC(=O)c1c(-c2ccc(F)cc2C)oc2cc(N(C)S(C)(=O)=O)c(-c3ccc4c(n3)-c3cc5c(F)cccc5n3CC4)cc12,,0
CNC(=O)c1cc(F)c(F)cc1Nc1nc(Nc2cccc(CS(C)(=O)=O)c2)ncc1Cl,,0
CNC(=O)c1ccc(CCC(=O)N=CC(=O)N(C)c2ccc(C(=O)NC)c(COc3cccc4ccc(C)nc34)c2C(=O)NC)cn1,,0
CNC(=O)c1ccc(CCC(=O)N=CC(=O)N(C)c2ccc(Cl)c(COc3cccc4c(OC)cc(C)nc34)c2Cl)cc1,,0
CNC(=O)c1ccc(N2CCN(c3cccc(C(=O)NC4C5CC6CC4CC(O)(C6)C5)n3)[C@H](C)C2)cn1,,0
CNC(=O)c1cccc2[nH]c(-c3cc(Br)nn3-c3ncccc3Cl)nc12,,0
CNC(=S)C1(C(=S)NC)CCc2cc(C)cnc21,,0
CNS(=O)(=O)c1cc(-c2nnc(Nc3cc(C)ccc3C)c3ccccc23)ccc1C,,0
CNS(=O)(=O)c1cccc(C(=O)OCC(=O)c2cc(C)n(CC3CCCO3)c2C)c1,,0
CNc1c(F)c(Oc2cccc(-c3cccc(CN)c3)c2)nc(Oc2cc(N(C)C)ccc2C(=O)O)c1F,,0
CNc1cc2c(cc1S(=O)(=O)Nc1ccc(C)c(C)c1)CCC(=O)N2,,0
CNc1nc(Nc2ccccc2OC(F)F)ncc1Cl,,0
CNc1nc2c(N(C)C)nc(C(F)(F)F)nc2n1Cc1ccc(C)cc1,,0
CNc1nccc(-c2cn(C)nc2C)n1,,0
CNc1ncnc(Nc2cccc(C(F)(F)F)c2)c1N=O,,0
CO/C=C(/C(=O)OC)c1ccccc1COc1cccc(C2=NN(C(C)=O)C(c3ccc4c(c3)OCO4)C2)c1,,0
CO/C=C(/C(=O)OC)c1ccccc1COc1cccc(C2=NN(C(C)=O)C(c3ccccc3F)C2)c1,,0
CO/N=C(/C(=O)OC)c1ccccc1CSc1nnc(CSc2nc3nc(C)cc(C)n3n2)s1,,0
CO/N=C(\Br)CCC/C=C(\c1cc(C)c(OC)c(/C(Br)=N/OC)c1)c1cc(C)c2oc(=O)n(C)c2c1,,0
CO/N=C(\Cl)c1cc(/C(=C\CCCc2nnc(C)o2)c2cc(C)c3oc(=O)n(C)c3c2)cc(C)c1OC,,0
CO/N=C(\F)c1cc(/C(=C\CCCN2CCOC2=O)c2cccc(C#N)c2)cc(C)c1OC,,0
CO/N=C(\c1ccccc1/C=N/OC(C)c1ccccc1C)c1nccn1C,,0
CO/N=C/c1ccc(-c2ccccn2)cc1,,0
CO/N=C/c1ccc2ccc(=O)oc2c1,,0
COC(=O)/C=C/c1ccc(N(C)C)cc1,,0
COC(=O)/C=C\COCC1C2CCC(=O)C21,,0
COC(=O)C(CCSC)NC(=O)C12CC3CC(CC(C3)C1)C2,,0
COC(=O)C1=C(c2ccc(OC(F)(F)F)cc2)CCC1,,0
COC(=O)C1=CN(CCOC23CC4CC(CC(C4)C2)C3)C=C(C(=O)OC)C1c1ccsc1,,0
COC(=O)C1=C[C@@]2(C)CC[C@@H]3[C@@H](C)C[C@H](OC(C)=O)[C@@]32[C@@H]1C,,0
COC(=O)C1CC(I)C(=O)C2[C@@]1(C)CCC1C(=O)O[C@H](c3ccoc3)C[C@@]12C,,0
COC(=O)C1CC(SC(=O)c2ccccc2)C(=O)C2[C@@]1(C)CCC1C(=O)O[C@H](c3ccoc3)C[C@@]12C,,0
COC(=O)C1[C@@H](C(C)C)O[C@@H](C(C)C)O[C@H]1C(F)(F)F,,0
COC(=O)C=CC1=CC[C@H]2C(C)(C)CCC[C@]2(C)C1C=O,,0
COC(=O)CCC/C=C(\c1cc(F)cc(C(F)(F)F)c1)c1cc(C)c(OC)c(C(=O)OC)c1,,0
COC(=O)CCC=C1C=C2CC(=O)C(C)(OC(=O)c3cccs3)C(=O)C2=CN1c1ccccc1,,0
COC(=O)CCCC1(CCCC(=O)OC)CCCCCCCCC(CCCC(=O)OC)(CCCC(=O)OC)C(=O)C1=O,,0
COC(=O)CCCCCN1/C(=C/C=C2\CCCC(/C=C/C3=[N+](CCCCCC(=O)[O-])c4ccccc4C3(C)C)=C2Cl)C(C)(C)c2ccccc21,,0
COC(=O)CCCCOc1cc(Cc2cnc(N)nc2N)cc(OC)c1OC,,0
COC(=O)CCC[C@H]1CC2(C[C@H](CCCO[Si](C)(C)C(C)(C)C)N1C(=O)OC(C)(C)C)OCCO2,,0
COC(=O)CC[C@@H](C)[C@H]1CC[C@H]2[C@@H]3CC[C@@H]4C[C@H](OC(=O)C[N+](C)(C)C)CC[C@]4(C)[C@H]3C[C@H](OC(=O)C[N+](C)(C)C)[C@]12C,,0
COC(=O)CN(C)c1nc(-c2cccs2)nc2sc(C)c(C)c12,,0
COC(=O)C[C@H](O)[C@]1(C)[C@H]2[C@@H](O)C[C@@]3(C)[C@H](c4ccoc4)OC(=O)C4O[C@]43[C@]2(C)C(=O)C[C@H]1C(C)(C)O,,0
COC(=O)NNC(=O)C1CCC(C)CC1,,0
COC(=O)[C@]1(C)OC(=O)[C@]2(C[C@H]1C)O[C@@H]2C,,0
COC(=O)[C@]12CC(CC(=O)NCc3cccs3)C(=O)N(CCC3=CCCCC3)C1=C[C@H](C(C)(C)C)O[C@@H]2C,,0
COC(=O)c1c(NC(=O)C(Cl)Cl)sc2c1C(C(=O)OC)CC2,,0
COC(=O)c1cc(C2CC2)n2nccc2n1,,0
COC(=O)c1cc(O)n(CCC2=CCCCC2)c1C,,0
COC(=O)c1ccc(C)c(NC(=O)CCSc2ccc(C)cc2)c1,,0
COC(=O)c1ccc(CN2C(=O)S/C(=C\c3ccc(/C=C/C(=O)c4ccccc4O)cc3)C2=O)cc1,,0
COC(=O)c1ccc(NC(=O)CSc2nnc(-c3cccnc3)o2)cc1,,0
COC(=O)c1nc(-c2nccs2)sc1CC(C)C,,0
COC(=O)c1sccc1NC(=O)CSCCc1ccncc1,,0
COC(OC)[C@]1(C)Oc2ccc([N+](=O)[O-])cc2[C@@H](N(Cc2ncc[nH]2)c2ccc(C(F)(F)F)cc2)[C@@H]1O,,0
COC(c1c[nH]cn1)c1sccc1Br,,0
COC(c1ccc(Cl)cc1)(c1ccc2c(c1)c(-c1cccc(Cl)c1C)cc(=O)n2C)c1cncn1C,,0
COC/C=C/C=C/C(C)=C/[C@@H]1Cc2nc(cs2)CCCCC(=O)O[C@@H](C)C=C(C)C=CCC(=O)O1,,0
COC1(c2cc(F)cc(OCc3ccc4ncncc4c3)c2)CCOCC1,,0
COC1(c2ccccc2)C=CC(C)(C)OO1,,0
COC1=C(OC)[C@H](OC(C)=O)[C@H](C/C=C(\C)CC/C=C(\C)C[C@H](O)C[C@@H](C)C(O)O)C(C)C1=O,,0
COC1=CC(c2ccc[nH]2)=NC1=Cc1[nH]c(Cc2ccc(Cl)cc2Cl)cc1Cc1ccc(Cl)cc1Cl,,0
COC1CCC(OS(C)(=O)=O)C(CO)O1,,0
COC1COC2(CCN(C(=O)c3cscn3)CC2)C1,,0
COCC(=O)Nc1cnccc1CCOc1ccc(NC(=O)Nc2cc(C(C)(C)C)nn2-c2ccc(C)cc2)c2ccccc12,,0
COCC(C)Nc1ncnc2c1cnn2-c1ccc(C)c(C)c1,,0
COCC(C1CC1)n1nc(C)nc(Nc2c(Cl)cc(OC)cc2Cl)c1=O,,0
COCC(O)(Cn1cncn1)c1ccc(Oc2ccc(F)cc2)cc1Cl,,0
COCC1CCN(C(=O)c2cc(COc3ccc(-n4cncn4)cc3)on2)C1,,0
COCCC(=O)N1CCC(c2noc3nc(C)cc(C(F)(F)F)c23)CC1,,0
COCCC(=O)N1CCCC(c2noc3nc(C)cc(C(F)(F)F)c23)C1,,0
COCCCC(C)[C@H]1CC[C@H]2[C@@H]3[C@H](O[C@H]4CCCCO4)C[C@@H]4CC(=O)CC[C@]4(C)[C@H]3C[C@H](OC(=O)c3ccccc3)[C@]12C,,0
COCCCNc1ncnc2onc(-c3ccc(F)cc3)c12,,0
COCCCn1c(-c2cccs2)nc2nc3ccccc3nc21,,0
COCCCn1ccc(Nc2ncc3c(n2)-c2c(nn(C)c2Cc2cccc(-c4cnn(C)c4)c2)CC3)n1,,0
COCCN(C(=O)COC(=O)c1ccc(-c2ccccc2)cc1)c1c(N)n(Cc2ccccc2)c(=O)[nH]c1=O,,0
COCCN(C(=O)c1cnccn1)c1nc2c(s1)CCc1c-2cnn1C,,0
COCCN(C)C(=O)C(C)Oc1cc(F)ccc1Nc1ncnc2cc(N=S(C)(C)=O)cc(C)c12,,0
COCCN(C)c1nc(OC)c(NC(=O)CC(C)(C)C)c(OC)n1,,0
COCCN(CCOC)c1nc(COc2cc(OC)cc3oc(-c4cn5nc(C)ccc5n4)cc23)cs1,,0
COCCN(Cc1nccs1)C(=O)c1cc(-c2ccc(C)o2)[nH]n1,,0
COCCNC(=O)C(C#N)=Cc1cc(C)n(-c2ccc(C)cc2)c1C,,0
COCCNC(=O)C(OC(=O)c1nsc(Cl)c1Cl)C(C)C,,0
COCCNCCC(=O)Nc1sc2c(c1-c1nc3cc(-c4cncc(F)c4)ccc3s1)CCNC2,,0
COCCNc1nccc(-c2c(-c3ccc(F)cc3)nc3cnccn23)n1,,0
COCCNc1ncnc2c1cnn2Cc1ccccc1Cl,,0
COCCNc1oc(C=Cc2cccs2)nc1S(=O)(=O)c1ccccc1,,0
COCCOC(=O)Cc1nc(O)cs1,,0
COCCOC1CCN(c2cc(-c3[nH]nc4cc(F)c(OC(C)C)cc34)ncn2)CC1,,0
COCCOCCOCCOCCO[C@H]1CC[C@@]2(C)C(=CC[C@H]3[C@@H]4C[C@@H]5O[C@]6(CC[C@@H](C)CO6)[C@@H](C)[C@@H]5[C@@]4(C)CC[C@@H]32)C1,,0
COCCOCCOCCOc1ccc(OP(=O)(NC(C)C(=O)OC)OCC2C=CC(n3cc(C)c(=O)[nH]c3=O)O2)cc1,,0
COCCOCCOc1ccc(C=C2C(=O)NC(=S)NC2=O)cc1,,0
COCCOCc1ncccc1C1c2c(C(C)(C)C)n[nH]c2C(=O)N1c1ccc(-c2ccsc2)cc1,,0
COCCO[C@H]1CC[C@H](Nc2cc(=O)n(C)c3c(C)cc(-c4cncs4)cc23)CC1,,0
COCCOc1ccccc1C1C(C(=O)C(C)C)C(=O)C(=O)N1c1ccc(-c2cscn2)cc1,,0
COCCOc1ccccc1C1C(C(=O)CC(C)C)C(=O)C(=O)N1c1ccc(-c2ccoc2)cc1,,0
COCCOc1ncccc1C1c2c(C(C)(C)C)n[nH]c2C(=O)N1c1ccc(-c2ccon2)cc1,,0
COCCc1n[nH]c(-c2cc(C(=O)N3CCC(c4ccc(C#N)cc4)CC3)c(C)cc2C2CC2)n1,,0
COCCn1c(C)cc(C(=O)COC(=O)/C=C/c2cccc(OC)c2)c1C,,0
COCCn1c(C)cc(C(=O)COC(=O)c2ccc(Br)o2)c1C,,0
COCCn1c(SCC(=O)/C=C2\N(C)c3ccccc3C2(C)C)nnc1-c1ccncc1,,0
COCCn1c(SCC(=O)N2CC(=O)Nc3ccccc32)nnc1-c1ccoc1C,,0
COCCn1c(SCC(=O)c2c(-c3ccccc3)n(C)c3ccccc23)nnc1-c1ccncc1,,0
COCCn1cc(-c2ccc(-c3c4c(nn3C)CC(C)c3cnc(Nc5ccn(C)n5)nc3-4)cc2)cn1,,0
COCCn1ccnc1C1CCCN(c2cnccn2)C1,,0
COC[C@@]1(C)CC(C(=O)OC)[C@]2(C)CCC3C(=O)O[C@H](c4ccoc4)C[C@]3(C)C2C1=O,,0
COC[C@H](C)Nc1nc(Oc2cccc3[nH]c(=O)c(N)nc23)cc(-c2ccc(C(F)(F)F)cc2)n1,,0
COC[C@H](C)Nc1nccc(N(C(=O)Nc2ccccc2Cl)c2ccc(N(C)C)cc2)n1,,0
COC[C@H]1Oc2cc([C@H]3OC[C@]4(O)[C@@H](Oc5c(OC)cccc5OC)OC[C@H]34)c(OC)cc2O[C@@H]1C,,0
COCc1c(C(=O)NC2CCOC(C)(C)C2)cnn1-c1nccc(-c2cccs2)n1,,0
COCc1c(C(=O)OC)nnn1-c1ccc(C(F)(F)F)cc1[N+](=O)[O-],,0
COCc1cc(C)nc(SCc2ccc(Br)cc2)c1C#N,,0
COCc1cc(COc2c(C)cccc2-c2cccc(N3C[C@@H]4C[C@]4(C(=O)O)[C@H]3COC)n2)cc2c1CN(C1CCOCC1)CC2,,0
COCc1cc(F)ccc1[C@H]1CCCn2nc(/C=C/c3ccc(-n4cnc(C)c4)c(OC)c3)nc21,,0
COCc1nc(N(C)C)ncc1C(=O)Nc1cc(C)cc(C)c1,,0
COCc1nc2c(NC(C3CC3)C3CC3)nc(C)nc2n1-c1ccc(OC)cc1,,0
CON=C(c1ccc(C(F)(F)F)cc1)c1cnccn1,,0
COP(=O)(OC)C(OC(=O)COc1ccc(Br)cc1)c1cccs1,,0
COSN(C(=O)c1ccccc1)N(C(=O)c1ccccc1)C(C)(C)C,,0
CO[C@@H]1OC[C@H](Cc2ccc3c(c2)OCO3)[C@H]1Cc1ccc2c(c1)OCO2,,0
CO[C@H](C)CNc1nc(C)c(-c2nc3c(C)nccc3s2)c(N[C@@H]2C[C@H](C(C)(C)O)[C@@H](O)[C@H]2O)n1,,0
CO[C@H](C)COc1cc(C)nc(C(=O)Nc2nc(C)cs2)c1,,0
CO[C@H]1C=C[C@@]23CC[N@@+]([O-])(Cc4cc5c(cc42)OCO5)[C@@H]3C1,,0
CO[C@H]1CC[C@]2(C)[C@H]3C[C@@H](OC)[C@@H]4[C@@H]([C@@](C)(CCCC(C)(C)OC)OC)CC[C@@]4(C)[C@]3(C)CC[C@H]2C1(C)C,,0
CO[C@H]1C[C@H](O[Si](C)(C)C(C)(C)C)O[C@@H](C)/C1=C/C(=O)N1CCOCC1,,0
CO[C@]1(C)OC2C(=O)C(COC(C)=O)=C[C@H](OCC=C(C)C)[C@@H]2O[C@@]1(C)OC,,0
CO[C@]12C(=O)CC[C@@]1(C=O)C2[C@@]1(C)O[C@@H]1CC=C(C)C,,0
COc1c(-c2c(C)cc3c(C(C)C)c(O)c(O)c(CO)c3c2OC)c(C)cc2c(C(C)C)c(O)c(O)c(CO)c12,,0
COc1c(C(CO)C(C)C)ccc2c1C(=O)OCc1cc(C)cc(O)c1O2,,0
COc1c(C2CCCN2C(=O)c2ccoc2C)c(C)nn1C,,0
COc1c(F)ccc(F)c1C1CCN(c2ccn3c(CC4CC4)nnc3c2Cl)CC1,,0
COc1c(N(C)C(=O)C=NC(=O)CCc2ccc(C(F)(F)F)cc2)ccc(Cl)c1COc1cccc2ccc(C)nc12,,0
COc1c(OC)c(OC)c2c(C)nccc2c1OC,,0
COc1c2occc2c(OC)c2c(=O)c(C3=NN(c4ccccc4)C(c4ccc(F)cc4)C3)c(C)oc12,,0
COc1cc(-c2c(C(=O)OCCCn3cnc4c(Cl)ncnc43)c(C=O)cc3cc4c(cc23)OCO4)cc(OC)c1OC,,0
COc1cc(-c2cc(COCc3cn(Cc4cc(-c5ccccc5)cnc4Cl)nn3)on2)cc(OC)c1OC,,0
COc1cc(-c2cnn(C)c2)ccc1Nc1ncc2ccnc(NCC3CC3)c2n1,,0
COc1cc(-c2nccnc2C2CN(c3ccc4ccccc4n3)C2)ccn1,,0
COc1cc(-c2nnc(-c3c(-c4cc(OC)c(OC)c(OC)c4)nn(-c4ccccc4)c3C)o2)cc(OC)c1OC,,0
COc1cc(-c2nnc3n([C@@H](C)c4ccc(F)cc4)cc(C#N)cc2-3)ccc1-n1cnc(C)c1,,0
COc1cc(-c2nncn2-c2ccc(-c3nc4cc(OC)c(OC)c(OC)c4s3)cc2)cc(OC)c1OC,,0
COc1cc(-c2nnnn2S(=O)(=O)c2ccc(OC(F)(F)F)cc2)ccc1OCC(O)(Cn1cncn1)c1ccc(F)cc1F,,0
COc1cc(-c2noc(C)c2C#Cc2ccsc2)cc(OC)c1OC,,0
COc1cc(/C(C#N)=C/c2csc3ccccc23)cc(OC)c1OC,,0
COc1cc(/C=C/C(=O)Nc2nccs2)cc(OC)c1OC,,0
COc1cc(/C=C2\CCC(C)C3=C(c4cc(OC)c(OC)c(OC)c4)C(C#N)C(=N)OC32)cc(OC)c1OC,,0
COc1cc(/C=C\c2ccc(OC)c(OC(C)c3ccc([N+](=O)[O-])s3)c2OS(=O)(=O)c2ccc(C)cc2)cc(OC)c1OC,,0
COc1cc(C#CC(C)(C)C)c(F)cc1-n1c(=O)ccc2cc(S(=O)(=O)Nc3ccon3)ccc21,,0
COc1cc(C(O)(CCn2ccnc2)C(c2cc3cc(Br)ccc3nc2OC)c2ccnc(OC)c2OC)cc(OC)n1,,0
COc1cc(C)ccc1N(CCCN1C(=O)c2cccc3cccc(c23)C1=O)C(=O)c1cccs1,,0
COc1cc(C)nn1-c1nc(C)cc(C)n1,,0
COc1cc(C2C3C=CC=C4CC=CC(=C43)C3CCC(=O)N32)cc(OC)c1OC,,0
COc1cc(C2CC(=O)c3c(O)cc(O)c(C/C=C(\C)CCCC(C)(C)O)c3O2)cc(O)c1O,,0
COc1cc(C=CC(=O)CC(C=Cc2ccc(O)c(OC)c2)=Nc2ccc(S(=O)(=O)Nc3ccccn3)cc2)ccc1O,,0
COc1cc(C=CC(=O)OC/C(C)=C/Cc2c(O)ccc(C(=O)C=Cc3ccc(O)cc3)c2O)ccc1O,,0
COc1cc(C=CC(=O)OC[C@@]2(C)[C@@H]3CC[C@]4(C)[C@H](CC=C5[C@@H](O)[C@]6(CCC(C)(C)C6)CC[C@]54C)[C@@]3(C)C[C@@H](O)[C@@H]2O)ccc1O,,0
COc1cc(C=CC(=O)c2c(O)cc(OC=C(C)C)cc2OCC=C(C)C)ccc1O,,0
COc1cc(CNc2cc(-c3nncn3C)ccn2)cc(OC)c1OC,,0
COc1cc(COC(=O)C(C)(C)CO[N+](=O)[O-])c(C(=O)O[C@@H](CNC(C)(C)C)COc2nsnc2N2CCOCC2)c(OC)c1,,0
COc1cc(Cc2cnc(N)nc2N)cc(OC)c1OCc1ccc(C)cc1,,0
COc1cc(Cc2nnc(Nc3ccc(C(F)(F)F)cc3)s2)c(S(=O)(=O)N2CCCCC2)cc1OC,,0
COc1cc(F)cc(F)c1C1CCN(c2ccn3c(CC4CC4)nnc3c2Cl)CC1,,0
COc1cc(N(CCCN)c2ccc3ncc(-c4cnn(C)c4)nc3c2)cc(OC)c1C(O)C(F)(F)F,,0
COc1cc(N2CCCC2)c(OC)cc1/C=C(/C#N)c1ccc(F)cc1,,0
COc1cc(N2C[C@H]3CC[C@@H](C2)[C@@H]3Nc2nc3n(n2)CCCCC3c2ccc(F)c(F)c2F)ccn1,,0
COc1cc(NC(=O)C2CCN(S(=O)(=O)c3c(C)noc3/C=C/c3c(C)cc(C)cc3C)CC2)cc(OC)c1,,0
COc1cc(NC(=S)NCCCn2cncc2C)ccc1OCCCc1cnc(N)nc1,,0
COc1cc(NCCCSc2nnc(C)s2)ncn1,,0
COc1cc(Nc2nc(C)cc(Nc3cc(C4CC4)[nH]n3)n2)cc([N+](=O)[O-])c1,,0
COc1cc(Nc2nc3cccc(-c4c(F)cccc4OC(C)C)c3o2)cc(OC)c1OC,,0
COc1cc(O)c(C=C(C)[C@H](C)Cc2cc3c(cc2O)OCO3)cc1O,,0
COc1cc(OC)cc(-c2nnc(SCCn3c([N+](=O)[O-])cnc3C)o2)c1,,0
COc1cc(OC)cc(C2=Cc3ccc(OC)cc3C(CC(C)=O)N2c2ccc(C#CCCO)cc2)c1,,0
COc1cc(OC)cc(N(C)Cc2cnc3nc(N)nc(N)c3c2C)c1,,0
COc1cc(OC)cc(N(CC#Cc2cc(CO)ccn2)c2ccc3ncc(-c4cnn(C)c4)nc3c2)c1,,0
COc1cc(OC)cc(N(CC#Cc2ccncc2)c2ccc3ncc(-c4cnn(C(C)C)c4)nc3c2)c1,,0
COc1cc(OC)cc(N(CC#Cc2ncccc2OC)c2ccc3ncc(-c4cnn(C(C)C)c4)nc3c2)c1,,0
COc1cc(OC)cc(N(CC2CC2)c2ccc3ncc(-c4cnn(CC(C)C)c4)nc3c2)c1,,0
COc1cc(OC)cc(N(CCCO)c2ccc3ncc(-c4cnn(CCS(C)(=O)=O)c4)nc3c2)c1,,0
COc1cc(OC)cc(N(CCn2cc(C)nc2C)c2ccc3ncc(-c4cnn(C)c4)nc3c2)c1,,0
COc1cc(OC)cc(N2CCCN(C(=O)c3oc(C)nc3-c3ccccc3F)CC2)c1,,0
COc1cc(OC)n2cc(-c3ccc(N(Cc4ccccc4)Cc4ccccc4)cc3)nc2n1,,0
COc1cc(OCc2cccc(-c3ccc(F)cn3)c2)c2cc(-c3cn4nc(C(C)(F)F)sc4n3)oc2c1,,0
COc1cc(OCc2cccc(-c3ccc4c(c3)OCCO4)c2)c2cc(-c3cn4nc(OC)sc4n3)oc2c1,,0
COc1cc(OCc2cccc(-c3cnc4ccccn34)c2)c2cc(-c3cn4nc(OC)sc4n3)oc2c1,,0
COc1cc(OCc2ccnc(Nc3cnn(C)c3)n2)c(Cl)c2sc(N[C@H]3CCCC[C@@H]3O)nc12,,0
COc1cc(OCc2cncc(-c3ccoc3)c2)c2cc(-c3cn4nc(OC)sc4n3)oc2c1,,0
COc1cc(OCc2csc(-c3ccc(C)nc3)n2)c2cc(-c3cn4nc(OC)sc4n3)oc2c1,,0
COc1cc(OCc2csc(C3(O)CCCCC3)n2)c2cc(-c3cn4nc(OC)sc4n3)oc2c1,,0
COc1cc(OCc2csc(C3(c4ccc(C)cc4)CCOC3)n2)c2cc(-c3cn4nc(OC)sc4n3)oc2c1,,0
COc1cc(OCc2csc(C3(c4ccc(Cl)cc4)CCOC3)n2)c2cc(-c3cn4nc(C)ccc4n3)oc2c1,,0
COc1cc(OCc2csc(C3=CCC(C(=O)OC(C)(C)C)CC3)n2)c2cc(-c3cn4nc(OC)sc4n3)oc2c1,,0
COc1cc(OCc2nc(-c3ccnc(F)c3)sc2C(C)C)c2cc(-c3cn4nc(OC)sc4n3)oc2c1,,0
COc1cc([C@@H](CC=C(C)C)OC(=O)CC(C)(C)O)c(OC)c2c1C(=O)C=CC2=O,,0
COc1cc([C@@H]2CC(=O)c3c(cc(O)c(C/C=C(\C)CCC=C(C)C)c3O)O2)cc(O)c1OC,,0
COc1cc([C@@H]2Oc3c(OC)cc(CCCO)cc3[C@H]2CO)ccc1O[C@@H]1O[C@@H](C)[C@H](O)[C@@H](OC)[C@H]1O,,0
COc1cc([C@@H]2c3cc4c(cc3[C@@]3(OC(C)(C)O[C@H]3C)[C@H]3COC(=O)C23)OCO4)cc(OC)c1OC,,0
COc1cc2c(Nc3ccc(Cl)cc3F)ncnc2cc1OCCN(C)c1ccncc1,,0
COc1cc2c(Nc3ccc(F)c(Cl)c3)ncnc2cc1OCCCCCCn1ccnc1[N+](=O)[O-],,0
COc1cc2c(Nc3ccc(OCc4cccc(F)c4)c(Cl)c3)ncnc2cc1OCCCCCn1ccnc1[N+](=O)[O-],,0
COc1cc2c(c(OC)c1OC)-c1ccc(OC)c(=O)cc1[C@@H](n1cc(COC(=O)C(CCSC)NC(=O)OC(C)(C)C)nn1)CC2,,0
COc1cc2c(cc1OC)C(=O)/C(=C/c1ccc(N3CCN(C)CC3)cc1)C2,6.5,1
COc1cc2c(cc1OC)C(=O)/C(=C/c1ccc(N3CC[N+](C)(Cc4cccc(Cl)c4)CC3)cc1)C2,6.5,1
COc1cc2c(cc1OC)C(=O)C(CC1CCN(Cc3ccccc3)CC1)C2,7.5,1
COc1cc2cc(C(=O)C3CCC[N+](C)(Cc4ccc([N+](=O)[O-])o4)CC3)sc2cc1OC,7.5,1
COc1cc2cc(C(=O)CCC3CC[N+](C)(Cc4ccc([N+](=O)[O-])o4)CC3)sc2cc1OC,7.5,1
COc1cc2cc(C(=O)NCCC3CCN(Cc4ccccc4)CC3)[nH]c2cc1OC,6.5,1
COc1cc2cc[n+](C)c(CCCc3c4c(OC)c(OC)c(OC)cc4cc[n+]3C)c2c(OC)c1OC,,0
COc1cc2nc(SCc3c(C)noc3C)n(CCC3=CCCCC3)c(=O)c2cc1OC,,0
COc1cc2nc([S+]([O-])CC(=O)Nc3ccc(Cl)cc3)nc(Nc3c(Cl)cc(C=CC#N)cc3Cl)c2cc1OC,,0
COc1cc2ncc3c(c2cc1OCc1ccc(F)c(Cl)c1)n(-c1ccc(C#N)cc1F)c(=O)n3C,,0
COc1cc2ncc3c(c2cc1OCc1ccccc1Br)n(-c1ccc(C#N)cc1F)c(=O)n3C,,0
COc1cc2ncc3c(c2cc1OCc1cncs1)n(-c1ccc(C#N)cc1F)c(=O)n3C,,0
COc1cc2ncnc(Nc3ccc(OCc4ccccc4Br)c(OC)c3)c2cc1OC,,0
COc1ccc(-c2[nH]ncc2C2SCC(=O)N2n2c(COc3ccc(C)cc3)n[nH]c2=S)cc1,,0
COc1ccc(-c2c(-c3cc(Cl)c(OC)c(OC)c3)ncn2C)cc1N,,0
COc1ccc(-c2cc(-c3nc(C)cs3)c(=O)n(C)c2-c2ccnnc2)cc1,,0
COc1ccc(-c2cc(NC=O)c3ncc(-c4cc(OC)c(OC)c(OC)c4)n3c2)cc1,,0
COc1ccc(-c2cc3c(c(=O)o2)C[C@]2(O)[C@@]4(C)C(=O)C=CC(C)(C)[C@]4(O)CC[C@@]2(C)O3)cc1OC,9.0,1
COc1ccc(-c2cc3c(n2C(C)C)C(c2ccc(Cl)cc2)N(c2cc(Cl)ccc2C)C3=O)c(OC)n1,,0
COc1ccc(-c2cccc(Cn3c(CC(C)(C)C(=O)O)c(SC(C)(C)C)c4cc(OCc5ccccn5)ccc43)c2)cn1,,0
COc1ccc(-c2csc(N3N=C(c4ccc(Br)cc4)CC3c3ccc4c(c3)OCO4)n2)cc1,,0
COc1ccc(-c2csc(Nc3ccc(S(=O)(=O)Nc4cc(OC)nc(OC)n4)cc3)n2)cc1,,0
COc1ccc(-c2nc(-c3ccccc3Cl)oc2Sc2nnc(C)s2)c(OC)c1OC,,0
COc1ccc(-c2nc(-c3ccccc3F)oc2Sc2ncc(C)c(C)n2)c(OC)c1OC,,0
COc1ccc(-c2nc3ccccc3n3cc4c(=O)n(C)c(=O)n(C)c4c23)cc1,,0
COc1ccc(-c2nc3ncccn3c2-c2ccc([S+](C)[O-])cc2)cc1,,0
COc1ccc(-c2ncn(C)c2-c2cc(F)c(OC)c(F)c2)cc1F,,0
COc1ccc(-c2noc(COc3ccc(Cl)c(Oc4cc(Cl)cc(C#N)c4)c3)n2)cc1,,0
COc1ccc(-c2noc(CSc3nnc(-c4ccncc4)n3-c3ccc(OC)cc3)n2)cc1,,0
COc1ccc(-n2c(SC3CCOC3=O)nc3ccccc32)cc1,,0
COc1ccc(-n2nc(C(F)(F)F)c3c2C(=O)N(c2ccc(C4(C(C)=O)CC4)cc2)CC3)cc1,,0
COc1ccc(-n2nc(C)c3c2N(C)C2(C)CC4C3(C)C3CC4(C2)N(C)c2c(c(C)nn2-c2ccc(OC)cc2)C3C)cc1,,0
COc1ccc(/C=C/C(=O)NCc2c(C)nn(C)c2C)cc1COc1ccc(Br)cc1,,0
COc1ccc(/C=C/C(=O)c2ccc(OCC(=O)O[C@@H]3O[C@@H]4O[C@]5(C)CC[C@H]6[C@H](C)CC[C@@H]([C@H]3C)[C@@]46OO5)cc2)cc1,,0
COc1ccc(/C=C/C2=N/C(=C\N(C)C)C(=O)O2)cc1,,0
COc1ccc(/C=N/n2c(SC)nnc2-c2ccccc2)c(OC)c1OC,,0
COc1ccc(C(=N)Nc2ccc(-c3ccc(-c4ccc(N=C(N)c5ccc(OC)cn5)cc4OC(C)C)o3)c(OC(C)C)c2)nc1,,0
COc1ccc(C(=O)/C=C/c2ccc(OCCO[C@H]3O[C@@H]4O[C@@]5(C)CC[C@H]6[C@H](C)CC[C@@H]([C@H]3C)[C@@]46OO5)cc2)cc1Cl,,0
COc1ccc(C(=O)c2c(-c3cccc(C)c3)oc3ccc(N4CCOCC4)cc23)cn1,,0
COc1ccc(C(C)NS(=O)(=O)NC(=O)OCc2ccccc2)cc1,10.57,1
COc1ccc(C(O)C(N)C(=O)O)cc1OC,9.0,1
COc1ccc(C2CC(c3ccccc3)=NN2c2nc(-c3ccccc3)c(C#N)c(=O)n2C)cc1,,0
COc1ccc(C2CC(c3cccs3)=NN2c2ccc(C=O)cc2)cc1,,0
COc1ccc(C2COC(c3c(F)cccc3F)=N2)cc1,,0
COc1ccc(CCOc2cc(C3=NN(C4CCCCCC4)C(=O)C4CC=CC[C@H]34)ccc2OC)cc1,,0
COc1ccc(CNC(=O)CCSCc2csc(C)n2)cn1,,0
COc1ccc(COc2ccc(Cn3cnc4cc(C5=CC6(C)CCCN5C6)ccc43)cc2OC)cn1,,0
COc1ccc(COc2ccc3c(c2)c(SC(C)(C)C)c(CC(C)(C)C(=O)O)n3Cc2ccc(-c3ccc(OC)nc3)cc2)nc1,,0
COc1ccc(Cc2nccc3cc(OC)c(OCCF)cc23)cc1Br,,0
COc1ccc(Cc2nccc3cc(OCCF)c(OC)cc23)cc1C,,0
COc1ccc(Cc2nccc3cc(OCCF)c(OC)cc23)cc1F,,0
COc1ccc(Cl)c(-c2ccc(-n3c(=O)ccc4cc(S(=O)(=O)Nc5ccon5)ccc43)c(OC)c2)c1,,0
COc1ccc(Cn2cc(CO/N=C/c3c(-c4ccccc4)nc4ccc(Br)cn34)nn2)cc1,,0
COc1ccc(N(C)c2nc(C)nc3c2nc(C)n3C)cc1,,0
COc1ccc(N2C(=O)NC(=O)C(=Cc3c[nH]c4ccc(Br)cc34)C2=O)cc1,,0
COc1ccc(N2CCN(c3ccc(C#N)cc3C(F)(F)F)CC2)c(OC)c1,,0
COc1ccc(NC(=O)C2=C(c3ccc(C)cc3)C(F)(F)C(c3ccc(OCCC(F)(F)F)cc3)(C(F)(F)F)NC2=O)cc1,,0
COc1ccc(NS(=O)(=O)c2ccc(N=C(C=Cc3ccc(O)c(OC)c3)CC(=O)C=Cc3ccc(O)c(OC)c3)cc2)nn1,,0
COc1ccc(Nc2nc(NCCNCCO[C@H]3O[C@@H]4O[C@@]5(C)CC[C@H]6[C@H](C)CC[C@@H]([C@H]3C)[C@@]46OO5)nc(NCCN(C(C)C)C(C)C)n2)cc1,,0
COc1ccc(OC2C=CC(c3ccccc3)OC2CON=C2c3cc(OC)ccc3OC(c3cccc(OC)c3)C2O)cc1,,0
COc1ccc(OC[C@@H]2CO[C@@](CCc3ccc(Cl)cc3)(Cn3ccnc3)O2)cc1,,0
COc1ccc(OC[C@@H]2CO[C@](CCc3ccc(Cl)cc3)(Cn3ccnc3)O2)cc1,,0
COc1ccc(Oc2ncc3nc(-c4cn(C)c5ccccc45)c(=O)n(CCC#N)c3n2)cc1,,0
COc1ccc(S(=O)(=O)NCCCn2ccnc2)cc1C(C)(C)C,,0
COc1ccc([C@H]2CC=CC[C@@H]2C#N)c(OC)c1OC,,0
COc1ccc([C@H]2C[C@@H]2COc2cc(NCc3cnccc3C)c(=O)n(C)n2)nc1,,0
COc1ccc2cc(-c3cn(Cc4ccccc4-n4c(C)nc5cc(OC)c(OC)cc5c4=O)nn3)ccc2c1,,0
COc1ccc2cc(-c3cnnn3[C@H]3C[C@H](n4cc(C)c(=O)[nH]c4=O)O[C@@H]3CO[Si](C(C)C)(C(C)C)C(C)C)ccc2c1,,0
COc1ccc2cc3[n+](cc2c1OCCCCOc1ccccn1)CCc1cc2c(cc1-3)OCO2,,0
COc1ccc2cc3[n+](cc2c1OCCC[n+]1cccc(C)c1)CCc1cc2c(cc1-3)OCO2,,0
COc1ccc2cc3[n+](cc2c1OCCN(CCn1c([N+](=O)[O-])cnc1C)Cc1ccc(F)cc1F)CCc1cc2c(cc1-3)OCO2,,0
COc1ccc2cc3[n+](cc2c1OCCOc1ccc(-c2cc4ccccc4o2)cc1)CCc1cc2c(cc1-3)OCO2,,0
COc1cccc(-c2cc(C#N)ccc2COCc2cncn2Cc2ccc(C#N)cc2)c1,,0
COc1cccc(-c2cc3cc(C)ccc3oc2=O)c1,,0
COc1cccc(-c2cc3nc(C)c(C(C)C)c(N4CCN(C(=O)c5ccoc5)CC4)n3n2)c1,,0
COc1cccc(-c2cnc3c(NC=O)cc(-c4ccc(S(C)(=O)=O)cc4)cn23)c1,,0
COc1cccc(-c2ncn(CCc3ccccc3OC)c2CC(C)C)c1,,0
COc1cccc(-c2nn(C)c3sc(C(=O)N4CCN(c5ccccn5)CC4)cc23)c1,,0
COc1cccc(-n2cnnc2-c2ccc(C(C)(C)C)cc2)c1,,0
COc1cccc(/C=N/n2c(C3CCCCC3)n[nH]c2=S)c1,,0
COc1cccc(Cn2c(=O)c(-c3cc(F)cc(F)c3)nc3cncnc32)c1,,0
COc1cccc(Cn2ncc3c4sc(SC)cc4n(C)c3c2=O)c1,,0
COc1cccc(N(C(=O)Cn2nnc(-c3ccc(C)o3)n2)C(C(=O)NC(C)(C)C)c2cccs2)c1,,0
COc1cccc(OC)c1-c1nccc2cc(S(=O)(=O)Nc3ccncn3)ccc12,,0
COc1cccc(OCC#Cc2cn([C@H](C)C[C@@H]3CC[C@H](C(C)C(=O)N4CCN(CC5CCCO5)CC4)O3)nn2)c1OC,,0
COc1cccc(OCc2cc3n(n2)[C@H](C)CN(c2ccc(F)cc2)C3=O)c1,,0
COc1cccc2c1C=[N+](c1ccc(Cl)cc1)CC2,6.5,1
COc1ccccc1-c1noc(CSc2nnc(-c3ccccc3)n2-c2ccc(C)c(C)c2)n1,,0
COc1ccccc1-n1c(-c2cn(C)nc2C)n[nH]c1=S,,0
COc1ccccc1/C=C/C=N/n1c(C2CCCCC2)n[nH]c1=S,,0
COc1ccccc1/C=C\C=N\n1c(C2CCCCC2)n[nH]c1=S,,0
COc1ccccc1C(=O)N1Cc2cc(NC(=O)c3cccc(Cl)c3)ccc2CC1=O,10.96,1
COc1cccnc1-n1ccnc1[S+]([O-])Cc1ccccc1N,,0
COc1ccnc(Oc2ccccc2)c1C#N,,0
COc1cnc(COc2ccc(F)cc2)nc1-c1cc2c([nH]1)CCNC2=O,,0
COc1cnc2c(C(=O)NCCF)cn(Cc3ncnc(OC(F)F)c3C)c2c1,,0
COc1cncc(Nc2ncc(C(C)(C)O)cc2-c2nc(C)nc(N)n2)c1,,0
COc1nc(-c2nc3n(n2)CCC[C@H]3c2cc(N3CCC(C)CC3)ccc2Cl)ccc1-n1cnc(C)c1,,0
COc1nc(-c2nc3n(n2)CCC[C@H]3c2ccc(N(CC(F)(F)F)C3CC3)cc2Cl)ccc1-n1cnc(C)c1,,0
COc1nc(N(C)CCO)ncc1-c1nc2c(n1C(C)C)C(c1ccc(Cl)cc1)N(c1cc(Cl)ccc1C)C2=O,,0
COc1nc(N)nc2c1ncn2[C@@H]1O[C@H](COP(=O)(NC(C(=O)OCC(C)(C)C)C(C)C)NC(C(=O)OCC(C)(C)C)C(C)C)[C@@H](O)[C@@]1(C)O,,0
COc1nc(N)nc2c1ncn2[C@@H]1O[C@H](COP(=O)(NC(C)C(=O)OCC2CC2)NC(C)C(=O)OCC2CC2)[C@@H](O)[C@@]1(C)O,,0
COc1nc(NCCc2ccc(Cl)cc2Cl)cc(-c2cccc(C(C)(C)c3nn[nH]n3)c2)n1,,0
COc1nc([N+](=O)[O-])cn1CC(OCc1ccc(Cl)cc1)c1ccc(Cl)cc1Cl,,0
COc1ncc(-c2cc(-c3ccc(S(C)(=O)=O)cc3)cnc2N)cc1Cl,,0
COc1ncc(-c2cc3c(n2C(C)C)C(c2ccc(Cl)cc2C)N(c2cc(Cl)c(=O)n(C)c2)C3=O)c(OC)n1,,0
COc1ncc(-c2nc3c(n2C(C)C)C([C@H]2CC[C@H](C)CC2)N(c2cc(Cl)ccc2C)C3=O)c(OC)n1,,0
COc1ncc(-c2nc3c(n2C(C)C)C(c2ccc(C#N)cc2)N(c2ccc(F)c(Cl)c2)C3=O)c(OC)n1,,0
COc1ncc(F)cc1[C@H](O)c1c(C(N)=O)nc2n1C1CC(C1)c1cc(F)c(C#CC(C)(C)O)cc1-2,,0
COc1ncc(N2CCc3ncnc(O[C@H]4CCN(C(=O)c5cscn5)C4)c3C2)cc1C(F)(F)F,,0
COc1ncc2nc(-c3cc(F)cc(F)c3)c(=O)n(Cc3cccs3)c2n1,,0
COc1ncccc1-c1cnc(N2CCC(CO)CC2)nc1OC1CN(c2ccc3ccccc3n2)C1,,0
COc1ncccc1C1C(C(=O)C(C)C)C(=O)C(=O)N1c1ccc(-c2ccc(C)s2)cc1,,0
COc1ncnc(Cn2cnc3c(C(=O)NCCF)cc(C)cc32)c1C,,0
CS(=O)(=O)CCNc1nc(-c2ccc3ncnc(Nc4ccc(OCc5cccc(C(F)(F)F)c5)cc4)c3c2)cs1,,0
CS(=O)(=O)CCn1c(CN2C(=O)C3(CC3)c3ccncc32)cc2ccccc21,,0
CS(=O)(=O)N(CC(=O)N1CCCCC1)c1sc2c(c1C#N)CCCC2,,0
CS(=O)(=O)N(CC(=O)NCCSCc1ccco1)c1ccc2c(c1)OCO2,,0
CS(=O)(=O)N(CC(O)Cn1c2ccccc2c2ccccc21)c1ccccc1F,,0
CS(=O)(=O)NC(=O)c1cc(C2CC2)c(COC2C3CC4CC(C3)CC2C4)cc1F,,0
CS(=O)(=O)NC(=O)c1cc(C2CC2)c(OCC2C3CC4CC(C3)CC2C4)cc1F,,0
CS(=O)(=O)NC(=O)c1ccc(C(=O)O)nc1,,0
CS(=O)(=O)NCCCNCc1cccc(-c2ccc(-c3nc4cc(C(F)(F)F)ccc4[nH]3)s2)c1,,0
CS(=O)(=O)Nc1ccc(-c2cncc(-c3cccc4[nH]c(O)cc34)c2)cc1,,0
CS(=O)(=O)ON1C(=O)c2ccc(N)cc2C1=O,,0
CS(=O)(=O)c1ccc(-c2cc3c(cc2C(=O)c2cccnc2)OCO3)cc1,,0
CS(=O)(=O)c1ccc(C(=O)/C(=C/c2ccccc2)c2ccccc2)cc1,,0
CS(=O)(=O)c1ccc(C(=O)OC(C(=O)NC2C3CC4CC(C3)CC2C4)c2ccccc2)cc1[N+](=O)[O-],,0
CS(=O)(=O)c1ccc(C(CC2CCCC2)C(=O)Nc2cnc([C@H](O)CO)cn2)cc1Cl,,0
CS(=O)(=O)c1ccnc2c1c(Sc1ccc(Br)cc1)c1n2CCCC1CC(=O)O,,0
CSCC(C)(O)CNC(=O)c1ccc(F)cc1Br,,0
CSCC(CCO)NC(=O)Nc1ccc(Br)cc1,,0
CSCC1CCCN(c2ncnc3oc(C)nc23)C1,,0
CSCCC(NC(=O)OC(C)(C)C)C(=O)NC(CC(C)C)C(N)=O,,0
CSCCC(NC(=O)c1ccc(COCc2ccc(-c3ccc(C(F)(F)F)cc3)o2)cc1-c1ccccc1C)C(=O)O,,0
CSCCC(NC(=O)c1ccc(NC(=O)Cc2csc(N)n2)cc1-c1ccsc1)C(=O)OC(C)C,,0
CSCCC(NS(=O)(=O)c1ccccc1F)C(=O)Nc1ccncc1,,0
CSCC[C@@H](C#N)NC(=O)C(CC(C)C)NC(=O)OC(C)(C)C,,0
CSCCc1[nH]c(SCC(=O)Nc2nnc(C)s2)nc1C,,0
CSc1c(C#N)c(S)[nH]c(=O)c1C#N,,0
CSc1c(C)[n+]([O-])c2cc(Cl)c(Cl)cc2[n+]1[O-],,0
CSc1cc(C(=O)N2CS(=O)(=O)c3ccccc32)cc(C#N)c1O,,0
CSc1ccc(-n2c(-c3ccc(S(C)(=O)=O)cc3)cc(CC(=O)OCCCCO[N+](=O)[O-])c2C)cc1,,0
CSc1ccc(/C=C/C(=O)OCC(=O)NCC2CCCO2)cc1,,0
CSc1ccc(/C=C/C(C)=O)cc1,,0
CSc1ccc(CCc2nnc(-c3ccc4[nH]cnc4c3)s2)cc1,,0
CSc1ccc(CNC(=O)Cc2ccc(NC(=O)C3=C(C)OCCS3)cc2)cc1,,0
CSc1ccc(OS(=O)(=O)c2cccc3nsnc23)cc1,,0
CSc1ccc(Oc2c(C)cc(-n3ncc(=O)[nH]c3=O)cc2C)cc1C,,0
CSc1cccc(N2CC(C(=O)N(Cc3nnc(-c4ccccc4Cl)o3)C3CC3)CC2=O)c1,,0
CSc1ccccc1-c1nnc(-c2ccccc2)o1,,0
CSc1ccccc1NC(=O)CSc1nnnn1-c1ccccc1SC,,0
CSc1cnc(OCCOc2ncnc(NS(=O)(=O)c3ccc(C(C)(C)C)cc3)c2-c2ccc3ccccc3c2)nc1,,0
CSc1nc(-c2ccc(Cl)cc2)nn1C(=O)N(C)C,7.0,1
CSc1nc(SC)c2c3c(oc2n1)COC(C)(C)C3,,0
CSc1nc(SC)c2ncn(C3CC(Oc4ccc(C)cc4)C(COc4ccc(C)cc4)O3)c2n1,,0
CSc1nc2cc3c(cc2o1)C(=O)c1ccccc1C3=O,,0
CSc1nn2cc(-c3nc4c(OC[C@@H]5CCCN5C(=O)C(NC(=O)c5cccs5)c5ccccc5)cccc4o3)nc2s1,,0
CSc1nn2cc(-c3nc4c(OCc5ccc(C(F)(F)F)cc5)cccc4o3)nc2s1,,0
CSc1nn2cc(-c3nc4ccc(OCc5ccc(C(F)(F)F)cc5)cc4o3)nc2s1,,0
CSc1nncc(-c2ccccc2)n1,,0
C[C@@H](CO)[C@H](/C=C/c1ccccc1)CCO[Si](c1ccccc1)(c1ccccc1)C(C)(C)C,,0
C[C@@H](C[C@@H](O)[C@H](O)C(C)(C)O)[C@@H]1CC[C@]2(C)C3=C(C(=O)C[C@@]12C)[C@@]1(C)CCC(=O)C(C)(C)C1CC3=O,,0
C[C@@H](NC[C@H](O)CP(=O)(O)CCCCCNC(=O)c1cc(I)c(N=[N+]=[N-])cc1O)c1cccc(C(=O)O)c1,,0
C[C@@H](Nc1ncc(C(N)=O)c2[nH]c3cc(-c4cnn(C)c4)ccc3c12)C1CC1,,0
C[C@@H](O)C1C(=O)N2C(C(=O)O)=C(C(C)(C)C)O[C@@H]12,,0
C[C@@H](O)C1C(=O)N2C(C(=O)O)=C3CCCC[C@@H]3[C@H]12,,0
C[C@@H](O)C1C(=O)N2C(C(=O)O)=C3CCC[C@H]3[C@H]12,,0
C[C@@H](Oc1ccc(Oc2ncc(Cl)cc2F)cc1)c1nnc(SCc2ccc(Cl)nc2)o1,,0
C[C@@H](c1ccc(-c2ccc(=O)n(C)c2)cc1)N1CC[C@](CC(C)(C)C#N)(c2ccccc2)OC1=O,,0
C[C@@H](c1ccncc1)[C@](O)(Cn1cncn1)c1ccc(F)cc1F,,0
C[C@@H]1C/C=C\C(=O)O[C@H](/C=C/C#C/C=C/C(C)(C)[C@@H](O)c2cccc(O)c2Br)[C@@H](C)/C=C/[C@H](C)C[C@H](OC(N)=O)C1,,0
C[C@@H]1CC(=O)C2CC(CO)=CCC[C@@H]2[C@@]1(C)CC/C(=C/CO)CO,,0
C[C@@H]1CC2C3CC=C4CC(=O)C=CC4(C)[C@@]3(F)C(O)CC2(C)C1C(=O)CO,,0
C[C@@H]1CCC[C@H](C)N1S(=O)(=O)c1ccc(Cl)cc1,6.5,1
C[C@@H]1CC[C@@]2(O[C@@H](CCO)C[C@@H](O)[C@@H]2O)O1,,0
C[C@@H]1CC[C@H]2C(CCCc3ccc(N(C)C)cc3)C(=O)O[C@@H]3O[C@@]4(C)CCC1[C@]32OO4,,0
C[C@@H]1CC[C@H]2[C@@H](C)C(OCc3cn(Cc4ccccc4)nn3)O[C@@H]3O[C@]4(C)CC[C@@H]1[C@]32OO4,,0
C[C@@H]1CN(C(=O)OC(C)(C)C)CCN1c1ncc(OCc2ccc(S(C)(=O)=O)cc2C#N)cn1,,0
C[C@@H]1CN([C@@H](C)CO)C(=O)CCCn2nncc2CO[C@@H]1CN(C)C(=O)Nc1ccc2c(c1)OCO2,,0
C[C@@H]1CN([C@H](C)CO)C(=O)c2cccc(NC(=O)Nc3ccc(C(F)(F)F)cc3)c2O[C@H]1CN(C)Cc1ccc(Cl)c(Cl)c1,,0
C[C@@H]1CN(c2cc(-n3cnc4c(Cl)cccc4c3=O)ncn2)C[C@H](C)O1,,0
C[C@@H]1CN(c2ccc(F)cc2)C(=O)c2cc(COc3ccccc3)nn21,,0
C[C@@H]1CN(c2ccc(N3Cc4c(cccc4-c4ccc(F)cc4F)C3=O)cn2)C[C@H](C)O1,,0
C[C@@H]1CN(c2cccc(F)c2F)C(=O)c2cc(COc3ccc(F)cn3)nn21,,0
C[C@@H]1CN(c2ccccc2F)C(=O)c2cc(COc3ccc(F)cn3)nn21,,0
C[C@@H]1C[C@@H](CO)O[C@H]1n1ccc(=O)[nH]c1=O,,0
C[C@@H]1C[C@H](C(F)(F)F)n2nc(C3CCN(S(C)(=O)=O)CC3)cc2N1,,0
C[C@@H]1OC(=O)C2=C1CC(C)(C)C[C@H]1C[C@@]21C,,0
C[C@@H]1Oc2ccccc2/C(=N\OCc2ccc(F)cc2)[C@H]1n1ccnc1,,0
C[C@@](CCn1ccc(C2=CCCCC2)cc1=O)(C(O)=NO)S(C)(=O)=O,,0
C[C@@]12CC[C@@H]3[C@@](CC[C@H]4[C@@]3(C)CCC[C@@]4(C)C(=O)NCC(=O)OCCCOc3no[n+]([O-])c3S(=O)(=O)c3ccccc3)(CC1=O)C2,,0
C[C@H](CCCCCOS(=O)(=O)O)[C@H]1CC[C@H]2[C@@H]3[C@H](OS(=O)(=O)O)C[C@@H]4C[C@H](OS(=O)(=O)O)CC[C@]4(C)[C@H]3CC[C@]12C,,0
C[C@H](CO)N1C[C@H](C)[C@@H](CN(C)S(=O)(=O)c2ccc(C(F)(F)F)cc2)OCc2ccccc2-c2c(n(C)c3ccccc23)C1=O,,0
C[C@H](NC(=O)C(C)(F)F)[C@H](Oc1ccc2c(cnn2-c2ccc(F)cc2)c1)c1ccc2c(c1)OCOC2,,0
C[C@H](Nc1ncc(F)c(N2C(=O)OC[C@@H]2[C@H](C)F)n1)c1ncc(-c2ccnc(C(F)(F)F)c2)cc1F,,0
C[C@H](Oc1cc2cc(F)cc(F)c2nc1N)c1ncc(F)cc1-n1cccn1,,0
C[C@H](c1cc(F)cc(F)c1)N(C/C=C/c1cnc2c(c1)C[C@@]1(C2)C(=O)Nc2ncccc21)C(=O)C(C)(C)CF,,0
C[C@H](c1cccc(OC(=O)N(C)C)c1)N1CCCCC1,7.5,1
C[C@H](c1nc2c(C3CC3)nccn2c1-c1ccc(C#N)cc1)N(CC1CCS(=O)(=O)CC1)C(=O)Cc1cccc(C(F)(F)F)c1,,0
C[C@H]1CCC/C=C/[C@@H]2C[C@H](O)C[C@H]2[C@H](O)[C@H](SCCCO)CC(=O)O1,,0
C[C@H]1CC[C@H](Cn2c(N3CCCC3C(F)(F)F)nc3cc(-c4nc(=O)o[nH]4)nc(-c4cncc(Cl)c4)c32)CC1,,0
C[C@H]1CN([C@@H](C)CO)C(=O)c2cccc(NC(=O)c3cnccn3)c2O[C@@H]1CN(C)Cc1ccc(C(=O)Nc2ccccc2N)cc1,,0
C[C@H]1COCCN1c1nc(-c2ccc(Nc3nc(=O)n(C)[nH]3)cc2)nc2c1CCN(c1ncccn1)C2,,0
C[C@H]1COCCN1c1nc(N2CCOC[C@@H]2C)c2ccc(-c3cccc(NS(=O)(=O)CCO)c3)nc2n1,,0
C[C@H]1C[C@H](O)CN1c1nc2cc(-c3nc(=O)o[nH]3)nc(-c3cncc(Cl)c3)c2n1C[C@H]1CC[C@H](C)CC1,,0
C[C@H]1O[C@H](C[N+](C)(C)C)C[S+]1[O-],,0
C[C@H]1[C@@H](OCCCOCc2ccc3ncnc(Nc4ccc(F)c(Cl)c4)c3c2)O[C@@H]2O[C@@]3(C)CC[C@H]4[C@H](C)CC[C@@H]1[C@@]24OO3,,0
C[C@H]1[C@@H](OCCOCCOCCO)O[C@@H]2O[C@@]3(C)CC[C@H]4[C@H](C)CC[C@@H]1[C@@]24OO3,,0
C[C@H]1[C@H](OC(=O)CCCC[P+](c2ccccc2)(c2ccccc2)c2ccccc2)O[C@@H]2O[C@@]3(C)CC[C@H]4[C@H](C)CC[C@@H]1[C@@]24OO3,,0
C[C@](N)(/C=C/I)C(=O)O,,0
C[C@]1(CS(=O)(=O)N2CCC(Oc3ccc(OCc4ccc(C(F)(F)F)o4)cc3)CC2)NC(=O)NC1=O,,0
C[C@]1(c2ccc(O)cc2)CSc2cc(O)ccc2[C@H]1CCCCCCCCC[S+]([O-])CCCC(F)(F)C(F)(F)F,,0
C[C@]12CCC(=O)C(=CCc3cc(O)ccc3O)C1CCC2=O,,0
C[C@]12CC[C@@H]3C4=C(CC[C@H]3[C@@H]1C[C@H]1O[C@H](c3ccco3)O[C@]12C(=O)CF)CC(=O)CC4,,0
C[C@]12CC[C@@H]3c4ccc(O)cc4CC[C@H]3[C@@H]1C[C@H](CCCCCCCCC(=O)OC[C@H]1O[C@@H](n3cnc4c(N)ncnc43)[C@H](O)[C@@H]1O)[C@@H]2O,,0
C[C@]12C[C@H](CCCCCCCCC[S+]([O-])CCCC(F)(F)C(F)(F)F)[C@@H]3c4ccc(O)cc4CC[C@H]3[C@@H]1CC[C@@H]2O,,0
C[N+](C)(C)CC#CCOC1=NOCC1,,0
C[N+](C)(CC#CCOC1=NOCC1)CCCCCCCCCC[N+](C)(C)CCCN1C(=O)c2ccccc2C1=O,,0
C[N+](C)(CC#CCOC1=NOCC1)CCCCCC[N+](C)(C)CCCN1C(=O)c2cccc3cccc(c23)C1=O,,0
C[N+]1(COC(=O)C23CC4CC(CC(C4)C2)C3)CCCC1,,0
C[S+]([O-])c1ncc(COc2cc(C=C3Sc4ncccc4C3=O)c(Br)cc2O)cn1,,0
C[Si](C)(C)CC(C#N)(Cn1cncn1)c1ccc(Cl)c(Cl)c1,,0
C[n+]1ccc(/C=C/c2cccs2)cc1,,0
C[n+]1ccccc1/C=C/c1ccc(-c2ccccc2)s1,,0
C[n+]1ccccc1CCn1c(O)ccc1O,,0
C[n+]1ccn(COCC[N+](=O)[O-])c1C=NO,,0
Cc1[nH]c2ccc(C(=O)OC(C)C(=O)NC3CCCCC3C)cc2c1C,,0
Cc1c(-c2ccc(C(F)(F)F)cc2)nnc(N2CCN(c3cnc(C(=O)N(c4ccccc4)C(C)C)cn3)[C@H](C)C2)c1C,,0
Cc1c(-c2cccc(S(C)(=O)=O)c2)nc2cc(F)ccc2c1N1CC2(CCOCC2)c2ccc(N3CCOCC3)cc21,,0
Cc1c(-c2nnc(SCC(=O)Nc3ccccc3F)o2)nnn1-c1ccc(F)cc1,,0
Cc1c(/C=C/c2ccccc2)nc2cc(F)cc(F)c2c1N1CC(C)(C)c2ncc(N3CCOCC3)cc21,,0
Cc1c(C#N)c(/N=C/N(C)C)c(C(=O)c2ccccc2)n1-c1ccccc1,,0
Cc1c(C(=O)N2C[C@@H](C)O[C@@H](C)C2)sc2ccccc12,,0
Cc1c(C(=O)NN=Cc2ccncc2)no[n+]1[O-],,0
Cc1c(C(N)=O)sc2ncnc(Nc3ccc(F)cc3OC(CF)CF)c12,,0
Cc1c(C(c2ccccc2)c2c(C)n(C)n(-c3ccccc3)c2=O)c(=O)n(-c2ccccc2)n1C,,0
Cc1c(C)c2c(c(C)c1O)CCC(C)(C(=O)NCCCCCCCNc1c3c(nc4ccccc14)CCCC3)O2,6.5,1
Cc1c(CCOCc2cn(CCc3sc[n+](Cc4ccccc4)c3C)nn2)sc[n+]1Cc1ccccc1,,0
Cc1c(Cc2ccccc2)nnc(N2CCN(c3ncc(C(C)(C)O)c(C(F)(F)F)n3)[C@H](C)C2)c1C,,0
Cc1c(Cl)cccc1-n1ncc(C(=O)NC2CCCCC2)c1C1CCN(C(=O)OC(C)(C)C)CC1,,0
Cc1c(N2C(=O)c3cccc4cccc(c34)C2=O)cnn1C,,0
Cc1c(NC(=O)OCCSc2nc(N(C)C)nc(N(C)C)n2)sc(=S)n1C,,0
Cc1c(O)cccc1C(=O)NC(CC(C)C)C(=O)NC(CC(C)C)C(=O)N[C@H](/C=C/C(=O)n1cccc1)CC(C)C,,0
Cc1c(OCC(F)(F)F)ccnc1CSc1nc2ccccc2[nH]1,,0
Cc1c(Oc2ccc(-n3cncn3)cc2F)ncnc1N1C2CC3CC1CC(C2)N3C(=O)OC(C)(C)C,,0
Cc1cc(-c2ccc(N3C(=O)C(=O)C(C(=O)C(C)C)C3c3ccccc3CC(=O)N3CCCC3)cc2)cs1,,0
Cc1cc(-c2ccc(N3C(=O)C(=O)C(C(=O)C(C)C)C3c3ccccc3OCC3OCCO3)cc2)cs1,,0
Cc1cc(-c2ccc(S(=O)(=O)N(C)c3ccc(C)c(C)c3)s2)on1,,0
Cc1cc(-c2ccccc2)nnc1NCCC1CCN(Cc2ccccc2)CC1,6.5,1
Cc1cc(-c2ccncc2)n2ncc(-c3ccccc3)c2n1,,0
Cc1cc(-c2cnc(NC3CC3)nc2-c2ccoc2C)on1,,0
Cc1cc(-c2nnn(CCCOC(C)(C)C)c2C)ccc1-c1cn(CCCOC(C)(C)C)nn1,,0
Cc1cc(-c2noc(C(C)Nc3nccc(N4C(=O)OC[C@@H]4[C@@H](C)OC(C)(C)C)n3)n2)ccc1F,,0
Cc1cc(/C=C/C#N)cc(C)c1Oc1cc(Nc2ccc(C#N)cc2)nc(NC2CC2)c1,,0
Cc1cc(=O)n(C(=O)c2c(F)c(F)c(F)c(F)c2F)o1,,0
Cc1cc(=O)n2nc(-c3ccn4c(-c5cccc(NC(=O)NCC(F)(F)F)c5)cnc4c3)sc2n1,,0
Cc1cc(Br)c(Cl)[n+](C)c1,,0
Cc1cc(Br)cc(C)c1NC(=O)c1cnc2ccccn2c1=O,,0
Cc1cc(C#Cc2cn(-c3ccccc3)c(C)n2)ccn1,,0
Cc1cc(C(=O)CN2C(=O)C(=O)N(CCC3=CCCCC3)C2=O)c(C)n1C,,0
Cc1cc(C(=O)CN2C(=O)NC(C)(CC(C)C)C2=O)c(C)n1-c1ccc2c(c1)OCO2,,0
Cc1cc(C(=O)COC(=O)c2ccc(Br)o2)c(C)n1C,,0
Cc1cc(C(=O)CSc2ncccn2)c(C)n1Cc1ccco1,,0
Cc1cc(C(=O)CSc2nnc(-c3ccc(F)cc3)o2)c(C)n1CC1COc2ccccc2O1,,0
Cc1cc(C)c(C#N)c(N2CCOCC2)n1,,0
Cc1cc(C)c(C)c(S(=O)(=O)NCCCN2CCCC2=O)c1C,,0
Cc1cc(C)c(Oc2cc(Nc3ccc(C#N)cc3)ncc2C(=O)NCc2cn(Cc3ccccc3[N+](=O)[O-])nn2)c(C)c1,,0
Cc1cc(C)c(S(=O)(=O)NCC(c2ccco2)S(=O)(=O)c2ccccc2)c(C)c1,,0
Cc1cc(C)c(S(=O)(=O)n2ccc3ccncc32)c(C)c1,,0
Cc1cc(C)c2c(OCCOCCOc3ccccc3)nsc2n1,,0
Cc1cc(C)c2c(n1)nn1c(N3CCN(c4ccccn4)CC3)cc(C)nc21,,0
Cc1cc(C)cc(-c2[nH]c3c(c2[C@H](C)CNCCc2ccncc2)CNCC3)c1,,0
Cc1cc(C)cc(-c2nnc(NN)s2)c1,,0
Cc1cc(C)cc(C(=O)OCC(=O)N2CCCCCC2)c1,,0
Cc1cc(C)cc(N(C(=O)Cn2nnc3ccccc32)C(C(=O)NCc2ccco2)c2ccncc2)c1,,0
Cc1cc(C)cc(N(C(=O)c2snc(C(N)=O)c2N)C(C(=O)NCC2CCCO2)c2ccc(C)o2)c1,,0
Cc1cc(C)cc(NC(=O)NC(=O)CSc2nc3ccccc3nc2C)c1,,0
Cc1cc(C)cc(NS(=O)(=O)c2cc(-c3cc(C)[nH]n3)ccc2C)c1,,0
Cc1cc(C)cc(OCCn2nnc3ccccc32)c1,,0
Cc1cc(C)cc(OCc2nnc(SCC(=O)OC3CCCCC3)o2)c1,,0
Cc1cc(C)n(-c2cc(C)c(C)cc2Br)n1,,0
Cc1cc(C)n(-c2cccc(C(=O)O)c2)n1,,0
Cc1cc(C)n(C(=O)c2ccc(C)o2)n1,,0
Cc1cc(C)n(CCCn2cncc2-c2ccc3c(c2)CC(C)N3C)n1,,0
Cc1cc(C)n(CCN(C)C(=O)CCc2nnc(-c3ccc4c(c3)OCO4)o2)n1,,0
Cc1cc(C)n(CCNS(=O)(=O)c2ccc(C)c(C)c2)n1,,0
Cc1cc(C)n(CCc2nc(-c3ccco3)cs2)n1,,0
Cc1cc(C)n(Cc2ccc(Cl)nc2)n1,,0
Cc1cc(C)nc(N2CCN(c3nc(-c4ccccc4)nc4c3oc3ccccc34)CC2)n1,,0
Cc1cc(C)nc(NC(=S)N2CCN(c3nc4ccccc4o3)CC2)c1,,0
Cc1cc(C)nc(SCc2nnc(SCC(=O)Nc3ccccc3C)n2Cc2ccco2)n1,,0
Cc1cc(C2CCCN2C(=O)c2cc3c(s2)CCC3)no1,,0
Cc1cc(C=Cc2ccc(O)c(O)c2)[nH]n1,,0
Cc1cc(CCCCCOc2c(Br)cc(C3=NCCO3)cc2Br)on1,,0
Cc1cc(CCCCCOc2ccc(C3=NCCO3)cc2Cl)on1,,0
Cc1cc(CCCNc2cc(Cl)cn3c(=O)[nH]nc23)ccn1,,0
Cc1cc(CS(=O)(=O)/C=C/c2ccccc2[N+](=O)[O-])c(CS(=O)(=O)/C=C/c2ccccc2[N+](=O)[O-])cc1C,,0
Cc1cc(Cl)ccc1/N=c1\ssnc1Cl,,0
Cc1cc(Cl)ccc1C1c2c(nn(Cc3ccccn3)c2C(C)C)C(=O)N1c1cccc(Cl)c1F,,0
Cc1cc(Cl)ccc1N1C(=O)C(=O)C(c2nc3ccccc3o2)C(=O)C1=O,,0
Cc1cc(F)ccc1-c1nc(N(C)CCN(C)C(=O)N(C)c2ccccc2)nc2c1ccc(=O)n2-c1c(F)cccc1F,,0
Cc1cc(F)cnc1N1CCN(C(=O)CCCc2cccc3ncoc23)[C@@H](C)C1,,0
Cc1cc(N(CCC#N)CCC#N)ccc1C(N=NC(=O)c1ccccc1)=NNc1ccc(C(=O)O)cc1,,0
Cc1cc(N(CCC#N)S(=O)(=O)c2ccccc2)ccc1/C=C1\N=C(c2ccc(Cl)cc2)OC1=O,,0
Cc1cc(N(CCO)CCO)ccc1C(c1ccc(N(CCO)CCO)cc1C)c1ccccc1Cl,,0
Cc1cc(N2CCC(c3nccn3Cc3cscn3)CC2)ccn1,,0
Cc1cc(N=S2(=O)CCC2)cc2ncnc(Nc3ccc(Cl)cc3OC(C)C(=O)N[C@@H](C)C(F)(F)F)c12,,0
Cc1cc(NC(=O)/C(C#N)=C/c2ccc(-c3ccc(SC(F)F)cc3)o2)n(-c2ccccc2)n1,,0
Cc1cc(NC(=O)/C(C#N)=C\c2ccc(-c3ccc(SC(F)F)cc3)o2)n(-c2ccccc2)n1,,0
Cc1cc(NC(=O)C2CC(c3ccc(F)cc3)=NO2)n(-c2ccccc2)n1,,0
Cc1cc(NC(=O)c2c(O)[nH]c(=O)[nH]c2=O)no1,,0
Cc1cc(NCCCc2ccc(C)nc2)c2n[nH]c(=O)n2c1,,0
Cc1cc(NN(C)C)n2nc(SCc3ccccc3)nc2n1,,0
Cc1cc(NS(=O)(=O)c2ccc(NC(=O)CSc3nnc(-c4ccco4)n3Cc3ccco3)cc2)nc(C)n1,,0
Cc1cc(NS(C)(=O)=O)c(Cl)c(-c2[nH]c(C3(C)CC3)nc2-c2ccnc(NCCC#N)n2)c1,,0
Cc1cc(Nc2cc(C(F)(F)F)ccn2)nc(-c2ccc(C3(O)CCN(C(=O)c4[nH]c5ccccc5c4C)CC3)nc2)c1,,0
Cc1cc(OC(=O)c2c(F)cc(F)cc2F)nc(C)n1,,0
Cc1cc(OCc2ccc(-c3nn[nH]n3)cc2Cl)c(N(C(C)C)S(=O)(=O)c2cccnc2)cc1C,,0
Cc1cc(OCc2ccc(Cl)nc2)nc(C(C)C)n1,,0
Cc1cc(OCc2cnc(Cl)s2)nc(C(C)C)n1,,0
Cc1cc(Oc2ccccc2)[nH]c(=S)n1,,0
Cc1cc(Oc2ncccc2C2CC2)ccc1-c1c(C)c(=O)[nH]c(=O)n1C,,0
Cc1cc(SC(Cc2c(F)cccc2F)c2sc(-c3ccc(C(F)(F)F)cc3)nc2C)ccc1OCC(=O)O,,0
Cc1cc(SCCN(C)C)c2cc3c(SCCN(C)C)cc(C)nc3c(C)c2n1,,0
Cc1cc([C@](C)(O)C#Cc2cc3c(cc2F)C2CC(C2)n2c-3nc(C(N)=O)c2CNC(=O)C2CC2)no1,,0
Cc1cc2c(=O)n(C)c(SCC(=O)Nc3ccccc3C)nc2s1,,0
Cc1cc2c(C(N)=O)nn(CC(=O)N3C(C(=O)Nc4cccc(Br)n4)C[C@H]4C[C@H]43)c2c(C)n1,,0
Cc1cc2c(c(SCC#N)n1)C(=O)OC2,,0
Cc1cc2ncn(C(=O)c3ccc4c(c3)OCO4)c2cc1C,,0
Cc1ccc(-c2c(C=CC(=O)O)c(C)nc(CC(C)C)c2CN)cc1,,0
Cc1ccc(-c2c(COc3ccc4ccccc4n3)nc3c(N4CCOCC4)ccnn23)cn1,,0
Cc1ccc(-c2c(OCc3cn(Cc4ccccc4Cl)nn3)cnn2-c2ccc(F)cc2)cc1,,0
Cc1ccc(-c2cc(-c3cc(Cl)cc(C#N)c3)ncn2)nc1,,0
Cc1ccc(-c2cc(C(=O)N3CCOCC3)no2)cc1,,0
Cc1ccc(-c2ccc(=O)n(CCC(=O)N3CCN(c4cccc(C)c4)C(C)C3)n2)cc1,,0
Cc1ccc(-c2ccc(Cn3cnc4c(N5CCOCC5)ncnc43)cc2)cc1,,0
Cc1ccc(-c2ccnc(-n3ncc(C(=O)N4CCCCC4c4cccnc4)c3C3CC3)n2)o1,,0
Cc1ccc(-c2csc(=S)n2CC(=O)OCC(=O)NC(C)C(C)C)cc1,,0
Cc1ccc(-c2csc3ncn(CC(=O)c4cc(C)n(C5CCS(=O)(=O)C5)c4C)c(=O)c23)cc1,,0
Cc1ccc(-c2csc3ncnc(Sc4nnc(CN5CCCCCC5=O)o4)c23)cc1,,0
Cc1ccc(-c2nc(C#N)c(N3CCC(C)CC3)o2)cc1,,0
Cc1ccc(-c2nc(C[S+]([O-])CC(=O)NCc3ccccc3Cl)c(C)o2)cc1,,0
Cc1ccc(-c2nn(-c3ccccc3)cc2-c2nc3ccccc3n2S(=O)(=O)c2ccc(Br)cc2)cc1,,0
Cc1ccc(-c2nn(-c3ccccc3)cc2/C=C/C(=O)OCC(=O)NC2CC2)o1,,0
Cc1ccc(-c2nnc(C)c(N3CCOCC3)n2)cc1,,0
Cc1ccc(-c2nnc(CSc3nnc(COc4ccccc4)n3-c3ccccc3)o2)cc1,,0
Cc1ccc(-c2nnc(SCC#CCOC(=O)c3cccs3)o2)cc1,,0
Cc1ccc(-c2nnc(SCC(=O)CC(=O)Nc3ccccc3)n2C)cc1,,0
Cc1ccc(-c2nnc(SCC(=O)N3CC(C)CC(C)C3)o2)cc1C,,0
Cc1ccc(-c2nnc3n2N=C(c2ccccc2)CS3)cc1,,0
Cc1ccc(-c2nnn(CC(=O)N(CC3CCCO3)C(C(=O)NC(C)(C)C)c3ccc(F)cc3)n2)o1,,0
Cc1ccc(-c2nnn(CC(=O)N(Cc3cccs3)C(C(=O)NC(C)(C)C)c3ccc(C)o3)n2)o1,,0
Cc1ccc(-n2c(C)c(O)n(CC(=O)c3cc(C)ccc3C)c2=O)cc1,,0
Cc1ccc(-n2c(C)c3c(C)nnc(C)c3c2C)cc1,,0
Cc1ccc(-n2c(SCc3nnc4n3CCC4)nnc2-c2ccccc2)cc1,,0
Cc1ccc(-n2cc(/C=N/n3c(-c4ccccc4Cl)nc4ccccc4c3=O)c(-c3ccncc3)n2)cc1,,0
Cc1ccc(-n2ccnc2N2CCN(C(=O)c3ccccc3SC(F)F)CC2)cc1,,0
Cc1ccc(/C=C/C(=O)C2C(=O)c3ccccc3C2=O)cc1,,0
Cc1ccc(/C=C/c2onc(C)c2S(=O)(=O)N2CCC(C(=O)NCc3ccc(OC(C)C)cc3)CC2)cc1,,0
Cc1ccc(C(=O)N(C)Cc2ccco2)c(C2CCN(C(=O)/C=C/c3cccs3)CC2)n1,,0
Cc1ccc(C(=O)N2C(=O)S/C(=C\c3ccc(S(=O)(=O)Nc4nc(-c5ccccc5)cs4)cc3)C2=O)cc1,,0
Cc1ccc(C(C(=O)NCc2ccco2)N(CCc2ccccc2)C(=O)Cn2nnc3ccccc32)o1,,0
Cc1ccc(C(C)C(=O)N2CCC(n3nc(-c4ccccc4)oc3=O)CC2)cc1,,0
Cc1ccc(C(CC(N)=O)NC(=O)CC[C@H](C)Nc2cc(-c3cccnc3)nn2-c2ccc(Cl)c(Cl)c2)cc1,,0
Cc1ccc(C)c(C(=O)COC(=O)Cn2c(O)c3c(c2O)C2C=CC3C2)c1,,0
Cc1ccc(C)c(CNS(=O)(=O)c2c(C)[nH]c(C)c2C(=O)N2CCCC2)c1,,0
Cc1ccc(C)c(N2CCN(S(=O)(=O)c3c(C(=O)N4CCC(C)CC4)c(C)n(C)c3C)CC2)c1,,0
Cc1ccc(C2(CC(=O)Nc3nccs3)CCOC(C(C)C)C2)cc1,,0
Cc1ccc(C2=C(c3ccc(OC(F)(F)F)cc3)C(=O)NC(c3ccc(OCCCC(F)(F)F)cc3)(C(F)(F)F)C2)cc1,,0
Cc1ccc(C2=NN(C(=O)CCl)C(c3ccco3)C2)o1,,0
Cc1ccc(C2=NS(=O)(=O)N(C)C(C(=O)Nc3cc(C)n(CC(=O)N4CCCCC4C)n3)=C2)cc1,,0
Cc1ccc(C2CC(c3ccc(N(C)C)cc3)=NN2c2ccc(S(=O)(=O)NC(=S)NCc3ccccc3)cc2)cc1,,0
Cc1ccc(C=Nn2c(C)nnc2C)s1,,0
Cc1ccc(CCC(=O)N2CCn3c(nnc3C(C)C)C2)cc1Cl,,0
Cc1ccc(CNc2ccn(CCC(N)=O)n2)c(Br)c1,,0
Cc1ccc(F)c(NC(=O)Nc2ccc(Oc3ccnc(-c4cc(C(=O)NCCCC(=O)NCC(O)CO)c[nH]4)c3)cc2)c1,,0
Cc1ccc(N(C(=O)c2snc(C(N)=O)c2N)C(C(=O)NC2CCCC2)c2ccncc2)cc1,,0
Cc1ccc(N(C(=O)c2snc(C(N)=O)c2N)C(C(=O)NCC2CCCO2)c2ccc(C)o2)c(C)c1,,0
Cc1ccc(N(C(=O)c2snnc2C)C(C(=O)NC2CCCCC2)c2ccccc2[N+](=O)[O-])cc1Cl,,0
Cc1ccc(N(C)C(=O)C2CCCN(c3ncnc4c3nc3n4CCCCC3)C2)cc1C,,0
Cc1ccc(N(C)C)c(C(=O)N2C3CCC2C(COc2ccccn2)C3)n1,,0
Cc1ccc(N(CC(=O)NC2CCCC2)C(=O)c2ccc(C)s2)cc1,,0
Cc1ccc(N(CC(C)C)S(=O)(=O)c2nnc(NC(=O)C(C)C)s2)cc1,,0
Cc1ccc(N=CC(C2OC(=O)c3ccccc32)[N+](=O)[O-])c(C)c1,,0
Cc1ccc(NC(=O)C(C)SCc2nc(=O)c3c(C)c(C)sc3[nH]2)nc1,,0
Cc1ccc(NC(=O)CSc2nnc(-c3cnccn3)n2Cc2ccco2)cc1C,,0
Cc1ccc(NC(=O)N(Cc2cc3cc(C)cc(C)c3[nH]c2=O)CC2COCCO2)cc1,,0
Cc1ccc(NC(=O)c2cc(S(=O)(=O)NCCC3=CCCCC3)ccc2F)cc1F,,0
Cc1ccc(NS(=O)(=O)c2c(C)[nH]c(C)c2C(=O)N2CCCCC2)c(C)c1,,0
Cc1ccc(Nc2c(F)cccc2Cl)c(Cc2nn[nH]n2)c1,,0
Cc1ccc(Nc2nc(C(=O)NCc3ccco3)cs2)cc1,,0
Cc1ccc(OC2=CC(=O)c3ccccc3C2=O)c(C)c1,,0
Cc1ccc(OCCOc2c(Cl)cc(Cl)cc2/C=N/n2cnnc2)cc1,,0
Cc1ccc(OCc2csc(-c3cnn(C)c3)n2)c2c1C(C)CC2=O,,0
Cc1ccc(OCc2nn3c(=O)cc(C)nc3s2)c(C)c1,,0
Cc1ccc(OS(=O)(=O)c2cccc(C(F)(F)F)c2)c(-c2cc(-c3ccccc3)n(CC(=O)N(C)C)n2)c1,,0
Cc1ccc(OS(=O)(=O)c2cccc(C(F)(F)F)c2)c(-c2cc(-c3ccccc3)n(CC(=O)NCc3ccccc3)n2)c1,,0
Cc1ccc(S(=O)(=O)N(C)C)cc1NC(=O)COC(=O)Cc1ccsc1,,0
Cc1ccc(S(=O)(=O)N(CCC#N)C2CCCCC2)c2nsnc12,,0
Cc1ccc(S(=O)(=O)N2CCOCC2)cc1C(=O)N1CCN(c2ccc(C(F)(F)F)cn2)CC1,,0
Cc1ccc(S(=O)(=O)NCCCCNc2nccc(-c3c(-c4cccc(N)c4)nc4sccn34)n2)cc1,,0
Cc1ccc(S(=O)(=O)NNC(=O)c2sc3nc(C)cc(C)c3c2-n2cccc2)cc1,,0
Cc1ccc(S(=O)(=O)Oc2ccc(/C=N/NC(=O)c3c(Cl)cnn3C)cc2)cc1,,0
Cc1ccc(S(=O)(=O)SCc2ccc(F)cc2)cc1,6.5,1
Cc1ccc(S(C)(=O)=O)c(-c2nc3cc(F)cc(F)c3c(N3CC(C)(C)c4ncc(N5CCOCC5)cc43)c2C)c1,,0
Cc1ccc(SCC(=O)NCCn2c(O)csc2=O)c(C)c1,,0
Cc1ccc(SCc2nc(-c3ccccn3)no2)cc1,,0
Cc1ccc([C@H]2C[C@@H]2COc2nc(C)nc(NCc3nnc(C)s3)c2Cl)nc1,,0
Cc1ccc2c(=O)[nH]c(CCCC(=O)N3CCC(Oc4ccc(C#N)cc4)CC3)nn12,,0
Cc1ccc2c(c1)C(=O)N(C)c1cnc(Nc3cccc(S(=O)(=O)N4CCC(O)CC4)c3)nc1N2C,,0
Cc1ccc2c(c1)C(=O)N1CCCCC1c1cc3nc(N4CCC4)cc(n3n1)N(C)CCNC(=O)CO2,,0
Cc1ccc2c(c1)N(C(=O)CSc1nncn1C)C(C)(C)c1ssc(=S)c1-2,,0
Cc1ccc2cc(C#N)c(N3CCCN(C(=O)C4CCCO4)CC3)nc2c1C,,0
Cc1ccc2cc(C=O)c(N3CCOCC3)nc2c1C,,0
Cc1ccc2cccc(OCc3c(Cl)ccc(N(C)C(=O)Cc4ccc(C(=O)C(C)(C)C)n4C)c3Cl)c2n1,,0
Cc1ccc2onc(CC(=O)N(C)c3ccccc3)c2c1,,0
Cc1ccc2sc(N(Cc3cccnc3)C(=O)CCS(=O)(=O)c3ccccc3)nc2c1C,,0
Cc1cccc(-c2c3c(=O)n(C)c(=O)n(C)c3cn2-c2ccc(O)cc2)c1,,0
Cc1cccc(-c2cc(C(=O)O)ncn2)c1,,0
Cc1cccc(-c2nnc3sc(-c4ccccc4)nn23)c1,,0
Cc1cccc(-c2oc(C)c(C)[n+]2[O-])c1,,0
Cc1cccc(-n2nnnc2SCC(=O)NC2CCCC2)c1,,0
Cc1cccc(/N=C/c2ccccn2)n1,,0
Cc1cccc(C(=O)N2C(=O)S/C(=C\c3ccc(S(=O)(=O)Nc4nc(-c5ccccc5)cs4)cc3)C2=O)c1,,0
Cc1cccc(C(C)C)c1NC(=O)CC1C(=O)Nc2ccccc2S1(=O)=O,,0
Cc1cccc(C)c1-n1c(O)c(N=NC(=O)c2ccccc2O)c(-c2nc3ccccc3s2)c(O)c1=O,,0
Cc1cccc(C)c1CNc1nc(N2CCOCC2)cc2c(C)c(C)[nH]c12,,0
Cc1cccc(C)c1NC(=O)c1cnc(Nc2ccccn2)s1,,0
Cc1cccc(CNc2cc(N3CCOCC3)cc(CSc3nc(C)c(C)o3)n2)n1,,0
Cc1cccc(COc2nn3c(-c4nc(-c5cccnc5)no4)nnc3c3c2C2CCC3CC2)n1,,0
Cc1cccc(Cc2nnc(CCC(=O)N(C)CCc3ccccc3)o2)c1,,0
Cc1cccc(N(C)S(=O)(=O)c2ccc(-c3cc(C)no3)s2)c1,,0
Cc1cccc(N2CCC(Oc3ncccc3C3CCOCC3)CC2)n1,,0
Cc1cccc(NC(=O)COc2ccc(/C=C3\SC(=O)NC3=O)cc2)n1,,0
Cc1cccc(NC(=O)CSc2nnc(-c3cnccn3)n2Cc2ccco2)c1,,0
Cc1cccc(NC(=O)NC2N=C(c3ccccc3)c3ccccc3N(CC(=O)NCCC(=O)NCCSCc3csc(=NC(=N)N)[nH]3)C2=O)c1,,0
Cc1cccc(NS(=O)(=O)c2cc(OCC(N)=O)c(C)cc2Cl)c1,,0
Cc1cccc(OC2CCN(c3ccc(C#N)cn3)CC2)n1,,0
Cc1cccc(OCc2nc(C#N)c(N3CC(C)CC(C)C3)o2)c1,,0
Cc1cccc(OCc2nnc(SCC(=O)N(C(C)C)C(C)C)n2Cc2ccco2)c1C,,0
Cc1cccc(S(=O)(=O)N(CC(=O)Nc2ccccc2C)Cc2ccco2)c1,,0
Cc1cccc2c1NC(=O)C(NC(=O)C(CCC(F)(F)F)C(CCC(F)(F)F)C(N)=O)N=C2c1cccc(C(F)(F)F)c1,,0
Cc1cccc2cc(Cn3nc(-c4cc(O)cc(F)c4)c4c(N)ncnc43)n(-c3ccccc3O)c(=O)c12,,0
Cc1cccc2ccc(/C=C/C(=O)c3ccncc3)nc12,,0
Cc1cccc2nc(CSc3nnc(N)s3)cn12,,0
Cc1cccc2nc(CSc3nncn3-c3ccccc3)cn12,,0
Cc1cccc2sc(NNC(=O)c3ccc(S(=O)(=O)N(C)C)cc3)nc12,,0
Cc1ccccc1-c1ccc(=O)n(CC(=O)Nc2ccc(S(=O)(=O)N(C)C)cc2)n1,,0
Cc1ccccc1-c1ccc2ncnc(N3CCOCC3)c2c1,,0
Cc1ccccc1-c1n[nH]c(=S)n1Cc1ccccc1,,0
Cc1ccccc1-c1nc(C[S+]([O-])CC(=O)NC2CC2)c(C)o1,,0
Cc1ccccc1-n1c(C)nc2c1C(=O)c1ccccc1C2=O,,0
Cc1ccccc1-n1c(Cn2nc(CF)c3c(N)ncnc32)cc2cccc(C)c2c1=O,,0
Cc1ccccc1/C=C/c1cc[n+](C)cc1,,0
Cc1ccccc1C(=O)N1CCC(C(=O)Nc2sccc2C(N)=O)CC1,,0
Cc1ccccc1C(C)NC(=O)CN1CSCC1=O,,0
Cc1ccccc1CNc1ccc(C(CC(N)=O)NC(=O)c2ccccc2)cc1[N+](=O)[O-],,0
Cc1ccccc1Cn1c(=O)n(CC2CCC(C(=O)N3CCC(C)CC3)CC2)c(=O)c2sccc21,,0
Cc1ccccc1N(C(=O)C(C)C)C1C=CS(=O)(=O)C1,,0
Cc1ccccc1N(C(=O)c1cccs1)C(=S)OCCN1C(=O)c2ccccc2C1=O,,0
Cc1ccccc1N(C)C(=O)c1coc(=O)c2ccccc12,,0
Cc1ccccc1N1CC(C(=O)Nc2nnc(SCc3ccccn3)s2)CC1=O,,0
Cc1ccccc1NC(=S)N(CCN1CCCCCC1)Cc1cccs1,,0
Cc1ccccc1NS(=O)(=O)c1cccc(NC(=O)NCCCl)c1,,0
Cc1ccccc1OCC(=O)Nc1nnc(-c2ccco2)s1,,0
Cc1ccccc1S(=O)(=O)NC(=O)c1ccc(Nc2nc(NC3(c4ccc(Cl)cc4)CC3)nc(OCC(F)(F)F)n2)cc1,,0
Cc1ccn(CC(C)C(=O)NC(CNC(=O)OC(C)(C)C)C(=O)N[C@@H](CC(C)C)[C@@H](O)CC(C)C(=O)NC(C(=O)NCC(C)C)C(C)C)n1,,0
Cc1ccn(Cc2n[nH]c(=S)n2Cc2ccccc2)n1,,0
Cc1ccn2nc([C@H](C)Nc3ncnc4[nH]cc(-c5cnc6[nH]ccc6c5)c34)n(-c3ccccc3)c(=O)c12,,0
Cc1ccncc1-c1cc(F)c2c(c1)CCc1nnc(C)n1-2,,0
Cc1ccncc1-c1cccc2c1ncn2-c1nccs1,,0
Cc1ccsc1/C=N/N1CCN(c2ccccn2)CC1,,0
Cc1ccsc1C(=O)N(C)CC(=O)Nc1ccccc1Br,,0
Cc1ccsc1CN(Cc1ccco1)c1cnc(S(C)(=O)=O)nc1C(=O)Nc1ccc(Cl)cc1,,0
Cc1cn(-c2ccc(-c3cn(C4CCc5c(F)cccc5C(CC(F)(F)F)C4=O)nn3)cc2OC(F)(F)F)cn1,,0
Cc1cn(CCCOC(c2ccccc2)(c2ccccc2)c2ccccc2)c(=O)[nH]c1=O,,0
Cc1cn([C@H]2C[C@H](N=[N+]=[N-])[C@@H](COC(=O)CCCCC(=O)OCSc3ccccc3CNCCC(N)=O)O2)c(=O)[nH]c1=O,,0
Cc1cn([C@H]2C[C@H](n3nncc3COc3ccccc3)[C@@H](CO[Si](C)(C)C(C)(C)C)O2)c(=O)[nH]c1=O,,0
Cc1cn2nc(N3CCCCC3Cn3cccn3)sc2n1,,0
Cc1cnccc1CN(C)C(=O)C(C)(C)NC(=O)c1cccs1,,0
Cc1cnn(C(=S)NCc2ccco2)c1,,0
Cc1cnn(CC2CCCN2C(=O)CCc2ccsc2)c1,,0
Cc1csc(NC(=O)C(NC(=O)c2ccccc2F)C(C)C)n1,,0
Cc1csc(NC(=O)c2cccn2C)n1,,0
Cc1csc2sc(C(=O)N3CCOCC3)c(C)c12,,0
Cc1nc(-c2cc(C(=O)O)no2)cs1,,0
Cc1nc(-c2ccc(N3C(=O)C(=O)C(C(=O)CC(C)C)C3c3ccccc3OC(C)C)cc2)no1,,0
Cc1nc(-c2ccccc2)sc1-c1ccn(-c2ccc(S(=O)(=O)/N=C/N(C)C)cc2)n1,,0
Cc1nc(-c2ccccc2)sc1-c1nc(-c2cccnc2)ncc1S(=O)(=O)c1ccccc1,,0
Cc1nc(-c2ccccn2)sc1C(=O)Nc1cn2nc(-c3cn(C4CC4)nc3-c3ccc(F)cc3)ccc2n1,,0
Cc1nc(-c2ccccn2)sc1C(=O)O,,0
Cc1nc(-c2nc(N(C)C)nc3ccsc23)sc1C,,0
Cc1nc(-c2nnc3n2CCN(C(=O)c2ccc(-c4cccs4)cc2)[C@@H]3C)sc1C,,0
Cc1nc(=O)c2nc(-n3ccnc3)sc2[nH]1,,0
Cc1nc(C#Cc2cnc(C3CCCCC3)nc2)cs1,,0
Cc1nc(C(=O)N2CC(C)Sc3ccccc32)cs1,,0
Cc1nc(C(C)(C)NC(=O)c2ccc(C3CC3)c(OCC3CCOCC3)n2)no1,,0
Cc1nc(C(F)(F)F)ccc1C(=O)N1CCCCC1,,0
Cc1nc(C)c(-c2csc(Nc3ccc(C(=O)N4[C@@H]5CC[C@H]4C/C(=N/OCCO)C5)cn3)n2)s1,,0
Cc1nc(C)c(CNc2nc(OC[C@@H]3C[C@H]3c3ccc4ccccc4n3)nc(Cl)c2C)s1,,0
Cc1nc(CC(C)C)cc(-c2nc(-c3ccc(O[C@@H]4CCC(=O)NC4)c(F)c3)no2)n1,,0
Cc1nc(CNC(=O)NCC(O)c2ccc(F)c(F)c2)cs1,,0
Cc1nc(N)sc1-c1c2c(=O)n(C)c(=O)n(CC3CC3)c2nn1Cc1ccnc2ccc(Cl)cc12,,0
Cc1nc(N2CCCC2)c(C)c(C)c1O,,0
Cc1nc(N2CCOCC2)c(C#N)c(C)c1Br,,0
Cc1nc(NC(C)c2cccc(NS(=O)(=O)c3cn(C)cn3)c2)cc(-c2ccc3ncsc3c2)n1,,0
Cc1nc(NCC2CC2)nc(N[C@@H]2C[C@H](C(C)(C)O)[C@@H](O)[C@H]2O)c1-c1nc2cnccc2s1,,0
Cc1nc(NCc2nnc(C)s2)cc(OC[C@H]2C[C@@H]2c2ccc3ncccc3n2)n1,,0
Cc1nc(N[C@@H](C)c2cccc(-c3cnc(NC[C@H](O)CO)nc3)c2)cc(-c2ccc3occ(C)c3c2)n1,,0
Cc1nc(N[C@H](C)C2CC2)nc(N[C@@H]2C[C@H](C(C)(C)O)[C@@H](O)[C@H]2O)c1-c1nc2cnccc2s1,,0
Cc1nc(S(=O)(=O)NCCC(=O)NCc2ccsc2)cn1C,,0
Cc1nc([N+](=O)[O-])cn1C/C(=N/OC(=O)c1ccc(F)cc1)c1ccc(Br)cc1,,0
Cc1nc2c(F)cc(-c3nc(Nc4ccc5c(n4)CCN(C(=O)C(C)O)C5)ncc3F)cc2n1C(C)C,,0
Cc1nc2c(c(C)nn2C)c(C)c1CCC(=O)N1CCCC1,,0
Cc1nc2ccc(S(=O)(=O)NCc3cnc(Oc4ccc5c(c4)CCC(c4ccccc4)O5)s3)cc2s1,,0
Cc1nc2cnc(Nc3ccnc(NCC(C)(C)C(N)=O)n3)cc2n1C(C)C,,0
Cc1nc2n(c1/C=N/N=C(N)N)CCS2,,0
Cc1nc2sc(S(N)(=O)=O)nn2c1C,,0
Cc1ncc(C(=O)NCCNc2ncnc3sccc23)s1,,0
Cc1ncc(CN(C)C(=O)c2ccc(N3CCOCC3)c(F)c2)s1,,0
Cc1ncc([N+](=O)[O-])n1CCOS(N)(=O)=O,,0
Cc1ncc([N+](=O)[O-])n1CCOc1ccc(/C=N/Nc2nc(-c3ccccc3Br)cs2)cc1,,0
Cc1ncc([N+](=O)[O-])n1CCn1cc(COc2cccc3ccccc23)nn1,,0
Cc1nccn1CCC1CCCCN1C(=O)CCc1nnc(-c2ccsc2)o1,,0
Cc1ncsc1C(=O)NCCOc1ncc(Cl)cc1Cl,,0
Cc1nn(-c2cc(N3C(=O)c4ccccc4C3=O)c(Cl)cc2Cl)c(=O)n1C(F)F,,0
Cc1nn(-c2ccccc2)c2c1C(c1cn(-c3ccccc3)nc1-c1ccc(Cl)cc1)C1C(=O)NC(C)(c3ccc(O)cc3O)N=C1O2,,0
Cc1nn(C(C)C)c2c1C(c1ccc(F)cc1F)N(c1cc(C)c3nnc(C)n3c1)C2=O,,0
Cc1nn(C)c2c1CN(c1ncnn3c(C)nc(-c4ccccc4F)c13)CC2,,0
Cc1nn(C)cc1-c1cc(C(F)(F)F)nn1CCC#N,,0
Cc1nn(C2CCN(C(=O)C(C)N)CC2)c(C)c1Nc1ncc(Cl)c(-c2cnn3ccccc23)n1,,0
Cc1nn2c(-c3cccnc3)ccnc2c1-c1ccccc1,,0
Cc1nn2cc(-c3cccc(Cl)c3)cnc2c1Cl,,0
Cc1nn[se]c1C(=O)N(C)C,,0
Cc1nnc(CC[C@@H](C)[C@H]2CC[C@H]3[C@@H]4[C@H](O)C[C@@H]5C[C@H](O)CC[C@]5(C)[C@H]4CC[C@]23C)o1,,0
Cc1nnc(N2CCN(c3ccccc3F)CC2)c2c1nnn2Cc1ccccc1Cl,,0
Cc1nnc(NC(=O)CSc2nnc(-c3ccco3)n2C(C)C)s1,,0
Cc1nnc(NC(=O)CSc2nnc(CNC(=O)C34CC5CC(CC(C5)C3)C4)n2C2CCCCC2)s1,,0
Cc1nnc(NN)c2c1[nH]c1ccccc12,,0
Cc1nnc(SCC(=O)NCc2ccco2)n1-c1ccccc1,,0
Cc1nnn(C)c1-c1cnc2c3ccc(C(C)(C)O)c(F)c3n([C@H](c3ccccc3)C3CCOCC3)c2c1,,0
Cc1nnnn1[C@H]1C[C@@H](n2cnc3c(NCC(c4ccccc4)c4ccccc4)nc(NCCc4cn(C(C)C)cn4)nc32)[C@H](O)[C@@H]1O,,0
Cc1noc(/C=C/N(C)C)c1S(=O)(=O)N1CCCC(C(=O)NC2CCCCC2)C1,,0
Cc1noc(C)c1-c1ccc(C(=O)N(C2CC2)C2CCN(C(=O)OC(C)(C)C)CC2)cc1,,0
Cc1noc(C)c1-c1ccc(C=O)cc1,,0
Cc1noc(C)c1-c1ccc2nc(-c3cnn(C(C)(C)CO)c3)nc(N3CCOC[C@@H]3c3ccccc3)c2c1,,0
Cc1noc(C)c1-c1ccc2nc(-c3cnn(CC(C)(C)O)c3)nc(N3CCOC[C@@H]3c3cccs3)c2c1,,0
Cc1noc(C)c1CC(=O)N1CCN(C)CC1,,0
Cc1noc(C)c1CCc1nc(C2CCOC2)no1,,0
Cc1noc(C)c1COc1ccc(C(=O)OCC(=O)Nc2ccc3c(c2)OCO3)cc1,,0
Cc1noc(C)c1COc1ccccc1C(=O)NCCOc1ccccc1F,,0
Cc1noc(C)c1CSCC(=O)OCC(=O)NC1CCCCC1,,0
Cc1noc(C)c1Cn1cc(N2CCCN(Cc3ccccc3)C2=O)cn1,,0
Cc1noc(C)c1S(=O)(=O)N(CC(=O)N1CCc2ccccc21)c1ccc(C(C)C)cc1,,0
Cc1noc(CCNC(=O)c2cc(NC(=O)c3cc(-c4ccccn4)c(F)cc3Cl)n(-c3ccccc3)n2)n1,,0
Cc1noc(NC(=O)N2CCC3(CC2)CC(c2cccc(Oc4ccc(C(F)(F)F)cn4)c2)C3)c1C,,0
Cc1nsc(-c2nnc3n2CCN(C(=O)c2ccc(F)cc2)C3(C)C)n1,,0
Cc1nsc(N2CCCN(c3ccccn3)CC2)n1,,0
Cc1oc(-c2ccccc2F)nc1C[S+]([O-])CC(=O)NC1CC1,,0
Cc1oc2nc1C(=O)N[C@H](C(C)C)c1nc(cs1)C(=O)N[C@H](C)c1nc(cs1)C(=O)N[C@@H]2C,,0
Cc1oc2ncnc(N3CCCCC3)c2c1C(=O)N1CCN(c2ccc(Cl)cc2)CC1,,0
Cc1occc1-c1nnc(SCC(=O)NCc2cccs2)n1CC1CCCO1,,0
Cc1onc(-c2ccc(Cl)cn2)c1COc1ccc(C(=O)NC2CCOCC2)cn1,,0
Cc1onc(-c2ccccc2)c1C(=O)OCC(=O)c1ccc(F)cc1,,0
Cc1onc(NS(=O)(=O)c2ccccc2-c2ccc(-c3ncco3)cc2CN(C)C(=O)CC(C)(C)C)c1C,,0
Cc1oncc1CN=C1CC(=O)CC(C)C1,,0
Cc1sc(-c2nc(-c3c(F)cccc3Cl)nn2C)c(C)c1-c1ccc(OC(F)(F)C(F)Cl)cc1,,0
Cc1sc2[nH]c(SCC(=O)Nc3ccccc3F)nc(=O)c2c1C,,0
Cc1sc2[nH]c(SCC(=O)c3ccc(O)c(O)c3)nc(=O)c2c1C,,0
Cc1sc2c(c1C)C(=O)c1cccn1-2,,0
Cc1sc2nc3ccc(N4CCCC4)nn3c(=O)c2c1C,,0
ClCC[N@+]12CC[N@@+](CCCl)(CC1)C2,,0
Clc1c(N2CCN(c3ccccc3)CC2)ccn2c(CC3CC3)nnc12,,0
Clc1cc2ncn(C3CCCCO3)c2cc1Cl,,0
Clc1ccc(C2Cc3nncn3-c3ccsc32)cc1,,0
Clc1ccc(CC[C@@]2(Cn3ccnc3)OC[C@@H](CSc3ccc4ccccc4c3)O2)cc1,,0
Clc1ccc(CC[C@@]2(Cn3ccnc3)OC[C@@H](CSc3cccc(Br)c3)O2)cc1,,0
Clc1ccc(Nc2ccccc2)nn1,,0
Clc1ccc(OC(CCn2cncn2)c2ccccc2)c(Cl)c1,,0
Clc1ccc2c(-n3cc(-c4ccccc4)nn3)ccnc2c1,,0
Clc1ccc2c(c1)C(c1ccccc1)=NCc1nccn1-2,,0
Clc1cccc(Cl)c1COn1nnc2ccccc21,,0
Clc1cccc2cnn(CC3=NCCN3)c12,,0
Clc1nc(Cl)c2sccc2n1,,0
Clc1nc(Nc2ccccc2)nc(Nc2ccccc2)n1,,0
Clc1nc2c(-c3ccccc3)nnn2c2ccccc12,,0
Cn1/c(=N/NC(=O)C2CCCO2)sc2cc(OC(F)(F)F)ccc21,,0
Cn1c(=O)cc(Nc2ccc(N)cc2)[nH]c1=O,,0
Cn1c(C(=O)OCC(=O)NCc2cccs2)cc2sccc21,,0
Cn1c(C2(C)CC2)c/c(=N\C(=O)c2cc(C(F)(F)F)ccc2OCC(C)(C)O)n1C[C@H]1CCCO1,,0
Cn1c(COCc2cn(Cc3ccc(OC(F)(F)F)cc3)nn2)c(/C=C2/C(=O)ON=C2C(F)(F)F)c2cc(F)ccc21,,0
Cn1c(Cc2nn(C)c(=O)c3ccccc23)nnc1SCc1cn(CCCCC(=O)Nc2ccc(Cl)cc2Cl)nn1,,0
Cn1c(Cn2c3ccccc3c3ccccc32)n[nH]c1=S,,0
Cn1c(N2CCOCC2)cc(OCc2ccc(Oc3ccc(Cl)c(C(F)(F)F)c3)c(Cl)c2)nc1=O,,0
Cn1c2ccccc2c2ncn(Cc3ccco3)c(=O)c21,,0
Cn1cc(-c2cc(F)c3nnc(Sc4ccc5ncc6c(c5c4)OCCN6C(=O)C4CC4)n3c2)cn1,,0
Cn1cc(-c2cc(S(C)(=O)=O)ccc2Oc2ccc(F)cc2F)c2cc(COc3ccccc3)[nH]c2c1=O,,0
Cn1cc(-c2ccnc(N3CCn4c(cc5c4CC(C)(C)C5)C3=O)c2CO)cc(NC(=O)C2CCC2)c1=O,,0
Cn1cc(-c2cnc(Nc3cccc(Cn4nc(-c5cccc(S(C)(=O)=O)c5)ccc4=O)c3)nc2)cn1,,0
Cn1cc(/C=C/C(=O)c2ccc(C#N)cc2)c2ccccc21,,0
Cn1cc(C(C[N+](=O)[O-])c2ccccc2)c2ccccc21,,0
Cn1cc(NC(=O)c2cc(NC(=O)Cc3ccc(COCO[C@@]45C#C/C=C\C#C[C@H](O)C(=CCC4)C5=O)cc3)cn2C)cc1C(=O)NCCC(=N)N,,0
Cn1cc(NC(=O)c2cc(NC(=O)c3cc(NC(=O)/C=C/c4ccc(SCCCl)cc4)cn3C)cn2C)cc1C(=O)NCCC(=N)N,,0
Cn1cc(NC(=O)c2cc(NC(=O)c3cc(NC(=O)/C=C/c4ccc([S+]([O-])CCCl)cc4)cn3C)cn2C)cc1C(=O)NCCC(=N)N,,0
Cn1cc2c(nc(NC(=O)Nc3ccc(CC(=O)OCCCOCCOCCOCCCN)cc3)n3nc(-c4ccco4)nc23)n1,,0
Cn1cc2cc(-n3nc4ccc(OCCC(F)(F)F)nc4c(-c4ccc(OC(F)F)cc4)c3=O)ccc2n1,,0
Cn1ccc(S(=O)(=O)NC2(c3ccc(-c4nnc5n4-c4cccnc4Nc4ccccc4-5)cc3)CCC2)n1,,0
Cn1cccc1Cc1nnc(SCC(=O)NC2CCCC2)n1-c1ccc(F)cc1,,0
Cn1cccc1Cc1nnc(SCC(=O)NC2CCCCC2)n1-c1ccc(F)cc1,,0
Cn1cccc1Cc1nnc(SCC(=O)NCC2CCCO2)n1C,,0
Cn1cccc1Cc1nnc(SCC(=O)NCc2ccccc2Cl)n1-c1ccc(F)cc1,,0
Cn1cccc1S(=O)(=O)Cc1ccccc1N=Cc1ccc[nH]1,,0
Cn1cnc(C2=NCC(=O)N3CCc4c(cccc4-c4ccncc4)C3=C2)c1,,0
Cn1cnc(S(=O)(=O)N(CC2CCN(c3ncccn3)CC2)CC(C)(C)N(Cc2cncn2C)c2ccc(C#N)cc2)c1,,0
Cn1cncc1C(OCc1ccc(C#N)cc1/C=C/c1ccccn1)c1ccc(C#N)cc1,,0
Cn1cncc1CC1COC(=O)C1C(O)c1ccccc1,,0
Cn1cnnc1C1CCN(CC2CCOC2)CC1,,0
Cn1nc(-c2ccccc2)c(-c2ccccc2)c(C#N)c1=O,,0
Cn1nc([S+](C)[O-])nc1-c1ccccc1,,0
Cn1ncc2c1[C@H](Cn1ccc(=O)[nH]c1=O)C[C@@H]2CO[Si](c1ccccc1)(c1ccccc1)C(C)(C)C,,0
Cn1ncnc1[C@@H]1c2n[nH]c(=O)c3cc(F)cc(c23)N[C@H]1c1ccc(F)cc1,,0
Cn1nnc(-c2c(F)cc(Cl)cc2-c2cnc3c(c2)CCC3NC(=O)C2(NC(=O)OC(C)(C)C)CC2)n1,,0
FC(Cl)(Cl)C(F)(Cl)Cl,,0
FC(F)(F)Oc1ccc(-c2ccc(OCc3ccccn3)nc2)cc1,,0
FC(F)(F)Oc1ccc(Nc2cc(-c3cn[nH]c3)ncn2)cc1,,0
FC(F)(F)Oc1cccc(-c2nnc(SCc3ccccc3)o2)c1,,0
FC(F)(F)c1c[nH]c(-c2cccnc2)n1,,0
FC(F)(F)c1cc(Oc2ccc(COc3ccn4c(-c5cncnc5)cnc4n3)cc2)ccc1Cl,,0
FC(F)(F)c1ccc(NCn2nc(C34CC5CC(CC(C5)C3)C4)n(-c3ccc(Cl)cc3)c2=S)cc1,,0
FC(F)(F)c1ccccc1OCc1cc(-c2ccncc2)c(COc2ccccc2C(F)(F)F)cc1C1=CCNCC1,,0
FC(F)(F)c1cnc(Cl)nc1Oc1ccccc1,,0
FC(F)(F)c1nnc2n1N=C(c1ccccc1)CS2,,0
FC(F)(Sc1ccccn1)c1nc2ccccc2o1,,0
FC1=C2CCCCCC2SC1(F)F,,0
FCCC1CCN(c2ccn3c(n2)nc2ccccc23)CC1,,0
FCc1nc2nc(Cl)c(Cl)nc2[nH]1,,0
Fc1cc(F)cc(CNCC2CCCC(CNCc3cc(F)cc(F)c3)C2)c1,,0
Fc1ccc(-c2c[nH]c(C3CCN(c4ncnc5[nH]cnc45)CC3)n2)cc1C(F)(F)F,,0
Fc1ccc(-c2cnc3c(-c4cccnc4)ccnn23)cc1,,0
Fc1ccc(-c2csc(=S)[nH]2)cc1,,0
Fc1ccc(-c2nn3ccccc3c2-c2ccncn2)cc1,,0
Fc1ccc(-c2nnc3sc(COc4ccccc4)nn23)cc1,,0
Fc1ccc(-n2c(SCc3c(F)cccc3Cl)nc3c2C(c2ccc4c(c2)OCO4)CCC3)cc1,,0
Fc1ccc(-n2cc(Cn3ccc4nc(-c5ccccc5F)nc-4c3)nn2)cc1,,0
Fc1ccc(-n2cc(Cn3cnc4ccccc43)nn2)cc1,,0
Fc1ccc(/C=C/c2ccccc2F)cc1,,0
Fc1ccc(/C=C/c2nnc(-c3cccs3)o2)cc1,,0
Fc1ccc(C(Cn2c[n+](Cc3ccc(Cl)c(Cl)c3)cn2)OCc2ccc(Cl)c(Cl)c2)c(F)c1,,0
Fc1ccc(C(Cn2ccnc2)O/N=C/c2c(F)cccc2F)c(F)c1,,0
Fc1ccc(C2CCCCn3nc(N[C@@H]4[C@@H]5CC[C@H]4CN(c4cnnc(Cl)c4)C5)nc32)c(F)c1F,,0
Fc1ccc(CC(c2cccnc2)c2cccnc2)c(-c2cn[nH]c2)c1,,0
Fc1ccc(CSc2nnc(-c3ccc4c(c3)OCCO4)o2)c(F)c1,,0
Fc1ccc2[nH]c(-c3ccc(Cn4cc(COCc5cn(Cc6ccc(-c7nc8cc(F)ccc8[nH]7)o6)nn5)nn4)o3)nc2c1,,0
Fc1ccc2[nH]c(N3CCN(c4ncccc4C(F)(F)F)CC3)nc2c1,,0
Fc1ccc2nc(Cl)c(Cn3nnnc3Cc3ccccc3)cc2c1,,0
Fc1cccc(CSc2ncnc3c2ncn3C2CCCCO2)c1,,0
Fc1cccc(Cn2cc(COCc3c(-c4ccccc4)nc4sc5ccccc5n34)nn2)c1,,0
Fc1ccccc1COc1ccc2c(c1)CCc1nccn1-2,,0
Fc1ccccc1CSc1ncnc2c1ncn2C1CCCCO1,,0
Fc1ccccc1CSc1nnc(-c2cccnc2)o1,,0
N#C/C(=C\C1CC1)C(=O)N1CCC[C@@H]1Cn1nc(-c2ccc(Oc3ccccc3)cc2F)c2c(N)ncnc21,,0
N#C/C(=C\c1ccc(F)cc1)c1cccs1,,0
N#C/C(=C\c1ccccn1)c1ccccn1,,0
N#C/C(=C\c1cccs1)C(=O)c1ccccc1Cl,,0
N#CC(=Cc1ccc[nH]1)c1ccc(C#N)cc1,,0
N#CC(C#N)=C(SCc1nnc(-c2ccccc2)o1)SCc1nnc(-c2ccccc2)o1,,0
N#CC(C#N)=Cc1cc2ccccc2nc1N1CCCCC1,,0
N#CC(C#N)=Cc1cn(-c2ccccc2)c2ccccc12,,0
N#CC(Nc1ccccc1)c1cccs1,,0
N#CC(c1ccnc(NCCc2cccnc2)n1)c1nc2ccccc2s1,,0
N#CC1=C(SCc2cccc(N3CCOCC3)c2)SC(c2ccc(O)cc2)NC1=O,,0
N#CCC(=O)N/N=C\c1cc(Br)ccc1OC/C=C/c1ccccc1,,0
N#CCC1(n2cc(C(N)=O)c(Nc3ccc(S(=O)(=O)C(F)F)cc3)n2)CCC(Nc2cccnc2)CC1,,0
N#CCCCCn1c(-c2cncs2)nc2ccccc21,,0
N#CCCN(C(=O)COC(=O)CCc1nc(=O)c2ccccc2[nH]1)c1ccccc1F,,0
N#CCCN(N)c1nc(-c2ccccc2)c(-c2ccccc2)o1,,0
N#CCN(c1nc2ccc(Cl)cc2s1)S(=O)(=O)c1cccc(N)c1,,0
N#CCOc1ccccc1N1CCOc2cc(S(=O)(=O)Nc3nccs3)ccc21,,0
N#CCSc1nnc(Cc2cccc3ccccc23)n1C1CCCCC1,,0
N#CCc1ccc(/C(C#N)=C2/OC(=N)C(c3ccc(CC#N)cc3)C2=O)cc1,,0
N#CCn1cc(CN(C2=CC(=O)c3ccccc3C2=O)c2ccccc2)nn1,,0
N#CS/C(C(Cl)=C(Cl)Cl)=C(/Cl)[N+](=O)[O-],,0
N#C[C@H]1[C@H](c2ccc(C#CC3CCCCC3)cc2)[C@@H](CO)N1C(=O)Nc1ccc(F)cc1,,0
N#Cc1c(-c2ccc(NS(=O)(=O)C3CC3)cc2)n(CC2CC2)c2cc(OC(F)F)ccc12,,0
N#Cc1c(-c2ccc(S(=O)(=O)NC3(C(F)(F)F)CCC3)cn2)n(C2CCC2)c2cc(OC(F)F)ccc12,,0
N#Cc1c(Cn2ccc3c4c(ncc32)C(=O)N(O)CC4)ccc(F)c1Cl,,0
N#Cc1c(N)nc(SCC(N)=O)c(C#N)c1-c1ccc(OCC2CCC2)cc1,,0
N#Cc1c(NC(=O)CCl)c(C(=O)Nc2ccc(Cl)cc2)n2c1CCC2,,0
N#Cc1c(Nc2cccc([N+](=O)[O-])c2)nc(SCc2cn(Cc3ccccc3Cl)nn2)nc1-c1ccccc1,,0
N#Cc1cc(-c2ccnc(Nc3cnn(CC(F)F)c3)n2)ccc1OC1CCOCC1,,0
N#Cc1cc(Cl)cc(Oc2cc(OS(=O)(=O)F)ccc2Cl)c1,,0
N#Cc1ccc(-c2cc(Cl)cn3c([N+](=O)[O-])c(CS(=O)(=O)c4ccccc4)nc23)cc1,,0
N#Cc1ccc(-c2ccc(-c3cccs3)s2)nc1,,0
N#Cc1ccc(-c2ccc(CSc3nnc(-c4ccc5c(c4)OCCO5)o3)cc2)nc1,,0
N#Cc1ccc(-c2ccc(OCC(Cn3c(O)ccc3O)N(O)C=O)cc2)cc1,,0
N#Cc1ccc(-c2cn3ccnnc3n2)cc1,,0
N#Cc1ccc(-c2csc(N3N=C(c4ccc(N5CCCCC5)cc4)CC3c3ccc(Cl)cc3)n2)cc1,,0
N#Cc1ccc(-c2nsc(-c3ccc(C#N)cc3)n2)cc1,,0
N#Cc1ccc(/C=C(\Cl)[N+](=O)[O-])cc1,,0
N#Cc1ccc(/N=N/c2ccccc2)cc1,,0
N#Cc1ccc(C(C(=O)Nc2ccc3c(c2)OCCO3)n2c(=O)c(-c3ccco3)nc3ccccc32)cc1,,0
N#Cc1ccc(Cn2cncc2CNc2ccc(S(=O)(=O)c3ccccc3)cc2)cc1,,0
N#Cc1ccc(N2CCCC(CO)(CCOc3ccccc3)C2)nc1,,0
N#Cc1ccc(N2CC[C@](O)(C(=O)NCc3cc(F)cc(Cl)c3)C2=O)cc1,,0
N#Cc1ccc(Nc2ccnc(Nc3ccc(C#N)cc3)n2)cc1,,0
N#Cc1ccc(Nc2ncnc(OC3C4COCC3CN(C(=O)OC3CCC3)C4)c2F)c(Cl)c1,,0
N#Cc1ccc(OCC(=O)OCC(=O)NCCC2=CCCCC2)cc1,,0
N#Cc1ccc(OCc2nnc(SC3CCCC3)n2-c2cccnc2)cc1,,0
N#Cc1ccc(S(=O)(=O)n2cc(-c3ccnc(N)n3)c3ccccc32)cc1,,0
N#Cc1ccc2c3c(n(CCCn4ccnc4)c(=O)c2c1)-c1ccccc1C3=O,,0
N#Cc1cccc(-c2c[nH]c3ncnc(N4CCCC5(CNC(=O)C5)C4)c23)c1,,0
N#Cc1cccc(-c2cc(C(F)(F)F)ccc2Oc2ccc(S(=O)(=O)Nc3ncns3)cc2C#N)c1,,0
N#Cc1cccc(-c2nnc(SCc3ccccc3C#N)o2)c1,,0
N#Cc1cccc(N2CCC(CO)(CCOc3ccccc3)CC2)n1,,0
N#Cc1cccc(Oc2cc(Cn3ccnc3)ccc2C#N)c1,,0
N#Cc1cccc(S(=O)(=O)NCC(=O)OCC(=O)c2ccc[nH]2)c1,,0
N#Cc1ccccc1COc1cccc2c1cnc1ncnn12,,0
N#Cc1ccccc1CSc1nnc2c3ccccc3n(C(=O)c3ccc(OC(F)(F)F)cc3)c2n1,,0
N#Cc1ccccc1OCc1nnc(-c2ccccc2Br)o1,,0
N#Cc1cccnc1N1CCCC(CO)(CCOc2ccccc2)C1,,0
N#Cc1ccnc(NC2CCCCC2)n1,,0
N#Cc1ccnc(Nc2cc(C3CCOC3)n(C3CCCC3)n2)c1,,0
N#Cc1ncc(F)c(N(CCc2cccc(Br)c2)Cc2ccc3c(c2)OCO3)n1,,0
N=C(N)N=c1[nH]nc(-c2ccccc2N)s1,,0
N=c1ccn2c(n1)O[C@@H]1[C@H](OC(=O)CCCCCN3C(=O)c4ccccc4C3=O)[C@@H](COC(=O)CCCCCN3C(=O)c4ccccc4C3=O)O[C@H]12,,0
N=c1n(Cc2ccc(Cl)cc2)c2ccccc2n1CC(O)c1ccco1,,0
NC(=O)C1CCCCC1NC(=O)C1C(C(=O)Nc2ccc(Br)cc2)[C@@H]2C=C[C@H]1C21CC1,,0
NC(=O)C1CCN(c2ccc(C(F)(F)F)cn2)CC1,,0
NC(=O)CC(NC(=O)Cc1ccc(Br)cc1)c1ccc(NCCc2cccc(F)c2)c([N+](=O)[O-])c1,,0
NC(=O)CC(NC(=O)Cc1cccc2ccccc12)c1ccc(NCc2cc(F)ccc2F)c([N+](=O)[O-])c1,,0
NC(=O)CC(NC(=O)Cc1cccc2ccccc12)c1ccc(NCc2ccc(F)c(F)c2)c([N+](=O)[O-])c1,,0
NC(=O)CC(NC(=O)c1ccc(Br)cc1)c1ccc(NCCc2ccc(F)cc2)c([N+](=O)[O-])c1,,0
NC(=O)COc1ccc2sc(CNc3nncc(-c4c(Cl)cccc4Cl)n3)nc2c1,,0
NC(=O)Cn1nc(-c2ccc(-c3ccc(Br)cc3)s2)oc1=O,,0
NC(=O)c1cc(N2CCOCC2)nc2ccc(F)cc12,,0
NC(=O)c1ccc(C(O)(c2ccc(C(F)(F)F)cc2)c2cccnc2)cc1,,0
NC(=O)c1ccc(NC(=O)COC(=O)CCCN2C(=O)c3cccc4cccc(c34)C2=O)cc1,,0
NC(=O)c1ccc(NCC(=O)Nc2cccc(-c3cccc(-c4nc5cc(C(F)(F)F)ccc5[nH]4)c3)c2)cc1,,0
NC(=O)c1cnc(Nc2ccc(N3CCOCC3)cc2)nc1NCc1ccccc1O,,0
NC(=O)c1cnc(Oc2ccc3c(c2)CCC(c2ccccc2)O3)s1,,0
NC(=O)c1nc(-c2ccncc2)ccc1N,,0
NC(=O)c1nsc(C(=O)N(c2ccccc2)C(C(=O)NCC2CCCO2)c2ccc(F)cc2)c1N,,0
NC(=O)c1sc(-n2cnc3ccccc32)cc1OCc1ccccc1Br,,0
NC(=O)n1cc(NC(=O)N2C[C@H](F)CC2C(=O)Nc2cccc(OC(F)(F)F)c2)c2ccccc21,,0
NC(=S)NC[C@H]1CN(c2ccc(C3CCCCC3=O)c(F)c2)C(=O)O1,,0
NC(=S)NNc1nncc2ccccc12,,0
NC(Cc1c[nH]c2ccccc12)C(=O)NCCCCCNc1c2c(nc3ccccc13)CCCC2,6.5,1
NC1CCN(C(=O)CC(Cc2ccccc2)C(=O)NC(Cc2c[nH]cn2)C(=O)N[C@@H](CC2CCCCC2)[C@@H](O)[C@@H](O)CCc2ccccn2)CC1,,0
NCC(=O)N[C@H]1c2ccsc2C(=NO)[C@H]1O,,0
NCCC(Nc1cccc(-c2cnc3c(N[C@H]4CC[C@H](N)CC4)nccn23)n1)c1ccccc1,,0
NCCCCCCCNc1c2c(nc3ccccc13)CCCC2,6.5,1
NCCCCNCc1ccc(OC2=CC(=O)c3cc4ccccc4cc3C2=O)cc1,,0
NCCc1cn(Cc2ccc(-c3cccc(C(F)(F)F)c3)cc2)c2ccc(OCCc3ccc(O)cc3)cc12,,0
NOCCOCCOCCOCCC(=O)N1CCN(c2nc(N3CCOCC3)nc(-n3c(C(F)F)nc4ccccc43)n2)CC1,,0
NS(=O)(=O)c1ccc(-c2cn(-c3ccc(Cl)c(Cl)c3)nn2)s1,,0
NS(=O)(=O)c1ccc(-c2nnc(SCC(=O)c3ccccc3)o2)cc1,,0
NS(=O)(=O)c1ccc(CCNc2nn3c(-c4cccc(OC(F)(F)F)c4)cnc3s2)cc1,,0
NS(=O)(=O)c1ccc(NC(=S)Nc2nn(Cc3ccc(Cl)cc3Cl)cc2Cl)cc1,,0
NS(=O)(=O)c1cccc(NS(=O)(=O)c2ccc3ccccc3c2)c1,,0
Nc1[nH]nc2[nH]c(-c3ccccc3)nc(=O)c12,,0
Nc1[nH]nc2cccc(-c3cccc(NC(=O)C4(C(=O)Nc5cc(Br)ccc5OC(F)(F)F)CC4)c3)c12,,0
Nc1c2c(nc3ccccc13)C1CCC2C1,7.5,1
Nc1cc(-c2ccccc2)ccc1Cn1cncc1CNc1ccc(Cl)c(-n2ccnc2)c1,,0
Nc1cc(CNC(=O)c2cc(NC(=O)c3cc(-c4ccc(F)cn4)c(Cl)cc3Cl)n(-c3ccccc3)n2)ccn1,,0
Nc1ccc(-c2cn(-c3ccc(-n4nc(C(F)(F)F)cc4C(F)(F)F)cc3)nn2)cc1,,0
Nc1ccc(C(=O)N=C(Cc2ccc3c(c2)OCO3)c2nc3c4c(ccc3[nH]2)C(=O)c2ccccc2C4=O)cc1,,0
Nc1ccc(N=Nc2ccc(N)cc2)cc1,,0
Nc1ccc(Nc2ccc(Nc3nc(N)nc(OCc4cc(Br)cs4)c3[N+](=O)[O-])cc2)cc1,,0
Nc1ccc(Oc2ccc(S(=O)(=O)CC3CS3)cc2)cc1O,,0
Nc1ccc(Oc2cccc(N(Cc3cccc(OC(F)(F)C(F)F)c3)CC(O)C(F)(F)F)c2)cc1,,0
Nc1ccc(SC[C@H]2CO[C@](CCc3ccc(Cl)cc3)(Cn3ccnc3)O2)cc1,,0
Nc1cccc(SC[C@@H]2CO[C@@](CCc3ccc(Cl)cc3)(Cn3ccnc3)O2)c1,,0
Nc1cccc(SC[C@@H]2CO[C@](CCc3ccc(Cl)cc3)(Cn3ccnc3)O2)c1,,0
Nc1ccccc1N=Cc1c(O)c[nH]c1O,,0
Nc1ccccc1NC(=O)/C=C/c1ccc(-c2ccc3ncnc(Nc4ccc(OCc5cccc(F)c5)c(Cl)c4)c3c2)cc1,,0
Nc1ccccc1NC(=O)/C=C/c1ccc(Cc2nnc(Cc3cccc4ccccc34)o2)cc1,,0
Nc1ccccc1SC[C@@H]1CO[C@@](CCc2ccc(Cl)cc2)(Cn2ccnc2)O1,,0
Nc1ccn(C2OC(CO)C(O)C2O)c(=O)n1,,0
Nc1ccn(CC(=O)Nc2cc(CO)cc(Nc3ccnc4cc(Cl)ccc34)c2)n1,,0
Nc1ccn([C@@H]2CS[C@H](CO)O2)c(=O)n1,,0
Nc1ccnc(CN2CCOc3ccc(-c4ccc(OC(F)(F)F)cc4)cc3C2=O)n1,,0
Nc1ccnc(N2CCC(NC(=O)c3ccccn3)(c3ccccc3)CC2)c1,,0
Nc1cnc(-c2ccc(-c3ccccc3S(=O)(=O)N3CCC(O)(c4ccccc4)C3)cc2F)cn1,,0
Nc1cnc(Sc2ccccc2-c2ccc(-c3cnc(N)nc3)c(F)c2)nc1,,0
Nc1nc(N)c(-c2ccccc2)c(CCCCCOc2ccccc2)n1,,0
Nc1nc(NCCc2cccc(O)c2)nc2sc(-c3ccco3)nc12,,0
Nc1nc(OCc2cccc(I)c2)c2[nH]cnc2n1,,0
Nc1ncc(-c2ccc(-c3ccccc3S(=O)(=O)C3CC3)cc2F)cn1,,0
Nc1ncc(-c2ccc(-c3ccccc3Sc3ncncc3N)cc2F)cn1,,0
Nc1ncc(-c2cnn(C3CCNCC3)c2)cc1-c1nc2ccc(Oc3cc(Cl)ccn3)cc2o1,,0
Nc1ncc(Cl)cc1-c1ccc(Oc2ccc(NC(=O)Nc3cc(C(F)(F)F)ccc3-n3ccnn3)cn2)cc1,,0
Nc1nccn2c(C3CCC3)nc(-c3cccc(OCc4ccccc4OC(F)F)c3)c12,,0
Nc1nccn2cnc(-c3cccc(OCc4ccccc4)c3)c12,,0
Nc1ncn(C[C@@H]2CO[C@@H](CO)O2)c(=O)n1,,0
Nc1ncnc2c1nc(SCCCCCNc1ccc([N+](=O)[O-])c(C(F)(F)F)c1)n2[C@H]1C[C@H](O)[C@@H](CO)O1,,0
Nc1ncnc2c1ncn2[C@@H]1O[C@H](COS(=O)(=O)NC(=O)CCCCCCCCCCOc2ccc(C(F)(F)F)cc2)[C@@H](O)[C@H]1O,,0
Nn1c(SCc2cccc3ccccc23)nnc1-c1ccco1,,0
O=C(/C(=C/c1ccccc1)Oc1ccc(/C=N/Nc2ccnc3cc(Cl)ccc23)cc1)c1ccc(Cl)cc1,,0
O=C(/C(=C/c1ccccc1)c1ccccc1)N1CCN(c2ncccn2)CC1,,0
O=C(/C=C/CCc1ccc2c(c1)OCO2)N1CCCCC1,,0
O=C(/C=C/c1ccc(Cl)c(Cl)c1)NCCNCCNC(=O)/C=C/c1ccc(Cl)c(Cl)c1,,0
O=C(/C=C/c1ccc(Cl)cc1Cl)N1CCN(c2ccc([N+](=O)[O-])c(N3CCOCC3)c2)CC1,,0
O=C(/C=C/c1ccc(F)c(F)c1)/C=C/c1ccc(F)c(F)c1,,0
O=C(/C=C/c1ccc(OC2CCCCO2)cc1)/C=C/c1ccc(OC2CCCCO2)cc1,,0
O=C(/C=C/c1ccc2c(c1)OCCO2)c1ccccc1,,0
O=C(/C=C/c1ccccc1)C1C(=O)c2ccccc2C1=O,,0
O=C(/C=C/c1ccccc1)O[C@@H]1[C@H]2OC(=O)C[C@H]2O[C@@H]1[C@H](OC(=O)/C=C/c1ccccc1)c1ccccc1,,0
O=C(/C=C/c1ccccn1)c1ccccc1,,0
O=C(/C=C/c1cccnc1)Nc1ccc(S(=O)(=O)c2cccc(-n3cccn3)c2)cc1,,0
O=C(/C=C/c1ccco1)Nc1ccccn1,,0
O=C(/C=C/c1ccco1)c1occc1O,,0
O=C(/C=C/c1ccnc2ccccc12)c1cccs1,,0
O=C(/C=C\C1[C@@H](CCCC/C=C/c2ccc3c(c2)OCO3)C(C(=O)N2CCCCC2)[C@H]1c1ccc2c(c1)OCO2)N1CCCCC1,,0
O=C(/C=C\c1ccccc1)N(C(=O)CC(=O)n1[nH]c(-c2ccccc2)c(N=Nc2cccc([N+](=O)[O-])c2)c1=O)c1ccc(Cl)cc1,,0
O=C(C(CC(O)=NO)CC1CCCC1)N1CC2(CC2)C[C@H]1c1nc(-c2ccc(C3CC3)cc2)no1,,0
O=C(C(F)F)N1CCc2nc(NCC(F)F)c(N3CCC(Oc4ccc(F)cc4F)CC3)nc2C1,,0
O=C(C1=CCCC1)N1CCC[C@]2(C[C@@H](OCc3ccncc3)CO2)C1,,0
O=C(C1CCCc2[nH]ncc21)N1CCCC1,,0
O=C(C1CCN(c2ccncc2)CC1)N1CC[C@@H](CNS(=O)(=O)/C=C/c2ccc(Cl)s2)C1,,0
O=C(C1CCN(c2nnc(-n3cccc3)s2)CC1)N1CCN(c2cccc(C(F)(F)F)c2)CC1,,0
O=C(C=CC=CCCCC/C=C/c1ccc2c(c1)OCO2)N1CCCC1,,0
O=C(C=Cc1ccc(O)cc1)c1ccc2c(c1O)C(C(=O)c1ccc(O)cc1O)[C@@H](c1ccc(O)cc1)O2,,0
O=C(C=Cc1ccc(O)cc1)c1ccccc1,,0
O=C(C=Cc1ccc(OCc2cccc(F)c2)cc1)CC(=O)/C=C/c1ccc(OCc2cccc(F)c2)cc1,,0
O=C(C=Cc1ccccc1)c1cccs1,,0
O=C(CBr)c1ccc(Br)cc1,,0
O=C(CC(F)(F)C(F)(F)C(F)(F)C(F)(F)C(F)(F)C(F)(F)C(F)(F)C(F)(F)F)Nc1ccc(Cc2nn[nH]n2)cc1,,0
O=C(CC12CC3CC(CC(C3)C1)C2)NC1CCN(C(=O)C(F)(F)F)CC1,,0
O=C(CCC(=O)c1ccccc1)OC(Cn1ccnc1)c1ccccc1,,0
O=C(CCC1CCN(Cc2ccccc2)CC1)c1ccc2c(c1)CCN2,7.49,1
O=C(CCCCCCC(O)=NO)NCc1cc(Oc2ccc(NC(=O)Nc3ccc(Cl)c(C(F)(F)F)c3)cc2)ccn1,,0
O=C(CCCCCCC/C=C/c1ccc2c(c1)OCO2)N1CCCC1,,0
O=C(CCCCCN1C(=O)c2cccc([N+](=O)[O-])c2C1=O)Nc1ccccc1F,,0
O=C(CCCN1C(=O)c2cccc([N+](=O)[O-])c2C1=O)Nc1ccc(-c2ccccc2)cn1,,0
O=C(CCCN1C(=O)c2ccccc2C1=O)Nc1ccccn1,,0
O=C(CCCc1ccccn1)N1CCC(n2cccc2)CC1,,0
O=C(CCc1c[nH]c2ccccc12)NCCCCCCNc1c2c(nc3ccccc13)CCCC2,10.7,1
O=C(CCc1cc(-c2ccc(C(F)(F)F)cc2)n(-c2ccc(Cl)nn2)n1)Oc1ccc(-n2cccc2)cc1,,0
O=C(CCc1ccc(OC/C=C/c2ccccc2)cc1)N=C(CCCCCC(O)=NO)C(=O)Nc1cccc2cccnc12,,0
O=C(CCc1ccc2c(c1)OCCO2)N=C(Cn1ccnc1)C(=O)NCc1ccccc1,,0
O=C(CCc1nccs1)N1CCCC(n2ccnc2)C1,,0
O=C(CCn1c(=O)oc2ccccc21)N1CCN(c2ccc(F)cc2)CC1,,0
O=C(CCn1nnc2ccccc21)N1CCC(O)(c2cccc(F)c2)CC1,,0
O=C(CN(Cc1ccc(F)cc1)C(=O)c1csnn1)NCc1ccc2c(c1)OCO2,,0
O=C(CN(c1cccc(C(F)(F)F)c1)S(=O)(=O)c1ccc(Cl)c([N+](=O)[O-])c1)NCc1ccccc1Cl,,0
O=C(CN(c1cccc([N+](=O)[O-])c1)S(=O)(=O)c1ccccc1)NCc1cccnc1,,0
O=C(CN(c1ccccc1)S(=O)(=O)c1ccccc1[N+](=O)[O-])Nc1cccnc1,,0
O=C(CN1C(=O)S/C(=C\c2ccccc2F)C1=O)Nc1ccccc1O,,0
O=C(CN1c2nc(N3C[C@@H]4C[C@H]3CO4)cc(=O)n2CCC1C(F)(F)F)c1ccc(C(F)(F)F)nc1,,0
O=C(CNc1ccc(Br)cc1)N/N=C/c1ccccc1[N+](=O)[O-],,0
O=C(CO)N1CCCC(c2cc(C(F)(F)F)[nH]n2)C1,,0
O=C(CO/N=C/c1ccc(OC(F)F)c(OC2CCCC2)c1)N1CCOCC1,,0
O=C(COC(=O)/C=C/c1ccc(Br)o1)Nc1cccc(S(=O)(=O)N2CCOCC2)c1,,0
O=C(COC(=O)c1ccccc1-n1cnnn1)c1ccc(Br)cc1,,0
O=C(COC(=O)c1ccccn1)Nc1ccccc1OC(F)F,,0
O=C(COCC1CC1)N1CCCC(n2cccn2)C1,,0
O=C(COCC1CC1)N1CCCC(n2ccnc2)C1,,0
O=C(COCc1cc(-c2ccc3c(c2)OCO3)on1)NCc1ccccc1Cl,,0
O=C(COCc1ccc(C(F)(F)F)cc1)Nc1cc2[nH]cnc(=O)c2cc1Oc1cccc(N2CCOCC2)c1,,0
O=C(COc1ccc(Cl)cc1Cl)OCC(=O)c1ccc[nH]1,,0
O=C(COc1ccc(F)c(Cl)c1)N1CCN(c2ccccn2)CC1,,0
O=C(COc1ccc(F)cc1Cl)N(Cc1nnc(-c2ccccc2Cl)o1)C1CC1,,0
O=C(COc1cccc2ccccc12)N1CCN(c2ccccn2)CC1,,0
O=C(COc1ccccc1)N(Cc1ccc(-c2ccc(CNC3Cc4ccccc4C3)cc2)cc1)C1CCNCC1,,0
O=C(COc1ccccc1Cl)N(Cc1ccco1)Cc1ccco1,,0
O=C(COc1ccccc1F)Nc1nnc(S(=O)(=O)N2CCCCCC2)s1,,0
O=C(CSc1ccc(S(=O)(=O)N2CCOCC2)cn1)Nc1ccc(F)c(F)c1,,0
O=C(CSc1nc(Nc2ccccc2)nc(N2CCOCC2)n1)Nc1cc(Cl)ccc1O,,0
O=C(CSc1nc2ccccc2[nH]1)Nc1ccc(C(=O)/C=C/c2ccccc2[N+](=O)[O-])cc1,,0
O=C(CSc1ncc2c(n1)-c1ccccc1N(Cc1ccc(F)cc1)S2(=O)=O)c1ccc(Br)cc1,,0
O=C(CSc1nnc(-c2ccccc2F)o1)Nc1ccc(N2CCOCC2)cc1,,0
O=C(CSc1nnc(-c2cccs2)n1-c1ccccc1)NCc1ccco1,,0
O=C(CSc1nnc(-c2cccs2)n1CC1CCCO1)c1cc2ccccc2o1,,0
O=C(CSc1nnc(-c2cccs2)o1)OC1CCCCC1,,0
O=C(CSc1nnc2ccccn12)c1ccccc1,,0
O=C(CSc1nncn1-c1ccccc1)NCc1cccs1,,0
O=C(CSc1nnnn1Cc1ccccc1)Nc1ccc2c(c1)OCO2,,0
O=C(C[n+]1ccn(CC(OCc2ccc(Cl)cc2Cl)c2ccc(Cl)cc2Cl)c1)c1ccc(F)cc1,,0
O=C(C[n+]1cn(C(c2ccccc2)c2cc3ccccc3oc2=O)c2ccccc21)c1ccc(-c2ccccc2)cc1,,0
O=C(Cc1cc(Br)cc(Br)c1OC(=O)CCCN=C=S)Nc1ccccc1[N+](=O)[O-],,0
O=C(Cc1ccc(OCC[C@@H]2C[C@@H]2C2CCN(c3ncc(Cl)cn3)CC2)cc1F)N1CCC1,,0
O=C(Cc1cccc(F)c1)N1CCC(c2nc(-c3cccs3)no2)CC1,,0
O=C(Cc1ccccc1F)N1CCC[C@@H]1Cn1c(=O)oc2ccccc21,,0
O=C(Cc1csc(-c2ccsc2)n1)N1CCN(c2cnccn2)CC1,,0
O=C(Cn1c(O)c2c(c1O)C1C=CC2C1)NCCC1=CCCCC1,,0
O=C(Cn1c(O)c2c(c1O)CC=CC2)NCC(=O)Nc1ccc(F)c(F)c1,,0
O=C(Cn1cc(C(=O)COc2ccccc2)c2ccccc21)NCc1ccco1,,0
O=C(Cn1cc(CSc2nnc(-c3ccccc3)c(-c3ccccc3)n2)nn1)Nc1ccccc1,,0
O=C(Cn1nc2c(SCc3ccccc3)nccn2c1=O)NCc1ccccc1,,0
O=C(N/N=C/c1cccs1)c1ccc2[nH]cnc2c1,,0
O=C(N1CCC(n2nc(-c3ccccc3)oc2=O)CC1)C1(c2ccccc2)CC1,,0
O=C(NC1(CO)CCC1)c1nn(-c2ccc(F)cc2F)c2c1C[C@H]1C[C@@H]21,,0
O=C(NC1CC(c2ccccc2)CCN(CC2CC2)C1=O)N1CCC(n2[nH]c(-c3ccccc3)nc2=O)CC1,,0
O=C(NC1CC1)c1ccn(COc2c(Cl)cccc2Cl)n1,,0
O=C(NC1CCCC1)C(c1ccccn1)N(C(=O)c1csnn1)c1ccccc1F,,0
O=C(NC1CCCCC1)C(c1ccccn1)N(C(=O)c1csnn1)c1ccccc1,,0
O=C(NC=NO)C(c1ccccc1)c1ncc(C(F)(F)F)cc1Cl,,0
O=C(NCC(F)(F)F)Nc1ncccn1,,0
O=C(NCC1COc2ccccc2O1)C(Cc1ccccc1)NS(=O)(=O)c1ccc2nsnc2c1,,0
O=C(NCCCC(=O)C(F)(F)F)c1nc(-c2nccs2)sc1C1CC1,,0
O=C(NCCCCCNc1c2c(nc3cc(Br)ccc13)CCCC2)Oc1ccc2cc[nH]c2c1,6.5,1
O=C(NCCCCc1ccc(-c2ccc(-c3cccs3)s2)s1)c1cc(F)cc(C(F)(F)F)c1,,0
O=C(NCCCO)C(Cc1cn(-c2ccccc2)nc1-c1cccnc1)=NC(=O)c1ccccc1,,0
O=C(NCCCn1ccnc1)c1cn(-c2ccccc2)nc1-c1ccc(F)cc1,,0
O=C(NCCNc1nonc1C(=NO)Nc1ccc(F)c(Br)c1)c1ccc(-c2cn(CCCCCCC(O)=NO)nn2)cc1,,0
O=C(NCCO)c1ccccc1Nc1ccc2c(C=Cc3ccccn3)[nH]nc2c1,,0
O=C(NCCc1ccc(Cl)cc1)c1cc(NCc2cc(O)ccc2O)ccc1O,,0
O=C(NCCc1nnc2ccc(SCC(=O)N3CCCC3)nn12)c1ccc(F)cc1,,0
O=C(NCCc1nncn1C1CC1)C1SCCc2sccc21,,0
O=C(NCc1ccccc1)c1ccc(S(=O)(=O)NC[C@@H](O)CC(Cc2ccccc2)C(=O)N[C@H]2c3ccccc3C[C@H]2O)cc1,,0
O=C(NCc1ccco1)Nc1ccc(OC(F)(F)F)cc1,,0
O=C(NCc1ccncc1)c1ncc2ccc(=O)n(Cc3ccccc3)c2c1O,,0
O=C(NCc1ccno1)c1cc(NC(=O)c2cc(-c3ccc(F)cn3)c(Cl)cc2Cl)n(-c2ccccc2)n1,,0
O=C(NCc1cocn1)c1cc(NC(=O)c2cc(-c3ccccn3)c(Cl)cc2Cl)n(-c2ccccc2)n1,,0
O=C(NN=CC(Br)=Cc1ccccc1)c1cc(-c2ccco2)[nH]n1,,0
O=C(NNc1ccccc1)C(Cc1cccnc1)=NC(=O)c1ccccc1,,0
O=C(NS(=O)(=O)C1CC1)c1cc(C2CC2)c(OC2CCC(F)(F)CC2)cc1F,,0
O=C(Nc1ccc(C(F)(F)F)c(Cl)c1)N1CCN(c2ncc(-c3nnc(CO)o3)cc2Cl)CC1,,0
O=C(Nc1ccc(C(F)(F)F)cc1)NC1CCN(C(=O)C2CCOC2)CC1,,0
O=C(Nc1ccc(C(F)(F)F)cn1)N1CCC(F)(c2ncc(-c3nc(CO)no3)cc2Cl)CC1,,0
O=C(Nc1ccc(Cl)cc1)N[C@H]1CC[C@H](CCn2cc(-c3ccccc3F)nn2)O[C@@H]1CO,,0
O=C(Nc1ccc(F)cn1)C(COCCO)Oc1ncnc2c1cnn2-c1c(Cl)cccc1Cl,,0
O=C(Nc1ccc2c(c1)OCO2)C1CC(c2c(F)cccc2Cl)=NO1,,0
O=C(Nc1cccc(-c2[nH]c(C3CC3)nc2-c2ccnc(NCCN3CCNC3=O)n2)c1)Nc1ccc(Cl)c(C(F)(F)F)c1,,0
O=C(Nc1cccc(Br)n1)c1nc(Br)cs1,,0
O=C(Nc1cccc(C(F)(F)F)c1)C1CSc2c(C3CC3)c(Cc3cccc4ccccc34)cc(=O)n21,,0
O=C(Nc1cccc(F)c1)C(Cc1ccco1)=NC(=O)c1cccs1,,0
O=C(Nc1ccccc1C(F)(F)F)NS(=O)(=O)/C=C/c1nccs1,,0
O=C(Nc1cncc(OCC2CCN(Cc3ccc(F)cc3)CC2)c1)c1ccnc(NC(=O)C2CC2)c1,9.0,1
O=C(Nc1n[nH]c(=S)s1)c1ccco1,,0
O=C(Nc1nccs1)C(CC1CCOCC1)c1ccc(S(=O)(=O)C2CC2)cc1,,0
O=C(Nc1nccs1)c1ccc(F)c2c(C(=O)C(=O)N3CCN(C(=O)c4ccccc4)CC3)c[nH]c12,,0
O=C(Nc1nnc(CCSCCc2nnc(NC(=O)C3CCCN3C(=O)C(F)(F)F)s2)s1)C1CCCN1C(=O)C(F)(F)F,,0
O=C(Nc1nnc(CCSCCc2nnc(NC(=O)C3COc4ccccc4O3)s2)s1)C1COc2ccccc2O1,,0
O=C(O)/C=C/C(=O)c1ccc(O)cc1,,0
O=C(O)/C=C/C(=O)n1ccc2ccccc21,,0
O=C(O)/C=C/C=C/c1ccc2c(c1)OCO2,,0
O=C(O)/C=C/CC/C=C\Cn1ccnc1,,0
O=C(O)/C=C/c1cnc2ccccc2n1,,0
O=C(O)/C=C/c1cnn(-c2ccccc2)n1,,0
O=C(O)/C=N/OC1CCC(c2ccc(OCc3ccc4ccccc4n3)cc2)(c2ccc(OCc3ccc4ccccc4n3)cc2)CC1,,0
O=C(O)C1C[C@@H](Sc2nn[nH]n2)CCN1,,0
O=C(O)CCCC[C@@H]1CCSS1,9.0,1
O=C(O)CCCCc1nc2cc(-c3cc(-c4nc5ccccc5o4)on3)ccc2c(=O)n1-c1ccc(F)cc1,,0
O=C(O)CCc1nn2c(nc1=O)[nH]c1ccccc12,,0
O=C(O)COc1cccc2c1CCC[C@@H]2N1CCC[C@@H]1c1nc(-c2ccccc2)c(-c2ccccc2)o1,,0
O=C(O)Cc1cc(=O)oc2cc(O)ccc12,,0
O=C(O)c1ccc(C#Cc2ccccc2)cc1,,0
O=C(O)c1cncc(-c2ccc(N3CCC(Oc4ccccc4I)CC3)nn2)c1,,0
O=C(O)c1sc(-c2ccncc2)nc1O,,0
O=C(O/N=C/c1cc(F)ccc1F)N1CCOCC1,,0
O=C(OCC(=O)C12CC3CC(CC(C3)C1)C2)c1ccc(CO)cc1,,0
O=C(OCC1COC(c2ccccc2)(c2ccccc2)O1)c1ccccc1,,0
O=C(OCCC(F)(F)F)c1cc(COc2cc(C(F)(F)F)nc3c(C(F)(F)F)cccc23)on1,,0
O=C(OCCCCSc1nnc(-c2cccc3ccccc23)o1)c1ccc(F)cc1,,0
O=C(OCCN1C(=O)c2ccccc2C1=O)c1ccc(Br)cc1,,0
O=C(OCc1cc(=O)n2nc(-c3cccs3)sc2n1)c1ccccc1,,0
O=C(OCc1cnc(Cl)s1)c1ccccc1Cl,,0
O=C(OCc1nnc(-c2ccccc2)o1)C1=COCCO1,,0
O=C(Oc1c(F)c(F)c(F)c(F)c1F)c1cnccn1,,0
O=C(Oc1ccc(Cc2[nH]c(=S)[nH]c2O)cc1)c1ccc(Cl)cc1,,0
O=C(Oc1cncc(Cl)c1)c1c[nH]cn1,,0
O=C(Sc1nnnn1C1CCCCC1)c1cccs1,,0
O=C(c1cc(-c2cccs2)cs1)N1CCOCC1,,0
O=C(c1cc(COc2ccc(F)cc2Cl)on1)N1CCSCC1,,0
O=C(c1cc(COc2ccc(F)cc2F)on1)N1CCSCC1,,0
O=C(c1cc(COc2cccc(C(F)(F)F)c2)on1)N1C[C@@H]2CCC[C@H]1C2,,0
O=C(c1cc(F)c(F)cc1Cl)N1CCN(c2ccc([N+](=O)[O-])c3ncccc23)CC1,,0
O=C(c1ccc(Cl)c(C(F)(F)F)c1)N1CCC(n2ccc3cc(OS(=O)(=O)c4cccc5cnccc45)ccc32)CC1,,0
O=C(c1ccc(F)cc1)N1CCN(c2nn3cnnc3c3ccccc23)CC1,,0
O=C(c1ccc(O)cc1)c1cc2cc(O)ccc2oc1=O,,0
O=C(c1ccc(S(=O)(=O)NCCc2ccccn2)cc1)N1CCCC1,,0
O=C(c1ccc2cc(Oc3ccc(C(F)(F)F)cn3)ccc2n1)N1CC(OCC(F)F)C1,,0
O=C(c1ccc2cc(Oc3ccc(C(F)(F)F)cn3)ccc2n1)N1CCC(F)(COc2ccncc2)C1,,0
O=C(c1ccc2ccoc2c1)N1CCC(n2c(=O)[nH]c3ccccc32)CC1,,0
O=C(c1ccccc1Cl)C(O)(Cn1cncn1)c1ccccc1,,0
O=C(c1ccno1)N1CCN2C(=O)c3ccncc3C12c1ccc(Cl)cc1,,0
O=C(c1cncn1Cc1ccccc1Cl)N1CCN(C2CC2)c2ccccc21,,0
O=C(c1cncs1)N1CCC(c2cnccn2)CC1,,0
O=C(c1cnn2c(C(F)(F)F)cc(-c3cccs3)nc12)N1CCOCC1,,0
O=C(c1cnsn1)N1CCCSc2ccc(F)cc21,,0
O=C(c1nc2c(s1)CCCN2CC1CC1)N1CCCC1,,0
O=C1/C(=C/c2ccc([N+](=O)[O-])cc2)SC(=S)N1CCCCNc1ccnc2cc(Cl)ccc12,,0
O=C1/C(=C/c2cccnc2)COC/C1=C\c1cccnc1,,0
O=C1C(=Nc2ccccc2Br)C(Cl)C(=O)c2ncncc21,,0
O=C1C(CCC(O)=NO)=CCN1CCCCc1ccc(Cl)cc1,,0
O=C1C(CO)N=C(c2ccccc2)c2ccccc2N1CCCCC(O)=NO,,0
O=C1C(O)C[C@@H](c2c(F)cccc2OCCF)N1Cc1ccc(OC(F)(F)F)cc1,,0
O=C1C([N-]S(=O)(=O)c2cccs2)=C([n+]2ccc(CCCc3ccccc3)cc2)C(=O)c2ccccc21,,0
O=C1C=C(c2ccccc2Cl)c2ccccc2C1=O,,0
O=C1C=C[C@]2(C[C@H](OC(=O)/C=C/c3ccccc3)[C@H](c3ccccc3)O2)O1,,0
O=C1CC(c2nn[nH]n2)Oc2c(COc3ccc(OCc4ccc5ccccc5n4)cc3)cccc21,,0
O=C1CCCCC(=O)Nc2ccccc2N1,,0
O=C1CCCCCN1Cc1nnc(SCc2nc3ccccc3s2)n1-c1ccccn1,,0
O=C1CCCCCN1SSN1CCCCCC1=O,,0
O=C1CCCCN1c1ccc(CO[C@@H]2COc3nc([N+](=O)[O-])cn3C2)cc1,,0
O=C1CCCN1CCc1noc(-c2ccsc2)n1,,0
O=C1CC[C@@H]2[C@@H](c3ccccc3)Sc3ccccc3N12,,0
O=C1CCc2cc(S(=O)(=O)Nc3cccc(-c4ccccc4)c3)ccc2N1,,0
O=C1CS[C@H](c2ccc(Cl)c(Cl)c2)N1CCN1C(=O)CS[C@H]1c1ccc(Cl)c(Cl)c1,,0
O=C1CSc2ccccc2N1Cc1cn(Cc2ccccc2Cl)nn1,,0
O=C1NC(=O)/C(=C/c2ccc(OCCC3CCCC3)cc2Cl)S1,,0
O=C1NC(=O)C(CCc2ccncc2)(CCc2ccncc2)C(=O)N1Cc1ccccc1,,0
O=C1NC(=O)C2(CCCN2c2ccc(Oc3ccc(-c4nc(-c5ccccc5F)co4)cc3)nc2)C(=O)N1,,0
O=C1NC(c2ccncc2)C(C(=O)c2cccs2)C(O)(C(F)(F)F)N1,,0
O=C1NN(C(=O)Nc2ccc(Br)cc2)[C@H](c2ccccc2)C1c1ccccc1,,0
O=C1N[C@@H](COC(=O)c2cccc3cnccc23)CN(Cc2ccccc2)c2cn(CCc3ccccc3)nc21,,0
O=C1N[C@@H](Cc2ccccc2)COC(=O)C(Cc2ccc(F)cc2)CC/C=C/CC1CC(=O)N(CCO)Cc1ccccc1,,0
O=C1Nc2ccccc2N=CC1NC(=O)C(c1ccccc1)c1ccccc1,,0
O=C1O/C(=C\Cn2cc(-c3cc(C(F)(F)F)cc(C(F)(F)F)c3)nn2)C(OCc2ccccc2)=C1OCc1ccccc1,,0
O=C1OC(c2cc3ccccc3n2S(=O)(=O)c2ccccc2)(c2cc3ccccc3n2S(=O)(=O)c2ccccc2)c2ccccc21,,0
O=C1OCN(c2cccc(C(F)(F)F)c2)c2ccccc21,,0
O=C1OC[C@H](c2ccccc2)N1c1ccnc(NC2CCCC2)n1,,0
O=C1O[C@@H](CNS(=O)(=O)c2ccc(Oc3ccccc3)cc2)CN1c1ccc(N2CCSCC2)c(F)c1,,0
O=C1O[C@H](OCC2CO2)[C@@H]2C1[C@H]1CC[C@@H]2O1,,0
O=C1S/C(=C\c2ccccc2)C(=O)N1Cc1cn(CCNc2cc(/C=C/c3ccncc3)nc3ccc(Cl)cc23)nn1,,0
O=C1S/C(=C\c2cn(-c3ccccc3)nc2-c2ccc(Br)cc2)C(=O)N1c1ccccc1,,0
O=C1c2cc(-c3ccc(OC(F)(F)F)cc3)ccc2OCCN1Cc1nccn1Cc1ccccc1,,0
O=C1c2cc(C#Cc3ccc(OC(F)(F)F)cc3)ccc2OCCN1Cc1ncccn1,,0
O=C1c2ccc(OCc3cccc(F)c3)nc2CCN1Cc1ccccc1,,0
O=C1c2cccc3cc4ccccc4c(c23)C(=O)N1N1CC1,,0
O=C1c2ccccc2-c2c1c1ccccc1c(=O)n2CCCn1ccnc1,,0
O=C1c2ccccc2-c2nnc(-c3ccc(F)c(F)c3)cc21,,0
O=C1c2ccccc2C(=O)C2(c3cccc([N+](=O)[O-])c3)OC12,,0
O=C1c2ccccc2C(=O)N1CCCCC(C(O)=NO)c1ccccc1,,0
O=C1c2ccccc2C(=O)c2c1cccc2N1CCOCC1,,0
O=C1c2ccccc2C(=O)c2c1nnn2-c1ccc(-c2cccc(O)c2)cc1,,0
O=C1c2ccccc2C(=O)c2sc(-c3cscn3)nc21,,0
O=C1c2ccsc2C(=O)c2c(-c3cccs3)noc21,,0
O=C1c2nc3ccccc3n2CCN1CCCCOc1ccc(F)cc1F,,0
O=C1c2nnc(-c3cnccn3)n2CCN1Cc1cccc(Cl)c1Cl,,0
O=C=NCCCCCCN1C(=O)N2C(c3ccccc3)N(CCCCCCN=C=O)C(=O)N2C1c1ccccc1,,0
O=CN(O)C(CSc1cccs1)CS(=O)(=O)c1ccc(Oc2ccc(OC(F)(F)F)cc2)cc1,,0
O=CNc1cn([C@@H]2O[C@H](CO)[C@@H](O)[C@H]2O)cn1,,0
O=Cc1c(O)cc(O)c2c1O[C@H](c1ccccc1)CC2=O,,0
O=Cc1ccc(-c2ccc(Cn3ccnc3)cn2)s1,,0
O=Cc1ccc(-c2ccc(OCc3nnc(SC4CCCC4)n3-c3cccnc3)cc2)cc1,,0
O=Cc1cn(-c2nc(-c3cc4cc(Br)ccc4oc3=O)cs2)nc1-c1ccc(Cl)cc1,,0
O=Cc1cnc(N2CCOCC2)nc1,,0
O=P(CCCCCCCCCP(=O)(c1ccccc1)c1ccccc1)(c1ccccc1)c1ccccc1,,0
O=P(CCP(=O)(c1ccccc1)c1ccccc1)(c1ccccc1)c1ccccc1,,0
O=P(O)(O)C(F)(F)c1ccc(COCCOCc2ccc(C(F)(F)P(=O)(O)O)cc2)cc1,,0
O=P(O)(O)C(F)(F)c1cccc2c(C(F)(F)P(=O)(O)O)cccc12,,0
O=P(Oc1ccccc1)(Oc1ccccc1)[C@@]1(O)CCC[C@@H]1Cl,,0
O=P1(O)OCCCNCCN1CCCl,,0
O=P12OCCCN1CCN2CCCl,,0
O=S(=O)(/C=C/S(=O)(=O)c1ccccc1)Cc1nnc(CS(=O)(=O)Nc2ccccc2)s1,,0
O=S(=O)(C(C=Nc1ccccc1)=[N+]([O-])O)c1ccccc1,,0
O=S(=O)(C1CC1)N(Cc1ccco1)CC(O)Cn1c2ccccc2c2ccccc21,,0
O=S(=O)(Cc1cc(Cl)cc(Cl)c1)Nc1ncc(Cl)cc1O,,0
O=S(=O)(Cc1nnnn1-c1ccc(Br)cc1)c1ccccc1,,0
O=S(=O)(NCCSc1nc2ccccc2o1)c1ccccc1,,0
O=S(=O)(NCCSc1nnc(-c2ccco2)n1-c1ccccc1)c1ccccc1,,0
O=S(=O)(NCCc1nnc2ccc(SCc3cccnc3)nn12)c1ccccc1,,0
O=S(=O)(Nc1ccc(F)c(Nc2ncccc2-c2ncnc3[nH]cnc23)c1F)c1ccccc1Cl,,0
O=S(=O)(Nc1ccccc1)N1CCC(c2ccccc2)(c2nccn2Cc2ccccc2)CC1,,0
O=S(=O)(Nc1ncns1)c1ccc2c(-c3ccncc3)cccc2c1,,0
O=S(=O)(Nc1ncns1)c1ccc2c(c1)OCC(c1ccccc1)N2c1ccc(C(F)(F)F)cc1,,0
O=S(=O)(Nc1nncs1)c1cc(Cl)c(Oc2ccc(C(F)(F)F)cc2-c2ccnnc2)cc1F,,0
O=S(=O)(OCCCl)C(F)(F)F,,0
O=S(=O)([N-]c1nc2ccccc2nc1-[n+]1ccc(-c2ccncc2)cc1)c1ccccc1,,0
O=S(=O)(c1ccc(-c2nn[nH]n2)cc1)N(CCCC(F)(F)F)c1sc2ccccc2c1Br,,0
O=S(=O)(c1ccc(C(F)(F)F)cc1)c1nnn2c1nc(NCc1cccs1)c1sccc12,,0
O=S(=O)(c1ccc(Oc2ncnc3scc(-c4ccccc4)c23)cc1)N1CCOCC1,,0
O=S(=O)(c1cccc(-c2ccccc2)n1)N1CCCC(c2c[nH]cn2)C1,,0
O=S(=O)(c1cccc(/C=C/C(O)=NO)c1)c1ccc2cccc(Cl)c2n1,,0
O=S(=O)(c1ccccc1)c1nc(-c2cccs2)oc1N1CCCCC1,,0
O=S(=O)(c1ccccc1)n1cc(-c2cnn3cc(-c4ccc(N5CCOCC5)cc4)cnc23)c2ccccc21,,0
O=S1(=O)CCC(n2nc(COc3ccccc3)nc2-c2cnccn2)C1,,0
O=S1(=O)N[C@H](Cc2ccccc2)COc2cc(N3CCC[C@H]3CO)ccc21,,0
O=[N+]([O-])/C=C/c1ccc(Br)o1,,0
O=[N+]([O-])/N=C1\N(CCCCCCCCCCCCN2CCN(Cc3ccc(Cl)nc3)/C2=N/[N+](=O)[O-])CCN1Cc1ccc(Cl)nc1,,0
O=[N+]([O-])C(=C/C1CCCCC1)/C(=C\C1CCCCC1)[N+](=O)[O-],,0
O=[N+]([O-])OCCNCCCNc1c2c(nc3ccccc13)CCCC2,8.0,1
O=[N+]([O-])c1c(NCCCO)cc(Nc2ccc(F)cc2)c2nonc12,,0
O=[N+]([O-])c1cc(C(F)(F)F)cc([N+](=O)[O-])c1Oc1c(Cl)cc(Cl)cc1/C=N\OCc1ccccc1F,,0
O=[N+]([O-])c1cc(C(F)(F)F)cc([N+](=O)[O-])c1Oc1ccc(Br)cc1/C=N\OCc1ccc(Cl)cc1Cl,,0
O=[N+]([O-])c1ccc(Cn2cc(CO/N=C/c3c(-c4ccccc4)nc4ccc(Br)cn34)nn2)cc1,,0
O=[N+]([O-])c1cn(-c2c(F)cccc2F)cn1,,0
O=[N+]([O-])c1cn(-c2ccc(F)c(F)c2)cn1,,0
O=[N+]([O-])c1cn(CC(OCc2cc(F)cc(F)c2)c2ccc(Cl)cc2Cl)cn1,,0
O=[N+]([O-])c1cn(CC(OCc2ccc(Cl)cc2)c2ccc(Cl)cc2Cl)c(Br)n1,,0
O=[N+]([O-])c1cn(CC(OCc2ccc(Cl)cc2)c2ccc(F)cc2F)c(Br)n1,,0
O=[N+]([O-])c1cnc(/C=C/c2ccc(Br)cc2)n1CCn1cc(CO)nn1,,0
O=[N+]([O-])c1cnc(/C=C/c2ccccc2)n1CCn1cc(CO)nn1,,0
O=[N+]([O-])c1nccn1CO[C@@H](CO)[C@H](O)CO,,0
O=[N+]([O-])c1nccn1[C@@H]1O[C@H](CO)[C@@H](O)[C@@H]1O,,0
O=[N+]([O-])c1ncn(CCCNS(=O)(=O)c2ccc(Cl)s2)n1,,0
O=c1[nH]c(-c2cc(-c3ccsn3)n(Cc3ccccc3F)n2)ncc1F,,0
O=c1[nH]c(COCCc2ccccc2F)nc2ncccc12,,0
O=c1[nH]c(CSc2nnc(-c3ccncc3)n2Cc2ccco2)nc2ccccc12,,0
O=c1[nH]c(N/N=C/c2ccccc2Br)nnc1-c1ccccc1,,0
O=c1[nH]c(N2CCC(Oc3ccccc3C(F)(F)F)CC2)nc2[nH]cnc12,,0
O=c1[nH]c(O)c(C=c2cnn3c(=NC4CC4)nc(N4CCN(c5ncccc5C(F)(F)F)CC4)nc23)[nH]1,,0
O=c1[nH]c2c(s1)C=Nc1ccccc1N2,,0
O=c1[nH]c2cn(-c3cccc(F)c3)c(=O)n2[nH]1,,0
O=c1[nH]c2cnccc2n1-c1ccccc1,,0
O=c1[nH]c2sc(Cc3ccccc3)cc2c(=O)n1O,,0
O=c1[nH]cnc2c1ncn2COC(COCc1ccccc1)COCc1ccccc1,,0
O=c1c(-c2cc(F)cc(F)c2)nc2cnc(Oc3ccccc3)nc2n1C1CC1,,0
O=c1c(-c2ccc(Cl)cc2)[n+]([O-])c2ccccc2n1OCc1ccccn1,,0
O=c1c(-n2cccn2)nc(Cl)c(-c2c(F)cc(F)cc2F)n1CC(F)(F)C(F)(F)C(F)(F)F,,0
O=c1c(-n2cnnc2)coc2ccccc12,,0
O=c1c(C=Nc2cccc(O)c2)c2ccccc2c(O)n1Cc1ccccc1,,0
O=c1c(F)cn([C@H]2CCCO2)c(=O)n1CCO,,0
O=c1c2c([nH]c3ccccc13)C(c1cc(CO)cs1)N(c1ncccn1)C2,,0
O=c1c2c(n3c(c1-c1ccccc1)SCC3)CCC2,,0
O=c1c2cc(Br)cc(Br)c2nc(-c2ccccc2)n1/N=C/C=C/c1ccccc1,,0
O=c1c2cc3c(cc2ncn1Cc1ccc(Br)cc1)OCCO3,,0
O=c1c2ccc(C(F)(F)F)nc2nc(-c2ccccc2)n1Cc1cc(-c2cccc3ccccc23)no1,,0
O=c1c2ccccc2sn1/N=C/C=C/c1ccccc1,,0
O=c1c2cn(Cc3ccccc3)c3ccccc3c-2nn1Cc1ccncc1,,0
O=c1c2cnn(-c3ccccc3)c2n2c(-c3ccc(Cl)cc3)nnc2n1-c1ccccc1,,0
O=c1c2oc3ccccc3c2n(Cc2ccccc2)c(=O)n1Cc1ccco1,,0
O=c1cc(-c2ccc3ccccc3c2)oc(N2CCOCC2)c1,,0
O=c1cc(-c2ccccc2)[nH]c2ncnn12,,0
O=c1cc(-c2ccccc2)oc(O)c1C=Cc1nnc(Br)o1,,0
O=c1cc(Cn2cc(CCCCl)nn2)c2ccc(O)cc2o1,,0
O=c1ccc2cc3ccoc3c(OCc3cn(Cc4c(Cl)cccc4Cl)nn3)c2o1,,0
O=c1ccn(-c2cccc(OC(F)(F)F)c2)nc1-c1ccnn1-c1ccccc1,,0
O=c1ccn(CCCOC(c2ccccc2)(c2ccccc2)c2ccccc2)c(=O)[nH]1,,0
O=c1cnn(Cc2cn(C[C@H](OCc3ccccc3)[C@@H](O)P(=O)(OCc3ccccc3)OCc3ccccc3)nn2)c(=O)[nH]1,,0
O=c1cnn([C@@H]2O[C@H](CO)[C@@H](O)[C@H]2O)c(=O)[nH]1,,0
O=c1n(C/C=C/c2ccccc2)c2cccnc2n1-c1ccc2c(c1)OCO2,,0
O=c1n(Cc2nc(-c3c(Cl)cccc3Cl)no2)nc2ccc(-c3ccc(OC(F)(F)F)cc3)cn12,,0
O=c1n(Cc2nc(-c3cccnc3)cn2CCCCO)c2cnccc2n1C1CC1,,0
O=c1nc(Nc2ccc(OC(F)F)cc2)n(Cc2ccc(Cl)cc2)c(=O)n1CCO,,0
O=c1nc(OCC2CCCO2)cc2n1CCc1cc(OCC3CC3)ccc1-2,,0
O=c1nc(OC[C@H]2COCCO2)cc2n1CCc1cc(CCC3CC3)ccc1-2,,0
O=c1nc2oc(CCCCl)cc2cn1Cc1cn(Cc2ccccc2)nn1,,0
OC(CF)CN1c2cccc(-c3cccc(OC(F)(F)F)c3)c2CCC1c1cccc(OC(F)(F)F)c1,,0
OC(CN(Cc1cccc(C2CCCC2)c1)c1cccc(Oc2ccccc2)c1)C(F)(F)F,,0
OC(CN(Cc1cccc(OC(F)(F)C(F)F)c1)c1cccc(Oc2cccc(F)c2)c1)C(F)(F)F,,0
OC(Cn1ccnc1)(Cn1cncn1)c1ccc(Oc2ccc(Cl)cc2)cc1Cl,,0
OC1CCC(Nc2nc(NCc3ccc(-c4ccco4)nc3)c3ncn(C4CCCC4)c3n2)CC1,,0
OC1CCCN(c2c3c(nc4cc(-c5cccc(F)c5)nn24)CCCC3)C1,,0
OCC(CO)OCn1c(Cl)nc2c(Cl)c(Cl)ccc21,,0
OCC(O)COc1c(Cl)ccc(Cl)c1Cl,,0
OCC(OC[C@]1(c2ccccc2)CC[C@@H](N2CCC(c3ccc(F)cc3)CC2)CC1)c1cc(C(F)(F)F)cc(C(F)(F)F)c1,,0
OCCN(CCO)c1nc2ccccc2[nH]1,,0
OCCNc1nc(NCCc2ccc(Nc3nc(NCCO)nc(Nc4ccccc4F)n3)cc2)nc(Nc2ccccc2F)n1,,0
OCc1ccc(-c2nc(-c3ccc4c(c3)OCO4)c(-c3ccccn3)[nH]2)cc1,,0
ON=C(O)CCCCCCc1cnc(-c2ccc(Br)cc2)o1,,0
O[C@H](CN1CC(Cc2cccc(OC(F)(F)F)c2)(c2cccc(OC(F)(F)C(F)F)c2)c2ccccc21)C(F)(F)F,,0
O[C@H](CN1c2ccccc2N(Cc2cccc(OC(F)(F)F)c2)C[C@H]1c1cccc(OC(F)(F)C(F)F)c1)C(F)(F)F,,0
O[C@H](COCCOC[C@@H](O)Cc1cn(Cc2ccc(Oc3ccccc3)cc2)nn1)Cc1ccc(-c2ccccc2)cc1,,0
Oc1c(-c2ccccc2)nc2cnccn12,,0
Oc1c(CNCCCCCCCCCNc2c3c(nc4ccccc24)CCCC3)cc(Cl)c2cccnc12,9.0,1
Oc1c(Cc2c[nH]cn2)[nH]c(=S)n1-c1ccccc1,,0
Oc1cc2c(o1)C(Br)=CCC2,,0
Oc1ccc(-n2nnnc2SCc2ccccc2Br)cc1,,0
Oc1ccc(Br)cc1C=NNc1cc(N2CCCC2)nc(N2CCCC2)n1,,0
Oc1ccc(OC[C@@H]2CO[C@@](CCc3ccc(Cl)cc3)(Cn3ccnc3)O2)cc1,,0
Oc1ccccc1-c1nc2cnccn2c1NCc1ccccc1,,0
Oc1ccccc1-n1nnc2cccnc21,,0
Oc1ccccc1C=Nn1c(SCCSc2nnc(-c3cccnc3)n2N=Cc2ccccc2O)nnc1-c1cccnc1,,0
S=C(N1CCCCCC1)N1CCC(c2ccccc2)=N1,,0
S=C(NCc1ccccn1)NN=Cc1ccccn1,,0
S=C(NCc1cccnc1)SCCn1nc2ccccc2n1,,0
S=C(OC1CCCCC1)n1ccnc1,,0
S=P1(c2ccccc2)OCCCO1,,0
S=c1[nH]c(-c2ccccc2)cn1/N=C/c1cccnc1,,0
S=c1[nH]nc(-c2ccccc2)n1/N=C/c1cccs1,,0
S=c1[nH]nc(C2CCCCC2)n1/N=C/c1cccs1,,0
S=c1[nH]nc(COC(Cn2nnnc2Cc2ccccc2)c2ccc(Cl)cc2)n1-c1ccccc1,,0
[C-]#[N+]C1(COc2c(F)cc3cc2CN(C)C(=O)C(Nc2ccc4c(N)nccc4c2)c2ccc(c(C)c2)C(C)COC(=O)N3)CC1,,0
[C-]#[N+]c1ccc(N[C@@H](c2nnc(-c3ccc(C#N)cc3)o2)[C@H](C)OC(=O)CCC)c(C)c1Cl,,0
[N-]=[N+]=CC(=O)OC(CCl)CCl,,0
[N-]=[N+]=NCC1Cc2cc(C=O)ccc2O1,,0
[N-]=[N+]=Nc1ccc(Cn2cc(NC(=O)CCCCCCC(O)=NO)cn2)cc1,,0
[N-]=[N+]=Nc1cccc(-n2cc(CNC(=O)N=C(N)NCCCC(NC(=O)C(c3ccccc3)c3ccccc3)C(=O)NCc3ccc(O)cc3)nn2)c1,,0
[O-][S+](c1cc2ccccc2[n+](CCCCCc2ccccc2)c1)c1ccccc1Br,,0
[O-][S+](c1cc2ccccc2[n+](CCCCCc2ccccc2)c1)c1ccccc1C(F)(F)F,,0
[O-][S+](c1ccc(Br)cc1)c1cc2ccccc2[n+](CCCCCc2ccccc2)c1,,0
[O-][S+](c1ccc(C(F)(F)F)cc1)c1cc2ccccc2[n+](CCCCCc2ccccc2)c1,,0
[O-][S+](c1ccsc1)c1ccsc1,,0
[O-][S+]1c2ccccc2SN1c1ccc2c(c1)OCO2,,0
[O-][S@+]1C[C@@H]2[C@@H](OCc3ccccc3)[C@H](OCc3ccccc3)[C@@H](COCc3ccccc3)O[C@@H]2c2c1ccc1ccccc21,,0
[O-][n+]1nc2c(-c3cccs3)cnn2c2cc(Cl)ccc21,,0
[O-]c1c(C=CCCCCCCCC[P+](Cc2ccccc2)(Cc2ccccc2)Cc2ccccc2)c(O)c2ccccc2c1O,,0
c1cc(-c2cn3ccsc3n2)ccn1,,0
c1cc(-c2nnc(-c3ccncc3)o2)ccn1,,0
c1cc2[nH]c3nc(NCCCCCCN4CCCC4)nnc3c2cc1N1CCCCC1,6.5,1
c1cc2c(cn1)=NC1(CCCCC1)NN=2,,0
c1cc2c(cn1)Nc1ccncc1S2,,0
c1ccc(-c2ccc(-c3nc(-c4ccccn4)no3)cc2)cc1,,0
c1ccc(-c2ccc3cc(-n4ccnc4)ccc3n2)cc1,,0
c1ccc(-c2ccccc2-n2cc(CCCCCCCn3cc(-c4cccnc4)nn3)nn2)cc1,,0
c1ccc(-c2ccccc2OCc2ccc(CCn3cc(-c4cccnc4)nn3)cc2)cc1,,0
c1ccc(-c2nc(CSc3nnc(-c4cccs4)o3)cs2)cc1,,0
c1ccc(-c2nc3ccccn3c2-c2ccncc2)cc1,,0
c1ccc(-c2ncc(-c3nn[nH]n3)cn2)cc1,,0
c1ccc(-c2nnc(-c3ccco3)o2)cc1,,0
c1ccc(-c2nnc(N3CCCC4(CCOC4)C3)s2)cc1,,0
c1ccc(-c2nnc(SCc3cn4ccsc4n3)o2)cc1,,0
c1ccc(-c2noc(-c3cccnc3NCc3ccco3)n2)cc1,,0
c1ccc(/N=c2\nc(N3CCOCC3)ss2)cc1,,0
c1ccc(C2(Cn3ccc4ccccc43)OCCO2)cc1,,0
c1ccc(C2=Nn3c(nnc3-c3ccccc3)SC2)cc1,,0
c1ccc(CO/N=C2\c3ccccc3OCC2n2ccnc2)cc1,,0
c1ccc(CO[C@@H]2[C@@H](OCc3ccccc3)[C@@H](c3ccccc3)O[C@@H]3CO[C@@H](c4ccccc4)O[C@@H]23)cc1,,0
c1ccc(CSC2(SCc3ccccc3)CCCC2)cc1,,0
c1ccc(CSc2ccc3nnc(-c4cccnc4)n3n2)cc1,,0
c1ccc(CSc2ncnc3c2ncn3Cc2ccc(CCc3ccc(C[n+]4ccc(N5CCCC5)cc4)cc3)cc2)cc1,,0
c1ccc(CSc2nnc(-c3ccccn3)o2)cc1,,0
c1ccc(CSc2nnnn2-c2cccc3ccccc23)nc1,,0
c1ccc(Cc2nnc(SCc3nc(-c4cccs4)no3)n2-c2ccccc2)cc1,,0
c1ccc(Cn2ncc3c(N4CCCCC4)ncnc32)cc1,,0
c1ccc(N2CCC(Oc3ncccc3C3CCOCC3)CC2)nc1,,0
c1ccc(Oc2ccc(-c3cc(N4CCOCC4)on3)cc2)cc1,,0
c1ccc(SCc2ccccn2)cc1,,0
c1ccc(SCc2nc(-c3cccnc3)no2)cc1,,0
c1ccc2c(-c3ccc(Cn4ccnc4)cn3)cncc2c1,,0
c1ccc2cc(C3(Cn4ccnc4)OCCO3)ccc2c1,,0
c1ccc2nc(N3CC(Oc4nccnc4N4CC5CCC4C5)C3)ccc2c1,,0
c1ccc2nc(N3CCCC(Cn4cncn4)C3)cnc2c1,,0
c1ccc2sc(SSN3CCOCC3)nc2c1,,0
c1cn(-c2ccc(-c3ccc(-n4ccnc4)cc3)cc2)cn1,,0
c1cn(CCCCCCCCCn2ccc(=NC3CCCCC3)cc2)ccc1=NC1CCCCC1,,0
c1cnc(N2C[C@H]3CCN(c4cccnc4)C[C@H]3C2)nc1,,0
c1cnc(O[C@@H]2CCN(c3nc4ccccc4[nH]3)C2)c(C2CCOCC2)c1,,0
c1coc(-c2cc(Cn3ccnc3)cnc2-c2ccco2)c1,,0
c1coc(CNc2ccnc3ccnn23)c1,,0
c1csc(-c2ccnc3[nH]c(-c4[nH]nc5ccc(-c6cncc(OC7CCNCC7)c6)nc45)cc23)c1,,0
c1csc(-c2cnc3c(N4CCOCC4)snc3c2)c1,,0
c1csc(CNc2nccc(Nc3ccc4c(c3)OCO4)n2)c1,,0
